# https://github.com/mikedh/trimesh

o cylinder_cup_5mm_wall
v 0.02524539 -0.00000000 -0.03494046
v 0.02523674 0.00063081 -0.03494046
v 0.02523674 0.00063081 0.03494046
v 0.02524539 -0.00000000 0.03494046
v 0.02521079 0.00126120 -0.03494046
v 0.02521079 0.00126120 0.03494046
v 0.02516756 0.00189071 -0.03494046
v 0.02516756 0.00189071 0.03494046
v 0.02510710 0.00251893 -0.03494046
v 0.02510710 0.00251893 0.03494046
v 0.02502941 0.00314543 -0.03494046
v 0.02502941 0.00314543 0.03494046
v 0.02493458 0.00376977 -0.03494046
v 0.02493458 0.00376977 0.03494046
v 0.02482265 0.00439152 -0.03494046
v 0.02482265 0.00439152 0.03494046
v 0.02469372 0.00501027 -0.03494046
v 0.02469372 0.00501027 0.03494046
v 0.02454786 0.00562558 -0.03494046
v 0.02454786 0.00562558 0.03494046
v 0.02438518 0.00623704 -0.03494046
v 0.02438518 0.00623704 0.03494046
v 0.02420577 0.00684422 -0.03494046
v 0.02420577 0.00684422 0.03494046
v 0.02400979 0.00744671 -0.03494046
v 0.02400979 0.00744671 0.03494046
v 0.02379735 0.00804410 -0.03494046
v 0.02379735 0.00804410 0.03494046
v 0.02356860 0.00863598 -0.03494046
v 0.02356860 0.00863598 0.03494046
v 0.02332370 0.00922193 -0.03494046
v 0.02332370 0.00922193 0.03494046
v 0.02306281 0.00980157 -0.03494046
v 0.02306281 0.00980157 0.03494046
v 0.02278611 0.01037449 -0.03494046
v 0.02278611 0.01037449 0.03494046
v 0.02249380 0.01094029 -0.03494046
v 0.02249380 0.01094029 0.03494046
v 0.02218608 0.01149861 -0.03494046
v 0.02218608 0.01149861 0.03494046
v 0.02186315 0.01204904 -0.03494046
v 0.02186315 0.01204904 0.03494046
v 0.02152523 0.01259120 -0.03494046
v 0.02152523 0.01259120 0.03494046
v 0.02117256 0.01312475 -0.03494046
v 0.02117256 0.01312475 0.03494046
v 0.02080538 0.01364930 -0.03494046
v 0.02080538 0.01364930 0.03494046
v 0.02042394 0.01416449 -0.03494046
v 0.02042394 0.01416449 0.03494046
v 0.02002851 0.01466998 -0.03494046
v 0.02002851 0.01466998 0.03494046
v 0.01961935 0.01516541 -0.03494046
v 0.01961935 0.01516541 0.03494046
v 0.01919675 0.01565044 -0.03494046
v 0.01919675 0.01565044 0.03494046
v 0.01876098 0.01612476 -0.03494046
v 0.01876098 0.01612476 0.03494046
v 0.01831236 0.01658801 -0.03494046
v 0.01831236 0.01658801 0.03494046
v 0.01785119 0.01703991 -0.03494046
v 0.01785119 0.01703991 0.03494046
v 0.01737777 0.01748012 -0.03494046
v 0.01737777 0.01748012 0.03494046
v 0.01689247 0.01790836 -0.03494046
v 0.01689247 0.01790836 0.03494046
v 0.01639557 0.01832432 -0.03494046
v 0.01639557 0.01832432 0.03494046
v 0.01588744 0.01872772 -0.03494046
v 0.01588744 0.01872772 0.03494046
v 0.01536842 0.01911828 -0.03494046
v 0.01536842 0.01911828 0.03494046
v 0.01483887 0.01949575 -0.03494046
v 0.01483887 0.01949575 0.03494046
v 0.01429915 0.01985985 -0.03494046
v 0.01429915 0.01985985 0.03494046
v 0.01374963 0.02021034 -0.03494046
v 0.01374963 0.02021034 0.03494046
v 0.01319068 0.02054698 -0.03494046
v 0.01319068 0.02054698 0.03494046
v 0.01262269 0.02086955 -0.03494046
v 0.01262269 0.02086955 0.03494046
v 0.01204606 0.02117780 -0.03494046
v 0.01204606 0.02117780 0.03494046
v 0.01146116 0.02147154 -0.03494046
v 0.01146116 0.02147154 0.03494046
v 0.01086842 0.02175056 -0.03494046
v 0.01086842 0.02175056 0.03494046
v 0.01026823 0.02201469 -0.03494046
v 0.01026823 0.02201469 0.03494046
v 0.00966099 0.02226372 -0.03494046
v 0.00966099 0.02226372 0.03494046
v 0.00904714 0.02249749 -0.03494046
v 0.00904714 0.02249749 0.03494046
v 0.00842708 0.02271585 -0.03494046
v 0.00842708 0.02271585 0.03494046
v 0.00780125 0.02291863 -0.03494046
v 0.00780125 0.02291863 0.03494046
v 0.00717008 0.02310570 -0.03494046
v 0.00717008 0.02310570 0.03494046
v 0.00653399 0.02327695 -0.03494046
v 0.00653399 0.02327695 0.03494046
v 0.00589342 0.02343224 -0.03494046
v 0.00589342 0.02343224 0.03494046
v 0.00524881 0.02357147 -0.03494046
v 0.00524881 0.02357147 0.03494046
v 0.00460061 0.02369454 -0.03494046
v 0.00460061 0.02369454 0.03494046
v 0.00394925 0.02380139 -0.03494046
v 0.00394925 0.02380139 0.03494046
v 0.00329518 0.02389191 -0.03494046
v 0.00329518 0.02389191 0.03494046
v 0.00263886 0.02396606 -0.03494046
v 0.00263886 0.02396606 0.03494046
v 0.00198073 0.02402378 -0.03494046
v 0.00198073 0.02402378 0.03494046
v 0.00132124 0.02406505 -0.03494046
v 0.00132124 0.02406505 0.03494046
v 0.00066085 0.02408981 -0.03494046
v 0.00066085 0.02408981 0.03494046
v 0.00000000 0.02409807 -0.03494046
v 0.00000000 0.02409807 0.03494046
v -0.00066085 0.02408981 -0.03494046
v -0.00066085 0.02408981 0.03494046
v -0.00132124 0.02406505 -0.03494046
v -0.00132124 0.02406505 0.03494046
v -0.00198073 0.02402378 -0.03494046
v -0.00198073 0.02402378 0.03494046
v -0.00263886 0.02396606 -0.03494046
v -0.00263886 0.02396606 0.03494046
v -0.00329518 0.02389191 -0.03494046
v -0.00329518 0.02389191 0.03494046
v -0.00394925 0.02380139 -0.03494046
v -0.00394925 0.02380139 0.03494046
v -0.00460061 0.02369454 -0.03494046
v -0.00460061 0.02369454 0.03494046
v -0.00524881 0.02357147 -0.03494046
v -0.00524881 0.02357147 0.03494046
v -0.00589342 0.02343224 -0.03494046
v -0.00589342 0.02343224 0.03494046
v -0.00653399 0.02327695 -0.03494046
v -0.00653399 0.02327695 0.03494046
v -0.00717008 0.02310570 -0.03494046
v -0.00717008 0.02310570 0.03494046
v -0.00780125 0.02291863 -0.03494046
v -0.00780125 0.02291863 0.03494046
v -0.00842708 0.02271585 -0.03494046
v -0.00842708 0.02271585 0.03494046
v -0.00904714 0.02249749 -0.03494046
v -0.00904714 0.02249749 0.03494046
v -0.00966099 0.02226372 -0.03494046
v -0.00966099 0.02226372 0.03494046
v -0.01026823 0.02201469 -0.03494046
v -0.01026823 0.02201469 0.03494046
v -0.01086842 0.02175056 -0.03494046
v -0.01086842 0.02175056 0.03494046
v -0.01146116 0.02147154 -0.03494046
v -0.01146116 0.02147154 0.03494046
v -0.01204606 0.02117780 -0.03494046
v -0.01204606 0.02117780 0.03494046
v -0.01262269 0.02086955 -0.03494046
v -0.01262269 0.02086955 0.03494046
v -0.01319068 0.02054698 -0.03494046
v -0.01319068 0.02054698 0.03494046
v -0.01374963 0.02021034 -0.03494046
v -0.01374963 0.02021034 0.03494046
v -0.01429915 0.01985985 -0.03494046
v -0.01429915 0.01985985 0.03494046
v -0.01483887 0.01949575 -0.03494046
v -0.01483887 0.01949575 0.03494046
v -0.01536842 0.01911828 -0.03494046
v -0.01536842 0.01911828 0.03494046
v -0.01588744 0.01872772 -0.03494046
v -0.01588744 0.01872772 0.03494046
v -0.01639557 0.01832432 -0.03494046
v -0.01639557 0.01832432 0.03494046
v -0.01689247 0.01790836 -0.03494046
v -0.01689247 0.01790836 0.03494046
v -0.01737777 0.01748012 -0.03494046
v -0.01737777 0.01748012 0.03494046
v -0.01785119 0.01703991 -0.03494046
v -0.01785119 0.01703991 0.03494046
v -0.01831236 0.01658801 -0.03494046
v -0.01831236 0.01658801 0.03494046
v -0.01876098 0.01612476 -0.03494046
v -0.01876098 0.01612476 0.03494046
v -0.01919675 0.01565044 -0.03494046
v -0.01919675 0.01565044 0.03494046
v -0.01961935 0.01516541 -0.03494046
v -0.01961935 0.01516541 0.03494046
v -0.02002851 0.01466998 -0.03494046
v -0.02002851 0.01466998 0.03494046
v -0.02042394 0.01416449 -0.03494046
v -0.02042394 0.01416449 0.03494046
v -0.02080538 0.01364930 -0.03494046
v -0.02080538 0.01364930 0.03494046
v -0.02117256 0.01312475 -0.03494046
v -0.02117256 0.01312475 0.03494046
v -0.02152523 0.01259120 -0.03494046
v -0.02152523 0.01259120 0.03494046
v -0.02186315 0.01204904 -0.03494046
v -0.02186315 0.01204904 0.03494046
v -0.02218608 0.01149861 -0.03494046
v -0.02218608 0.01149861 0.03494046
v -0.02249380 0.01094029 -0.03494046
v -0.02249380 0.01094029 0.03494046
v -0.02278611 0.01037449 -0.03494046
v -0.02278611 0.01037449 0.03494046
v -0.02306281 0.00980157 -0.03494046
v -0.02306281 0.00980157 0.03494046
v -0.02332370 0.00922193 -0.03494046
v -0.02332370 0.00922193 0.03494046
v -0.02356860 0.00863598 -0.03494046
v -0.02356860 0.00863598 0.03494046
v -0.02379735 0.00804410 -0.03494046
v -0.02379735 0.00804410 0.03494046
v -0.02400979 0.00744671 -0.03494046
v -0.02400979 0.00744671 0.03494046
v -0.02420577 0.00684422 -0.03494046
v -0.02420577 0.00684422 0.03494046
v -0.02438518 0.00623704 -0.03494046
v -0.02438518 0.00623704 0.03494046
v -0.02454786 0.00562558 -0.03494046
v -0.02454786 0.00562558 0.03494046
v -0.02469372 0.00501027 -0.03494046
v -0.02469372 0.00501027 0.03494046
v -0.02482265 0.00439152 -0.03494046
v -0.02482265 0.00439152 0.03494046
v -0.02493458 0.00376977 -0.03494046
v -0.02493458 0.00376977 0.03494046
v -0.02502941 0.00314543 -0.03494046
v -0.02502941 0.00314543 0.03494046
v -0.02510710 0.00251893 -0.03494046
v -0.02510710 0.00251893 0.03494046
v -0.02516756 0.00189071 -0.03494046
v -0.02516756 0.00189071 0.03494046
v -0.02521079 0.00126120 -0.03494046
v -0.02521079 0.00126120 0.03494046
v -0.02523674 0.00063081 -0.03494046
v -0.02523674 0.00063081 0.03494046
v -0.02524539 0.00000000 -0.03494046
v -0.02524539 0.00000000 0.03494046
v -0.02523674 -0.00063081 -0.03494046
v -0.02523674 -0.00063081 0.03494046
v -0.02521079 -0.00126120 -0.03494046
v -0.02521079 -0.00126120 0.03494046
v -0.02516756 -0.00189071 -0.03494046
v -0.02516756 -0.00189071 0.03494046
v -0.02510710 -0.00251893 -0.03494046
v -0.02510710 -0.00251893 0.03494046
v -0.02502941 -0.00314543 -0.03494046
v -0.02502941 -0.00314543 0.03494046
v -0.02493458 -0.00376977 -0.03494046
v -0.02493458 -0.00376977 0.03494046
v -0.02482265 -0.00439152 -0.03494046
v -0.02482265 -0.00439152 0.03494046
v -0.02469372 -0.00501027 -0.03494046
v -0.02469372 -0.00501027 0.03494046
v -0.02454786 -0.00562558 -0.03494046
v -0.02454786 -0.00562558 0.03494046
v -0.02438518 -0.00623704 -0.03494046
v -0.02438518 -0.00623704 0.03494046
v -0.02420577 -0.00684422 -0.03494046
v -0.02420577 -0.00684422 0.03494046
v -0.02400979 -0.00744671 -0.03494046
v -0.02400979 -0.00744671 0.03494046
v -0.02379735 -0.00804410 -0.03494046
v -0.02379735 -0.00804410 0.03494046
v -0.02356860 -0.00863598 -0.03494046
v -0.02356860 -0.00863598 0.03494046
v -0.02332370 -0.00922193 -0.03494046
v -0.02332370 -0.00922193 0.03494046
v -0.02306281 -0.00980157 -0.03494046
v -0.02306281 -0.00980157 0.03494046
v -0.02278611 -0.01037449 -0.03494046
v -0.02278611 -0.01037449 0.03494046
v -0.02249380 -0.01094029 -0.03494046
v -0.02249380 -0.01094029 0.03494046
v -0.02218608 -0.01149861 -0.03494046
v -0.02218608 -0.01149861 0.03494046
v -0.02186315 -0.01204904 -0.03494046
v -0.02186315 -0.01204904 0.03494046
v -0.02152523 -0.01259120 -0.03494046
v -0.02152523 -0.01259120 0.03494046
v -0.02117256 -0.01312475 -0.03494046
v -0.02117256 -0.01312475 0.03494046
v -0.02080538 -0.01364930 -0.03494046
v -0.02080538 -0.01364930 0.03494046
v -0.02042394 -0.01416449 -0.03494046
v -0.02042394 -0.01416449 0.03494046
v -0.02002851 -0.01466998 -0.03494046
v -0.02002851 -0.01466998 0.03494046
v -0.01961935 -0.01516541 -0.03494046
v -0.01961935 -0.01516541 0.03494046
v -0.01919675 -0.01565044 -0.03494046
v -0.01919675 -0.01565044 0.03494046
v -0.01876098 -0.01612476 -0.03494046
v -0.01876098 -0.01612476 0.03494046
v -0.01831236 -0.01658801 -0.03494046
v -0.01831236 -0.01658801 0.03494046
v -0.01785119 -0.01703991 -0.03494046
v -0.01785119 -0.01703991 0.03494046
v -0.01737777 -0.01748012 -0.03494046
v -0.01737777 -0.01748012 0.03494046
v -0.01689247 -0.01790836 -0.03494046
v -0.01689247 -0.01790836 0.03494046
v -0.01639557 -0.01832432 -0.03494046
v -0.01639557 -0.01832432 0.03494046
v -0.01588744 -0.01872772 -0.03494046
v -0.01588744 -0.01872772 0.03494046
v -0.01536842 -0.01911828 -0.03494046
v -0.01536842 -0.01911828 0.03494046
v -0.01483887 -0.01949575 -0.03494046
v -0.01483887 -0.01949575 0.03494046
v -0.01429915 -0.01985985 -0.03494046
v -0.01429915 -0.01985985 0.03494046
v -0.01374963 -0.02021034 -0.03494046
v -0.01374963 -0.02021034 0.03494046
v -0.01319068 -0.02054698 -0.03494046
v -0.01319068 -0.02054698 0.03494046
v -0.01262269 -0.02086955 -0.03494046
v -0.01262269 -0.02086955 0.03494046
v -0.01204606 -0.02117780 -0.03494046
v -0.01204606 -0.02117780 0.03494046
v -0.01146116 -0.02147154 -0.03494046
v -0.01146116 -0.02147154 0.03494046
v -0.01086842 -0.02175056 -0.03494046
v -0.01086842 -0.02175056 0.03494046
v -0.01026823 -0.02201469 -0.03494046
v -0.01026823 -0.02201469 0.03494046
v -0.00966099 -0.02226372 -0.03494046
v -0.00966099 -0.02226372 0.03494046
v -0.00904714 -0.02249749 -0.03494046
v -0.00904714 -0.02249749 0.03494046
v -0.00842708 -0.02271585 -0.03494046
v -0.00842708 -0.02271585 0.03494046
v -0.00780125 -0.02291863 -0.03494046
v -0.00780125 -0.02291863 0.03494046
v -0.00717008 -0.02310570 -0.03494046
v -0.00717008 -0.02310570 0.03494046
v -0.00653399 -0.02327695 -0.03494046
v -0.00653399 -0.02327695 0.03494046
v -0.00589342 -0.02343224 -0.03494046
v -0.00589342 -0.02343224 0.03494046
v -0.00524881 -0.02357147 -0.03494046
v -0.00524881 -0.02357147 0.03494046
v -0.00460061 -0.02369454 -0.03494046
v -0.00460061 -0.02369454 0.03494046
v -0.00394925 -0.02380139 -0.03494046
v -0.00394925 -0.02380139 0.03494046
v -0.00329518 -0.02389191 -0.03494046
v -0.00329518 -0.02389191 0.03494046
v -0.00263886 -0.02396606 -0.03494046
v -0.00263886 -0.02396606 0.03494046
v -0.00198073 -0.02402378 -0.03494046
v -0.00198073 -0.02402378 0.03494046
v -0.00132124 -0.02406505 -0.03494046
v -0.00132124 -0.02406505 0.03494046
v -0.00066085 -0.02408981 -0.03494046
v -0.00066085 -0.02408981 0.03494046
v -0.00000000 -0.02409807 -0.03494046
v -0.00000000 -0.02409807 0.03494046
v 0.00066085 -0.02408981 -0.03494046
v 0.00066085 -0.02408981 0.03494046
v 0.00132124 -0.02406505 -0.03494046
v 0.00132124 -0.02406505 0.03494046
v 0.00198073 -0.02402378 -0.03494046
v 0.00198073 -0.02402378 0.03494046
v 0.00263886 -0.02396606 -0.03494046
v 0.00263886 -0.02396606 0.03494046
v 0.00329518 -0.02389191 -0.03494046
v 0.00329518 -0.02389191 0.03494046
v 0.00394925 -0.02380139 -0.03494046
v 0.00394925 -0.02380139 0.03494046
v 0.00460061 -0.02369454 -0.03494046
v 0.00460061 -0.02369454 0.03494046
v 0.00524881 -0.02357147 -0.03494046
v 0.00524881 -0.02357147 0.03494046
v 0.00589342 -0.02343224 -0.03494046
v 0.00589342 -0.02343224 0.03494046
v 0.00653399 -0.02327695 -0.03494046
v 0.00653399 -0.02327695 0.03494046
v 0.00717008 -0.02310570 -0.03494046
v 0.00717008 -0.02310570 0.03494046
v 0.00780125 -0.02291863 -0.03494046
v 0.00780125 -0.02291863 0.03494046
v 0.00842708 -0.02271585 -0.03494046
v 0.00842708 -0.02271585 0.03494046
v 0.00904714 -0.02249749 -0.03494046
v 0.00904714 -0.02249749 0.03494046
v 0.00966099 -0.02226372 -0.03494046
v 0.00966099 -0.02226372 0.03494046
v 0.01026823 -0.02201469 -0.03494046
v 0.01026823 -0.02201469 0.03494046
v 0.01086842 -0.02175056 -0.03494046
v 0.01086842 -0.02175056 0.03494046
v 0.01146116 -0.02147154 -0.03494046
v 0.01146116 -0.02147154 0.03494046
v 0.01204606 -0.02117780 -0.03494046
v 0.01204606 -0.02117780 0.03494046
v 0.01262269 -0.02086955 -0.03494046
v 0.01262269 -0.02086955 0.03494046
v 0.01319068 -0.02054698 -0.03494046
v 0.01319068 -0.02054698 0.03494046
v 0.01374963 -0.02021034 -0.03494046
v 0.01374963 -0.02021034 0.03494046
v 0.01429915 -0.01985985 -0.03494046
v 0.01429915 -0.01985985 0.03494046
v 0.01483887 -0.01949575 -0.03494046
v 0.01483887 -0.01949575 0.03494046
v 0.01536842 -0.01911828 -0.03494046
v 0.01536842 -0.01911828 0.03494046
v 0.01588744 -0.01872772 -0.03494046
v 0.01588744 -0.01872772 0.03494046
v 0.01639557 -0.01832432 -0.03494046
v 0.01639557 -0.01832432 0.03494046
v 0.01689247 -0.01790836 -0.03494046
v 0.01689247 -0.01790836 0.03494046
v 0.01737777 -0.01748012 -0.03494046
v 0.01737777 -0.01748012 0.03494046
v 0.01785119 -0.01703991 -0.03494046
v 0.01785119 -0.01703991 0.03494046
v 0.01831236 -0.01658801 -0.03494046
v 0.01831236 -0.01658801 0.03494046
v 0.01876098 -0.01612476 -0.03494046
v 0.01876098 -0.01612476 0.03494046
v 0.01919675 -0.01565044 -0.03494046
v 0.01919675 -0.01565044 0.03494046
v 0.01961935 -0.01516541 -0.03494046
v 0.01961935 -0.01516541 0.03494046
v 0.02002851 -0.01466998 -0.03494046
v 0.02002851 -0.01466998 0.03494046
v 0.02042394 -0.01416449 -0.03494046
v 0.02042394 -0.01416449 0.03494046
v 0.02080538 -0.01364930 -0.03494046
v 0.02080538 -0.01364930 0.03494046
v 0.02117256 -0.01312475 -0.03494046
v 0.02117256 -0.01312475 0.03494046
v 0.02152523 -0.01259120 -0.03494046
v 0.02152523 -0.01259120 0.03494046
v 0.02186315 -0.01204904 -0.03494046
v 0.02186315 -0.01204904 0.03494046
v 0.02218608 -0.01149861 -0.03494046
v 0.02218608 -0.01149861 0.03494046
v 0.02249380 -0.01094029 -0.03494046
v 0.02249380 -0.01094029 0.03494046
v 0.02278611 -0.01037449 -0.03494046
v 0.02278611 -0.01037449 0.03494046
v 0.02306281 -0.00980157 -0.03494046
v 0.02306281 -0.00980157 0.03494046
v 0.02332370 -0.00922193 -0.03494046
v 0.02332370 -0.00922193 0.03494046
v 0.02356860 -0.00863598 -0.03494046
v 0.02356860 -0.00863598 0.03494046
v 0.02379735 -0.00804410 -0.03494046
v 0.02379735 -0.00804410 0.03494046
v 0.02400979 -0.00744671 -0.03494046
v 0.02400979 -0.00744671 0.03494046
v 0.02420577 -0.00684422 -0.03494046
v 0.02420577 -0.00684422 0.03494046
v 0.02438518 -0.00623704 -0.03494046
v 0.02438518 -0.00623704 0.03494046
v 0.02454786 -0.00562558 -0.03494046
v 0.02454786 -0.00562558 0.03494046
v 0.02469372 -0.00501027 -0.03494046
v 0.02469372 -0.00501027 0.03494046
v 0.02482265 -0.00439152 -0.03494046
v 0.02482265 -0.00439152 0.03494046
v 0.02493458 -0.00376977 -0.03494046
v 0.02493458 -0.00376977 0.03494046
v 0.02502941 -0.00314543 -0.03494046
v 0.02502941 -0.00314543 0.03494046
v 0.02510710 -0.00251893 -0.03494046
v 0.02510710 -0.00251893 0.03494046
v 0.02516756 -0.00189071 -0.03494046
v 0.02516756 -0.00189071 0.03494046
v 0.02521079 -0.00126120 -0.03494046
v 0.02521079 -0.00126120 0.03494046
v 0.02523674 -0.00063081 -0.03494046
v 0.02523674 -0.00063081 0.03494046
v 0.02019631 -0.00000000 -0.03447459
v 0.02018939 0.00050465 0.03494046
v 0.02019631 -0.00000000 0.03494046
v 0.02018939 0.00050465 -0.03447459
v 0.02016863 0.00100896 0.03494046
v 0.02016863 0.00100896 -0.03447459
v 0.02013406 0.00151257 0.03494046
v 0.02013406 0.00151257 -0.03447459
v 0.02008568 0.00201515 0.03494046
v 0.02008568 0.00201515 -0.03447459
v 0.02002353 0.00251634 0.03494046
v 0.02002353 0.00251634 -0.03447459
v 0.01994766 0.00301581 0.03494046
v 0.01994766 0.00301581 -0.03447459
v 0.01985812 0.00351322 0.03494046
v 0.01985812 0.00351322 -0.03447459
v 0.01975497 0.00400822 0.03494046
v 0.01975497 0.00400822 -0.03447459
v 0.01963829 0.00450047 0.03494046
v 0.01963829 0.00450047 -0.03447459
v 0.01950814 0.00498963 0.03494046
v 0.01950814 0.00498963 -0.03447459
v 0.01936462 0.00547538 0.03494046
v 0.01936462 0.00547538 -0.03447459
v 0.01920783 0.00595737 0.03494046
v 0.01920783 0.00595737 -0.03447459
v 0.01903788 0.00643528 0.03494046
v 0.01903788 0.00643528 -0.03447459
v 0.01885488 0.00690878 0.03494046
v 0.01885488 0.00690878 -0.03447459
v 0.01865896 0.00737755 0.03494046
v 0.01865896 0.00737755 -0.03447459
v 0.01845025 0.00784126 0.03494046
v 0.01845025 0.00784126 -0.03447459
v 0.01822890 0.00829959 0.03494046
v 0.01822890 0.00829959 -0.03447459
v 0.01799504 0.00875224 0.03494046
v 0.01799504 0.00875224 -0.03447459
v 0.01774886 0.00919888 0.03494046
v 0.01774886 0.00919888 -0.03447459
v 0.01749052 0.00963923 0.03494046
v 0.01749052 0.00963923 -0.03447459
v 0.01722018 0.01007297 0.03494046
v 0.01722018 0.01007297 -0.03447459
v 0.01693805 0.01049980 0.03494046
v 0.01693805 0.01049980 -0.03447459
v 0.01664431 0.01091943 0.03494046
v 0.01664431 0.01091943 -0.03447459
v 0.01633916 0.01133160 0.03494046
v 0.01633916 0.01133160 -0.03447459
v 0.01602281 0.01173598 0.03494046
v 0.01602281 0.01173598 -0.03447459
v 0.01569548 0.01213233 0.03494046
v 0.01569548 0.01213233 -0.03447459
v 0.01535740 0.01252036 0.03494046
v 0.01535740 0.01252036 -0.03447459
v 0.01500879 0.01289980 0.03494046
v 0.01500879 0.01289980 -0.03447459
v 0.01464989 0.01327041 0.03494046
v 0.01464989 0.01327041 -0.03447459
v 0.01428095 0.01363193 0.03494046
v 0.01428095 0.01363193 -0.03447459
v 0.01390222 0.01398410 0.03494046
v 0.01390222 0.01398410 -0.03447459
v 0.01351397 0.01432669 0.03494046
v 0.01351397 0.01432669 -0.03447459
v 0.01311645 0.01465945 0.03494046
v 0.01311645 0.01465945 -0.03447459
v 0.01270995 0.01498218 0.03494046
v 0.01270995 0.01498218 -0.03447459
v 0.01229474 0.01529463 0.03494046
v 0.01229474 0.01529463 -0.03447459
v 0.01187110 0.01559660 0.03494046
v 0.01187110 0.01559660 -0.03447459
v 0.01143931 0.01588788 0.03494046
v 0.01143931 0.01588788 -0.03447459
v 0.01099970 0.01616827 0.03494046
v 0.01099970 0.01616827 -0.03447459
v 0.01055254 0.01643758 0.03494046
v 0.01055254 0.01643758 -0.03447459
v 0.01009816 0.01669564 0.03494046
v 0.01009816 0.01669564 -0.03447459
v 0.00963685 0.01694224 0.03494046
v 0.00963685 0.01694224 -0.03447459
v 0.00916893 0.01717723 0.03494046
v 0.00916893 0.01717723 -0.03447459
v 0.00869474 0.01740046 0.03494046
v 0.00869474 0.01740046 -0.03447459
v 0.00821458 0.01761175 0.03494046
v 0.00821458 0.01761175 -0.03447459
v 0.00772879 0.01781097 0.03494046
v 0.00772879 0.01781097 -0.03447459
v 0.00723771 0.01799799 0.03494046
v 0.00723771 0.01799799 -0.03447459
v 0.00674167 0.01817267 0.03494046
v 0.00674167 0.01817267 -0.03447459
v 0.00624100 0.01833490 0.03494046
v 0.00624100 0.01833490 -0.03447459
v 0.00573606 0.01848456 0.03494046
v 0.00573606 0.01848456 -0.03447459
v 0.00522719 0.01862156 0.03494046
v 0.00522719 0.01862156 -0.03447459
v 0.00471473 0.01874579 0.03494046
v 0.00471473 0.01874579 -0.03447459
v 0.00419905 0.01885718 0.03494046
v 0.00419905 0.01885718 -0.03447459
v 0.00368049 0.01895564 0.03494046
v 0.00368049 0.01895564 -0.03447459
v 0.00315940 0.01904111 0.03494046
v 0.00315940 0.01904111 -0.03447459
v 0.00263615 0.01911353 0.03494046
v 0.00263615 0.01911353 -0.03447459
v 0.00211109 0.01917285 0.03494046
v 0.00211109 0.01917285 -0.03447459
v 0.00158458 0.01921903 0.03494046
v 0.00158458 0.01921903 -0.03447459
v 0.00105699 0.01925204 0.03494046
v 0.00105699 0.01925204 -0.03447459
v 0.00052868 0.01927185 0.03494046
v 0.00052868 0.01927185 -0.03447459
v 0.00000000 0.01927846 0.03494046
v 0.00000000 0.01927846 -0.03447459
v -0.00052868 0.01927185 0.03494046
v -0.00052868 0.01927185 -0.03447459
v -0.00105699 0.01925204 0.03494046
v -0.00105699 0.01925204 -0.03447459
v -0.00158458 0.01921903 0.03494046
v -0.00158458 0.01921903 -0.03447459
v -0.00211109 0.01917285 0.03494046
v -0.00211109 0.01917285 -0.03447459
v -0.00263615 0.01911353 0.03494046
v -0.00263615 0.01911353 -0.03447459
v -0.00315940 0.01904111 0.03494046
v -0.00315940 0.01904111 -0.03447459
v -0.00368049 0.01895564 0.03494046
v -0.00368049 0.01895564 -0.03447459
v -0.00419905 0.01885718 0.03494046
v -0.00419905 0.01885718 -0.03447459
v -0.00471473 0.01874579 0.03494046
v -0.00471473 0.01874579 -0.03447459
v -0.00522719 0.01862156 0.03494046
v -0.00522719 0.01862156 -0.03447459
v -0.00573606 0.01848456 0.03494046
v -0.00573606 0.01848456 -0.03447459
v -0.00624100 0.01833490 0.03494046
v -0.00624100 0.01833490 -0.03447459
v -0.00674167 0.01817267 0.03494046
v -0.00674167 0.01817267 -0.03447459
v -0.00723771 0.01799799 0.03494046
v -0.00723771 0.01799799 -0.03447459
v -0.00772879 0.01781097 0.03494046
v -0.00772879 0.01781097 -0.03447459
v -0.00821458 0.01761175 0.03494046
v -0.00821458 0.01761175 -0.03447459
v -0.00869474 0.01740046 0.03494046
v -0.00869474 0.01740046 -0.03447459
v -0.00916893 0.01717723 0.03494046
v -0.00916893 0.01717723 -0.03447459
v -0.00963685 0.01694224 0.03494046
v -0.00963685 0.01694224 -0.03447459
v -0.01009816 0.01669564 0.03494046
v -0.01009816 0.01669564 -0.03447459
v -0.01055254 0.01643758 0.03494046
v -0.01055254 0.01643758 -0.03447459
v -0.01099970 0.01616827 0.03494046
v -0.01099970 0.01616827 -0.03447459
v -0.01143931 0.01588788 0.03494046
v -0.01143931 0.01588788 -0.03447459
v -0.01187110 0.01559660 0.03494046
v -0.01187110 0.01559660 -0.03447459
v -0.01229474 0.01529463 0.03494046
v -0.01229474 0.01529463 -0.03447459
v -0.01270995 0.01498218 0.03494046
v -0.01270995 0.01498218 -0.03447459
v -0.01311645 0.01465945 0.03494046
v -0.01311645 0.01465945 -0.03447459
v -0.01351397 0.01432669 0.03494046
v -0.01351397 0.01432669 -0.03447459
v -0.01390222 0.01398410 0.03494046
v -0.01390222 0.01398410 -0.03447459
v -0.01428095 0.01363193 0.03494046
v -0.01428095 0.01363193 -0.03447459
v -0.01464989 0.01327041 0.03494046
v -0.01464989 0.01327041 -0.03447459
v -0.01500879 0.01289980 0.03494046
v -0.01500879 0.01289980 -0.03447459
v -0.01535740 0.01252036 0.03494046
v -0.01535740 0.01252036 -0.03447459
v -0.01569548 0.01213233 0.03494046
v -0.01569548 0.01213233 -0.03447459
v -0.01602281 0.01173598 0.03494046
v -0.01602281 0.01173598 -0.03447459
v -0.01633916 0.01133160 0.03494046
v -0.01633916 0.01133160 -0.03447459
v -0.01664431 0.01091943 0.03494046
v -0.01664431 0.01091943 -0.03447459
v -0.01693805 0.01049980 0.03494046
v -0.01693805 0.01049980 -0.03447459
v -0.01722018 0.01007297 0.03494046
v -0.01722018 0.01007297 -0.03447459
v -0.01749052 0.00963923 0.03494046
v -0.01749052 0.00963923 -0.03447459
v -0.01774886 0.00919888 0.03494046
v -0.01774886 0.00919888 -0.03447459
v -0.01799504 0.00875224 0.03494046
v -0.01799504 0.00875224 -0.03447459
v -0.01822890 0.00829959 0.03494046
v -0.01822890 0.00829959 -0.03447459
v -0.01845025 0.00784126 0.03494046
v -0.01845025 0.00784126 -0.03447459
v -0.01865896 0.00737755 0.03494046
v -0.01865896 0.00737755 -0.03447459
v -0.01885488 0.00690878 0.03494046
v -0.01885488 0.00690878 -0.03447459
v -0.01903788 0.00643528 0.03494046
v -0.01903788 0.00643528 -0.03447459
v -0.01920783 0.00595737 0.03494046
v -0.01920783 0.00595737 -0.03447459
v -0.01936462 0.00547538 0.03494046
v -0.01936462 0.00547538 -0.03447459
v -0.01950814 0.00498963 0.03494046
v -0.01950814 0.00498963 -0.03447459
v -0.01963829 0.00450047 0.03494046
v -0.01963829 0.00450047 -0.03447459
v -0.01975497 0.00400822 0.03494046
v -0.01975497 0.00400822 -0.03447459
v -0.01985812 0.00351322 0.03494046
v -0.01985812 0.00351322 -0.03447459
v -0.01994766 0.00301581 0.03494046
v -0.01994766 0.00301581 -0.03447459
v -0.02002353 0.00251634 0.03494046
v -0.02002353 0.00251634 -0.03447459
v -0.02008568 0.00201515 0.03494046
v -0.02008568 0.00201515 -0.03447459
v -0.02013406 0.00151257 0.03494046
v -0.02013406 0.00151257 -0.03447459
v -0.02016863 0.00100896 0.03494046
v -0.02016863 0.00100896 -0.03447459
v -0.02018939 0.00050465 0.03494046
v -0.02018939 0.00050465 -0.03447459
v -0.02019631 0.00000000 0.03494046
v -0.02019631 0.00000000 -0.03447459
v -0.02018939 -0.00050465 0.03494046
v -0.02018939 -0.00050465 -0.03447459
v -0.02016863 -0.00100896 0.03494046
v -0.02016863 -0.00100896 -0.03447459
v -0.02013406 -0.00151257 0.03494046
v -0.02013406 -0.00151257 -0.03447459
v -0.02008568 -0.00201515 0.03494046
v -0.02008568 -0.00201515 -0.03447459
v -0.02002353 -0.00251634 0.03494046
v -0.02002353 -0.00251634 -0.03447459
v -0.01994766 -0.00301581 0.03494046
v -0.01994766 -0.00301581 -0.03447459
v -0.01985812 -0.00351322 0.03494046
v -0.01985812 -0.00351322 -0.03447459
v -0.01975497 -0.00400822 0.03494046
v -0.01975497 -0.00400822 -0.03447459
v -0.01963829 -0.00450047 0.03494046
v -0.01963829 -0.00450047 -0.03447459
v -0.01950814 -0.00498963 0.03494046
v -0.01950814 -0.00498963 -0.03447459
v -0.01936462 -0.00547538 0.03494046
v -0.01936462 -0.00547538 -0.03447459
v -0.01920783 -0.00595737 0.03494046
v -0.01920783 -0.00595737 -0.03447459
v -0.01903788 -0.00643528 0.03494046
v -0.01903788 -0.00643528 -0.03447459
v -0.01885488 -0.00690878 0.03494046
v -0.01885488 -0.00690878 -0.03447459
v -0.01865896 -0.00737755 0.03494046
v -0.01865896 -0.00737755 -0.03447459
v -0.01845025 -0.00784126 0.03494046
v -0.01845025 -0.00784126 -0.03447459
v -0.01822890 -0.00829959 0.03494046
v -0.01822890 -0.00829959 -0.03447459
v -0.01799504 -0.00875224 0.03494046
v -0.01799504 -0.00875224 -0.03447459
v -0.01774886 -0.00919888 0.03494046
v -0.01774886 -0.00919888 -0.03447459
v -0.01749052 -0.00963923 0.03494046
v -0.01749052 -0.00963923 -0.03447459
v -0.01722018 -0.01007297 0.03494046
v -0.01722018 -0.01007297 -0.03447459
v -0.01693805 -0.01049980 0.03494046
v -0.01693805 -0.01049980 -0.03447459
v -0.01664431 -0.01091943 0.03494046
v -0.01664431 -0.01091943 -0.03447459
v -0.01633916 -0.01133160 0.03494046
v -0.01633916 -0.01133160 -0.03447459
v -0.01602281 -0.01173598 0.03494046
v -0.01602281 -0.01173598 -0.03447459
v -0.01569548 -0.01213233 0.03494046
v -0.01569548 -0.01213233 -0.03447459
v -0.01535740 -0.01252036 0.03494046
v -0.01535740 -0.01252036 -0.03447459
v -0.01500879 -0.01289980 0.03494046
v -0.01500879 -0.01289980 -0.03447459
v -0.01464989 -0.01327041 0.03494046
v -0.01464989 -0.01327041 -0.03447459
v -0.01428095 -0.01363193 0.03494046
v -0.01428095 -0.01363193 -0.03447459
v -0.01390222 -0.01398410 0.03494046
v -0.01390222 -0.01398410 -0.03447459
v -0.01351397 -0.01432669 0.03494046
v -0.01351397 -0.01432669 -0.03447459
v -0.01311645 -0.01465945 0.03494046
v -0.01311645 -0.01465945 -0.03447459
v -0.01270995 -0.01498218 0.03494046
v -0.01270995 -0.01498218 -0.03447459
v -0.01229474 -0.01529463 0.03494046
v -0.01229474 -0.01529463 -0.03447459
v -0.01187110 -0.01559660 0.03494046
v -0.01187110 -0.01559660 -0.03447459
v -0.01143931 -0.01588788 0.03494046
v -0.01143931 -0.01588788 -0.03447459
v -0.01099970 -0.01616827 0.03494046
v -0.01099970 -0.01616827 -0.03447459
v -0.01055254 -0.01643758 0.03494046
v -0.01055254 -0.01643758 -0.03447459
v -0.01009816 -0.01669564 0.03494046
v -0.01009816 -0.01669564 -0.03447459
v -0.00963685 -0.01694224 0.03494046
v -0.00963685 -0.01694224 -0.03447459
v -0.00916893 -0.01717723 0.03494046
v -0.00916893 -0.01717723 -0.03447459
v -0.00869474 -0.01740046 0.03494046
v -0.00869474 -0.01740046 -0.03447459
v -0.00821458 -0.01761175 0.03494046
v -0.00821458 -0.01761175 -0.03447459
v -0.00772879 -0.01781097 0.03494046
v -0.00772879 -0.01781097 -0.03447459
v -0.00723771 -0.01799799 0.03494046
v -0.00723771 -0.01799799 -0.03447459
v -0.00674167 -0.01817267 0.03494046
v -0.00674167 -0.01817267 -0.03447459
v -0.00624100 -0.01833490 0.03494046
v -0.00624100 -0.01833490 -0.03447459
v -0.00573606 -0.01848456 0.03494046
v -0.00573606 -0.01848456 -0.03447459
v -0.00522719 -0.01862156 0.03494046
v -0.00522719 -0.01862156 -0.03447459
v -0.00471473 -0.01874579 0.03494046
v -0.00471473 -0.01874579 -0.03447459
v -0.00419905 -0.01885718 0.03494046
v -0.00419905 -0.01885718 -0.03447459
v -0.00368049 -0.01895564 0.03494046
v -0.00368049 -0.01895564 -0.03447459
v -0.00315940 -0.01904111 0.03494046
v -0.00315940 -0.01904111 -0.03447459
v -0.00263615 -0.01911353 0.03494046
v -0.00263615 -0.01911353 -0.03447459
v -0.00211109 -0.01917285 0.03494046
v -0.00211109 -0.01917285 -0.03447459
v -0.00158458 -0.01921903 0.03494046
v -0.00158458 -0.01921903 -0.03447459
v -0.00105699 -0.01925204 0.03494046
v -0.00105699 -0.01925204 -0.03447459
v -0.00052868 -0.01927185 0.03494046
v -0.00052868 -0.01927185 -0.03447459
v -0.00000000 -0.01927846 0.03494046
v -0.00000000 -0.01927846 -0.03447459
v 0.00052868 -0.01927185 0.03494046
v 0.00052868 -0.01927185 -0.03447459
v 0.00105699 -0.01925204 0.03494046
v 0.00105699 -0.01925204 -0.03447459
v 0.00158458 -0.01921903 0.03494046
v 0.00158458 -0.01921903 -0.03447459
v 0.00211109 -0.01917285 0.03494046
v 0.00211109 -0.01917285 -0.03447459
v 0.00263615 -0.01911353 0.03494046
v 0.00263615 -0.01911353 -0.03447459
v 0.00315940 -0.01904111 0.03494046
v 0.00315940 -0.01904111 -0.03447459
v 0.00368049 -0.01895564 0.03494046
v 0.00368049 -0.01895564 -0.03447459
v 0.00419905 -0.01885718 0.03494046
v 0.00419905 -0.01885718 -0.03447459
v 0.00471473 -0.01874579 0.03494046
v 0.00471473 -0.01874579 -0.03447459
v 0.00522719 -0.01862156 0.03494046
v 0.00522719 -0.01862156 -0.03447459
v 0.00573606 -0.01848456 0.03494046
v 0.00573606 -0.01848456 -0.03447459
v 0.00624100 -0.01833490 0.03494046
v 0.00624100 -0.01833490 -0.03447459
v 0.00674167 -0.01817267 0.03494046
v 0.00674167 -0.01817267 -0.03447459
v 0.00723771 -0.01799799 0.03494046
v 0.00723771 -0.01799799 -0.03447459
v 0.00772879 -0.01781097 0.03494046
v 0.00772879 -0.01781097 -0.03447459
v 0.00821458 -0.01761175 0.03494046
v 0.00821458 -0.01761175 -0.03447459
v 0.00869474 -0.01740046 0.03494046
v 0.00869474 -0.01740046 -0.03447459
v 0.00916893 -0.01717723 0.03494046
v 0.00916893 -0.01717723 -0.03447459
v 0.00963685 -0.01694224 0.03494046
v 0.00963685 -0.01694224 -0.03447459
v 0.01009816 -0.01669564 0.03494046
v 0.01009816 -0.01669564 -0.03447459
v 0.01055254 -0.01643758 0.03494046
v 0.01055254 -0.01643758 -0.03447459
v 0.01099970 -0.01616827 0.03494046
v 0.01099970 -0.01616827 -0.03447459
v 0.01143931 -0.01588788 0.03494046
v 0.01143931 -0.01588788 -0.03447459
v 0.01187110 -0.01559660 0.03494046
v 0.01187110 -0.01559660 -0.03447459
v 0.01229474 -0.01529463 0.03494046
v 0.01229474 -0.01529463 -0.03447459
v 0.01270995 -0.01498218 0.03494046
v 0.01270995 -0.01498218 -0.03447459
v 0.01311645 -0.01465945 0.03494046
v 0.01311645 -0.01465945 -0.03447459
v 0.01351397 -0.01432669 0.03494046
v 0.01351397 -0.01432669 -0.03447459
v 0.01390222 -0.01398410 0.03494046
v 0.01390222 -0.01398410 -0.03447459
v 0.01428095 -0.01363193 0.03494046
v 0.01428095 -0.01363193 -0.03447459
v 0.01464989 -0.01327041 0.03494046
v 0.01464989 -0.01327041 -0.03447459
v 0.01500879 -0.01289980 0.03494046
v 0.01500879 -0.01289980 -0.03447459
v 0.01535740 -0.01252036 0.03494046
v 0.01535740 -0.01252036 -0.03447459
v 0.01569548 -0.01213233 0.03494046
v 0.01569548 -0.01213233 -0.03447459
v 0.01602281 -0.01173598 0.03494046
v 0.01602281 -0.01173598 -0.03447459
v 0.01633916 -0.01133160 0.03494046
v 0.01633916 -0.01133160 -0.03447459
v 0.01664431 -0.01091943 0.03494046
v 0.01664431 -0.01091943 -0.03447459
v 0.01693805 -0.01049980 0.03494046
v 0.01693805 -0.01049980 -0.03447459
v 0.01722018 -0.01007297 0.03494046
v 0.01722018 -0.01007297 -0.03447459
v 0.01749052 -0.00963923 0.03494046
v 0.01749052 -0.00963923 -0.03447459
v 0.01774886 -0.00919888 0.03494046
v 0.01774886 -0.00919888 -0.03447459
v 0.01799504 -0.00875224 0.03494046
v 0.01799504 -0.00875224 -0.03447459
v 0.01822890 -0.00829959 0.03494046
v 0.01822890 -0.00829959 -0.03447459
v 0.01845025 -0.00784126 0.03494046
v 0.01845025 -0.00784126 -0.03447459
v 0.01865896 -0.00737755 0.03494046
v 0.01865896 -0.00737755 -0.03447459
v 0.01885488 -0.00690878 0.03494046
v 0.01885488 -0.00690878 -0.03447459
v 0.01903788 -0.00643528 0.03494046
v 0.01903788 -0.00643528 -0.03447459
v 0.01920783 -0.00595737 0.03494046
v 0.01920783 -0.00595737 -0.03447459
v 0.01936462 -0.00547538 0.03494046
v 0.01936462 -0.00547538 -0.03447459
v 0.01950814 -0.00498963 0.03494046
v 0.01950814 -0.00498963 -0.03447459
v 0.01963829 -0.00450047 0.03494046
v 0.01963829 -0.00450047 -0.03447459
v 0.01975497 -0.00400822 0.03494046
v 0.01975497 -0.00400822 -0.03447459
v 0.01985812 -0.00351322 0.03494046
v 0.01985812 -0.00351322 -0.03447459
v 0.01994766 -0.00301581 0.03494046
v 0.01994766 -0.00301581 -0.03447459
v 0.02002353 -0.00251634 0.03494046
v 0.02002353 -0.00251634 -0.03447459
v 0.02008568 -0.00201515 0.03494046
v 0.02008568 -0.00201515 -0.03447459
v 0.02013406 -0.00151257 0.03494046
v 0.02013406 -0.00151257 -0.03447459
v 0.02016863 -0.00100896 0.03494046
v 0.02016863 -0.00100896 -0.03447459
v 0.02018939 -0.00050465 0.03494046
v 0.02018939 -0.00050465 -0.03447459
v 0.00000000 -0.00000000 -0.03494046
v 0.00000000 -0.00000000 -0.03447459
vn 0.71016803 0.00000000 -0.70403222
vn 0.70989829 0.01947313 -0.70403495
vn 0.70989829 0.01947313 -0.70403495
vn 0.71016803 -0.00000000 -0.70403222
vn 0.70909994 0.03893115 -0.70403241
vn 0.70909994 0.03893115 -0.70403241
vn 0.70776175 0.05835250 -0.70403714
vn 0.70776175 0.05835250 -0.70403714
vn 0.70589954 0.07772303 -0.70403478
vn 0.70589954 0.07772303 -0.70403478
vn 0.70350126 0.09702629 -0.70403969
vn 0.70350126 0.09702629 -0.70403969
vn 0.70058273 0.11624306 -0.70403933
vn 0.70058273 0.11624306 -0.70403933
vn 0.69713697 0.13535695 -0.70404442
vn 0.69713697 0.13535695 -0.70404442
vn 0.69317781 0.15434914 -0.70404607
vn 0.69317781 0.15434914 -0.70404607
vn 0.68870356 0.17320977 -0.70404956
vn 0.68870356 0.17320977 -0.70404956
vn 0.68372239 0.19192496 -0.70405149
vn 0.68372239 0.19192496 -0.70405149
vn 0.67823637 0.21046841 -0.70405857
vn 0.67823637 0.21046841 -0.70405857
vn 0.67226177 0.22882361 -0.70406240
vn 0.67226177 0.22882361 -0.70406240
vn 0.66579875 0.24699146 -0.70406480
vn 0.66579875 0.24699146 -0.70406480
vn 0.65885184 0.26494673 -0.70407207
vn 0.65885184 0.26494673 -0.70407207
vn 0.65143827 0.28267356 -0.70407659
vn 0.65143827 0.28267356 -0.70407659
vn 0.64355966 0.30016968 -0.70408034
vn 0.64355966 0.30016968 -0.70408034
vn 0.63522407 0.31741193 -0.70408810
vn 0.63522407 0.31741193 -0.70408810
vn 0.62644950 0.33438133 -0.70409527
vn 0.62644950 0.33438133 -0.70409527
vn 0.61724184 0.35107989 -0.70409901
vn 0.61724184 0.35107989 -0.70409901
vn 0.60760259 0.36750036 -0.70410410
vn 0.60760259 0.36750036 -0.70410410
vn 0.59754935 0.38361001 -0.70411514
vn 0.59754935 0.38361001 -0.70411514
vn 0.58710119 0.39941120 -0.70411852
vn 0.58710119 0.39941120 -0.70411852
vn 0.57625184 0.41489862 -0.70412567
vn 0.57625184 0.41489862 -0.70412567
vn 0.56502337 0.43005043 -0.70413437
vn 0.56502337 0.43005043 -0.70413437
vn 0.55342691 0.44486659 -0.70413946
vn 0.55342691 0.44486659 -0.70413946
vn 0.54146585 0.45933873 -0.70414676
vn 0.54146585 0.45933873 -0.70414676
vn 0.52915856 0.47345236 -0.70415487
vn 0.52915856 0.47345236 -0.70415487
vn 0.51651447 0.48720794 -0.70415994
vn 0.51651447 0.48720794 -0.70415994
vn 0.50354322 0.50058861 -0.70416992
vn 0.50354322 0.50058861 -0.70416992
vn 0.49026262 0.51359600 -0.70417449
vn 0.49026262 0.51359600 -0.70417449
vn 0.47667623 0.52621717 -0.70418411
vn 0.47667623 0.52621717 -0.70418411
vn 0.46280191 0.53845446 -0.70418832
vn 0.46280191 0.53845446 -0.70418832
vn 0.44864309 0.55029586 -0.70419731
vn 0.44864309 0.55029586 -0.70419731
vn 0.43422072 0.56173859 -0.70420319
vn 0.43422072 0.56173859 -0.70420319
vn 0.41953807 0.57277963 -0.70420971
vn 0.41953807 0.57277963 -0.70420971
vn 0.40461293 0.58340818 -0.70421820
vn 0.40461293 0.58340818 -0.70421820
vn 0.38945591 0.59362795 -0.70422295
vn 0.38945591 0.59362795 -0.70422295
vn 0.37406928 0.60343497 -0.70422895
vn 0.37406928 0.60343497 -0.70422895
vn 0.35847625 0.61281582 -0.70423827
vn 0.35847625 0.61281582 -0.70423827
vn 0.34268238 0.62178366 -0.70423993
vn 0.34268238 0.62178366 -0.70423993
vn 0.32668629 0.63032716 -0.70424692
vn 0.32668629 0.63032716 -0.70424692
vn 0.31051948 0.63843783 -0.70425478
vn 0.31051948 0.63843783 -0.70425478
vn 0.29418783 0.64612137 -0.70425897
vn 0.29418783 0.64612137 -0.70425897
vn 0.27768823 0.65337895 -0.70426216
vn 0.27768823 0.65337895 -0.70426216
vn 0.26103717 0.66020093 -0.70426865
vn 0.26103717 0.66020093 -0.70426865
vn 0.24425413 0.66658699 -0.70427389
vn 0.24425413 0.66658699 -0.70427389
vn 0.22733830 0.67254187 -0.70427603
vn 0.22733830 0.67254187 -0.70427603
vn 0.21030145 0.67805600 -0.70428216
vn 0.21030145 0.67805600 -0.70428216
vn 0.19316323 0.68313152 -0.70428637
vn 0.19316323 0.68313152 -0.70428637
vn 0.17591849 0.68777361 -0.70428698
vn 0.17591849 0.68777361 -0.70428698
vn 0.15857813 0.69197265 -0.70429172
vn 0.15857813 0.69197265 -0.70429172
vn 0.14116135 0.69573190 -0.70429440
vn 0.14116135 0.69573190 -0.70429440
vn 0.12367557 0.69904830 -0.70429810
vn 0.12367557 0.69904830 -0.70429810
vn 0.10612412 0.70192735 -0.70429799
vn 0.10612412 0.70192735 -0.70429799
vn 0.08851839 0.70435994 -0.70430219
vn 0.08851839 0.70435994 -0.70430219
vn 0.07086707 0.70635552 -0.70430088
vn 0.07086707 0.70635552 -0.70430088
vn 0.05318142 0.70790216 -0.70430552
vn 0.05318142 0.70790216 -0.70430552
vn 0.03546976 0.70901284 -0.70430298
vn 0.03546976 0.70901284 -0.70430298
vn 0.01773835 0.70967450 -0.70430636
vn 0.01773835 0.70967450 -0.70430636
vn -0.00000000 0.70989827 -0.70430423
vn 0.00000000 0.70989827 -0.70430423
vn -0.01773835 0.70967450 -0.70430636
vn -0.01773835 0.70967450 -0.70430636
vn -0.03546976 0.70901284 -0.70430298
vn -0.03546976 0.70901284 -0.70430298
vn -0.05318142 0.70790216 -0.70430552
vn -0.05318142 0.70790216 -0.70430552
vn -0.07086707 0.70635552 -0.70430088
vn -0.07086707 0.70635552 -0.70430088
vn -0.08851839 0.70435994 -0.70430219
vn -0.08851839 0.70435994 -0.70430219
vn -0.10612412 0.70192735 -0.70429799
vn -0.10612412 0.70192735 -0.70429799
vn -0.12367557 0.69904830 -0.70429810
vn -0.12367557 0.69904830 -0.70429810
vn -0.14116135 0.69573190 -0.70429440
vn -0.14116135 0.69573190 -0.70429440
vn -0.15857813 0.69197265 -0.70429172
vn -0.15857813 0.69197265 -0.70429172
vn -0.17591849 0.68777361 -0.70428698
vn -0.17591849 0.68777361 -0.70428698
vn -0.19316323 0.68313152 -0.70428637
vn -0.19316323 0.68313152 -0.70428637
vn -0.21030145 0.67805600 -0.70428216
vn -0.21030145 0.67805600 -0.70428216
vn -0.22733830 0.67254187 -0.70427603
vn -0.22733830 0.67254187 -0.70427603
vn -0.24425413 0.66658699 -0.70427389
vn -0.24425413 0.66658699 -0.70427389
vn -0.26103717 0.66020093 -0.70426865
vn -0.26103717 0.66020093 -0.70426865
vn -0.27768823 0.65337895 -0.70426216
vn -0.27768823 0.65337895 -0.70426216
vn -0.29418783 0.64612137 -0.70425897
vn -0.29418783 0.64612137 -0.70425897
vn -0.31051948 0.63843783 -0.70425478
vn -0.31051948 0.63843783 -0.70425478
vn -0.32668629 0.63032716 -0.70424692
vn -0.32668629 0.63032716 -0.70424692
vn -0.34268238 0.62178366 -0.70423993
vn -0.34268238 0.62178366 -0.70423993
vn -0.35847625 0.61281582 -0.70423827
vn -0.35847625 0.61281582 -0.70423827
vn -0.37406928 0.60343497 -0.70422895
vn -0.37406928 0.60343497 -0.70422895
vn -0.38945591 0.59362795 -0.70422295
vn -0.38945591 0.59362795 -0.70422295
vn -0.40461293 0.58340818 -0.70421820
vn -0.40461293 0.58340818 -0.70421820
vn -0.41953807 0.57277963 -0.70420971
vn -0.41953807 0.57277963 -0.70420971
vn -0.43422072 0.56173859 -0.70420319
vn -0.43422072 0.56173859 -0.70420319
vn -0.44864309 0.55029586 -0.70419731
vn -0.44864309 0.55029586 -0.70419731
vn -0.46280191 0.53845446 -0.70418832
vn -0.46280191 0.53845446 -0.70418832
vn -0.47667623 0.52621717 -0.70418411
vn -0.47667623 0.52621717 -0.70418411
vn -0.49026262 0.51359600 -0.70417449
vn -0.49026262 0.51359600 -0.70417449
vn -0.50354322 0.50058861 -0.70416992
vn -0.50354322 0.50058861 -0.70416992
vn -0.51651447 0.48720794 -0.70415994
vn -0.51651447 0.48720794 -0.70415994
vn -0.52915856 0.47345236 -0.70415487
vn -0.52915856 0.47345236 -0.70415487
vn -0.54146585 0.45933873 -0.70414676
vn -0.54146585 0.45933873 -0.70414676
vn -0.55342691 0.44486659 -0.70413946
vn -0.55342691 0.44486659 -0.70413946
vn -0.56502337 0.43005043 -0.70413437
vn -0.56502337 0.43005043 -0.70413437
vn -0.57625184 0.41489862 -0.70412567
vn -0.57625184 0.41489862 -0.70412567
vn -0.58710119 0.39941120 -0.70411852
vn -0.58710119 0.39941120 -0.70411852
vn -0.59754935 0.38361001 -0.70411514
vn -0.59754935 0.38361001 -0.70411514
vn -0.60760259 0.36750036 -0.70410410
vn -0.60760259 0.36750036 -0.70410410
vn -0.61724184 0.35107989 -0.70409901
vn -0.61724184 0.35107989 -0.70409901
vn -0.62644950 0.33438133 -0.70409527
vn -0.62644950 0.33438133 -0.70409527
vn -0.63522407 0.31741193 -0.70408810
vn -0.63522407 0.31741193 -0.70408810
vn -0.64355966 0.30016968 -0.70408034
vn -0.64355966 0.30016968 -0.70408034
vn -0.65143827 0.28267356 -0.70407659
vn -0.65143827 0.28267356 -0.70407659
vn -0.65885184 0.26494673 -0.70407207
vn -0.65885184 0.26494673 -0.70407207
vn -0.66579875 0.24699146 -0.70406480
vn -0.66579875 0.24699146 -0.70406480
vn -0.67226177 0.22882361 -0.70406240
vn -0.67226177 0.22882361 -0.70406240
vn -0.67823637 0.21046841 -0.70405857
vn -0.67823637 0.21046841 -0.70405857
vn -0.68372239 0.19192496 -0.70405149
vn -0.68372239 0.19192496 -0.70405149
vn -0.68870356 0.17320977 -0.70404956
vn -0.68870356 0.17320977 -0.70404956
vn -0.69317781 0.15434914 -0.70404607
vn -0.69317781 0.15434914 -0.70404607
vn -0.69713697 0.13535695 -0.70404442
vn -0.69713697 0.13535695 -0.70404442
vn -0.70058273 0.11624306 -0.70403933
vn -0.70058273 0.11624306 -0.70403933
vn -0.70350126 0.09702629 -0.70403969
vn -0.70350126 0.09702629 -0.70403969
vn -0.70589954 0.07772303 -0.70403478
vn -0.70589954 0.07772303 -0.70403478
vn -0.70776175 0.05835250 -0.70403714
vn -0.70776175 0.05835250 -0.70403714
vn -0.70909994 0.03893115 -0.70403241
vn -0.70909994 0.03893115 -0.70403241
vn -0.70989829 0.01947313 -0.70403495
vn -0.70989829 0.01947313 -0.70403495
vn -0.71016803 0.00000000 -0.70403222
vn -0.71016803 0.00000000 -0.70403222
vn -0.70989829 -0.01947313 -0.70403495
vn -0.70989829 -0.01947313 -0.70403495
vn -0.70909994 -0.03893115 -0.70403241
vn -0.70909994 -0.03893115 -0.70403241
vn -0.70776175 -0.05835250 -0.70403714
vn -0.70776175 -0.05835250 -0.70403714
vn -0.70589954 -0.07772303 -0.70403478
vn -0.70589954 -0.07772303 -0.70403478
vn -0.70350126 -0.09702629 -0.70403969
vn -0.70350126 -0.09702629 -0.70403969
vn -0.70058273 -0.11624306 -0.70403933
vn -0.70058273 -0.11624306 -0.70403933
vn -0.69713697 -0.13535695 -0.70404442
vn -0.69713697 -0.13535695 -0.70404442
vn -0.69317781 -0.15434914 -0.70404607
vn -0.69317781 -0.15434914 -0.70404607
vn -0.68870356 -0.17320977 -0.70404956
vn -0.68870356 -0.17320977 -0.70404956
vn -0.68372239 -0.19192496 -0.70405149
vn -0.68372239 -0.19192496 -0.70405149
vn -0.67823637 -0.21046841 -0.70405857
vn -0.67823637 -0.21046841 -0.70405857
vn -0.67226177 -0.22882361 -0.70406240
vn -0.67226177 -0.22882361 -0.70406240
vn -0.66579875 -0.24699146 -0.70406480
vn -0.66579875 -0.24699146 -0.70406480
vn -0.65885184 -0.26494673 -0.70407207
vn -0.65885184 -0.26494673 -0.70407207
vn -0.65143827 -0.28267356 -0.70407659
vn -0.65143827 -0.28267356 -0.70407659
vn -0.64355966 -0.30016968 -0.70408034
vn -0.64355966 -0.30016968 -0.70408034
vn -0.63522407 -0.31741193 -0.70408810
vn -0.63522407 -0.31741193 -0.70408810
vn -0.62644950 -0.33438133 -0.70409527
vn -0.62644950 -0.33438133 -0.70409527
vn -0.61724184 -0.35107989 -0.70409901
vn -0.61724184 -0.35107989 -0.70409901
vn -0.60760259 -0.36750036 -0.70410410
vn -0.60760259 -0.36750036 -0.70410410
vn -0.59754935 -0.38361001 -0.70411514
vn -0.59754935 -0.38361001 -0.70411514
vn -0.58710119 -0.39941120 -0.70411852
vn -0.58710119 -0.39941120 -0.70411852
vn -0.57625184 -0.41489862 -0.70412567
vn -0.57625184 -0.41489862 -0.70412567
vn -0.56502337 -0.43005043 -0.70413437
vn -0.56502337 -0.43005043 -0.70413437
vn -0.55342691 -0.44486659 -0.70413946
vn -0.55342691 -0.44486659 -0.70413946
vn -0.54146585 -0.45933873 -0.70414676
vn -0.54146585 -0.45933873 -0.70414676
vn -0.52915856 -0.47345236 -0.70415487
vn -0.52915856 -0.47345236 -0.70415487
vn -0.51651447 -0.48720794 -0.70415994
vn -0.51651447 -0.48720794 -0.70415994
vn -0.50354322 -0.50058861 -0.70416992
vn -0.50354322 -0.50058861 -0.70416992
vn -0.49026262 -0.51359600 -0.70417449
vn -0.49026262 -0.51359600 -0.70417449
vn -0.47667623 -0.52621717 -0.70418411
vn -0.47667623 -0.52621717 -0.70418411
vn -0.46280191 -0.53845446 -0.70418832
vn -0.46280191 -0.53845446 -0.70418832
vn -0.44864309 -0.55029586 -0.70419731
vn -0.44864309 -0.55029586 -0.70419731
vn -0.43422072 -0.56173859 -0.70420319
vn -0.43422072 -0.56173859 -0.70420319
vn -0.41953807 -0.57277963 -0.70420971
vn -0.41953807 -0.57277963 -0.70420971
vn -0.40461293 -0.58340818 -0.70421820
vn -0.40461293 -0.58340818 -0.70421820
vn -0.38945591 -0.59362795 -0.70422295
vn -0.38945591 -0.59362795 -0.70422295
vn -0.37406928 -0.60343497 -0.70422895
vn -0.37406928 -0.60343497 -0.70422895
vn -0.35847625 -0.61281582 -0.70423827
vn -0.35847625 -0.61281582 -0.70423827
vn -0.34268238 -0.62178366 -0.70423993
vn -0.34268238 -0.62178366 -0.70423993
vn -0.32668629 -0.63032716 -0.70424692
vn -0.32668629 -0.63032716 -0.70424692
vn -0.31051948 -0.63843783 -0.70425478
vn -0.31051948 -0.63843783 -0.70425478
vn -0.29418783 -0.64612137 -0.70425897
vn -0.29418783 -0.64612137 -0.70425897
vn -0.27768823 -0.65337895 -0.70426216
vn -0.27768823 -0.65337895 -0.70426216
vn -0.26103717 -0.66020093 -0.70426865
vn -0.26103717 -0.66020093 -0.70426865
vn -0.24425413 -0.66658699 -0.70427389
vn -0.24425413 -0.66658699 -0.70427389
vn -0.22733830 -0.67254187 -0.70427603
vn -0.22733830 -0.67254187 -0.70427603
vn -0.21030145 -0.67805600 -0.70428216
vn -0.21030145 -0.67805600 -0.70428216
vn -0.19316323 -0.68313152 -0.70428637
vn -0.19316323 -0.68313152 -0.70428637
vn -0.17591849 -0.68777361 -0.70428698
vn -0.17591849 -0.68777361 -0.70428698
vn -0.15857813 -0.69197265 -0.70429172
vn -0.15857813 -0.69197265 -0.70429172
vn -0.14116135 -0.69573190 -0.70429440
vn -0.14116135 -0.69573190 -0.70429440
vn -0.12367557 -0.69904830 -0.70429810
vn -0.12367557 -0.69904830 -0.70429810
vn -0.10612412 -0.70192735 -0.70429799
vn -0.10612412 -0.70192735 -0.70429799
vn -0.08851839 -0.70435994 -0.70430219
vn -0.08851839 -0.70435994 -0.70430219
vn -0.07086707 -0.70635552 -0.70430088
vn -0.07086707 -0.70635552 -0.70430088
vn -0.05318142 -0.70790216 -0.70430552
vn -0.05318142 -0.70790216 -0.70430552
vn -0.03546976 -0.70901284 -0.70430298
vn -0.03546976 -0.70901284 -0.70430298
vn -0.01773835 -0.70967450 -0.70430636
vn -0.01773835 -0.70967450 -0.70430636
vn -0.00000000 -0.70989827 -0.70430423
vn -0.00000000 -0.70989827 -0.70430423
vn 0.01773835 -0.70967450 -0.70430636
vn 0.01773835 -0.70967450 -0.70430636
vn 0.03546976 -0.70901284 -0.70430298
vn 0.03546976 -0.70901284 -0.70430298
vn 0.05318142 -0.70790216 -0.70430552
vn 0.05318142 -0.70790216 -0.70430552
vn 0.07086707 -0.70635552 -0.70430088
vn 0.07086707 -0.70635552 -0.70430088
vn 0.08851839 -0.70435994 -0.70430219
vn 0.08851839 -0.70435994 -0.70430219
vn 0.10612412 -0.70192735 -0.70429799
vn 0.10612412 -0.70192735 -0.70429799
vn 0.12367557 -0.69904830 -0.70429810
vn 0.12367557 -0.69904830 -0.70429810
vn 0.14116135 -0.69573190 -0.70429440
vn 0.14116135 -0.69573190 -0.70429440
vn 0.15857813 -0.69197265 -0.70429172
vn 0.15857813 -0.69197265 -0.70429172
vn 0.17591849 -0.68777361 -0.70428698
vn 0.17591849 -0.68777361 -0.70428698
vn 0.19316323 -0.68313152 -0.70428637
vn 0.19316323 -0.68313152 -0.70428637
vn 0.21030145 -0.67805600 -0.70428216
vn 0.21030145 -0.67805600 -0.70428216
vn 0.22733830 -0.67254187 -0.70427603
vn 0.22733830 -0.67254187 -0.70427603
vn 0.24425413 -0.66658699 -0.70427389
vn 0.24425413 -0.66658699 -0.70427389
vn 0.26103717 -0.66020093 -0.70426865
vn 0.26103717 -0.66020093 -0.70426865
vn 0.27768823 -0.65337895 -0.70426216
vn 0.27768823 -0.65337895 -0.70426216
vn 0.29418783 -0.64612137 -0.70425897
vn 0.29418783 -0.64612137 -0.70425897
vn 0.31051948 -0.63843783 -0.70425478
vn 0.31051948 -0.63843783 -0.70425478
vn 0.32668629 -0.63032716 -0.70424692
vn 0.32668629 -0.63032716 -0.70424692
vn 0.34268238 -0.62178366 -0.70423993
vn 0.34268238 -0.62178366 -0.70423993
vn 0.35847625 -0.61281582 -0.70423827
vn 0.35847625 -0.61281582 -0.70423827
vn 0.37406928 -0.60343497 -0.70422895
vn 0.37406928 -0.60343497 -0.70422895
vn 0.38945591 -0.59362795 -0.70422295
vn 0.38945591 -0.59362795 -0.70422295
vn 0.40461293 -0.58340818 -0.70421820
vn 0.40461293 -0.58340818 -0.70421820
vn 0.41953807 -0.57277963 -0.70420971
vn 0.41953807 -0.57277963 -0.70420971
vn 0.43422072 -0.56173859 -0.70420319
vn 0.43422072 -0.56173859 -0.70420319
vn 0.44864309 -0.55029586 -0.70419731
vn 0.44864309 -0.55029586 -0.70419731
vn 0.46280191 -0.53845446 -0.70418832
vn 0.46280191 -0.53845446 -0.70418832
vn 0.47667623 -0.52621717 -0.70418411
vn 0.47667623 -0.52621717 -0.70418411
vn 0.49026262 -0.51359600 -0.70417449
vn 0.49026262 -0.51359600 -0.70417449
vn 0.50354322 -0.50058861 -0.70416992
vn 0.50354322 -0.50058861 -0.70416992
vn 0.51651447 -0.48720794 -0.70415994
vn 0.51651447 -0.48720794 -0.70415994
vn 0.52915856 -0.47345236 -0.70415487
vn 0.52915856 -0.47345236 -0.70415487
vn 0.54146585 -0.45933873 -0.70414676
vn 0.54146585 -0.45933873 -0.70414676
vn 0.55342691 -0.44486659 -0.70413946
vn 0.55342691 -0.44486659 -0.70413946
vn 0.56502337 -0.43005043 -0.70413437
vn 0.56502337 -0.43005043 -0.70413437
vn 0.57625184 -0.41489862 -0.70412567
vn 0.57625184 -0.41489862 -0.70412567
vn 0.58710119 -0.39941120 -0.70411852
vn 0.58710119 -0.39941120 -0.70411852
vn 0.59754935 -0.38361001 -0.70411514
vn 0.59754935 -0.38361001 -0.70411514
vn 0.60760259 -0.36750036 -0.70410410
vn 0.60760259 -0.36750036 -0.70410410
vn 0.61724184 -0.35107989 -0.70409901
vn 0.61724184 -0.35107989 -0.70409901
vn 0.62644950 -0.33438133 -0.70409527
vn 0.62644950 -0.33438133 -0.70409527
vn 0.63522407 -0.31741193 -0.70408810
vn 0.63522407 -0.31741193 -0.70408810
vn 0.64355966 -0.30016968 -0.70408034
vn 0.64355966 -0.30016968 -0.70408034
vn 0.65143827 -0.28267356 -0.70407659
vn 0.65143827 -0.28267356 -0.70407659
vn 0.65885184 -0.26494673 -0.70407207
vn 0.65885184 -0.26494673 -0.70407207
vn 0.66579875 -0.24699146 -0.70406480
vn 0.66579875 -0.24699146 -0.70406480
vn 0.67226177 -0.22882361 -0.70406240
vn 0.67226177 -0.22882361 -0.70406240
vn 0.67823637 -0.21046841 -0.70405857
vn 0.67823637 -0.21046841 -0.70405857
vn 0.68372239 -0.19192496 -0.70405149
vn 0.68372239 -0.19192496 -0.70405149
vn 0.68870356 -0.17320977 -0.70404956
vn 0.68870356 -0.17320977 -0.70404956
vn 0.69317781 -0.15434914 -0.70404607
vn 0.69317781 -0.15434914 -0.70404607
vn 0.69713697 -0.13535695 -0.70404442
vn 0.69713697 -0.13535695 -0.70404442
vn 0.70058273 -0.11624306 -0.70403933
vn 0.70058273 -0.11624306 -0.70403933
vn 0.70350126 -0.09702629 -0.70403969
vn 0.70350126 -0.09702629 -0.70403969
vn 0.70589954 -0.07772303 -0.70403478
vn 0.70589954 -0.07772303 -0.70403478
vn 0.70776175 -0.05835250 -0.70403714
vn 0.70776175 -0.05835250 -0.70403714
vn 0.70909994 -0.03893115 -0.70403241
vn 0.70909994 -0.03893115 -0.70403241
vn 0.70989829 -0.01947313 -0.70403495
vn 0.70989829 -0.01947313 -0.70403495
vn 0.71016538 -0.00000000 0.70403490
vn 0.70372732 0.01930527 -0.71020783
vn 0.70399523 0.00000000 -0.71020470
vn 0.70990135 0.01947464 0.70403182
vn 0.70293773 0.03859282 -0.71020359
vn 0.70909640 0.03893094 0.70403599
vn 0.70161386 0.05784425 -0.71020562
vn 0.70776497 0.05835137 0.70403399
vn 0.69976836 0.07704939 -0.71020253
vn 0.70589716 0.07772421 0.70403703
vn 0.69739734 0.09618304 -0.71020122
vn 0.70350279 0.09702508 0.70403833
vn 0.69450560 0.11523464 -0.71019923
vn 0.70058182 0.11624283 0.70404028
vn 0.69109647 0.13418680 -0.71019685
vn 0.69713821 0.13535989 0.70404262
vn 0.68717825 0.15301618 -0.71019159
vn 0.69317551 0.15435161 0.70404779
vn 0.68274838 0.17171065 -0.71019019
vn 0.68870426 0.17320855 0.70404917
vn 0.67781325 0.19026764 -0.71018831
vn 0.68372247 0.19192640 0.70405102
vn 0.67239071 0.20865305 -0.71017930
vn 0.67823552 0.21046679 0.70405988
vn 0.66647164 0.22685265 -0.71017844
vn 0.67226339 0.22882404 0.70406072
vn 0.66007191 0.24486706 -0.71017265
vn 0.66579722 0.24699098 0.70406642
vn 0.65319530 0.26267200 -0.71016851
vn 0.65885331 0.26494728 0.70407049
vn 0.64585432 0.28025422 -0.71016179
vn 0.65143646 0.28267646 0.70407710
vn 0.63805463 0.29759712 -0.71015649
vn 0.64355979 0.30016480 0.70408231
vn 0.62980052 0.31469733 -0.71015272
vn 0.63522775 0.31740919 0.70408601
vn 0.62110994 0.33153789 -0.71014440
vn 0.62644765 0.33438707 0.70409420
vn 0.61199120 0.34809693 -0.71013752
vn 0.61723862 0.35108164 0.70410097
vn 0.60244433 0.36437646 -0.71013423
vn 0.60760428 0.36749735 0.70410421
vn 0.59249293 0.38036292 -0.71012405
vn 0.59755059 0.38360979 0.70411421
vn 0.58213661 0.39603821 -0.71012020
vn 0.58709952 0.39941456 0.70411800
vn 0.57139884 0.41139822 -0.71010906
vn 0.57625218 0.41489255 0.70412896
vn 0.56027406 0.42642863 -0.71010675
vn 0.56502926 0.43004784 0.70413123
vn 0.54878009 0.44113601 -0.71009819
vn 0.55342442 0.44486936 0.70413966
vn 0.53693136 0.45549514 -0.71009076
vn 0.54146414 0.45934043 0.70414697
vn 0.52473968 0.46950068 -0.71008266
vn 0.52915750 0.47345344 0.70415494
vn 0.51221169 0.48314650 -0.71007651
vn 0.51651512 0.48720573 0.70416099
vn 0.49936362 0.49642709 -0.71006769
vn 0.50354664 0.50058551 0.70416967
vn 0.48619578 0.50933560 -0.71006401
vn 0.49026345 0.51359686 0.70417329
vn 0.47273236 0.52187018 -0.71005326
vn 0.47667299 0.52622043 0.70418387
vn 0.45898093 0.53401198 -0.71004768
vn 0.46279969 0.53845501 0.70418936
vn 0.44495242 0.54576662 -0.71003953
vn 0.44864420 0.55029486 0.70419738
vn 0.43065673 0.55712414 -0.71003343
vn 0.43422246 0.56173699 0.70420339
vn 0.41610344 0.56808438 -0.71002680
vn 0.41954087 0.57277732 0.70420991
vn 0.40130109 0.57864233 -0.71002147
vn 0.40461018 0.58341376 0.70421515
vn 0.38627700 0.58879151 -0.71001031
vn 0.38945001 0.59362803 0.70422614
vn 0.37102732 0.59852103 -0.71000796
vn 0.37407259 0.60343350 0.70422845
vn 0.35556675 0.60784362 -0.70999888
vn 0.35847600 0.61281699 0.70423739
vn 0.33990096 0.61674366 -0.70999619
vn 0.34267944 0.62178515 0.70424003
vn 0.32404733 0.62522904 -0.70998731
vn 0.32668806 0.63032417 0.70424878
vn 0.30801927 0.63328457 -0.70998224
vn 0.31052497 0.63843627 0.70425377
vn 0.29181397 0.64091691 -0.70997895
vn 0.29418513 0.64612474 0.70425701
vn 0.27545097 0.64812557 -0.70997183
vn 0.27768362 0.65337891 0.70426401
vn 0.25894488 0.65490069 -0.70996665
vn 0.26103994 0.66019933 0.70426912
vn 0.24229654 0.66124465 -0.70996331
vn 0.24425461 0.66658837 0.70427241
vn 0.22551873 0.66715876 -0.70995809
vn 0.22733788 0.67254043 0.70427754
vn 0.20862080 0.67263755 -0.70995499
vn 0.21030182 0.67805750 0.70428060
vn 0.19162155 0.67768368 -0.70994790
vn 0.19316175 0.68313069 0.70428758
vn 0.17451659 0.68228766 -0.70994895
vn 0.17591982 0.68777371 0.70428654
vn 0.15731426 0.68646316 -0.70994405
vn 0.15857699 0.69197327 0.70429137
vn 0.14004142 0.69019888 -0.70993937
vn 0.14116365 0.69572983 0.70429598
vn 0.12269520 0.69349309 -0.70993889
vn 0.12367826 0.69904950 0.70429645
vn 0.10528111 0.69635202 -0.70993644
vn 0.10612392 0.70192651 0.70429886
vn 0.08781482 0.69877164 -0.70993433
vn 0.08851727 0.70436132 0.70430094
vn 0.07030617 0.70075187 -0.70993230
vn 0.07086817 0.70635336 0.70430294
vn 0.05275860 0.70229071 -0.70993260
vn 0.05318037 0.70790510 0.70430265
vn 0.03518863 0.70339367 -0.70992894
vn 0.03546958 0.70900961 0.70430625
vn 0.01759907 0.70405059 -0.70993172
vn 0.01773972 0.70967730 0.70430351
vn 0.00000000 0.70427375 -0.70992851
vn 0.00000000 0.70989584 0.70430668
vn -0.01759907 0.70405059 -0.70993172
vn -0.01773972 0.70967730 0.70430351
vn -0.03518863 0.70339367 -0.70992894
vn -0.03546958 0.70900961 0.70430625
vn -0.05275860 0.70229071 -0.70993260
vn -0.05318037 0.70790510 0.70430265
vn -0.07030617 0.70075187 -0.70993230
vn -0.07086817 0.70635336 0.70430294
vn -0.08781482 0.69877164 -0.70993433
vn -0.08851727 0.70436132 0.70430094
vn -0.10528111 0.69635202 -0.70993644
vn -0.10612392 0.70192651 0.70429886
vn -0.12269520 0.69349309 -0.70993889
vn -0.12367826 0.69904950 0.70429645
vn -0.14004142 0.69019888 -0.70993937
vn -0.14116365 0.69572983 0.70429598
vn -0.15731426 0.68646316 -0.70994405
vn -0.15857699 0.69197327 0.70429137
vn -0.17451659 0.68228766 -0.70994895
vn -0.17591982 0.68777371 0.70428654
vn -0.19162155 0.67768368 -0.70994790
vn -0.19316175 0.68313069 0.70428758
vn -0.20862080 0.67263755 -0.70995499
vn -0.21030182 0.67805750 0.70428060
vn -0.22551873 0.66715876 -0.70995809
vn -0.22733788 0.67254043 0.70427754
vn -0.24229654 0.66124465 -0.70996331
vn -0.24425461 0.66658837 0.70427241
vn -0.25894488 0.65490069 -0.70996665
vn -0.26103994 0.66019933 0.70426912
vn -0.27545097 0.64812557 -0.70997183
vn -0.27768362 0.65337891 0.70426401
vn -0.29181397 0.64091691 -0.70997895
vn -0.29418513 0.64612474 0.70425701
vn -0.30801927 0.63328457 -0.70998224
vn -0.31052497 0.63843627 0.70425377
vn -0.32404733 0.62522904 -0.70998731
vn -0.32668806 0.63032417 0.70424878
vn -0.33990096 0.61674366 -0.70999619
vn -0.34267944 0.62178515 0.70424003
vn -0.35556675 0.60784362 -0.70999888
vn -0.35847600 0.61281699 0.70423739
vn -0.37102732 0.59852103 -0.71000796
vn -0.37407259 0.60343350 0.70422845
vn -0.38627700 0.58879151 -0.71001031
vn -0.38945001 0.59362803 0.70422614
vn -0.40130109 0.57864233 -0.71002147
vn -0.40461018 0.58341376 0.70421515
vn -0.41610344 0.56808438 -0.71002680
vn -0.41954087 0.57277732 0.70420991
vn -0.43065673 0.55712414 -0.71003343
vn -0.43422246 0.56173699 0.70420339
vn -0.44495242 0.54576662 -0.71003953
vn -0.44864420 0.55029486 0.70419738
vn -0.45898093 0.53401198 -0.71004768
vn -0.46279969 0.53845501 0.70418936
vn -0.47273236 0.52187018 -0.71005326
vn -0.47667299 0.52622043 0.70418387
vn -0.48619578 0.50933560 -0.71006401
vn -0.49026345 0.51359686 0.70417329
vn -0.49936362 0.49642709 -0.71006769
vn -0.50354664 0.50058551 0.70416967
vn -0.51221169 0.48314650 -0.71007651
vn -0.51651512 0.48720573 0.70416099
vn -0.52473968 0.46950068 -0.71008266
vn -0.52915750 0.47345344 0.70415494
vn -0.53693136 0.45549514 -0.71009076
vn -0.54146414 0.45934043 0.70414697
vn -0.54878009 0.44113601 -0.71009819
vn -0.55342442 0.44486936 0.70413966
vn -0.56027406 0.42642863 -0.71010675
vn -0.56502926 0.43004784 0.70413123
vn -0.57139884 0.41139822 -0.71010906
vn -0.57625218 0.41489255 0.70412896
vn -0.58213661 0.39603821 -0.71012020
vn -0.58709952 0.39941456 0.70411800
vn -0.59249293 0.38036292 -0.71012405
vn -0.59755059 0.38360979 0.70411421
vn -0.60244433 0.36437646 -0.71013423
vn -0.60760428 0.36749735 0.70410421
vn -0.61199120 0.34809693 -0.71013752
vn -0.61723862 0.35108164 0.70410097
vn -0.62110994 0.33153789 -0.71014440
vn -0.62644765 0.33438707 0.70409420
vn -0.62980052 0.31469733 -0.71015272
vn -0.63522775 0.31740919 0.70408601
vn -0.63805463 0.29759712 -0.71015649
vn -0.64355979 0.30016480 0.70408231
vn -0.64585432 0.28025422 -0.71016179
vn -0.65143646 0.28267646 0.70407710
vn -0.65319530 0.26267200 -0.71016851
vn -0.65885331 0.26494728 0.70407049
vn -0.66007191 0.24486706 -0.71017265
vn -0.66579722 0.24699098 0.70406642
vn -0.66647164 0.22685265 -0.71017844
vn -0.67226339 0.22882404 0.70406072
vn -0.67239071 0.20865305 -0.71017930
vn -0.67823552 0.21046679 0.70405988
vn -0.67781325 0.19026764 -0.71018831
vn -0.68372247 0.19192640 0.70405102
vn -0.68274838 0.17171065 -0.71019019
vn -0.68870426 0.17320855 0.70404917
vn -0.68717825 0.15301618 -0.71019159
vn -0.69317551 0.15435161 0.70404779
vn -0.69109647 0.13418680 -0.71019685
vn -0.69713821 0.13535989 0.70404262
vn -0.69450560 0.11523464 -0.71019923
vn -0.70058182 0.11624283 0.70404028
vn -0.69739734 0.09618304 -0.71020122
vn -0.70350279 0.09702508 0.70403833
vn -0.69976836 0.07704939 -0.71020253
vn -0.70589716 0.07772421 0.70403703
vn -0.70161386 0.05784425 -0.71020562
vn -0.70776497 0.05835137 0.70403399
vn -0.70293773 0.03859282 -0.71020359
vn -0.70909640 0.03893094 0.70403599
vn -0.70372732 0.01930527 -0.71020783
vn -0.70990135 0.01947464 0.70403182
vn -0.70399523 0.00000000 -0.71020470
vn -0.71016538 0.00000000 0.70403490
vn -0.70372732 -0.01930527 -0.71020783
vn -0.70990135 -0.01947464 0.70403182
vn -0.70293773 -0.03859282 -0.71020359
vn -0.70909640 -0.03893094 0.70403599
vn -0.70161386 -0.05784425 -0.71020562
vn -0.70776497 -0.05835137 0.70403399
vn -0.69976836 -0.07704939 -0.71020253
vn -0.70589716 -0.07772421 0.70403703
vn -0.69739734 -0.09618304 -0.71020122
vn -0.70350279 -0.09702508 0.70403833
vn -0.69450560 -0.11523464 -0.71019923
vn -0.70058182 -0.11624283 0.70404028
vn -0.69109647 -0.13418680 -0.71019685
vn -0.69713821 -0.13535989 0.70404262
vn -0.68717825 -0.15301618 -0.71019159
vn -0.69317551 -0.15435161 0.70404779
vn -0.68274838 -0.17171065 -0.71019019
vn -0.68870426 -0.17320855 0.70404917
vn -0.67781325 -0.19026764 -0.71018831
vn -0.68372247 -0.19192640 0.70405102
vn -0.67239071 -0.20865305 -0.71017930
vn -0.67823552 -0.21046679 0.70405988
vn -0.66647164 -0.22685265 -0.71017844
vn -0.67226339 -0.22882404 0.70406072
vn -0.66007191 -0.24486706 -0.71017265
vn -0.66579722 -0.24699098 0.70406642
vn -0.65319530 -0.26267200 -0.71016851
vn -0.65885331 -0.26494728 0.70407049
vn -0.64585432 -0.28025422 -0.71016179
vn -0.65143646 -0.28267646 0.70407710
vn -0.63805463 -0.29759712 -0.71015649
vn -0.64355979 -0.30016480 0.70408231
vn -0.62980052 -0.31469733 -0.71015272
vn -0.63522775 -0.31740919 0.70408601
vn -0.62110994 -0.33153789 -0.71014440
vn -0.62644765 -0.33438707 0.70409420
vn -0.61199120 -0.34809693 -0.71013752
vn -0.61723862 -0.35108164 0.70410097
vn -0.60244433 -0.36437646 -0.71013423
vn -0.60760428 -0.36749735 0.70410421
vn -0.59249293 -0.38036292 -0.71012405
vn -0.59755059 -0.38360979 0.70411421
vn -0.58213661 -0.39603821 -0.71012020
vn -0.58709952 -0.39941456 0.70411800
vn -0.57139884 -0.41139822 -0.71010906
vn -0.57625218 -0.41489255 0.70412896
vn -0.56027406 -0.42642863 -0.71010675
vn -0.56502926 -0.43004784 0.70413123
vn -0.54878009 -0.44113601 -0.71009819
vn -0.55342442 -0.44486936 0.70413966
vn -0.53693136 -0.45549514 -0.71009076
vn -0.54146414 -0.45934043 0.70414697
vn -0.52473968 -0.46950068 -0.71008266
vn -0.52915750 -0.47345344 0.70415494
vn -0.51221169 -0.48314650 -0.71007651
vn -0.51651512 -0.48720573 0.70416099
vn -0.49936362 -0.49642709 -0.71006769
vn -0.50354664 -0.50058551 0.70416967
vn -0.48619578 -0.50933560 -0.71006401
vn -0.49026345 -0.51359686 0.70417329
vn -0.47273236 -0.52187018 -0.71005326
vn -0.47667299 -0.52622043 0.70418387
vn -0.45898093 -0.53401198 -0.71004768
vn -0.46279969 -0.53845501 0.70418936
vn -0.44495242 -0.54576662 -0.71003953
vn -0.44864420 -0.55029486 0.70419738
vn -0.43065673 -0.55712414 -0.71003343
vn -0.43422246 -0.56173699 0.70420339
vn -0.41610344 -0.56808438 -0.71002680
vn -0.41954087 -0.57277732 0.70420991
vn -0.40130109 -0.57864233 -0.71002147
vn -0.40461018 -0.58341376 0.70421515
vn -0.38627700 -0.58879151 -0.71001031
vn -0.38945001 -0.59362803 0.70422614
vn -0.37102732 -0.59852103 -0.71000796
vn -0.37407259 -0.60343350 0.70422845
vn -0.35556675 -0.60784362 -0.70999888
vn -0.35847600 -0.61281699 0.70423739
vn -0.33990096 -0.61674366 -0.70999619
vn -0.34267944 -0.62178515 0.70424003
vn -0.32404733 -0.62522904 -0.70998731
vn -0.32668806 -0.63032417 0.70424878
vn -0.30801927 -0.63328457 -0.70998224
vn -0.31052497 -0.63843627 0.70425377
vn -0.29181397 -0.64091691 -0.70997895
vn -0.29418513 -0.64612474 0.70425701
vn -0.27545097 -0.64812557 -0.70997183
vn -0.27768362 -0.65337891 0.70426401
vn -0.25894488 -0.65490069 -0.70996665
vn -0.26103994 -0.66019933 0.70426912
vn -0.24229654 -0.66124465 -0.70996331
vn -0.24425461 -0.66658837 0.70427241
vn -0.22551873 -0.66715876 -0.70995809
vn -0.22733788 -0.67254043 0.70427754
vn -0.20862080 -0.67263755 -0.70995499
vn -0.21030182 -0.67805750 0.70428060
vn -0.19162155 -0.67768368 -0.70994790
vn -0.19316175 -0.68313069 0.70428758
vn -0.17451659 -0.68228766 -0.70994895
vn -0.17591982 -0.68777371 0.70428654
vn -0.15731426 -0.68646316 -0.70994405
vn -0.15857699 -0.69197327 0.70429137
vn -0.14004142 -0.69019888 -0.70993937
vn -0.14116365 -0.69572983 0.70429598
vn -0.12269520 -0.69349309 -0.70993889
vn -0.12367826 -0.69904950 0.70429645
vn -0.10528111 -0.69635202 -0.70993644
vn -0.10612392 -0.70192651 0.70429886
vn -0.08781482 -0.69877164 -0.70993433
vn -0.08851727 -0.70436132 0.70430094
vn -0.07030617 -0.70075187 -0.70993230
vn -0.07086817 -0.70635336 0.70430294
vn -0.05275860 -0.70229071 -0.70993260
vn -0.05318037 -0.70790510 0.70430265
vn -0.03518863 -0.70339367 -0.70992894
vn -0.03546958 -0.70900961 0.70430625
vn -0.01759907 -0.70405059 -0.70993172
vn -0.01773972 -0.70967730 0.70430351
vn -0.00000000 -0.70427375 -0.70992851
vn -0.00000000 -0.70989584 0.70430668
vn 0.01759907 -0.70405059 -0.70993172
vn 0.01773972 -0.70967730 0.70430351
vn 0.03518863 -0.70339367 -0.70992894
vn 0.03546958 -0.70900961 0.70430625
vn 0.05275860 -0.70229071 -0.70993260
vn 0.05318037 -0.70790510 0.70430265
vn 0.07030617 -0.70075187 -0.70993230
vn 0.07086817 -0.70635336 0.70430294
vn 0.08781482 -0.69877164 -0.70993433
vn 0.08851727 -0.70436132 0.70430094
vn 0.10528111 -0.69635202 -0.70993644
vn 0.10612392 -0.70192651 0.70429886
vn 0.12269520 -0.69349309 -0.70993889
vn 0.12367826 -0.69904950 0.70429645
vn 0.14004142 -0.69019888 -0.70993937
vn 0.14116365 -0.69572983 0.70429598
vn 0.15731426 -0.68646316 -0.70994405
vn 0.15857699 -0.69197327 0.70429137
vn 0.17451659 -0.68228766 -0.70994895
vn 0.17591982 -0.68777371 0.70428654
vn 0.19162155 -0.67768368 -0.70994790
vn 0.19316175 -0.68313069 0.70428758
vn 0.20862080 -0.67263755 -0.70995499
vn 0.21030182 -0.67805750 0.70428060
vn 0.22551873 -0.66715876 -0.70995809
vn 0.22733788 -0.67254043 0.70427754
vn 0.24229654 -0.66124465 -0.70996331
vn 0.24425461 -0.66658837 0.70427241
vn 0.25894488 -0.65490069 -0.70996665
vn 0.26103994 -0.66019933 0.70426912
vn 0.27545097 -0.64812557 -0.70997183
vn 0.27768362 -0.65337891 0.70426401
vn 0.29181397 -0.64091691 -0.70997895
vn 0.29418513 -0.64612474 0.70425701
vn 0.30801927 -0.63328457 -0.70998224
vn 0.31052497 -0.63843627 0.70425377
vn 0.32404733 -0.62522904 -0.70998731
vn 0.32668806 -0.63032417 0.70424878
vn 0.33990096 -0.61674366 -0.70999619
vn 0.34267944 -0.62178515 0.70424003
vn 0.35556675 -0.60784362 -0.70999888
vn 0.35847600 -0.61281699 0.70423739
vn 0.37102732 -0.59852103 -0.71000796
vn 0.37407259 -0.60343350 0.70422845
vn 0.38627700 -0.58879151 -0.71001031
vn 0.38945001 -0.59362803 0.70422614
vn 0.40130109 -0.57864233 -0.71002147
vn 0.40461018 -0.58341376 0.70421515
vn 0.41610344 -0.56808438 -0.71002680
vn 0.41954087 -0.57277732 0.70420991
vn 0.43065673 -0.55712414 -0.71003343
vn 0.43422246 -0.56173699 0.70420339
vn 0.44495242 -0.54576662 -0.71003953
vn 0.44864420 -0.55029486 0.70419738
vn 0.45898093 -0.53401198 -0.71004768
vn 0.46279969 -0.53845501 0.70418936
vn 0.47273236 -0.52187018 -0.71005326
vn 0.47667299 -0.52622043 0.70418387
vn 0.48619578 -0.50933560 -0.71006401
vn 0.49026345 -0.51359686 0.70417329
vn 0.49936362 -0.49642709 -0.71006769
vn 0.50354664 -0.50058551 0.70416967
vn 0.51221169 -0.48314650 -0.71007651
vn 0.51651512 -0.48720573 0.70416099
vn 0.52473968 -0.46950068 -0.71008266
vn 0.52915750 -0.47345344 0.70415494
vn 0.53693136 -0.45549514 -0.71009076
vn 0.54146414 -0.45934043 0.70414697
vn 0.54878009 -0.44113601 -0.71009819
vn 0.55342442 -0.44486936 0.70413966
vn 0.56027406 -0.42642863 -0.71010675
vn 0.56502926 -0.43004784 0.70413123
vn 0.57139884 -0.41139822 -0.71010906
vn 0.57625218 -0.41489255 0.70412896
vn 0.58213661 -0.39603821 -0.71012020
vn 0.58709952 -0.39941456 0.70411800
vn 0.59249293 -0.38036292 -0.71012405
vn 0.59755059 -0.38360979 0.70411421
vn 0.60244433 -0.36437646 -0.71013423
vn 0.60760428 -0.36749735 0.70410421
vn 0.61199120 -0.34809693 -0.71013752
vn 0.61723862 -0.35108164 0.70410097
vn 0.62110994 -0.33153789 -0.71014440
vn 0.62644765 -0.33438707 0.70409420
vn 0.62980052 -0.31469733 -0.71015272
vn 0.63522775 -0.31740919 0.70408601
vn 0.63805463 -0.29759712 -0.71015649
vn 0.64355979 -0.30016480 0.70408231
vn 0.64585432 -0.28025422 -0.71016179
vn 0.65143646 -0.28267646 0.70407710
vn 0.65319530 -0.26267200 -0.71016851
vn 0.65885331 -0.26494728 0.70407049
vn 0.66007191 -0.24486706 -0.71017265
vn 0.66579722 -0.24699098 0.70406642
vn 0.66647164 -0.22685265 -0.71017844
vn 0.67226339 -0.22882404 0.70406072
vn 0.67239071 -0.20865305 -0.71017930
vn 0.67823552 -0.21046679 0.70405988
vn 0.67781325 -0.19026764 -0.71018831
vn 0.68372247 -0.19192640 0.70405102
vn 0.68274838 -0.17171065 -0.71019019
vn 0.68870426 -0.17320855 0.70404917
vn 0.68717825 -0.15301618 -0.71019159
vn 0.69317551 -0.15435161 0.70404779
vn 0.69109647 -0.13418680 -0.71019685
vn 0.69713821 -0.13535989 0.70404262
vn 0.69450560 -0.11523464 -0.71019923
vn 0.70058182 -0.11624283 0.70404028
vn 0.69739734 -0.09618304 -0.71020122
vn 0.70350279 -0.09702508 0.70403833
vn 0.69976836 -0.07704939 -0.71020253
vn 0.70589716 -0.07772421 0.70403703
vn 0.70161386 -0.05784425 -0.71020562
vn 0.70776497 -0.05835137 0.70403399
vn 0.70293773 -0.03859282 -0.71020359
vn 0.70909640 -0.03893094 0.70403599
vn 0.70372732 -0.01930527 -0.71020783
vn 0.70990135 -0.01947464 0.70403182
vn 0.00000000 0.00000000 -1.00000000
vn 0.00000000 0.00000000 1.00000000
f 1//1 2//2 3//3
f 1//1 3//3 4//4
f 2//2 5//5 6//6
f 2//2 6//6 3//3
f 5//5 7//7 8//8
f 5//5 8//8 6//6
f 7//7 9//9 10//10
f 7//7 10//10 8//8
f 9//9 11//11 12//12
f 9//9 12//12 10//10
f 11//11 13//13 14//14
f 11//11 14//14 12//12
f 13//13 15//15 16//16
f 13//13 16//16 14//14
f 15//15 17//17 18//18
f 15//15 18//18 16//16
f 17//17 19//19 20//20
f 17//17 20//20 18//18
f 19//19 21//21 22//22
f 19//19 22//22 20//20
f 21//21 23//23 24//24
f 21//21 24//24 22//22
f 23//23 25//25 26//26
f 23//23 26//26 24//24
f 25//25 27//27 28//28
f 25//25 28//28 26//26
f 27//27 29//29 30//30
f 27//27 30//30 28//28
f 29//29 31//31 32//32
f 29//29 32//32 30//30
f 31//31 33//33 34//34
f 31//31 34//34 32//32
f 33//33 35//35 36//36
f 33//33 36//36 34//34
f 35//35 37//37 38//38
f 35//35 38//38 36//36
f 37//37 39//39 40//40
f 37//37 40//40 38//38
f 39//39 41//41 42//42
f 39//39 42//42 40//40
f 41//41 43//43 44//44
f 41//41 44//44 42//42
f 43//43 45//45 46//46
f 43//43 46//46 44//44
f 45//45 47//47 48//48
f 45//45 48//48 46//46
f 47//47 49//49 50//50
f 47//47 50//50 48//48
f 49//49 51//51 52//52
f 49//49 52//52 50//50
f 51//51 53//53 54//54
f 51//51 54//54 52//52
f 53//53 55//55 56//56
f 53//53 56//56 54//54
f 55//55 57//57 58//58
f 55//55 58//58 56//56
f 57//57 59//59 60//60
f 57//57 60//60 58//58
f 59//59 61//61 62//62
f 59//59 62//62 60//60
f 61//61 63//63 64//64
f 61//61 64//64 62//62
f 63//63 65//65 66//66
f 63//63 66//66 64//64
f 65//65 67//67 68//68
f 65//65 68//68 66//66
f 67//67 69//69 70//70
f 67//67 70//70 68//68
f 69//69 71//71 72//72
f 69//69 72//72 70//70
f 71//71 73//73 74//74
f 71//71 74//74 72//72
f 73//73 75//75 76//76
f 73//73 76//76 74//74
f 75//75 77//77 78//78
f 75//75 78//78 76//76
f 77//77 79//79 80//80
f 77//77 80//80 78//78
f 79//79 81//81 82//82
f 79//79 82//82 80//80
f 81//81 83//83 84//84
f 81//81 84//84 82//82
f 83//83 85//85 86//86
f 83//83 86//86 84//84
f 85//85 87//87 88//88
f 85//85 88//88 86//86
f 87//87 89//89 90//90
f 87//87 90//90 88//88
f 89//89 91//91 92//92
f 89//89 92//92 90//90
f 91//91 93//93 94//94
f 91//91 94//94 92//92
f 93//93 95//95 96//96
f 93//93 96//96 94//94
f 95//95 97//97 98//98
f 95//95 98//98 96//96
f 97//97 99//99 100//100
f 97//97 100//100 98//98
f 99//99 101//101 102//102
f 99//99 102//102 100//100
f 101//101 103//103 104//104
f 101//101 104//104 102//102
f 103//103 105//105 106//106
f 103//103 106//106 104//104
f 105//105 107//107 108//108
f 105//105 108//108 106//106
f 107//107 109//109 110//110
f 107//107 110//110 108//108
f 109//109 111//111 112//112
f 109//109 112//112 110//110
f 111//111 113//113 114//114
f 111//111 114//114 112//112
f 113//113 115//115 116//116
f 113//113 116//116 114//114
f 115//115 117//117 118//118
f 115//115 118//118 116//116
f 117//117 119//119 120//120
f 117//117 120//120 118//118
f 119//119 121//121 122//122
f 119//119 122//122 120//120
f 121//121 123//123 124//124
f 121//121 124//124 122//122
f 123//123 125//125 126//126
f 123//123 126//126 124//124
f 125//125 127//127 128//128
f 125//125 128//128 126//126
f 127//127 129//129 130//130
f 127//127 130//130 128//128
f 129//129 131//131 132//132
f 129//129 132//132 130//130
f 131//131 133//133 134//134
f 131//131 134//134 132//132
f 133//133 135//135 136//136
f 133//133 136//136 134//134
f 135//135 137//137 138//138
f 135//135 138//138 136//136
f 137//137 139//139 140//140
f 137//137 140//140 138//138
f 139//139 141//141 142//142
f 139//139 142//142 140//140
f 141//141 143//143 144//144
f 141//141 144//144 142//142
f 143//143 145//145 146//146
f 143//143 146//146 144//144
f 145//145 147//147 148//148
f 145//145 148//148 146//146
f 147//147 149//149 150//150
f 147//147 150//150 148//148
f 149//149 151//151 152//152
f 149//149 152//152 150//150
f 151//151 153//153 154//154
f 151//151 154//154 152//152
f 153//153 155//155 156//156
f 153//153 156//156 154//154
f 155//155 157//157 158//158
f 155//155 158//158 156//156
f 157//157 159//159 160//160
f 157//157 160//160 158//158
f 159//159 161//161 162//162
f 159//159 162//162 160//160
f 161//161 163//163 164//164
f 161//161 164//164 162//162
f 163//163 165//165 166//166
f 163//163 166//166 164//164
f 165//165 167//167 168//168
f 165//165 168//168 166//166
f 167//167 169//169 170//170
f 167//167 170//170 168//168
f 169//169 171//171 172//172
f 169//169 172//172 170//170
f 171//171 173//173 174//174
f 171//171 174//174 172//172
f 173//173 175//175 176//176
f 173//173 176//176 174//174
f 175//175 177//177 178//178
f 175//175 178//178 176//176
f 177//177 179//179 180//180
f 177//177 180//180 178//178
f 179//179 181//181 182//182
f 179//179 182//182 180//180
f 181//181 183//183 184//184
f 181//181 184//184 182//182
f 183//183 185//185 186//186
f 183//183 186//186 184//184
f 185//185 187//187 188//188
f 185//185 188//188 186//186
f 187//187 189//189 190//190
f 187//187 190//190 188//188
f 189//189 191//191 192//192
f 189//189 192//192 190//190
f 191//191 193//193 194//194
f 191//191 194//194 192//192
f 193//193 195//195 196//196
f 193//193 196//196 194//194
f 195//195 197//197 198//198
f 195//195 198//198 196//196
f 197//197 199//199 200//200
f 197//197 200//200 198//198
f 199//199 201//201 202//202
f 199//199 202//202 200//200
f 201//201 203//203 204//204
f 201//201 204//204 202//202
f 203//203 205//205 206//206
f 203//203 206//206 204//204
f 205//205 207//207 208//208
f 205//205 208//208 206//206
f 207//207 209//209 210//210
f 207//207 210//210 208//208
f 209//209 211//211 212//212
f 209//209 212//212 210//210
f 211//211 213//213 214//214
f 211//211 214//214 212//212
f 213//213 215//215 216//216
f 213//213 216//216 214//214
f 215//215 217//217 218//218
f 215//215 218//218 216//216
f 217//217 219//219 220//220
f 217//217 220//220 218//218
f 219//219 221//221 222//222
f 219//219 222//222 220//220
f 221//221 223//223 224//224
f 221//221 224//224 222//222
f 223//223 225//225 226//226
f 223//223 226//226 224//224
f 225//225 227//227 228//228
f 225//225 228//228 226//226
f 227//227 229//229 230//230
f 227//227 230//230 228//228
f 229//229 231//231 232//232
f 229//229 232//232 230//230
f 231//231 233//233 234//234
f 231//231 234//234 232//232
f 233//233 235//235 236//236
f 233//233 236//236 234//234
f 235//235 237//237 238//238
f 235//235 238//238 236//236
f 237//237 239//239 240//240
f 237//237 240//240 238//238
f 239//239 241//241 242//242
f 239//239 242//242 240//240
f 241//241 243//243 244//244
f 241//241 244//244 242//242
f 243//243 245//245 246//246
f 243//243 246//246 244//244
f 245//245 247//247 248//248
f 245//245 248//248 246//246
f 247//247 249//249 250//250
f 247//247 250//250 248//248
f 249//249 251//251 252//252
f 249//249 252//252 250//250
f 251//251 253//253 254//254
f 251//251 254//254 252//252
f 253//253 255//255 256//256
f 253//253 256//256 254//254
f 255//255 257//257 258//258
f 255//255 258//258 256//256
f 257//257 259//259 260//260
f 257//257 260//260 258//258
f 259//259 261//261 262//262
f 259//259 262//262 260//260
f 261//261 263//263 264//264
f 261//261 264//264 262//262
f 263//263 265//265 266//266
f 263//263 266//266 264//264
f 265//265 267//267 268//268
f 265//265 268//268 266//266
f 267//267 269//269 270//270
f 267//267 270//270 268//268
f 269//269 271//271 272//272
f 269//269 272//272 270//270
f 271//271 273//273 274//274
f 271//271 274//274 272//272
f 273//273 275//275 276//276
f 273//273 276//276 274//274
f 275//275 277//277 278//278
f 275//275 278//278 276//276
f 277//277 279//279 280//280
f 277//277 280//280 278//278
f 279//279 281//281 282//282
f 279//279 282//282 280//280
f 281//281 283//283 284//284
f 281//281 284//284 282//282
f 283//283 285//285 286//286
f 283//283 286//286 284//284
f 285//285 287//287 288//288
f 285//285 288//288 286//286
f 287//287 289//289 290//290
f 287//287 290//290 288//288
f 289//289 291//291 292//292
f 289//289 292//292 290//290
f 291//291 293//293 294//294
f 291//291 294//294 292//292
f 293//293 295//295 296//296
f 293//293 296//296 294//294
f 295//295 297//297 298//298
f 295//295 298//298 296//296
f 297//297 299//299 300//300
f 297//297 300//300 298//298
f 299//299 301//301 302//302
f 299//299 302//302 300//300
f 301//301 303//303 304//304
f 301//301 304//304 302//302
f 303//303 305//305 306//306
f 303//303 306//306 304//304
f 305//305 307//307 308//308
f 305//305 308//308 306//306
f 307//307 309//309 310//310
f 307//307 310//310 308//308
f 309//309 311//311 312//312
f 309//309 312//312 310//310
f 311//311 313//313 314//314
f 311//311 314//314 312//312
f 313//313 315//315 316//316
f 313//313 316//316 314//314
f 315//315 317//317 318//318
f 315//315 318//318 316//316
f 317//317 319//319 320//320
f 317//317 320//320 318//318
f 319//319 321//321 322//322
f 319//319 322//322 320//320
f 321//321 323//323 324//324
f 321//321 324//324 322//322
f 323//323 325//325 326//326
f 323//323 326//326 324//324
f 325//325 327//327 328//328
f 325//325 328//328 326//326
f 327//327 329//329 330//330
f 327//327 330//330 328//328
f 329//329 331//331 332//332
f 329//329 332//332 330//330
f 331//331 333//333 334//334
f 331//331 334//334 332//332
f 333//333 335//335 336//336
f 333//333 336//336 334//334
f 335//335 337//337 338//338
f 335//335 338//338 336//336
f 337//337 339//339 340//340
f 337//337 340//340 338//338
f 339//339 341//341 342//342
f 339//339 342//342 340//340
f 341//341 343//343 344//344
f 341//341 344//344 342//342
f 343//343 345//345 346//346
f 343//343 346//346 344//344
f 345//345 347//347 348//348
f 345//345 348//348 346//346
f 347//347 349//349 350//350
f 347//347 350//350 348//348
f 349//349 351//351 352//352
f 349//349 352//352 350//350
f 351//351 353//353 354//354
f 351//351 354//354 352//352
f 353//353 355//355 356//356
f 353//353 356//356 354//354
f 355//355 357//357 358//358
f 355//355 358//358 356//356
f 357//357 359//359 360//360
f 357//357 360//360 358//358
f 359//359 361//361 362//362
f 359//359 362//362 360//360
f 361//361 363//363 364//364
f 361//361 364//364 362//362
f 363//363 365//365 366//366
f 363//363 366//366 364//364
f 365//365 367//367 368//368
f 365//365 368//368 366//366
f 367//367 369//369 370//370
f 367//367 370//370 368//368
f 369//369 371//371 372//372
f 369//369 372//372 370//370
f 371//371 373//373 374//374
f 371//371 374//374 372//372
f 373//373 375//375 376//376
f 373//373 376//376 374//374
f 375//375 377//377 378//378
f 375//375 378//378 376//376
f 377//377 379//379 380//380
f 377//377 380//380 378//378
f 379//379 381//381 382//382
f 379//379 382//382 380//380
f 381//381 383//383 384//384
f 381//381 384//384 382//382
f 383//383 385//385 386//386
f 383//383 386//386 384//384
f 385//385 387//387 388//388
f 385//385 388//388 386//386
f 387//387 389//389 390//390
f 387//387 390//390 388//388
f 389//389 391//391 392//392
f 389//389 392//392 390//390
f 391//391 393//393 394//394
f 391//391 394//394 392//392
f 393//393 395//395 396//396
f 393//393 396//396 394//394
f 395//395 397//397 398//398
f 395//395 398//398 396//396
f 397//397 399//399 400//400
f 397//397 400//400 398//398
f 399//399 401//401 402//402
f 399//399 402//402 400//400
f 401//401 403//403 404//404
f 401//401 404//404 402//402
f 403//403 405//405 406//406
f 403//403 406//406 404//404
f 405//405 407//407 408//408
f 405//405 408//408 406//406
f 407//407 409//409 410//410
f 407//407 410//410 408//408
f 409//409 411//411 412//412
f 409//409 412//412 410//410
f 411//411 413//413 414//414
f 411//411 414//414 412//412
f 413//413 415//415 416//416
f 413//413 416//416 414//414
f 415//415 417//417 418//418
f 415//415 418//418 416//416
f 417//417 419//419 420//420
f 417//417 420//420 418//418
f 419//419 421//421 422//422
f 419//419 422//422 420//420
f 421//421 423//423 424//424
f 421//421 424//424 422//422
f 423//423 425//425 426//426
f 423//423 426//426 424//424
f 425//425 427//427 428//428
f 425//425 428//428 426//426
f 427//427 429//429 430//430
f 427//427 430//430 428//428
f 429//429 431//431 432//432
f 429//429 432//432 430//430
f 431//431 433//433 434//434
f 431//431 434//434 432//432
f 433//433 435//435 436//436
f 433//433 436//436 434//434
f 435//435 437//437 438//438
f 435//435 438//438 436//436
f 437//437 439//439 440//440
f 437//437 440//440 438//438
f 439//439 441//441 442//442
f 439//439 442//442 440//440
f 441//441 443//443 444//444
f 441//441 444//444 442//442
f 443//443 445//445 446//446
f 443//443 446//446 444//444
f 445//445 447//447 448//448
f 445//445 448//448 446//446
f 447//447 449//449 450//450
f 447//447 450//450 448//448
f 449//449 451//451 452//452
f 449//449 452//452 450//450
f 451//451 453//453 454//454
f 451//451 454//454 452//452
f 453//453 455//455 456//456
f 453//453 456//456 454//454
f 455//455 457//457 458//458
f 455//455 458//458 456//456
f 457//457 459//459 460//460
f 457//457 460//460 458//458
f 459//459 461//461 462//462
f 459//459 462//462 460//460
f 461//461 463//463 464//464
f 461//461 464//464 462//462
f 463//463 465//465 466//466
f 463//463 466//466 464//464
f 465//465 467//467 468//468
f 465//465 468//468 466//466
f 467//467 469//469 470//470
f 467//467 470//470 468//468
f 469//469 471//471 472//472
f 469//469 472//472 470//470
f 471//471 473//473 474//474
f 471//471 474//474 472//472
f 473//473 475//475 476//476
f 473//473 476//476 474//474
f 475//475 477//477 478//478
f 475//475 478//478 476//476
f 477//477 479//479 480//480
f 477//477 480//480 478//478
f 479//479 1//1 4//4
f 479//479 4//4 480//480
f 481//481 482//482 483//483
f 481//481 484//484 482//482
f 484//484 485//485 482//482
f 484//484 486//486 485//485
f 486//486 487//487 485//485
f 486//486 488//488 487//487
f 488//488 489//489 487//487
f 488//488 490//490 489//489
f 490//490 491//491 489//489
f 490//490 492//492 491//491
f 492//492 493//493 491//491
f 492//492 494//494 493//493
f 494//494 495//495 493//493
f 494//494 496//496 495//495
f 496//496 497//497 495//495
f 496//496 498//498 497//497
f 498//498 499//499 497//497
f 498//498 500//500 499//499
f 500//500 501//501 499//499
f 500//500 502//502 501//501
f 502//502 503//503 501//501
f 502//502 504//504 503//503
f 504//504 505//505 503//503
f 504//504 506//506 505//505
f 506//506 507//507 505//505
f 506//506 508//508 507//507
f 508//508 509//509 507//507
f 508//508 510//510 509//509
f 510//510 511//511 509//509
f 510//510 512//512 511//511
f 512//512 513//513 511//511
f 512//512 514//514 513//513
f 514//514 515//515 513//513
f 514//514 516//516 515//515
f 516//516 517//517 515//515
f 516//516 518//518 517//517
f 518//518 519//519 517//517
f 518//518 520//520 519//519
f 520//520 521//521 519//519
f 520//520 522//522 521//521
f 522//522 523//523 521//521
f 522//522 524//524 523//523
f 524//524 525//525 523//523
f 524//524 526//526 525//525
f 526//526 527//527 525//525
f 526//526 528//528 527//527
f 528//528 529//529 527//527
f 528//528 530//530 529//529
f 530//530 531//531 529//529
f 530//530 532//532 531//531
f 532//532 533//533 531//531
f 532//532 534//534 533//533
f 534//534 535//535 533//533
f 534//534 536//536 535//535
f 536//536 537//537 535//535
f 536//536 538//538 537//537
f 538//538 539//539 537//537
f 538//538 540//540 539//539
f 540//540 541//541 539//539
f 540//540 542//542 541//541
f 542//542 543//543 541//541
f 542//542 544//544 543//543
f 544//544 545//545 543//543
f 544//544 546//546 545//545
f 546//546 547//547 545//545
f 546//546 548//548 547//547
f 548//548 549//549 547//547
f 548//548 550//550 549//549
f 550//550 551//551 549//549
f 550//550 552//552 551//551
f 552//552 553//553 551//551
f 552//552 554//554 553//553
f 554//554 555//555 553//553
f 554//554 556//556 555//555
f 556//556 557//557 555//555
f 556//556 558//558 557//557
f 558//558 559//559 557//557
f 558//558 560//560 559//559
f 560//560 561//561 559//559
f 560//560 562//562 561//561
f 562//562 563//563 561//561
f 562//562 564//564 563//563
f 564//564 565//565 563//563
f 564//564 566//566 565//565
f 566//566 567//567 565//565
f 566//566 568//568 567//567
f 568//568 569//569 567//567
f 568//568 570//570 569//569
f 570//570 571//571 569//569
f 570//570 572//572 571//571
f 572//572 573//573 571//571
f 572//572 574//574 573//573
f 574//574 575//575 573//573
f 574//574 576//576 575//575
f 576//576 577//577 575//575
f 576//576 578//578 577//577
f 578//578 579//579 577//577
f 578//578 580//580 579//579
f 580//580 581//581 579//579
f 580//580 582//582 581//581
f 582//582 583//583 581//581
f 582//582 584//584 583//583
f 584//584 585//585 583//583
f 584//584 586//586 585//585
f 586//586 587//587 585//585
f 586//586 588//588 587//587
f 588//588 589//589 587//587
f 588//588 590//590 589//589
f 590//590 591//591 589//589
f 590//590 592//592 591//591
f 592//592 593//593 591//591
f 592//592 594//594 593//593
f 594//594 595//595 593//593
f 594//594 596//596 595//595
f 596//596 597//597 595//595
f 596//596 598//598 597//597
f 598//598 599//599 597//597
f 598//598 600//600 599//599
f 600//600 601//601 599//599
f 600//600 602//602 601//601
f 602//602 603//603 601//601
f 602//602 604//604 603//603
f 604//604 605//605 603//603
f 604//604 606//606 605//605
f 606//606 607//607 605//605
f 606//606 608//608 607//607
f 608//608 609//609 607//607
f 608//608 610//610 609//609
f 610//610 611//611 609//609
f 610//610 612//612 611//611
f 612//612 613//613 611//611
f 612//612 614//614 613//613
f 614//614 615//615 613//613
f 614//614 616//616 615//615
f 616//616 617//617 615//615
f 616//616 618//618 617//617
f 618//618 619//619 617//617
f 618//618 620//620 619//619
f 620//620 621//621 619//619
f 620//620 622//622 621//621
f 622//622 623//623 621//621
f 622//622 624//624 623//623
f 624//624 625//625 623//623
f 624//624 626//626 625//625
f 626//626 627//627 625//625
f 626//626 628//628 627//627
f 628//628 629//629 627//627
f 628//628 630//630 629//629
f 630//630 631//631 629//629
f 630//630 632//632 631//631
f 632//632 633//633 631//631
f 632//632 634//634 633//633
f 634//634 635//635 633//633
f 634//634 636//636 635//635
f 636//636 637//637 635//635
f 636//636 638//638 637//637
f 638//638 639//639 637//637
f 638//638 640//640 639//639
f 640//640 641//641 639//639
f 640//640 642//642 641//641
f 642//642 643//643 641//641
f 642//642 644//644 643//643
f 644//644 645//645 643//643
f 644//644 646//646 645//645
f 646//646 647//647 645//645
f 646//646 648//648 647//647
f 648//648 649//649 647//647
f 648//648 650//650 649//649
f 650//650 651//651 649//649
f 650//650 652//652 651//651
f 652//652 653//653 651//651
f 652//652 654//654 653//653
f 654//654 655//655 653//653
f 654//654 656//656 655//655
f 656//656 657//657 655//655
f 656//656 658//658 657//657
f 658//658 659//659 657//657
f 658//658 660//660 659//659
f 660//660 661//661 659//659
f 660//660 662//662 661//661
f 662//662 663//663 661//661
f 662//662 664//664 663//663
f 664//664 665//665 663//663
f 664//664 666//666 665//665
f 666//666 667//667 665//665
f 666//666 668//668 667//667
f 668//668 669//669 667//667
f 668//668 670//670 669//669
f 670//670 671//671 669//669
f 670//670 672//672 671//671
f 672//672 673//673 671//671
f 672//672 674//674 673//673
f 674//674 675//675 673//673
f 674//674 676//676 675//675
f 676//676 677//677 675//675
f 676//676 678//678 677//677
f 678//678 679//679 677//677
f 678//678 680//680 679//679
f 680//680 681//681 679//679
f 680//680 682//682 681//681
f 682//682 683//683 681//681
f 682//682 684//684 683//683
f 684//684 685//685 683//683
f 684//684 686//686 685//685
f 686//686 687//687 685//685
f 686//686 688//688 687//687
f 688//688 689//689 687//687
f 688//688 690//690 689//689
f 690//690 691//691 689//689
f 690//690 692//692 691//691
f 692//692 693//693 691//691
f 692//692 694//694 693//693
f 694//694 695//695 693//693
f 694//694 696//696 695//695
f 696//696 697//697 695//695
f 696//696 698//698 697//697
f 698//698 699//699 697//697
f 698//698 700//700 699//699
f 700//700 701//701 699//699
f 700//700 702//702 701//701
f 702//702 703//703 701//701
f 702//702 704//704 703//703
f 704//704 705//705 703//703
f 704//704 706//706 705//705
f 706//706 707//707 705//705
f 706//706 708//708 707//707
f 708//708 709//709 707//707
f 708//708 710//710 709//709
f 710//710 711//711 709//709
f 710//710 712//712 711//711
f 712//712 713//713 711//711
f 712//712 714//714 713//713
f 714//714 715//715 713//713
f 714//714 716//716 715//715
f 716//716 717//717 715//715
f 716//716 718//718 717//717
f 718//718 719//719 717//717
f 718//718 720//720 719//719
f 720//720 721//721 719//719
f 720//720 722//722 721//721
f 722//722 723//723 721//721
f 722//722 724//724 723//723
f 724//724 725//725 723//723
f 724//724 726//726 725//725
f 726//726 727//727 725//725
f 726//726 728//728 727//727
f 728//728 729//729 727//727
f 728//728 730//730 729//729
f 730//730 731//731 729//729
f 730//730 732//732 731//731
f 732//732 733//733 731//731
f 732//732 734//734 733//733
f 734//734 735//735 733//733
f 734//734 736//736 735//735
f 736//736 737//737 735//735
f 736//736 738//738 737//737
f 738//738 739//739 737//737
f 738//738 740//740 739//739
f 740//740 741//741 739//739
f 740//740 742//742 741//741
f 742//742 743//743 741//741
f 742//742 744//744 743//743
f 744//744 745//745 743//743
f 744//744 746//746 745//745
f 746//746 747//747 745//745
f 746//746 748//748 747//747
f 748//748 749//749 747//747
f 748//748 750//750 749//749
f 750//750 751//751 749//749
f 750//750 752//752 751//751
f 752//752 753//753 751//751
f 752//752 754//754 753//753
f 754//754 755//755 753//753
f 754//754 756//756 755//755
f 756//756 757//757 755//755
f 756//756 758//758 757//757
f 758//758 759//759 757//757
f 758//758 760//760 759//759
f 760//760 761//761 759//759
f 760//760 762//762 761//761
f 762//762 763//763 761//761
f 762//762 764//764 763//763
f 764//764 765//765 763//763
f 764//764 766//766 765//765
f 766//766 767//767 765//765
f 766//766 768//768 767//767
f 768//768 769//769 767//767
f 768//768 770//770 769//769
f 770//770 771//771 769//769
f 770//770 772//772 771//771
f 772//772 773//773 771//771
f 772//772 774//774 773//773
f 774//774 775//775 773//773
f 774//774 776//776 775//775
f 776//776 777//777 775//775
f 776//776 778//778 777//777
f 778//778 779//779 777//777
f 778//778 780//780 779//779
f 780//780 781//781 779//779
f 780//780 782//782 781//781
f 782//782 783//783 781//781
f 782//782 784//784 783//783
f 784//784 785//785 783//783
f 784//784 786//786 785//785
f 786//786 787//787 785//785
f 786//786 788//788 787//787
f 788//788 789//789 787//787
f 788//788 790//790 789//789
f 790//790 791//791 789//789
f 790//790 792//792 791//791
f 792//792 793//793 791//791
f 792//792 794//794 793//793
f 794//794 795//795 793//793
f 794//794 796//796 795//795
f 796//796 797//797 795//795
f 796//796 798//798 797//797
f 798//798 799//799 797//797
f 798//798 800//800 799//799
f 800//800 801//801 799//799
f 800//800 802//802 801//801
f 802//802 803//803 801//801
f 802//802 804//804 803//803
f 804//804 805//805 803//803
f 804//804 806//806 805//805
f 806//806 807//807 805//805
f 806//806 808//808 807//807
f 808//808 809//809 807//807
f 808//808 810//810 809//809
f 810//810 811//811 809//809
f 810//810 812//812 811//811
f 812//812 813//813 811//811
f 812//812 814//814 813//813
f 814//814 815//815 813//813
f 814//814 816//816 815//815
f 816//816 817//817 815//815
f 816//816 818//818 817//817
f 818//818 819//819 817//817
f 818//818 820//820 819//819
f 820//820 821//821 819//819
f 820//820 822//822 821//821
f 822//822 823//823 821//821
f 822//822 824//824 823//823
f 824//824 825//825 823//823
f 824//824 826//826 825//825
f 826//826 827//827 825//825
f 826//826 828//828 827//827
f 828//828 829//829 827//827
f 828//828 830//830 829//829
f 830//830 831//831 829//829
f 830//830 832//832 831//831
f 832//832 833//833 831//831
f 832//832 834//834 833//833
f 834//834 835//835 833//833
f 834//834 836//836 835//835
f 836//836 837//837 835//835
f 836//836 838//838 837//837
f 838//838 839//839 837//837
f 838//838 840//840 839//839
f 840//840 841//841 839//839
f 840//840 842//842 841//841
f 842//842 843//843 841//841
f 842//842 844//844 843//843
f 844//844 845//845 843//843
f 844//844 846//846 845//845
f 846//846 847//847 845//845
f 846//846 848//848 847//847
f 848//848 849//849 847//847
f 848//848 850//850 849//849
f 850//850 851//851 849//849
f 850//850 852//852 851//851
f 852//852 853//853 851//851
f 852//852 854//854 853//853
f 854//854 855//855 853//853
f 854//854 856//856 855//855
f 856//856 857//857 855//855
f 856//856 858//858 857//857
f 858//858 859//859 857//857
f 858//858 860//860 859//859
f 860//860 861//861 859//859
f 860//860 862//862 861//861
f 862//862 863//863 861//861
f 862//862 864//864 863//863
f 864//864 865//865 863//863
f 864//864 866//866 865//865
f 866//866 867//867 865//865
f 866//866 868//868 867//867
f 868//868 869//869 867//867
f 868//868 870//870 869//869
f 870//870 871//871 869//869
f 870//870 872//872 871//871
f 872//872 873//873 871//871
f 872//872 874//874 873//873
f 874//874 875//875 873//873
f 874//874 876//876 875//875
f 876//876 877//877 875//875
f 876//876 878//878 877//877
f 878//878 879//879 877//877
f 878//878 880//880 879//879
f 880//880 881//881 879//879
f 880//880 882//882 881//881
f 882//882 883//883 881//881
f 882//882 884//884 883//883
f 884//884 885//885 883//883
f 884//884 886//886 885//885
f 886//886 887//887 885//885
f 886//886 888//888 887//887
f 888//888 889//889 887//887
f 888//888 890//890 889//889
f 890//890 891//891 889//889
f 890//890 892//892 891//891
f 892//892 893//893 891//891
f 892//892 894//894 893//893
f 894//894 895//895 893//893
f 894//894 896//896 895//895
f 896//896 897//897 895//895
f 896//896 898//898 897//897
f 898//898 899//899 897//897
f 898//898 900//900 899//899
f 900//900 901//901 899//899
f 900//900 902//902 901//901
f 902//902 903//903 901//901
f 902//902 904//904 903//903
f 904//904 905//905 903//903
f 904//904 906//906 905//905
f 906//906 907//907 905//905
f 906//906 908//908 907//907
f 908//908 909//909 907//907
f 908//908 910//910 909//909
f 910//910 911//911 909//909
f 910//910 912//912 911//911
f 912//912 913//913 911//911
f 912//912 914//914 913//913
f 914//914 915//915 913//913
f 914//914 916//916 915//915
f 916//916 917//917 915//915
f 916//916 918//918 917//917
f 918//918 919//919 917//917
f 918//918 920//920 919//919
f 920//920 921//921 919//919
f 920//920 922//922 921//921
f 922//922 923//923 921//921
f 922//922 924//924 923//923
f 924//924 925//925 923//923
f 924//924 926//926 925//925
f 926//926 927//927 925//925
f 926//926 928//928 927//927
f 928//928 929//929 927//927
f 928//928 930//930 929//929
f 930//930 931//931 929//929
f 930//930 932//932 931//931
f 932//932 933//933 931//931
f 932//932 934//934 933//933
f 934//934 935//935 933//933
f 934//934 936//936 935//935
f 936//936 937//937 935//935
f 936//936 938//938 937//937
f 938//938 939//939 937//937
f 938//938 940//940 939//939
f 940//940 941//941 939//939
f 940//940 942//942 941//941
f 942//942 943//943 941//941
f 942//942 944//944 943//943
f 944//944 945//945 943//943
f 944//944 946//946 945//945
f 946//946 947//947 945//945
f 946//946 948//948 947//947
f 948//948 949//949 947//947
f 948//948 950//950 949//949
f 950//950 951//951 949//949
f 950//950 952//952 951//951
f 952//952 953//953 951//951
f 952//952 954//954 953//953
f 954//954 955//955 953//953
f 954//954 956//956 955//955
f 956//956 957//957 955//955
f 956//956 958//958 957//957
f 958//958 959//959 957//957
f 958//958 960//960 959//959
f 960//960 483//483 959//959
f 960//960 481//481 483//483
f 1//1 961//961 2//2
f 2//2 961//961 5//5
f 5//5 961//961 7//7
f 7//7 961//961 9//9
f 9//9 961//961 11//11
f 11//11 961//961 13//13
f 13//13 961//961 15//15
f 15//15 961//961 17//17
f 17//17 961//961 19//19
f 19//19 961//961 21//21
f 21//21 961//961 23//23
f 23//23 961//961 25//25
f 25//25 961//961 27//27
f 27//27 961//961 29//29
f 29//29 961//961 31//31
f 31//31 961//961 33//33
f 33//33 961//961 35//35
f 35//35 961//961 37//37
f 37//37 961//961 39//39
f 39//39 961//961 41//41
f 41//41 961//961 43//43
f 43//43 961//961 45//45
f 45//45 961//961 47//47
f 47//47 961//961 49//49
f 49//49 961//961 51//51
f 51//51 961//961 53//53
f 53//53 961//961 55//55
f 55//55 961//961 57//57
f 57//57 961//961 59//59
f 59//59 961//961 61//61
f 61//61 961//961 63//63
f 63//63 961//961 65//65
f 65//65 961//961 67//67
f 67//67 961//961 69//69
f 69//69 961//961 71//71
f 71//71 961//961 73//73
f 73//73 961//961 75//75
f 75//75 961//961 77//77
f 77//77 961//961 79//79
f 79//79 961//961 81//81
f 81//81 961//961 83//83
f 83//83 961//961 85//85
f 85//85 961//961 87//87
f 87//87 961//961 89//89
f 89//89 961//961 91//91
f 91//91 961//961 93//93
f 93//93 961//961 95//95
f 95//95 961//961 97//97
f 97//97 961//961 99//99
f 99//99 961//961 101//101
f 101//101 961//961 103//103
f 103//103 961//961 105//105
f 105//105 961//961 107//107
f 107//107 961//961 109//109
f 109//109 961//961 111//111
f 111//111 961//961 113//113
f 113//113 961//961 115//115
f 115//115 961//961 117//117
f 117//117 961//961 119//119
f 119//119 961//961 121//121
f 121//121 961//961 123//123
f 123//123 961//961 125//125
f 125//125 961//961 127//127
f 127//127 961//961 129//129
f 129//129 961//961 131//131
f 131//131 961//961 133//133
f 133//133 961//961 135//135
f 135//135 961//961 137//137
f 137//137 961//961 139//139
f 139//139 961//961 141//141
f 141//141 961//961 143//143
f 143//143 961//961 145//145
f 145//145 961//961 147//147
f 147//147 961//961 149//149
f 149//149 961//961 151//151
f 151//151 961//961 153//153
f 153//153 961//961 155//155
f 155//155 961//961 157//157
f 157//157 961//961 159//159
f 159//159 961//961 161//161
f 161//161 961//961 163//163
f 163//163 961//961 165//165
f 165//165 961//961 167//167
f 167//167 961//961 169//169
f 169//169 961//961 171//171
f 171//171 961//961 173//173
f 173//173 961//961 175//175
f 175//175 961//961 177//177
f 177//177 961//961 179//179
f 179//179 961//961 181//181
f 181//181 961//961 183//183
f 183//183 961//961 185//185
f 185//185 961//961 187//187
f 187//187 961//961 189//189
f 189//189 961//961 191//191
f 191//191 961//961 193//193
f 193//193 961//961 195//195
f 195//195 961//961 197//197
f 197//197 961//961 199//199
f 199//199 961//961 201//201
f 201//201 961//961 203//203
f 203//203 961//961 205//205
f 205//205 961//961 207//207
f 207//207 961//961 209//209
f 209//209 961//961 211//211
f 211//211 961//961 213//213
f 213//213 961//961 215//215
f 215//215 961//961 217//217
f 217//217 961//961 219//219
f 219//219 961//961 221//221
f 221//221 961//961 223//223
f 223//223 961//961 225//225
f 225//225 961//961 227//227
f 227//227 961//961 229//229
f 229//229 961//961 231//231
f 231//231 961//961 233//233
f 233//233 961//961 235//235
f 235//235 961//961 237//237
f 237//237 961//961 239//239
f 239//239 961//961 241//241
f 241//241 961//961 243//243
f 243//243 961//961 245//245
f 245//245 961//961 247//247
f 247//247 961//961 249//249
f 249//249 961//961 251//251
f 251//251 961//961 253//253
f 253//253 961//961 255//255
f 255//255 961//961 257//257
f 257//257 961//961 259//259
f 259//259 961//961 261//261
f 261//261 961//961 263//263
f 263//263 961//961 265//265
f 265//265 961//961 267//267
f 267//267 961//961 269//269
f 269//269 961//961 271//271
f 271//271 961//961 273//273
f 273//273 961//961 275//275
f 275//275 961//961 277//277
f 277//277 961//961 279//279
f 279//279 961//961 281//281
f 281//281 961//961 283//283
f 283//283 961//961 285//285
f 285//285 961//961 287//287
f 287//287 961//961 289//289
f 289//289 961//961 291//291
f 291//291 961//961 293//293
f 293//293 961//961 295//295
f 295//295 961//961 297//297
f 297//297 961//961 299//299
f 299//299 961//961 301//301
f 301//301 961//961 303//303
f 303//303 961//961 305//305
f 305//305 961//961 307//307
f 307//307 961//961 309//309
f 309//309 961//961 311//311
f 311//311 961//961 313//313
f 313//313 961//961 315//315
f 315//315 961//961 317//317
f 317//317 961//961 319//319
f 319//319 961//961 321//321
f 321//321 961//961 323//323
f 323//323 961//961 325//325
f 325//325 961//961 327//327
f 327//327 961//961 329//329
f 329//329 961//961 331//331
f 331//331 961//961 333//333
f 333//333 961//961 335//335
f 335//335 961//961 337//337
f 337//337 961//961 339//339
f 339//339 961//961 341//341
f 341//341 961//961 343//343
f 343//343 961//961 345//345
f 345//345 961//961 347//347
f 347//347 961//961 349//349
f 349//349 961//961 351//351
f 351//351 961//961 353//353
f 353//353 961//961 355//355
f 355//355 961//961 357//357
f 357//357 961//961 359//359
f 359//359 961//961 361//361
f 361//361 961//961 363//363
f 363//363 961//961 365//365
f 365//365 961//961 367//367
f 367//367 961//961 369//369
f 369//369 961//961 371//371
f 371//371 961//961 373//373
f 373//373 961//961 375//375
f 375//375 961//961 377//377
f 377//377 961//961 379//379
f 379//379 961//961 381//381
f 381//381 961//961 383//383
f 383//383 961//961 385//385
f 385//385 961//961 387//387
f 387//387 961//961 389//389
f 389//389 961//961 391//391
f 391//391 961//961 393//393
f 393//393 961//961 395//395
f 395//395 961//961 397//397
f 397//397 961//961 399//399
f 399//399 961//961 401//401
f 401//401 961//961 403//403
f 403//403 961//961 405//405
f 405//405 961//961 407//407
f 407//407 961//961 409//409
f 409//409 961//961 411//411
f 411//411 961//961 413//413
f 413//413 961//961 415//415
f 415//415 961//961 417//417
f 417//417 961//961 419//419
f 419//419 961//961 421//421
f 421//421 961//961 423//423
f 423//423 961//961 425//425
f 425//425 961//961 427//427
f 427//427 961//961 429//429
f 429//429 961//961 431//431
f 431//431 961//961 433//433
f 433//433 961//961 435//435
f 435//435 961//961 437//437
f 437//437 961//961 439//439
f 439//439 961//961 441//441
f 441//441 961//961 443//443
f 443//443 961//961 445//445
f 445//445 961//961 447//447
f 447//447 961//961 449//449
f 449//449 961//961 451//451
f 451//451 961//961 453//453
f 453//453 961//961 455//455
f 455//455 961//961 457//457
f 457//457 961//961 459//459
f 459//459 961//961 461//461
f 461//461 961//961 463//463
f 463//463 961//961 465//465
f 465//465 961//961 467//467
f 467//467 961//961 469//469
f 469//469 961//961 471//471
f 471//471 961//961 473//473
f 473//473 961//961 475//475
f 475//475 961//961 477//477
f 477//477 961//961 479//479
f 479//479 961//961 1//1
f 481//481 484//484 962//962
f 484//484 486//486 962//962
f 486//486 488//488 962//962
f 488//488 490//490 962//962
f 490//490 492//492 962//962
f 492//492 494//494 962//962
f 494//494 496//496 962//962
f 496//496 498//498 962//962
f 498//498 500//500 962//962
f 500//500 502//502 962//962
f 502//502 504//504 962//962
f 504//504 506//506 962//962
f 506//506 508//508 962//962
f 508//508 510//510 962//962
f 510//510 512//512 962//962
f 512//512 514//514 962//962
f 514//514 516//516 962//962
f 516//516 518//518 962//962
f 518//518 520//520 962//962
f 520//520 522//522 962//962
f 522//522 524//524 962//962
f 524//524 526//526 962//962
f 526//526 528//528 962//962
f 528//528 530//530 962//962
f 530//530 532//532 962//962
f 532//532 534//534 962//962
f 534//534 536//536 962//962
f 536//536 538//538 962//962
f 538//538 540//540 962//962
f 540//540 542//542 962//962
f 542//542 544//544 962//962
f 544//544 546//546 962//962
f 546//546 548//548 962//962
f 548//548 550//550 962//962
f 550//550 552//552 962//962
f 552//552 554//554 962//962
f 554//554 556//556 962//962
f 556//556 558//558 962//962
f 558//558 560//560 962//962
f 560//560 562//562 962//962
f 562//562 564//564 962//962
f 564//564 566//566 962//962
f 566//566 568//568 962//962
f 568//568 570//570 962//962
f 570//570 572//572 962//962
f 572//572 574//574 962//962
f 574//574 576//576 962//962
f 576//576 578//578 962//962
f 578//578 580//580 962//962
f 580//580 582//582 962//962
f 582//582 584//584 962//962
f 584//584 586//586 962//962
f 586//586 588//588 962//962
f 588//588 590//590 962//962
f 590//590 592//592 962//962
f 592//592 594//594 962//962
f 594//594 596//596 962//962
f 596//596 598//598 962//962
f 598//598 600//600 962//962
f 600//600 602//602 962//962
f 602//602 604//604 962//962
f 604//604 606//606 962//962
f 606//606 608//608 962//962
f 608//608 610//610 962//962
f 610//610 612//612 962//962
f 612//612 614//614 962//962
f 614//614 616//616 962//962
f 616//616 618//618 962//962
f 618//618 620//620 962//962
f 620//620 622//622 962//962
f 622//622 624//624 962//962
f 624//624 626//626 962//962
f 626//626 628//628 962//962
f 628//628 630//630 962//962
f 630//630 632//632 962//962
f 632//632 634//634 962//962
f 634//634 636//636 962//962
f 636//636 638//638 962//962
f 638//638 640//640 962//962
f 640//640 642//642 962//962
f 642//642 644//644 962//962
f 644//644 646//646 962//962
f 646//646 648//648 962//962
f 648//648 650//650 962//962
f 650//650 652//652 962//962
f 652//652 654//654 962//962
f 654//654 656//656 962//962
f 656//656 658//658 962//962
f 658//658 660//660 962//962
f 660//660 662//662 962//962
f 662//662 664//664 962//962
f 664//664 666//666 962//962
f 666//666 668//668 962//962
f 668//668 670//670 962//962
f 670//670 672//672 962//962
f 672//672 674//674 962//962
f 674//674 676//676 962//962
f 676//676 678//678 962//962
f 678//678 680//680 962//962
f 680//680 682//682 962//962
f 682//682 684//684 962//962
f 684//684 686//686 962//962
f 686//686 688//688 962//962
f 688//688 690//690 962//962
f 690//690 692//692 962//962
f 692//692 694//694 962//962
f 694//694 696//696 962//962
f 696//696 698//698 962//962
f 698//698 700//700 962//962
f 700//700 702//702 962//962
f 702//702 704//704 962//962
f 704//704 706//706 962//962
f 706//706 708//708 962//962
f 708//708 710//710 962//962
f 710//710 712//712 962//962
f 712//712 714//714 962//962
f 714//714 716//716 962//962
f 716//716 718//718 962//962
f 718//718 720//720 962//962
f 720//720 722//722 962//962
f 722//722 724//724 962//962
f 724//724 726//726 962//962
f 726//726 728//728 962//962
f 728//728 730//730 962//962
f 730//730 732//732 962//962
f 732//732 734//734 962//962
f 734//734 736//736 962//962
f 736//736 738//738 962//962
f 738//738 740//740 962//962
f 740//740 742//742 962//962
f 742//742 744//744 962//962
f 744//744 746//746 962//962
f 746//746 748//748 962//962
f 748//748 750//750 962//962
f 750//750 752//752 962//962
f 752//752 754//754 962//962
f 754//754 756//756 962//962
f 756//756 758//758 962//962
f 758//758 760//760 962//962
f 760//760 762//762 962//962
f 762//762 764//764 962//962
f 764//764 766//766 962//962
f 766//766 768//768 962//962
f 768//768 770//770 962//962
f 770//770 772//772 962//962
f 772//772 774//774 962//962
f 774//774 776//776 962//962
f 776//776 778//778 962//962
f 778//778 780//780 962//962
f 780//780 782//782 962//962
f 782//782 784//784 962//962
f 784//784 786//786 962//962
f 786//786 788//788 962//962
f 788//788 790//790 962//962
f 790//790 792//792 962//962
f 792//792 794//794 962//962
f 794//794 796//796 962//962
f 796//796 798//798 962//962
f 798//798 800//800 962//962
f 800//800 802//802 962//962
f 802//802 804//804 962//962
f 804//804 806//806 962//962
f 806//806 808//808 962//962
f 808//808 810//810 962//962
f 810//810 812//812 962//962
f 812//812 814//814 962//962
f 814//814 816//816 962//962
f 816//816 818//818 962//962
f 818//818 820//820 962//962
f 820//820 822//822 962//962
f 822//822 824//824 962//962
f 824//824 826//826 962//962
f 826//826 828//828 962//962
f 828//828 830//830 962//962
f 830//830 832//832 962//962
f 832//832 834//834 962//962
f 834//834 836//836 962//962
f 836//836 838//838 962//962
f 838//838 840//840 962//962
f 840//840 842//842 962//962
f 842//842 844//844 962//962
f 844//844 846//846 962//962
f 846//846 848//848 962//962
f 848//848 850//850 962//962
f 850//850 852//852 962//962
f 852//852 854//854 962//962
f 854//854 856//856 962//962
f 856//856 858//858 962//962
f 858//858 860//860 962//962
f 860//860 862//862 962//962
f 862//862 864//864 962//962
f 864//864 866//866 962//962
f 866//866 868//868 962//962
f 868//868 870//870 962//962
f 870//870 872//872 962//962
f 872//872 874//874 962//962
f 874//874 876//876 962//962
f 876//876 878//878 962//962
f 878//878 880//880 962//962
f 880//880 882//882 962//962
f 882//882 884//884 962//962
f 884//884 886//886 962//962
f 886//886 888//888 962//962
f 888//888 890//890 962//962
f 890//890 892//892 962//962
f 892//892 894//894 962//962
f 894//894 896//896 962//962
f 896//896 898//898 962//962
f 898//898 900//900 962//962
f 900//900 902//902 962//962
f 902//902 904//904 962//962
f 904//904 906//906 962//962
f 906//906 908//908 962//962
f 908//908 910//910 962//962
f 910//910 912//912 962//962
f 912//912 914//914 962//962
f 914//914 916//916 962//962
f 916//916 918//918 962//962
f 918//918 920//920 962//962
f 920//920 922//922 962//962
f 922//922 924//924 962//962
f 924//924 926//926 962//962
f 926//926 928//928 962//962
f 928//928 930//930 962//962
f 930//930 932//932 962//962
f 932//932 934//934 962//962
f 934//934 936//936 962//962
f 936//936 938//938 962//962
f 938//938 940//940 962//962
f 940//940 942//942 962//962
f 942//942 944//944 962//962
f 944//944 946//946 962//962
f 946//946 948//948 962//962
f 948//948 950//950 962//962
f 950//950 952//952 962//962
f 952//952 954//954 962//962
f 954//954 956//956 962//962
f 956//956 958//958 962//962
f 958//958 960//960 962//962
f 960//960 481//481 962//962
f 483//483 482//482 3//3
f 483//483 3//3 4//4
f 482//482 485//485 6//6
f 482//482 6//6 3//3
f 485//485 487//487 8//8
f 485//485 8//8 6//6
f 487//487 489//489 10//10
f 487//487 10//10 8//8
f 489//489 491//491 12//12
f 489//489 12//12 10//10
f 491//491 493//493 14//14
f 491//491 14//14 12//12
f 493//493 495//495 16//16
f 493//493 16//16 14//14
f 495//495 497//497 18//18
f 495//495 18//18 16//16
f 497//497 499//499 20//20
f 497//497 20//20 18//18
f 499//499 501//501 22//22
f 499//499 22//22 20//20
f 501//501 503//503 24//24
f 501//501 24//24 22//22
f 503//503 505//505 26//26
f 503//503 26//26 24//24
f 505//505 507//507 28//28
f 505//505 28//28 26//26
f 507//507 509//509 30//30
f 507//507 30//30 28//28
f 509//509 511//511 32//32
f 509//509 32//32 30//30
f 511//511 513//513 34//34
f 511//511 34//34 32//32
f 513//513 515//515 36//36
f 513//513 36//36 34//34
f 515//515 517//517 38//38
f 515//515 38//38 36//36
f 517//517 519//519 40//40
f 517//517 40//40 38//38
f 519//519 521//521 42//42
f 519//519 42//42 40//40
f 521//521 523//523 44//44
f 521//521 44//44 42//42
f 523//523 525//525 46//46
f 523//523 46//46 44//44
f 525//525 527//527 48//48
f 525//525 48//48 46//46
f 527//527 529//529 50//50
f 527//527 50//50 48//48
f 529//529 531//531 52//52
f 529//529 52//52 50//50
f 531//531 533//533 54//54
f 531//531 54//54 52//52
f 533//533 535//535 56//56
f 533//533 56//56 54//54
f 535//535 537//537 58//58
f 535//535 58//58 56//56
f 537//537 539//539 60//60
f 537//537 60//60 58//58
f 539//539 541//541 62//62
f 539//539 62//62 60//60
f 541//541 543//543 64//64
f 541//541 64//64 62//62
f 543//543 545//545 66//66
f 543//543 66//66 64//64
f 545//545 547//547 68//68
f 545//545 68//68 66//66
f 547//547 549//549 70//70
f 547//547 70//70 68//68
f 549//549 551//551 72//72
f 549//549 72//72 70//70
f 551//551 553//553 74//74
f 551//551 74//74 72//72
f 553//553 555//555 76//76
f 553//553 76//76 74//74
f 555//555 557//557 78//78
f 555//555 78//78 76//76
f 557//557 559//559 80//80
f 557//557 80//80 78//78
f 559//559 561//561 82//82
f 559//559 82//82 80//80
f 561//561 563//563 84//84
f 561//561 84//84 82//82
f 563//563 565//565 86//86
f 563//563 86//86 84//84
f 565//565 567//567 88//88
f 565//565 88//88 86//86
f 567//567 569//569 90//90
f 567//567 90//90 88//88
f 569//569 571//571 92//92
f 569//569 92//92 90//90
f 571//571 573//573 94//94
f 571//571 94//94 92//92
f 573//573 575//575 96//96
f 573//573 96//96 94//94
f 575//575 577//577 98//98
f 575//575 98//98 96//96
f 577//577 579//579 100//100
f 577//577 100//100 98//98
f 579//579 581//581 102//102
f 579//579 102//102 100//100
f 581//581 583//583 104//104
f 581//581 104//104 102//102
f 583//583 585//585 106//106
f 583//583 106//106 104//104
f 585//585 587//587 108//108
f 585//585 108//108 106//106
f 587//587 589//589 110//110
f 587//587 110//110 108//108
f 589//589 591//591 112//112
f 589//589 112//112 110//110
f 591//591 593//593 114//114
f 591//591 114//114 112//112
f 593//593 595//595 116//116
f 593//593 116//116 114//114
f 595//595 597//597 118//118
f 595//595 118//118 116//116
f 597//597 599//599 120//120
f 597//597 120//120 118//118
f 599//599 601//601 122//122
f 599//599 122//122 120//120
f 601//601 603//603 124//124
f 601//601 124//124 122//122
f 603//603 605//605 126//126
f 603//603 126//126 124//124
f 605//605 607//607 128//128
f 605//605 128//128 126//126
f 607//607 609//609 130//130
f 607//607 130//130 128//128
f 609//609 611//611 132//132
f 609//609 132//132 130//130
f 611//611 613//613 134//134
f 611//611 134//134 132//132
f 613//613 615//615 136//136
f 613//613 136//136 134//134
f 615//615 617//617 138//138
f 615//615 138//138 136//136
f 617//617 619//619 140//140
f 617//617 140//140 138//138
f 619//619 621//621 142//142
f 619//619 142//142 140//140
f 621//621 623//623 144//144
f 621//621 144//144 142//142
f 623//623 625//625 146//146
f 623//623 146//146 144//144
f 625//625 627//627 148//148
f 625//625 148//148 146//146
f 627//627 629//629 150//150
f 627//627 150//150 148//148
f 629//629 631//631 152//152
f 629//629 152//152 150//150
f 631//631 633//633 154//154
f 631//631 154//154 152//152
f 633//633 635//635 156//156
f 633//633 156//156 154//154
f 635//635 637//637 158//158
f 635//635 158//158 156//156
f 637//637 639//639 160//160
f 637//637 160//160 158//158
f 639//639 641//641 162//162
f 639//639 162//162 160//160
f 641//641 643//643 164//164
f 641//641 164//164 162//162
f 643//643 645//645 166//166
f 643//643 166//166 164//164
f 645//645 647//647 168//168
f 645//645 168//168 166//166
f 647//647 649//649 170//170
f 647//647 170//170 168//168
f 649//649 651//651 172//172
f 649//649 172//172 170//170
f 651//651 653//653 174//174
f 651//651 174//174 172//172
f 653//653 655//655 176//176
f 653//653 176//176 174//174
f 655//655 657//657 178//178
f 655//655 178//178 176//176
f 657//657 659//659 180//180
f 657//657 180//180 178//178
f 659//659 661//661 182//182
f 659//659 182//182 180//180
f 661//661 663//663 184//184
f 661//661 184//184 182//182
f 663//663 665//665 186//186
f 663//663 186//186 184//184
f 665//665 667//667 188//188
f 665//665 188//188 186//186
f 667//667 669//669 190//190
f 667//667 190//190 188//188
f 669//669 671//671 192//192
f 669//669 192//192 190//190
f 671//671 673//673 194//194
f 671//671 194//194 192//192
f 673//673 675//675 196//196
f 673//673 196//196 194//194
f 675//675 677//677 198//198
f 675//675 198//198 196//196
f 677//677 679//679 200//200
f 677//677 200//200 198//198
f 679//679 681//681 202//202
f 679//679 202//202 200//200
f 681//681 683//683 204//204
f 681//681 204//204 202//202
f 683//683 685//685 206//206
f 683//683 206//206 204//204
f 685//685 687//687 208//208
f 685//685 208//208 206//206
f 687//687 689//689 210//210
f 687//687 210//210 208//208
f 689//689 691//691 212//212
f 689//689 212//212 210//210
f 691//691 693//693 214//214
f 691//691 214//214 212//212
f 693//693 695//695 216//216
f 693//693 216//216 214//214
f 695//695 697//697 218//218
f 695//695 218//218 216//216
f 697//697 699//699 220//220
f 697//697 220//220 218//218
f 699//699 701//701 222//222
f 699//699 222//222 220//220
f 701//701 703//703 224//224
f 701//701 224//224 222//222
f 703//703 705//705 226//226
f 703//703 226//226 224//224
f 705//705 707//707 228//228
f 705//705 228//228 226//226
f 707//707 709//709 230//230
f 707//707 230//230 228//228
f 709//709 711//711 232//232
f 709//709 232//232 230//230
f 711//711 713//713 234//234
f 711//711 234//234 232//232
f 713//713 715//715 236//236
f 713//713 236//236 234//234
f 715//715 717//717 238//238
f 715//715 238//238 236//236
f 717//717 719//719 240//240
f 717//717 240//240 238//238
f 719//719 721//721 242//242
f 719//719 242//242 240//240
f 721//721 723//723 244//244
f 721//721 244//244 242//242
f 723//723 725//725 246//246
f 723//723 246//246 244//244
f 725//725 727//727 248//248
f 725//725 248//248 246//246
f 727//727 729//729 250//250
f 727//727 250//250 248//248
f 729//729 731//731 252//252
f 729//729 252//252 250//250
f 731//731 733//733 254//254
f 731//731 254//254 252//252
f 733//733 735//735 256//256
f 733//733 256//256 254//254
f 735//735 737//737 258//258
f 735//735 258//258 256//256
f 737//737 739//739 260//260
f 737//737 260//260 258//258
f 739//739 741//741 262//262
f 739//739 262//262 260//260
f 741//741 743//743 264//264
f 741//741 264//264 262//262
f 743//743 745//745 266//266
f 743//743 266//266 264//264
f 745//745 747//747 268//268
f 745//745 268//268 266//266
f 747//747 749//749 270//270
f 747//747 270//270 268//268
f 749//749 751//751 272//272
f 749//749 272//272 270//270
f 751//751 753//753 274//274
f 751//751 274//274 272//272
f 753//753 755//755 276//276
f 753//753 276//276 274//274
f 755//755 757//757 278//278
f 755//755 278//278 276//276
f 757//757 759//759 280//280
f 757//757 280//280 278//278
f 759//759 761//761 282//282
f 759//759 282//282 280//280
f 761//761 763//763 284//284
f 761//761 284//284 282//282
f 763//763 765//765 286//286
f 763//763 286//286 284//284
f 765//765 767//767 288//288
f 765//765 288//288 286//286
f 767//767 769//769 290//290
f 767//767 290//290 288//288
f 769//769 771//771 292//292
f 769//769 292//292 290//290
f 771//771 773//773 294//294
f 771//771 294//294 292//292
f 773//773 775//775 296//296
f 773//773 296//296 294//294
f 775//775 777//777 298//298
f 775//775 298//298 296//296
f 777//777 779//779 300//300
f 777//777 300//300 298//298
f 779//779 781//781 302//302
f 779//779 302//302 300//300
f 781//781 783//783 304//304
f 781//781 304//304 302//302
f 783//783 785//785 306//306
f 783//783 306//306 304//304
f 785//785 787//787 308//308
f 785//785 308//308 306//306
f 787//787 789//789 310//310
f 787//787 310//310 308//308
f 789//789 791//791 312//312
f 789//789 312//312 310//310
f 791//791 793//793 314//314
f 791//791 314//314 312//312
f 793//793 795//795 316//316
f 793//793 316//316 314//314
f 795//795 797//797 318//318
f 795//795 318//318 316//316
f 797//797 799//799 320//320
f 797//797 320//320 318//318
f 799//799 801//801 322//322
f 799//799 322//322 320//320
f 801//801 803//803 324//324
f 801//801 324//324 322//322
f 803//803 805//805 326//326
f 803//803 326//326 324//324
f 805//805 807//807 328//328
f 805//805 328//328 326//326
f 807//807 809//809 330//330
f 807//807 330//330 328//328
f 809//809 811//811 332//332
f 809//809 332//332 330//330
f 811//811 813//813 334//334
f 811//811 334//334 332//332
f 813//813 815//815 336//336
f 813//813 336//336 334//334
f 815//815 817//817 338//338
f 815//815 338//338 336//336
f 817//817 819//819 340//340
f 817//817 340//340 338//338
f 819//819 821//821 342//342
f 819//819 342//342 340//340
f 821//821 823//823 344//344
f 821//821 344//344 342//342
f 823//823 825//825 346//346
f 823//823 346//346 344//344
f 825//825 827//827 348//348
f 825//825 348//348 346//346
f 827//827 829//829 350//350
f 827//827 350//350 348//348
f 829//829 831//831 352//352
f 829//829 352//352 350//350
f 831//831 833//833 354//354
f 831//831 354//354 352//352
f 833//833 835//835 356//356
f 833//833 356//356 354//354
f 835//835 837//837 358//358
f 835//835 358//358 356//356
f 837//837 839//839 360//360
f 837//837 360//360 358//358
f 839//839 841//841 362//362
f 839//839 362//362 360//360
f 841//841 843//843 364//364
f 841//841 364//364 362//362
f 843//843 845//845 366//366
f 843//843 366//366 364//364
f 845//845 847//847 368//368
f 845//845 368//368 366//366
f 847//847 849//849 370//370
f 847//847 370//370 368//368
f 849//849 851//851 372//372
f 849//849 372//372 370//370
f 851//851 853//853 374//374
f 851//851 374//374 372//372
f 853//853 855//855 376//376
f 853//853 376//376 374//374
f 855//855 857//857 378//378
f 855//855 378//378 376//376
f 857//857 859//859 380//380
f 857//857 380//380 378//378
f 859//859 861//861 382//382
f 859//859 382//382 380//380
f 861//861 863//863 384//384
f 861//861 384//384 382//382
f 863//863 865//865 386//386
f 863//863 386//386 384//384
f 865//865 867//867 388//388
f 865//865 388//388 386//386
f 867//867 869//869 390//390
f 867//867 390//390 388//388
f 869//869 871//871 392//392
f 869//869 392//392 390//390
f 871//871 873//873 394//394
f 871//871 394//394 392//392
f 873//873 875//875 396//396
f 873//873 396//396 394//394
f 875//875 877//877 398//398
f 875//875 398//398 396//396
f 877//877 879//879 400//400
f 877//877 400//400 398//398
f 879//879 881//881 402//402
f 879//879 402//402 400//400
f 881//881 883//883 404//404
f 881//881 404//404 402//402
f 883//883 885//885 406//406
f 883//883 406//406 404//404
f 885//885 887//887 408//408
f 885//885 408//408 406//406
f 887//887 889//889 410//410
f 887//887 410//410 408//408
f 889//889 891//891 412//412
f 889//889 412//412 410//410
f 891//891 893//893 414//414
f 891//891 414//414 412//412
f 893//893 895//895 416//416
f 893//893 416//416 414//414
f 895//895 897//897 418//418
f 895//895 418//418 416//416
f 897//897 899//899 420//420
f 897//897 420//420 418//418
f 899//899 901//901 422//422
f 899//899 422//422 420//420
f 901//901 903//903 424//424
f 901//901 424//424 422//422
f 903//903 905//905 426//426
f 903//903 426//426 424//424
f 905//905 907//907 428//428
f 905//905 428//428 426//426
f 907//907 909//909 430//430
f 907//907 430//430 428//428
f 909//909 911//911 432//432
f 909//909 432//432 430//430
f 911//911 913//913 434//434
f 911//911 434//434 432//432
f 913//913 915//915 436//436
f 913//913 436//436 434//434
f 915//915 917//917 438//438
f 915//915 438//438 436//436
f 917//917 919//919 440//440
f 917//917 440//440 438//438
f 919//919 921//921 442//442
f 919//919 442//442 440//440
f 921//921 923//923 444//444
f 921//921 444//444 442//442
f 923//923 925//925 446//446
f 923//923 446//446 444//444
f 925//925 927//927 448//448
f 925//925 448//448 446//446
f 927//927 929//929 450//450
f 927//927 450//450 448//448
f 929//929 931//931 452//452
f 929//929 452//452 450//450
f 931//931 933//933 454//454
f 931//931 454//454 452//452
f 933//933 935//935 456//456
f 933//933 456//456 454//454
f 935//935 937//937 458//458
f 935//935 458//458 456//456
f 937//937 939//939 460//460
f 937//937 460//460 458//458
f 939//939 941//941 462//462
f 939//939 462//462 460//460
f 941//941 943//943 464//464
f 941//941 464//464 462//462
f 943//943 945//945 466//466
f 943//943 466//466 464//464
f 945//945 947//947 468//468
f 945//945 468//468 466//466
f 947//947 949//949 470//470
f 947//947 470//470 468//468
f 949//949 951//951 472//472
f 949//949 472//472 470//470
f 951//951 953//953 474//474
f 951//951 474//474 472//472
f 953//953 955//955 476//476
f 953//953 476//476 474//474
f 955//955 957//957 478//478
f 955//955 478//478 476//476
f 957//957 959//959 480//480
f 957//957 480//480 478//478
f 959//959 483//483 4//4
f 959//959 4//4 480//480

