# https://github.com/mikedh/trimesh

o cylinder_cup_5mm_wall
v 0.02636274 0.00000000 -0.03954411
v 0.02635371 0.00069010 -0.03954411
v 0.02635371 0.00069010 0.03954411
v 0.02636274 0.00000000 0.03954411
v 0.02632662 0.00137972 -0.03954411
v 0.02632662 0.00137972 0.03954411
v 0.02628147 0.00206840 -0.03954411
v 0.02628147 0.00206840 0.03954411
v 0.02621833 0.00275566 -0.03954411
v 0.02621833 0.00275566 0.03954411
v 0.02613720 0.00344103 -0.03954411
v 0.02613720 0.00344103 0.03954411
v 0.02603818 0.00412404 -0.03954411
v 0.02603818 0.00412404 0.03954411
v 0.02592129 0.00480423 -0.03954411
v 0.02592129 0.00480423 0.03954411
v 0.02578665 0.00548112 -0.03954411
v 0.02578665 0.00548112 0.03954411
v 0.02563434 0.00615426 -0.03954411
v 0.02563434 0.00615426 0.03954411
v 0.02546446 0.00682318 -0.03954411
v 0.02546446 0.00682318 0.03954411
v 0.02527711 0.00748742 -0.03954411
v 0.02527711 0.00748742 0.03954411
v 0.02507246 0.00814654 -0.03954411
v 0.02507246 0.00814654 0.03954411
v 0.02485062 0.00880006 -0.03954411
v 0.02485062 0.00880006 0.03954411
v 0.02461174 0.00944756 -0.03954411
v 0.02461174 0.00944756 0.03954411
v 0.02435600 0.01008859 -0.03954411
v 0.02435600 0.01008859 0.03954411
v 0.02408357 0.01072270 -0.03954411
v 0.02408357 0.01072270 0.03954411
v 0.02379462 0.01134946 -0.03954411
v 0.02379462 0.01134946 0.03954411
v 0.02348937 0.01196843 -0.03954411
v 0.02348937 0.01196843 0.03954411
v 0.02316803 0.01257921 -0.03954411
v 0.02316803 0.01257921 0.03954411
v 0.02283081 0.01318137 -0.03954411
v 0.02283081 0.01318137 0.03954411
v 0.02247793 0.01377449 -0.03954411
v 0.02247793 0.01377449 0.03954411
v 0.02210965 0.01435818 -0.03954411
v 0.02210965 0.01435818 0.03954411
v 0.02172622 0.01493203 -0.03954411
v 0.02172622 0.01493203 0.03954411
v 0.02132790 0.01549563 -0.03954411
v 0.02132790 0.01549563 0.03954411
v 0.02091497 0.01604863 -0.03954411
v 0.02091497 0.01604863 0.03954411
v 0.02048770 0.01659061 -0.03954411
v 0.02048770 0.01659061 0.03954411
v 0.02004639 0.01712123 -0.03954411
v 0.02004639 0.01712123 0.03954411
v 0.01959134 0.01764012 -0.03954411
v 0.01959134 0.01764012 0.03954411
v 0.01912286 0.01814691 -0.03954411
v 0.01912286 0.01814691 0.03954411
v 0.01864127 0.01864127 -0.03954411
v 0.01864127 0.01864127 0.03954411
v 0.01814691 0.01912286 -0.03954411
v 0.01814691 0.01912286 0.03954411
v 0.01764012 0.01959134 -0.03954411
v 0.01764012 0.01959134 0.03954411
v 0.01712123 0.02004639 -0.03954411
v 0.01712123 0.02004639 0.03954411
v 0.01659061 0.02048770 -0.03954411
v 0.01659061 0.02048770 0.03954411
v 0.01604863 0.02091497 -0.03954411
v 0.01604863 0.02091497 0.03954411
v 0.01549563 0.02132790 -0.03954411
v 0.01549563 0.02132790 0.03954411
v 0.01493203 0.02172622 -0.03954411
v 0.01493203 0.02172622 0.03954411
v 0.01435818 0.02210965 -0.03954411
v 0.01435818 0.02210965 0.03954411
v 0.01377449 0.02247793 -0.03954411
v 0.01377449 0.02247793 0.03954411
v 0.01318137 0.02283081 -0.03954411
v 0.01318137 0.02283081 0.03954411
v 0.01257921 0.02316803 -0.03954411
v 0.01257921 0.02316803 0.03954411
v 0.01196843 0.02348937 -0.03954411
v 0.01196843 0.02348937 0.03954411
v 0.01134946 0.02379462 -0.03954411
v 0.01134946 0.02379462 0.03954411
v 0.01072270 0.02408357 -0.03954411
v 0.01072270 0.02408357 0.03954411
v 0.01008859 0.02435600 -0.03954411
v 0.01008859 0.02435600 0.03954411
v 0.00944756 0.02461174 -0.03954411
v 0.00944756 0.02461174 0.03954411
v 0.00880006 0.02485062 -0.03954411
v 0.00880006 0.02485062 0.03954411
v 0.00814654 0.02507246 -0.03954411
v 0.00814654 0.02507246 0.03954411
v 0.00748742 0.02527711 -0.03954411
v 0.00748742 0.02527711 0.03954411
v 0.00682318 0.02546446 -0.03954411
v 0.00682318 0.02546446 0.03954411
v 0.00615426 0.02563434 -0.03954411
v 0.00615426 0.02563434 0.03954411
v 0.00548112 0.02578665 -0.03954411
v 0.00548112 0.02578665 0.03954411
v 0.00480423 0.02592129 -0.03954411
v 0.00480423 0.02592129 0.03954411
v 0.00412404 0.02603818 -0.03954411
v 0.00412404 0.02603818 0.03954411
v 0.00344103 0.02613720 -0.03954411
v 0.00344103 0.02613720 0.03954411
v 0.00275566 0.02621833 -0.03954411
v 0.00275566 0.02621833 0.03954411
v 0.00206840 0.02628147 -0.03954411
v 0.00206840 0.02628147 0.03954411
v 0.00137972 0.02632662 -0.03954411
v 0.00137972 0.02632662 0.03954411
v 0.00069010 0.02635371 -0.03954411
v 0.00069010 0.02635371 0.03954411
v 0.00000000 0.02636274 -0.03954411
v 0.00000000 0.02636274 0.03954411
v -0.00069010 0.02635371 -0.03954411
v -0.00069010 0.02635371 0.03954411
v -0.00137972 0.02632662 -0.03954411
v -0.00137972 0.02632662 0.03954411
v -0.00206840 0.02628147 -0.03954411
v -0.00206840 0.02628147 0.03954411
v -0.00275566 0.02621833 -0.03954411
v -0.00275566 0.02621833 0.03954411
v -0.00344103 0.02613720 -0.03954411
v -0.00344103 0.02613720 0.03954411
v -0.00412404 0.02603818 -0.03954411
v -0.00412404 0.02603818 0.03954411
v -0.00480423 0.02592129 -0.03954411
v -0.00480423 0.02592129 0.03954411
v -0.00548112 0.02578665 -0.03954411
v -0.00548112 0.02578665 0.03954411
v -0.00615426 0.02563434 -0.03954411
v -0.00615426 0.02563434 0.03954411
v -0.00682318 0.02546446 -0.03954411
v -0.00682318 0.02546446 0.03954411
v -0.00748742 0.02527711 -0.03954411
v -0.00748742 0.02527711 0.03954411
v -0.00814654 0.02507246 -0.03954411
v -0.00814654 0.02507246 0.03954411
v -0.00880006 0.02485062 -0.03954411
v -0.00880006 0.02485062 0.03954411
v -0.00944756 0.02461174 -0.03954411
v -0.00944756 0.02461174 0.03954411
v -0.01008859 0.02435600 -0.03954411
v -0.01008859 0.02435600 0.03954411
v -0.01072270 0.02408357 -0.03954411
v -0.01072270 0.02408357 0.03954411
v -0.01134946 0.02379462 -0.03954411
v -0.01134946 0.02379462 0.03954411
v -0.01196843 0.02348937 -0.03954411
v -0.01196843 0.02348937 0.03954411
v -0.01257921 0.02316803 -0.03954411
v -0.01257921 0.02316803 0.03954411
v -0.01318137 0.02283081 -0.03954411
v -0.01318137 0.02283081 0.03954411
v -0.01377449 0.02247793 -0.03954411
v -0.01377449 0.02247793 0.03954411
v -0.01435818 0.02210965 -0.03954411
v -0.01435818 0.02210965 0.03954411
v -0.01493203 0.02172622 -0.03954411
v -0.01493203 0.02172622 0.03954411
v -0.01549563 0.02132790 -0.03954411
v -0.01549563 0.02132790 0.03954411
v -0.01604863 0.02091497 -0.03954411
v -0.01604863 0.02091497 0.03954411
v -0.01659061 0.02048770 -0.03954411
v -0.01659061 0.02048770 0.03954411
v -0.01712123 0.02004639 -0.03954411
v -0.01712123 0.02004639 0.03954411
v -0.01764012 0.01959134 -0.03954411
v -0.01764012 0.01959134 0.03954411
v -0.01814691 0.01912286 -0.03954411
v -0.01814691 0.01912286 0.03954411
v -0.01864127 0.01864127 -0.03954411
v -0.01864127 0.01864127 0.03954411
v -0.01912286 0.01814691 -0.03954411
v -0.01912286 0.01814691 0.03954411
v -0.01959134 0.01764012 -0.03954411
v -0.01959134 0.01764012 0.03954411
v -0.02004639 0.01712123 -0.03954411
v -0.02004639 0.01712123 0.03954411
v -0.02048770 0.01659061 -0.03954411
v -0.02048770 0.01659061 0.03954411
v -0.02091497 0.01604863 -0.03954411
v -0.02091497 0.01604863 0.03954411
v -0.02132790 0.01549563 -0.03954411
v -0.02132790 0.01549563 0.03954411
v -0.02172622 0.01493203 -0.03954411
v -0.02172622 0.01493203 0.03954411
v -0.02210965 0.01435818 -0.03954411
v -0.02210965 0.01435818 0.03954411
v -0.02247793 0.01377449 -0.03954411
v -0.02247793 0.01377449 0.03954411
v -0.02283081 0.01318137 -0.03954411
v -0.02283081 0.01318137 0.03954411
v -0.02316803 0.01257921 -0.03954411
v -0.02316803 0.01257921 0.03954411
v -0.02348937 0.01196843 -0.03954411
v -0.02348937 0.01196843 0.03954411
v -0.02379462 0.01134946 -0.03954411
v -0.02379462 0.01134946 0.03954411
v -0.02408357 0.01072270 -0.03954411
v -0.02408357 0.01072270 0.03954411
v -0.02435600 0.01008859 -0.03954411
v -0.02435600 0.01008859 0.03954411
v -0.02461174 0.00944756 -0.03954411
v -0.02461174 0.00944756 0.03954411
v -0.02485062 0.00880006 -0.03954411
v -0.02485062 0.00880006 0.03954411
v -0.02507246 0.00814654 -0.03954411
v -0.02507246 0.00814654 0.03954411
v -0.02527711 0.00748742 -0.03954411
v -0.02527711 0.00748742 0.03954411
v -0.02546446 0.00682318 -0.03954411
v -0.02546446 0.00682318 0.03954411
v -0.02563434 0.00615426 -0.03954411
v -0.02563434 0.00615426 0.03954411
v -0.02578665 0.00548112 -0.03954411
v -0.02578665 0.00548112 0.03954411
v -0.02592129 0.00480423 -0.03954411
v -0.02592129 0.00480423 0.03954411
v -0.02603818 0.00412404 -0.03954411
v -0.02603818 0.00412404 0.03954411
v -0.02613720 0.00344103 -0.03954411
v -0.02613720 0.00344103 0.03954411
v -0.02621833 0.00275566 -0.03954411
v -0.02621833 0.00275566 0.03954411
v -0.02628147 0.00206840 -0.03954411
v -0.02628147 0.00206840 0.03954411
v -0.02632662 0.00137972 -0.03954411
v -0.02632662 0.00137972 0.03954411
v -0.02635371 0.00069010 -0.03954411
v -0.02635371 0.00069010 0.03954411
v -0.02636274 0.00000000 -0.03954411
v -0.02636274 0.00000000 0.03954411
v -0.02635371 -0.00069010 -0.03954411
v -0.02635371 -0.00069010 0.03954411
v -0.02632662 -0.00137972 -0.03954411
v -0.02632662 -0.00137972 0.03954411
v -0.02628147 -0.00206840 -0.03954411
v -0.02628147 -0.00206840 0.03954411
v -0.02621833 -0.00275566 -0.03954411
v -0.02621833 -0.00275566 0.03954411
v -0.02613720 -0.00344103 -0.03954411
v -0.02613720 -0.00344103 0.03954411
v -0.02603818 -0.00412404 -0.03954411
v -0.02603818 -0.00412404 0.03954411
v -0.02592129 -0.00480423 -0.03954411
v -0.02592129 -0.00480423 0.03954411
v -0.02578665 -0.00548112 -0.03954411
v -0.02578665 -0.00548112 0.03954411
v -0.02563434 -0.00615426 -0.03954411
v -0.02563434 -0.00615426 0.03954411
v -0.02546446 -0.00682318 -0.03954411
v -0.02546446 -0.00682318 0.03954411
v -0.02527711 -0.00748742 -0.03954411
v -0.02527711 -0.00748742 0.03954411
v -0.02507246 -0.00814654 -0.03954411
v -0.02507246 -0.00814654 0.03954411
v -0.02485062 -0.00880006 -0.03954411
v -0.02485062 -0.00880006 0.03954411
v -0.02461174 -0.00944756 -0.03954411
v -0.02461174 -0.00944756 0.03954411
v -0.02435600 -0.01008859 -0.03954411
v -0.02435600 -0.01008859 0.03954411
v -0.02408357 -0.01072270 -0.03954411
v -0.02408357 -0.01072270 0.03954411
v -0.02379462 -0.01134946 -0.03954411
v -0.02379462 -0.01134946 0.03954411
v -0.02348937 -0.01196843 -0.03954411
v -0.02348937 -0.01196843 0.03954411
v -0.02316803 -0.01257921 -0.03954411
v -0.02316803 -0.01257921 0.03954411
v -0.02283081 -0.01318137 -0.03954411
v -0.02283081 -0.01318137 0.03954411
v -0.02247793 -0.01377449 -0.03954411
v -0.02247793 -0.01377449 0.03954411
v -0.02210965 -0.01435818 -0.03954411
v -0.02210965 -0.01435818 0.03954411
v -0.02172622 -0.01493203 -0.03954411
v -0.02172622 -0.01493203 0.03954411
v -0.02132790 -0.01549563 -0.03954411
v -0.02132790 -0.01549563 0.03954411
v -0.02091497 -0.01604863 -0.03954411
v -0.02091497 -0.01604863 0.03954411
v -0.02048770 -0.01659061 -0.03954411
v -0.02048770 -0.01659061 0.03954411
v -0.02004639 -0.01712123 -0.03954411
v -0.02004639 -0.01712123 0.03954411
v -0.01959134 -0.01764012 -0.03954411
v -0.01959134 -0.01764012 0.03954411
v -0.01912286 -0.01814691 -0.03954411
v -0.01912286 -0.01814691 0.03954411
v -0.01864127 -0.01864127 -0.03954411
v -0.01864127 -0.01864127 0.03954411
v -0.01814691 -0.01912286 -0.03954411
v -0.01814691 -0.01912286 0.03954411
v -0.01764012 -0.01959134 -0.03954411
v -0.01764012 -0.01959134 0.03954411
v -0.01712123 -0.02004639 -0.03954411
v -0.01712123 -0.02004639 0.03954411
v -0.01659061 -0.02048770 -0.03954411
v -0.01659061 -0.02048770 0.03954411
v -0.01604863 -0.02091497 -0.03954411
v -0.01604863 -0.02091497 0.03954411
v -0.01549563 -0.02132790 -0.03954411
v -0.01549563 -0.02132790 0.03954411
v -0.01493203 -0.02172622 -0.03954411
v -0.01493203 -0.02172622 0.03954411
v -0.01435818 -0.02210965 -0.03954411
v -0.01435818 -0.02210965 0.03954411
v -0.01377449 -0.02247793 -0.03954411
v -0.01377449 -0.02247793 0.03954411
v -0.01318137 -0.02283081 -0.03954411
v -0.01318137 -0.02283081 0.03954411
v -0.01257921 -0.02316803 -0.03954411
v -0.01257921 -0.02316803 0.03954411
v -0.01196843 -0.02348937 -0.03954411
v -0.01196843 -0.02348937 0.03954411
v -0.01134946 -0.02379462 -0.03954411
v -0.01134946 -0.02379462 0.03954411
v -0.01072270 -0.02408357 -0.03954411
v -0.01072270 -0.02408357 0.03954411
v -0.01008859 -0.02435600 -0.03954411
v -0.01008859 -0.02435600 0.03954411
v -0.00944756 -0.02461174 -0.03954411
v -0.00944756 -0.02461174 0.03954411
v -0.00880006 -0.02485062 -0.03954411
v -0.00880006 -0.02485062 0.03954411
v -0.00814654 -0.02507246 -0.03954411
v -0.00814654 -0.02507246 0.03954411
v -0.00748742 -0.02527711 -0.03954411
v -0.00748742 -0.02527711 0.03954411
v -0.00682318 -0.02546446 -0.03954411
v -0.00682318 -0.02546446 0.03954411
v -0.00615426 -0.02563434 -0.03954411
v -0.00615426 -0.02563434 0.03954411
v -0.00548112 -0.02578665 -0.03954411
v -0.00548112 -0.02578665 0.03954411
v -0.00480423 -0.02592129 -0.03954411
v -0.00480423 -0.02592129 0.03954411
v -0.00412404 -0.02603818 -0.03954411
v -0.00412404 -0.02603818 0.03954411
v -0.00344103 -0.02613720 -0.03954411
v -0.00344103 -0.02613720 0.03954411
v -0.00275566 -0.02621833 -0.03954411
v -0.00275566 -0.02621833 0.03954411
v -0.00206840 -0.02628147 -0.03954411
v -0.00206840 -0.02628147 0.03954411
v -0.00137972 -0.02632662 -0.03954411
v -0.00137972 -0.02632662 0.03954411
v -0.00069010 -0.02635371 -0.03954411
v -0.00069010 -0.02635371 0.03954411
v -0.00000000 -0.02636274 -0.03954411
v -0.00000000 -0.02636274 0.03954411
v 0.00069010 -0.02635371 -0.03954411
v 0.00069010 -0.02635371 0.03954411
v 0.00137972 -0.02632662 -0.03954411
v 0.00137972 -0.02632662 0.03954411
v 0.00206840 -0.02628147 -0.03954411
v 0.00206840 -0.02628147 0.03954411
v 0.00275566 -0.02621833 -0.03954411
v 0.00275566 -0.02621833 0.03954411
v 0.00344103 -0.02613720 -0.03954411
v 0.00344103 -0.02613720 0.03954411
v 0.00412404 -0.02603818 -0.03954411
v 0.00412404 -0.02603818 0.03954411
v 0.00480423 -0.02592129 -0.03954411
v 0.00480423 -0.02592129 0.03954411
v 0.00548112 -0.02578665 -0.03954411
v 0.00548112 -0.02578665 0.03954411
v 0.00615426 -0.02563434 -0.03954411
v 0.00615426 -0.02563434 0.03954411
v 0.00682318 -0.02546446 -0.03954411
v 0.00682318 -0.02546446 0.03954411
v 0.00748742 -0.02527711 -0.03954411
v 0.00748742 -0.02527711 0.03954411
v 0.00814654 -0.02507246 -0.03954411
v 0.00814654 -0.02507246 0.03954411
v 0.00880006 -0.02485062 -0.03954411
v 0.00880006 -0.02485062 0.03954411
v 0.00944756 -0.02461174 -0.03954411
v 0.00944756 -0.02461174 0.03954411
v 0.01008859 -0.02435600 -0.03954411
v 0.01008859 -0.02435600 0.03954411
v 0.01072270 -0.02408357 -0.03954411
v 0.01072270 -0.02408357 0.03954411
v 0.01134946 -0.02379462 -0.03954411
v 0.01134946 -0.02379462 0.03954411
v 0.01196843 -0.02348937 -0.03954411
v 0.01196843 -0.02348937 0.03954411
v 0.01257921 -0.02316803 -0.03954411
v 0.01257921 -0.02316803 0.03954411
v 0.01318137 -0.02283081 -0.03954411
v 0.01318137 -0.02283081 0.03954411
v 0.01377449 -0.02247793 -0.03954411
v 0.01377449 -0.02247793 0.03954411
v 0.01435818 -0.02210965 -0.03954411
v 0.01435818 -0.02210965 0.03954411
v 0.01493203 -0.02172622 -0.03954411
v 0.01493203 -0.02172622 0.03954411
v 0.01549563 -0.02132790 -0.03954411
v 0.01549563 -0.02132790 0.03954411
v 0.01604863 -0.02091497 -0.03954411
v 0.01604863 -0.02091497 0.03954411
v 0.01659061 -0.02048770 -0.03954411
v 0.01659061 -0.02048770 0.03954411
v 0.01712123 -0.02004639 -0.03954411
v 0.01712123 -0.02004639 0.03954411
v 0.01764012 -0.01959134 -0.03954411
v 0.01764012 -0.01959134 0.03954411
v 0.01814691 -0.01912286 -0.03954411
v 0.01814691 -0.01912286 0.03954411
v 0.01864127 -0.01864127 -0.03954411
v 0.01864127 -0.01864127 0.03954411
v 0.01912286 -0.01814691 -0.03954411
v 0.01912286 -0.01814691 0.03954411
v 0.01959134 -0.01764012 -0.03954411
v 0.01959134 -0.01764012 0.03954411
v 0.02004639 -0.01712123 -0.03954411
v 0.02004639 -0.01712123 0.03954411
v 0.02048770 -0.01659061 -0.03954411
v 0.02048770 -0.01659061 0.03954411
v 0.02091497 -0.01604863 -0.03954411
v 0.02091497 -0.01604863 0.03954411
v 0.02132790 -0.01549563 -0.03954411
v 0.02132790 -0.01549563 0.03954411
v 0.02172622 -0.01493203 -0.03954411
v 0.02172622 -0.01493203 0.03954411
v 0.02210965 -0.01435818 -0.03954411
v 0.02210965 -0.01435818 0.03954411
v 0.02247793 -0.01377449 -0.03954411
v 0.02247793 -0.01377449 0.03954411
v 0.02283081 -0.01318137 -0.03954411
v 0.02283081 -0.01318137 0.03954411
v 0.02316803 -0.01257921 -0.03954411
v 0.02316803 -0.01257921 0.03954411
v 0.02348937 -0.01196843 -0.03954411
v 0.02348937 -0.01196843 0.03954411
v 0.02379462 -0.01134946 -0.03954411
v 0.02379462 -0.01134946 0.03954411
v 0.02408357 -0.01072270 -0.03954411
v 0.02408357 -0.01072270 0.03954411
v 0.02435600 -0.01008859 -0.03954411
v 0.02435600 -0.01008859 0.03954411
v 0.02461174 -0.00944756 -0.03954411
v 0.02461174 -0.00944756 0.03954411
v 0.02485062 -0.00880006 -0.03954411
v 0.02485062 -0.00880006 0.03954411
v 0.02507246 -0.00814654 -0.03954411
v 0.02507246 -0.00814654 0.03954411
v 0.02527711 -0.00748742 -0.03954411
v 0.02527711 -0.00748742 0.03954411
v 0.02546446 -0.00682318 -0.03954411
v 0.02546446 -0.00682318 0.03954411
v 0.02563434 -0.00615426 -0.03954411
v 0.02563434 -0.00615426 0.03954411
v 0.02578665 -0.00548112 -0.03954411
v 0.02578665 -0.00548112 0.03954411
v 0.02592129 -0.00480423 -0.03954411
v 0.02592129 -0.00480423 0.03954411
v 0.02603818 -0.00412404 -0.03954411
v 0.02603818 -0.00412404 0.03954411
v 0.02613720 -0.00344103 -0.03954411
v 0.02613720 -0.00344103 0.03954411
v 0.02621833 -0.00275566 -0.03954411
v 0.02621833 -0.00275566 0.03954411
v 0.02628147 -0.00206840 -0.03954411
v 0.02628147 -0.00206840 0.03954411
v 0.02632662 -0.00137972 -0.03954411
v 0.02632662 -0.00137972 0.03954411
v 0.02635371 -0.00069010 -0.03954411
v 0.02635371 -0.00069010 0.03954411
v 0.02109019 0.00000000 -0.03901686
v 0.02108297 0.00055208 0.03954411
v 0.02109019 0.00000000 0.03954411
v 0.02108297 0.00055208 -0.03901686
v 0.02106129 0.00110378 0.03954411
v 0.02106129 0.00110378 -0.03901686
v 0.02102518 0.00165472 0.03954411
v 0.02102518 0.00165472 -0.03901686
v 0.02097466 0.00220453 0.03954411
v 0.02097466 0.00220453 -0.03901686
v 0.02090977 0.00275282 0.03954411
v 0.02090977 0.00275282 -0.03901686
v 0.02083054 0.00329923 0.03954411
v 0.02083054 0.00329923 -0.03901686
v 0.02073704 0.00384338 0.03954411
v 0.02073704 0.00384338 -0.03901686
v 0.02062932 0.00438490 0.03954411
v 0.02062932 0.00438490 -0.03901686
v 0.02050747 0.00492341 0.03954411
v 0.02050747 0.00492341 -0.03901686
v 0.02037157 0.00545854 0.03954411
v 0.02037157 0.00545854 -0.03901686
v 0.02022169 0.00598994 0.03954411
v 0.02022169 0.00598994 -0.03901686
v 0.02005797 0.00651723 0.03954411
v 0.02005797 0.00651723 -0.03901686
v 0.01988049 0.00704005 0.03954411
v 0.01988049 0.00704005 -0.03901686
v 0.01968939 0.00755805 0.03954411
v 0.01968939 0.00755805 -0.03901686
v 0.01948480 0.00807087 0.03954411
v 0.01948480 0.00807087 -0.03901686
v 0.01926685 0.00857816 0.03954411
v 0.01926685 0.00857816 -0.03901686
v 0.01903570 0.00907956 0.03954411
v 0.01903570 0.00907956 -0.03901686
v 0.01879150 0.00957475 0.03954411
v 0.01879150 0.00957475 -0.03901686
v 0.01853442 0.01006337 0.03954411
v 0.01853442 0.01006337 -0.03901686
v 0.01826465 0.01054510 0.03954411
v 0.01826465 0.01054510 -0.03901686
v 0.01798234 0.01101959 0.03954411
v 0.01798234 0.01101959 -0.03901686
v 0.01768772 0.01148654 0.03954411
v 0.01768772 0.01148654 -0.03901686
v 0.01738098 0.01194561 0.03954411
v 0.01738098 0.01194561 -0.03901686
v 0.01706233 0.01239651 0.03954411
v 0.01706233 0.01239651 -0.03901686
v 0.01673198 0.01283890 0.03954411
v 0.01673198 0.01283890 -0.03901686
v 0.01639016 0.01327249 0.03954411
v 0.01639016 0.01327249 -0.03901686
v 0.01603711 0.01369698 0.03954411
v 0.01603711 0.01369698 -0.03901686
v 0.01567307 0.01411209 0.03954411
v 0.01567307 0.01411209 -0.03901686
v 0.01529829 0.01451753 0.03954411
v 0.01529829 0.01451753 -0.03901686
v 0.01491302 0.01491302 0.03954411
v 0.01491302 0.01491302 -0.03901686
v 0.01451753 0.01529829 0.03954411
v 0.01451753 0.01529829 -0.03901686
v 0.01411209 0.01567307 0.03954411
v 0.01411209 0.01567307 -0.03901686
v 0.01369698 0.01603711 0.03954411
v 0.01369698 0.01603711 -0.03901686
v 0.01327249 0.01639016 0.03954411
v 0.01327249 0.01639016 -0.03901686
v 0.01283890 0.01673198 0.03954411
v 0.01283890 0.01673198 -0.03901686
v 0.01239651 0.01706233 0.03954411
v 0.01239651 0.01706233 -0.03901686
v 0.01194561 0.01738098 0.03954411
v 0.01194561 0.01738098 -0.03901686
v 0.01148654 0.01768772 0.03954411
v 0.01148654 0.01768772 -0.03901686
v 0.01101959 0.01798234 0.03954411
v 0.01101959 0.01798234 -0.03901686
v 0.01054510 0.01826465 0.03954411
v 0.01054510 0.01826465 -0.03901686
v 0.01006337 0.01853442 0.03954411
v 0.01006337 0.01853442 -0.03901686
v 0.00957475 0.01879150 0.03954411
v 0.00957475 0.01879150 -0.03901686
v 0.00907956 0.01903570 0.03954411
v 0.00907956 0.01903570 -0.03901686
v 0.00857816 0.01926685 0.03954411
v 0.00857816 0.01926685 -0.03901686
v 0.00807087 0.01948480 0.03954411
v 0.00807087 0.01948480 -0.03901686
v 0.00755805 0.01968939 0.03954411
v 0.00755805 0.01968939 -0.03901686
v 0.00704005 0.01988049 0.03954411
v 0.00704005 0.01988049 -0.03901686
v 0.00651723 0.02005797 0.03954411
v 0.00651723 0.02005797 -0.03901686
v 0.00598994 0.02022169 0.03954411
v 0.00598994 0.02022169 -0.03901686
v 0.00545854 0.02037157 0.03954411
v 0.00545854 0.02037157 -0.03901686
v 0.00492341 0.02050747 0.03954411
v 0.00492341 0.02050747 -0.03901686
v 0.00438490 0.02062932 0.03954411
v 0.00438490 0.02062932 -0.03901686
v 0.00384338 0.02073704 0.03954411
v 0.00384338 0.02073704 -0.03901686
v 0.00329923 0.02083054 0.03954411
v 0.00329923 0.02083054 -0.03901686
v 0.00275282 0.02090977 0.03954411
v 0.00275282 0.02090977 -0.03901686
v 0.00220453 0.02097466 0.03954411
v 0.00220453 0.02097466 -0.03901686
v 0.00165472 0.02102518 0.03954411
v 0.00165472 0.02102518 -0.03901686
v 0.00110378 0.02106129 0.03954411
v 0.00110378 0.02106129 -0.03901686
v 0.00055208 0.02108297 0.03954411
v 0.00055208 0.02108297 -0.03901686
v 0.00000000 0.02109019 0.03954411
v 0.00000000 0.02109019 -0.03901686
v -0.00055208 0.02108297 0.03954411
v -0.00055208 0.02108297 -0.03901686
v -0.00110378 0.02106129 0.03954411
v -0.00110378 0.02106129 -0.03901686
v -0.00165472 0.02102518 0.03954411
v -0.00165472 0.02102518 -0.03901686
v -0.00220453 0.02097466 0.03954411
v -0.00220453 0.02097466 -0.03901686
v -0.00275282 0.02090977 0.03954411
v -0.00275282 0.02090977 -0.03901686
v -0.00329923 0.02083054 0.03954411
v -0.00329923 0.02083054 -0.03901686
v -0.00384338 0.02073704 0.03954411
v -0.00384338 0.02073704 -0.03901686
v -0.00438490 0.02062932 0.03954411
v -0.00438490 0.02062932 -0.03901686
v -0.00492341 0.02050747 0.03954411
v -0.00492341 0.02050747 -0.03901686
v -0.00545854 0.02037157 0.03954411
v -0.00545854 0.02037157 -0.03901686
v -0.00598994 0.02022169 0.03954411
v -0.00598994 0.02022169 -0.03901686
v -0.00651723 0.02005797 0.03954411
v -0.00651723 0.02005797 -0.03901686
v -0.00704005 0.01988049 0.03954411
v -0.00704005 0.01988049 -0.03901686
v -0.00755805 0.01968939 0.03954411
v -0.00755805 0.01968939 -0.03901686
v -0.00807087 0.01948480 0.03954411
v -0.00807087 0.01948480 -0.03901686
v -0.00857816 0.01926685 0.03954411
v -0.00857816 0.01926685 -0.03901686
v -0.00907956 0.01903570 0.03954411
v -0.00907956 0.01903570 -0.03901686
v -0.00957475 0.01879150 0.03954411
v -0.00957475 0.01879150 -0.03901686
v -0.01006337 0.01853442 0.03954411
v -0.01006337 0.01853442 -0.03901686
v -0.01054510 0.01826465 0.03954411
v -0.01054510 0.01826465 -0.03901686
v -0.01101959 0.01798234 0.03954411
v -0.01101959 0.01798234 -0.03901686
v -0.01148654 0.01768772 0.03954411
v -0.01148654 0.01768772 -0.03901686
v -0.01194561 0.01738098 0.03954411
v -0.01194561 0.01738098 -0.03901686
v -0.01239651 0.01706233 0.03954411
v -0.01239651 0.01706233 -0.03901686
v -0.01283890 0.01673198 0.03954411
v -0.01283890 0.01673198 -0.03901686
v -0.01327249 0.01639016 0.03954411
v -0.01327249 0.01639016 -0.03901686
v -0.01369698 0.01603711 0.03954411
v -0.01369698 0.01603711 -0.03901686
v -0.01411209 0.01567307 0.03954411
v -0.01411209 0.01567307 -0.03901686
v -0.01451753 0.01529829 0.03954411
v -0.01451753 0.01529829 -0.03901686
v -0.01491302 0.01491302 0.03954411
v -0.01491302 0.01491302 -0.03901686
v -0.01529829 0.01451753 0.03954411
v -0.01529829 0.01451753 -0.03901686
v -0.01567307 0.01411209 0.03954411
v -0.01567307 0.01411209 -0.03901686
v -0.01603711 0.01369698 0.03954411
v -0.01603711 0.01369698 -0.03901686
v -0.01639016 0.01327249 0.03954411
v -0.01639016 0.01327249 -0.03901686
v -0.01673198 0.01283890 0.03954411
v -0.01673198 0.01283890 -0.03901686
v -0.01706233 0.01239651 0.03954411
v -0.01706233 0.01239651 -0.03901686
v -0.01738098 0.01194561 0.03954411
v -0.01738098 0.01194561 -0.03901686
v -0.01768772 0.01148654 0.03954411
v -0.01768772 0.01148654 -0.03901686
v -0.01798234 0.01101959 0.03954411
v -0.01798234 0.01101959 -0.03901686
v -0.01826465 0.01054510 0.03954411
v -0.01826465 0.01054510 -0.03901686
v -0.01853442 0.01006337 0.03954411
v -0.01853442 0.01006337 -0.03901686
v -0.01879150 0.00957475 0.03954411
v -0.01879150 0.00957475 -0.03901686
v -0.01903570 0.00907956 0.03954411
v -0.01903570 0.00907956 -0.03901686
v -0.01926685 0.00857816 0.03954411
v -0.01926685 0.00857816 -0.03901686
v -0.01948480 0.00807087 0.03954411
v -0.01948480 0.00807087 -0.03901686
v -0.01968939 0.00755805 0.03954411
v -0.01968939 0.00755805 -0.03901686
v -0.01988049 0.00704005 0.03954411
v -0.01988049 0.00704005 -0.03901686
v -0.02005797 0.00651723 0.03954411
v -0.02005797 0.00651723 -0.03901686
v -0.02022169 0.00598994 0.03954411
v -0.02022169 0.00598994 -0.03901686
v -0.02037157 0.00545854 0.03954411
v -0.02037157 0.00545854 -0.03901686
v -0.02050747 0.00492341 0.03954411
v -0.02050747 0.00492341 -0.03901686
v -0.02062932 0.00438490 0.03954411
v -0.02062932 0.00438490 -0.03901686
v -0.02073704 0.00384338 0.03954411
v -0.02073704 0.00384338 -0.03901686
v -0.02083054 0.00329923 0.03954411
v -0.02083054 0.00329923 -0.03901686
v -0.02090977 0.00275282 0.03954411
v -0.02090977 0.00275282 -0.03901686
v -0.02097466 0.00220453 0.03954411
v -0.02097466 0.00220453 -0.03901686
v -0.02102518 0.00165472 0.03954411
v -0.02102518 0.00165472 -0.03901686
v -0.02106129 0.00110378 0.03954411
v -0.02106129 0.00110378 -0.03901686
v -0.02108297 0.00055208 0.03954411
v -0.02108297 0.00055208 -0.03901686
v -0.02109019 0.00000000 0.03954411
v -0.02109019 0.00000000 -0.03901686
v -0.02108297 -0.00055208 0.03954411
v -0.02108297 -0.00055208 -0.03901686
v -0.02106129 -0.00110378 0.03954411
v -0.02106129 -0.00110378 -0.03901686
v -0.02102518 -0.00165472 0.03954411
v -0.02102518 -0.00165472 -0.03901686
v -0.02097466 -0.00220453 0.03954411
v -0.02097466 -0.00220453 -0.03901686
v -0.02090977 -0.00275282 0.03954411
v -0.02090977 -0.00275282 -0.03901686
v -0.02083054 -0.00329923 0.03954411
v -0.02083054 -0.00329923 -0.03901686
v -0.02073704 -0.00384338 0.03954411
v -0.02073704 -0.00384338 -0.03901686
v -0.02062932 -0.00438490 0.03954411
v -0.02062932 -0.00438490 -0.03901686
v -0.02050747 -0.00492341 0.03954411
v -0.02050747 -0.00492341 -0.03901686
v -0.02037157 -0.00545854 0.03954411
v -0.02037157 -0.00545854 -0.03901686
v -0.02022169 -0.00598994 0.03954411
v -0.02022169 -0.00598994 -0.03901686
v -0.02005797 -0.00651723 0.03954411
v -0.02005797 -0.00651723 -0.03901686
v -0.01988049 -0.00704005 0.03954411
v -0.01988049 -0.00704005 -0.03901686
v -0.01968939 -0.00755805 0.03954411
v -0.01968939 -0.00755805 -0.03901686
v -0.01948480 -0.00807087 0.03954411
v -0.01948480 -0.00807087 -0.03901686
v -0.01926685 -0.00857816 0.03954411
v -0.01926685 -0.00857816 -0.03901686
v -0.01903570 -0.00907956 0.03954411
v -0.01903570 -0.00907956 -0.03901686
v -0.01879150 -0.00957475 0.03954411
v -0.01879150 -0.00957475 -0.03901686
v -0.01853442 -0.01006337 0.03954411
v -0.01853442 -0.01006337 -0.03901686
v -0.01826465 -0.01054510 0.03954411
v -0.01826465 -0.01054510 -0.03901686
v -0.01798234 -0.01101959 0.03954411
v -0.01798234 -0.01101959 -0.03901686
v -0.01768772 -0.01148654 0.03954411
v -0.01768772 -0.01148654 -0.03901686
v -0.01738098 -0.01194561 0.03954411
v -0.01738098 -0.01194561 -0.03901686
v -0.01706233 -0.01239651 0.03954411
v -0.01706233 -0.01239651 -0.03901686
v -0.01673198 -0.01283890 0.03954411
v -0.01673198 -0.01283890 -0.03901686
v -0.01639016 -0.01327249 0.03954411
v -0.01639016 -0.01327249 -0.03901686
v -0.01603711 -0.01369698 0.03954411
v -0.01603711 -0.01369698 -0.03901686
v -0.01567307 -0.01411209 0.03954411
v -0.01567307 -0.01411209 -0.03901686
v -0.01529829 -0.01451753 0.03954411
v -0.01529829 -0.01451753 -0.03901686
v -0.01491302 -0.01491302 0.03954411
v -0.01491302 -0.01491302 -0.03901686
v -0.01451753 -0.01529829 0.03954411
v -0.01451753 -0.01529829 -0.03901686
v -0.01411209 -0.01567307 0.03954411
v -0.01411209 -0.01567307 -0.03901686
v -0.01369698 -0.01603711 0.03954411
v -0.01369698 -0.01603711 -0.03901686
v -0.01327249 -0.01639016 0.03954411
v -0.01327249 -0.01639016 -0.03901686
v -0.01283890 -0.01673198 0.03954411
v -0.01283890 -0.01673198 -0.03901686
v -0.01239651 -0.01706233 0.03954411
v -0.01239651 -0.01706233 -0.03901686
v -0.01194561 -0.01738098 0.03954411
v -0.01194561 -0.01738098 -0.03901686
v -0.01148654 -0.01768772 0.03954411
v -0.01148654 -0.01768772 -0.03901686
v -0.01101959 -0.01798234 0.03954411
v -0.01101959 -0.01798234 -0.03901686
v -0.01054510 -0.01826465 0.03954411
v -0.01054510 -0.01826465 -0.03901686
v -0.01006337 -0.01853442 0.03954411
v -0.01006337 -0.01853442 -0.03901686
v -0.00957475 -0.01879150 0.03954411
v -0.00957475 -0.01879150 -0.03901686
v -0.00907956 -0.01903570 0.03954411
v -0.00907956 -0.01903570 -0.03901686
v -0.00857816 -0.01926685 0.03954411
v -0.00857816 -0.01926685 -0.03901686
v -0.00807087 -0.01948480 0.03954411
v -0.00807087 -0.01948480 -0.03901686
v -0.00755805 -0.01968939 0.03954411
v -0.00755805 -0.01968939 -0.03901686
v -0.00704005 -0.01988049 0.03954411
v -0.00704005 -0.01988049 -0.03901686
v -0.00651723 -0.02005797 0.03954411
v -0.00651723 -0.02005797 -0.03901686
v -0.00598994 -0.02022169 0.03954411
v -0.00598994 -0.02022169 -0.03901686
v -0.00545854 -0.02037157 0.03954411
v -0.00545854 -0.02037157 -0.03901686
v -0.00492341 -0.02050747 0.03954411
v -0.00492341 -0.02050747 -0.03901686
v -0.00438490 -0.02062932 0.03954411
v -0.00438490 -0.02062932 -0.03901686
v -0.00384338 -0.02073704 0.03954411
v -0.00384338 -0.02073704 -0.03901686
v -0.00329923 -0.02083054 0.03954411
v -0.00329923 -0.02083054 -0.03901686
v -0.00275282 -0.02090977 0.03954411
v -0.00275282 -0.02090977 -0.03901686
v -0.00220453 -0.02097466 0.03954411
v -0.00220453 -0.02097466 -0.03901686
v -0.00165472 -0.02102518 0.03954411
v -0.00165472 -0.02102518 -0.03901686
v -0.00110378 -0.02106129 0.03954411
v -0.00110378 -0.02106129 -0.03901686
v -0.00055208 -0.02108297 0.03954411
v -0.00055208 -0.02108297 -0.03901686
v -0.00000000 -0.02109019 0.03954411
v -0.00000000 -0.02109019 -0.03901686
v 0.00055208 -0.02108297 0.03954411
v 0.00055208 -0.02108297 -0.03901686
v 0.00110378 -0.02106129 0.03954411
v 0.00110378 -0.02106129 -0.03901686
v 0.00165472 -0.02102518 0.03954411
v 0.00165472 -0.02102518 -0.03901686
v 0.00220453 -0.02097466 0.03954411
v 0.00220453 -0.02097466 -0.03901686
v 0.00275282 -0.02090977 0.03954411
v 0.00275282 -0.02090977 -0.03901686
v 0.00329923 -0.02083054 0.03954411
v 0.00329923 -0.02083054 -0.03901686
v 0.00384338 -0.02073704 0.03954411
v 0.00384338 -0.02073704 -0.03901686
v 0.00438490 -0.02062932 0.03954411
v 0.00438490 -0.02062932 -0.03901686
v 0.00492341 -0.02050747 0.03954411
v 0.00492341 -0.02050747 -0.03901686
v 0.00545854 -0.02037157 0.03954411
v 0.00545854 -0.02037157 -0.03901686
v 0.00598994 -0.02022169 0.03954411
v 0.00598994 -0.02022169 -0.03901686
v 0.00651723 -0.02005797 0.03954411
v 0.00651723 -0.02005797 -0.03901686
v 0.00704005 -0.01988049 0.03954411
v 0.00704005 -0.01988049 -0.03901686
v 0.00755805 -0.01968939 0.03954411
v 0.00755805 -0.01968939 -0.03901686
v 0.00807087 -0.01948480 0.03954411
v 0.00807087 -0.01948480 -0.03901686
v 0.00857816 -0.01926685 0.03954411
v 0.00857816 -0.01926685 -0.03901686
v 0.00907956 -0.01903570 0.03954411
v 0.00907956 -0.01903570 -0.03901686
v 0.00957475 -0.01879150 0.03954411
v 0.00957475 -0.01879150 -0.03901686
v 0.01006337 -0.01853442 0.03954411
v 0.01006337 -0.01853442 -0.03901686
v 0.01054510 -0.01826465 0.03954411
v 0.01054510 -0.01826465 -0.03901686
v 0.01101959 -0.01798234 0.03954411
v 0.01101959 -0.01798234 -0.03901686
v 0.01148654 -0.01768772 0.03954411
v 0.01148654 -0.01768772 -0.03901686
v 0.01194561 -0.01738098 0.03954411
v 0.01194561 -0.01738098 -0.03901686
v 0.01239651 -0.01706233 0.03954411
v 0.01239651 -0.01706233 -0.03901686
v 0.01283890 -0.01673198 0.03954411
v 0.01283890 -0.01673198 -0.03901686
v 0.01327249 -0.01639016 0.03954411
v 0.01327249 -0.01639016 -0.03901686
v 0.01369698 -0.01603711 0.03954411
v 0.01369698 -0.01603711 -0.03901686
v 0.01411209 -0.01567307 0.03954411
v 0.01411209 -0.01567307 -0.03901686
v 0.01451753 -0.01529829 0.03954411
v 0.01451753 -0.01529829 -0.03901686
v 0.01491302 -0.01491302 0.03954411
v 0.01491302 -0.01491302 -0.03901686
v 0.01529829 -0.01451753 0.03954411
v 0.01529829 -0.01451753 -0.03901686
v 0.01567307 -0.01411209 0.03954411
v 0.01567307 -0.01411209 -0.03901686
v 0.01603711 -0.01369698 0.03954411
v 0.01603711 -0.01369698 -0.03901686
v 0.01639016 -0.01327249 0.03954411
v 0.01639016 -0.01327249 -0.03901686
v 0.01673198 -0.01283890 0.03954411
v 0.01673198 -0.01283890 -0.03901686
v 0.01706233 -0.01239651 0.03954411
v 0.01706233 -0.01239651 -0.03901686
v 0.01738098 -0.01194561 0.03954411
v 0.01738098 -0.01194561 -0.03901686
v 0.01768772 -0.01148654 0.03954411
v 0.01768772 -0.01148654 -0.03901686
v 0.01798234 -0.01101959 0.03954411
v 0.01798234 -0.01101959 -0.03901686
v 0.01826465 -0.01054510 0.03954411
v 0.01826465 -0.01054510 -0.03901686
v 0.01853442 -0.01006337 0.03954411
v 0.01853442 -0.01006337 -0.03901686
v 0.01879150 -0.00957475 0.03954411
v 0.01879150 -0.00957475 -0.03901686
v 0.01903570 -0.00907956 0.03954411
v 0.01903570 -0.00907956 -0.03901686
v 0.01926685 -0.00857816 0.03954411
v 0.01926685 -0.00857816 -0.03901686
v 0.01948480 -0.00807087 0.03954411
v 0.01948480 -0.00807087 -0.03901686
v 0.01968939 -0.00755805 0.03954411
v 0.01968939 -0.00755805 -0.03901686
v 0.01988049 -0.00704005 0.03954411
v 0.01988049 -0.00704005 -0.03901686
v 0.02005797 -0.00651723 0.03954411
v 0.02005797 -0.00651723 -0.03901686
v 0.02022169 -0.00598994 0.03954411
v 0.02022169 -0.00598994 -0.03901686
v 0.02037157 -0.00545854 0.03954411
v 0.02037157 -0.00545854 -0.03901686
v 0.02050747 -0.00492341 0.03954411
v 0.02050747 -0.00492341 -0.03901686
v 0.02062932 -0.00438490 0.03954411
v 0.02062932 -0.00438490 -0.03901686
v 0.02073704 -0.00384338 0.03954411
v 0.02073704 -0.00384338 -0.03901686
v 0.02083054 -0.00329923 0.03954411
v 0.02083054 -0.00329923 -0.03901686
v 0.02090977 -0.00275282 0.03954411
v 0.02090977 -0.00275282 -0.03901686
v 0.02097466 -0.00220453 0.03954411
v 0.02097466 -0.00220453 -0.03901686
v 0.02102518 -0.00165472 0.03954411
v 0.02102518 -0.00165472 -0.03901686
v 0.02106129 -0.00110378 0.03954411
v 0.02106129 -0.00110378 -0.03901686
v 0.02108297 -0.00055208 0.03954411
v 0.02108297 -0.00055208 -0.03901686
v -0.00000000 0.00000000 -0.03954411
v -0.00000000 0.00000000 -0.03901686
vn 0.71003006 0.00000000 -0.70417136
vn 0.70978439 0.01858547 -0.70417377
vn 0.70978439 0.01858547 -0.70417377
vn 0.71003006 -0.00000000 -0.70417136
vn 0.70905758 0.03716026 -0.70417076
vn 0.70905758 0.03716026 -0.70417076
vn 0.70783841 0.05570754 -0.70417430
vn 0.70783841 0.05570754 -0.70417430
vn 0.70614121 0.07421742 -0.70417070
vn 0.70614121 0.07421742 -0.70417070
vn 0.70395333 0.09267783 -0.70417365
vn 0.70395333 0.09267783 -0.70417365
vn 0.70128848 0.11107383 -0.70417120
vn 0.70128848 0.11107383 -0.70417120
vn 0.69813822 0.12939316 -0.70417359
vn 0.69813822 0.12939316 -0.70417359
vn 0.69451379 0.14762092 -0.70417233
vn 0.69451379 0.14762092 -0.70417233
vn 0.69041135 0.16575072 -0.70417247
vn 0.69041135 0.16575072 -0.70417247
vn 0.68583621 0.18377208 -0.70417080
vn 0.68583621 0.18377208 -0.70417080
vn 0.68078752 0.20166236 -0.70417373
vn 0.68078752 0.20166236 -0.70417373
vn 0.67527787 0.21940794 -0.70417324
vn 0.67527787 0.21940794 -0.70417324
vn 0.66930449 0.23701188 -0.70417105
vn 0.66930449 0.23701188 -0.70417105
vn 0.66286823 0.25445172 -0.70417329
vn 0.66286823 0.25445172 -0.70417329
vn 0.65598222 0.27171359 -0.70417260
vn 0.65598222 0.27171359 -0.70417260
vn 0.64864460 0.28879667 -0.70417091
vn 0.64864460 0.28879667 -0.70417091
vn 0.64085928 0.30567951 -0.70417287
vn 0.64085928 0.30567951 -0.70417287
vn 0.63263984 0.32234417 -0.70417404
vn 0.63263984 0.32234417 -0.70417404
vn 0.62398842 0.33879301 -0.70417167
vn 0.62398842 0.33879301 -0.70417167
vn 0.61490272 0.35501924 -0.70417043
vn 0.61490272 0.35501924 -0.70417043
vn 0.60539564 0.37099044 -0.70417485
vn 0.60539564 0.37099044 -0.70417485
vn 0.59548225 0.38670820 -0.70417161
vn 0.59548225 0.38670820 -0.70417161
vn 0.58515276 0.40216677 -0.70417196
vn 0.58515276 0.40216677 -0.70417196
vn 0.57442487 0.41734329 -0.70417373
vn 0.57442487 0.41734329 -0.70417373
vn 0.56330614 0.43223629 -0.70417184
vn 0.56330614 0.43223629 -0.70417184
vn 0.55179644 0.44683594 -0.70417209
vn 0.55179644 0.44683594 -0.70417209
vn 0.53991046 0.46112576 -0.70417309
vn 0.53991046 0.46112576 -0.70417309
vn 0.52765453 0.47510403 -0.70417104
vn 0.52765453 0.47510403 -0.70417104
vn 0.51503504 0.48875154 -0.70417387
vn 0.51503504 0.48875154 -0.70417387
vn 0.50206709 0.50206709 -0.70417133
vn 0.50206709 0.50206709 -0.70417133
vn 0.48875154 0.51503504 -0.70417387
vn 0.48875154 0.51503504 -0.70417387
vn 0.47510403 0.52765453 -0.70417104
vn 0.47510403 0.52765453 -0.70417104
vn 0.46112576 0.53991046 -0.70417309
vn 0.46112576 0.53991046 -0.70417309
vn 0.44683594 0.55179644 -0.70417209
vn 0.44683594 0.55179644 -0.70417209
vn 0.43223629 0.56330614 -0.70417184
vn 0.43223629 0.56330614 -0.70417184
vn 0.41734329 0.57442487 -0.70417373
vn 0.41734329 0.57442487 -0.70417373
vn 0.40216677 0.58515276 -0.70417196
vn 0.40216677 0.58515276 -0.70417196
vn 0.38670820 0.59548225 -0.70417161
vn 0.38670820 0.59548225 -0.70417161
vn 0.37099044 0.60539564 -0.70417485
vn 0.37099044 0.60539564 -0.70417485
vn 0.35501924 0.61490272 -0.70417043
vn 0.35501924 0.61490272 -0.70417043
vn 0.33879301 0.62398842 -0.70417167
vn 0.33879301 0.62398842 -0.70417167
vn 0.32234417 0.63263984 -0.70417404
vn 0.32234417 0.63263984 -0.70417404
vn 0.30567951 0.64085928 -0.70417287
vn 0.30567951 0.64085928 -0.70417287
vn 0.28879667 0.64864460 -0.70417091
vn 0.28879667 0.64864460 -0.70417091
vn 0.27171359 0.65598222 -0.70417260
vn 0.27171359 0.65598222 -0.70417260
vn 0.25445172 0.66286823 -0.70417329
vn 0.25445172 0.66286823 -0.70417329
vn 0.23701188 0.66930449 -0.70417105
vn 0.23701188 0.66930449 -0.70417105
vn 0.21940794 0.67527787 -0.70417324
vn 0.21940794 0.67527787 -0.70417324
vn 0.20166236 0.68078752 -0.70417373
vn 0.20166236 0.68078752 -0.70417373
vn 0.18377208 0.68583621 -0.70417080
vn 0.18377208 0.68583621 -0.70417080
vn 0.16575072 0.69041135 -0.70417247
vn 0.16575072 0.69041135 -0.70417247
vn 0.14762092 0.69451379 -0.70417233
vn 0.14762092 0.69451379 -0.70417233
vn 0.12939316 0.69813822 -0.70417359
vn 0.12939316 0.69813822 -0.70417359
vn 0.11107383 0.70128848 -0.70417120
vn 0.11107383 0.70128848 -0.70417120
vn 0.09267783 0.70395333 -0.70417365
vn 0.09267783 0.70395333 -0.70417365
vn 0.07421742 0.70614121 -0.70417070
vn 0.07421742 0.70614121 -0.70417070
vn 0.05570754 0.70783841 -0.70417430
vn 0.05570754 0.70783841 -0.70417430
vn 0.03716026 0.70905758 -0.70417076
vn 0.03716026 0.70905758 -0.70417076
vn 0.01858547 0.70978439 -0.70417377
vn 0.01858547 0.70978439 -0.70417377
vn 0.00000000 0.71003006 -0.70417136
vn 0.00000000 0.71003006 -0.70417136
vn -0.01858547 0.70978439 -0.70417377
vn -0.01858547 0.70978439 -0.70417377
vn -0.03716026 0.70905758 -0.70417076
vn -0.03716026 0.70905758 -0.70417076
vn -0.05570754 0.70783841 -0.70417430
vn -0.05570754 0.70783841 -0.70417430
vn -0.07421742 0.70614121 -0.70417070
vn -0.07421742 0.70614121 -0.70417070
vn -0.09267783 0.70395333 -0.70417365
vn -0.09267783 0.70395333 -0.70417365
vn -0.11107383 0.70128848 -0.70417120
vn -0.11107383 0.70128848 -0.70417120
vn -0.12939316 0.69813822 -0.70417359
vn -0.12939316 0.69813822 -0.70417359
vn -0.14762092 0.69451379 -0.70417233
vn -0.14762092 0.69451379 -0.70417233
vn -0.16575072 0.69041135 -0.70417247
vn -0.16575072 0.69041135 -0.70417247
vn -0.18377208 0.68583621 -0.70417080
vn -0.18377208 0.68583621 -0.70417080
vn -0.20166236 0.68078752 -0.70417373
vn -0.20166236 0.68078752 -0.70417373
vn -0.21940794 0.67527787 -0.70417324
vn -0.21940794 0.67527787 -0.70417324
vn -0.23701188 0.66930449 -0.70417105
vn -0.23701188 0.66930449 -0.70417105
vn -0.25445172 0.66286823 -0.70417329
vn -0.25445172 0.66286823 -0.70417329
vn -0.27171359 0.65598222 -0.70417260
vn -0.27171359 0.65598222 -0.70417260
vn -0.28879667 0.64864460 -0.70417091
vn -0.28879667 0.64864460 -0.70417091
vn -0.30567951 0.64085928 -0.70417287
vn -0.30567951 0.64085928 -0.70417287
vn -0.32234417 0.63263984 -0.70417404
vn -0.32234417 0.63263984 -0.70417404
vn -0.33879301 0.62398842 -0.70417167
vn -0.33879301 0.62398842 -0.70417167
vn -0.35501924 0.61490272 -0.70417043
vn -0.35501924 0.61490272 -0.70417043
vn -0.37099044 0.60539564 -0.70417485
vn -0.37099044 0.60539564 -0.70417485
vn -0.38670820 0.59548225 -0.70417161
vn -0.38670820 0.59548225 -0.70417161
vn -0.40216677 0.58515276 -0.70417196
vn -0.40216677 0.58515276 -0.70417196
vn -0.41734329 0.57442487 -0.70417373
vn -0.41734329 0.57442487 -0.70417373
vn -0.43223629 0.56330614 -0.70417184
vn -0.43223629 0.56330614 -0.70417184
vn -0.44683594 0.55179644 -0.70417209
vn -0.44683594 0.55179644 -0.70417209
vn -0.46112576 0.53991046 -0.70417309
vn -0.46112576 0.53991046 -0.70417309
vn -0.47510403 0.52765453 -0.70417104
vn -0.47510403 0.52765453 -0.70417104
vn -0.48875154 0.51503504 -0.70417387
vn -0.48875154 0.51503504 -0.70417387
vn -0.50206709 0.50206709 -0.70417133
vn -0.50206709 0.50206709 -0.70417133
vn -0.51503504 0.48875154 -0.70417387
vn -0.51503504 0.48875154 -0.70417387
vn -0.52765453 0.47510403 -0.70417104
vn -0.52765453 0.47510403 -0.70417104
vn -0.53991046 0.46112576 -0.70417309
vn -0.53991046 0.46112576 -0.70417309
vn -0.55179644 0.44683594 -0.70417209
vn -0.55179644 0.44683594 -0.70417209
vn -0.56330614 0.43223629 -0.70417184
vn -0.56330614 0.43223629 -0.70417184
vn -0.57442487 0.41734329 -0.70417373
vn -0.57442487 0.41734329 -0.70417373
vn -0.58515276 0.40216677 -0.70417196
vn -0.58515276 0.40216677 -0.70417196
vn -0.59548225 0.38670820 -0.70417161
vn -0.59548225 0.38670820 -0.70417161
vn -0.60539564 0.37099044 -0.70417485
vn -0.60539564 0.37099044 -0.70417485
vn -0.61490272 0.35501924 -0.70417043
vn -0.61490272 0.35501924 -0.70417043
vn -0.62398842 0.33879301 -0.70417167
vn -0.62398842 0.33879301 -0.70417167
vn -0.63263984 0.32234417 -0.70417404
vn -0.63263984 0.32234417 -0.70417404
vn -0.64085928 0.30567951 -0.70417287
vn -0.64085928 0.30567951 -0.70417287
vn -0.64864460 0.28879667 -0.70417091
vn -0.64864460 0.28879667 -0.70417091
vn -0.65598222 0.27171359 -0.70417260
vn -0.65598222 0.27171359 -0.70417260
vn -0.66286823 0.25445172 -0.70417329
vn -0.66286823 0.25445172 -0.70417329
vn -0.66930449 0.23701188 -0.70417105
vn -0.66930449 0.23701188 -0.70417105
vn -0.67527787 0.21940794 -0.70417324
vn -0.67527787 0.21940794 -0.70417324
vn -0.68078752 0.20166236 -0.70417373
vn -0.68078752 0.20166236 -0.70417373
vn -0.68583621 0.18377208 -0.70417080
vn -0.68583621 0.18377208 -0.70417080
vn -0.69041135 0.16575072 -0.70417247
vn -0.69041135 0.16575072 -0.70417247
vn -0.69451379 0.14762092 -0.70417233
vn -0.69451379 0.14762092 -0.70417233
vn -0.69813822 0.12939316 -0.70417359
vn -0.69813822 0.12939316 -0.70417359
vn -0.70128848 0.11107383 -0.70417120
vn -0.70128848 0.11107383 -0.70417120
vn -0.70395333 0.09267783 -0.70417365
vn -0.70395333 0.09267783 -0.70417365
vn -0.70614121 0.07421742 -0.70417070
vn -0.70614121 0.07421742 -0.70417070
vn -0.70783841 0.05570754 -0.70417430
vn -0.70783841 0.05570754 -0.70417430
vn -0.70905758 0.03716026 -0.70417076
vn -0.70905758 0.03716026 -0.70417076
vn -0.70978439 0.01858547 -0.70417377
vn -0.70978439 0.01858547 -0.70417377
vn -0.71003006 0.00000000 -0.70417136
vn -0.71003006 0.00000000 -0.70417136
vn -0.70978439 -0.01858547 -0.70417377
vn -0.70978439 -0.01858547 -0.70417377
vn -0.70905758 -0.03716026 -0.70417076
vn -0.70905758 -0.03716026 -0.70417076
vn -0.70783841 -0.05570754 -0.70417430
vn -0.70783841 -0.05570754 -0.70417430
vn -0.70614121 -0.07421742 -0.70417070
vn -0.70614121 -0.07421742 -0.70417070
vn -0.70395333 -0.09267783 -0.70417365
vn -0.70395333 -0.09267783 -0.70417365
vn -0.70128848 -0.11107383 -0.70417120
vn -0.70128848 -0.11107383 -0.70417120
vn -0.69813822 -0.12939316 -0.70417359
vn -0.69813822 -0.12939316 -0.70417359
vn -0.69451379 -0.14762092 -0.70417233
vn -0.69451379 -0.14762092 -0.70417233
vn -0.69041135 -0.16575072 -0.70417247
vn -0.69041135 -0.16575072 -0.70417247
vn -0.68583621 -0.18377208 -0.70417080
vn -0.68583621 -0.18377208 -0.70417080
vn -0.68078752 -0.20166236 -0.70417373
vn -0.68078752 -0.20166236 -0.70417373
vn -0.67527787 -0.21940794 -0.70417324
vn -0.67527787 -0.21940794 -0.70417324
vn -0.66930449 -0.23701188 -0.70417105
vn -0.66930449 -0.23701188 -0.70417105
vn -0.66286823 -0.25445172 -0.70417329
vn -0.66286823 -0.25445172 -0.70417329
vn -0.65598222 -0.27171359 -0.70417260
vn -0.65598222 -0.27171359 -0.70417260
vn -0.64864460 -0.28879667 -0.70417091
vn -0.64864460 -0.28879667 -0.70417091
vn -0.64085928 -0.30567951 -0.70417287
vn -0.64085928 -0.30567951 -0.70417287
vn -0.63263984 -0.32234417 -0.70417404
vn -0.63263984 -0.32234417 -0.70417404
vn -0.62398842 -0.33879301 -0.70417167
vn -0.62398842 -0.33879301 -0.70417167
vn -0.61490272 -0.35501924 -0.70417043
vn -0.61490272 -0.35501924 -0.70417043
vn -0.60539564 -0.37099044 -0.70417485
vn -0.60539564 -0.37099044 -0.70417485
vn -0.59548225 -0.38670820 -0.70417161
vn -0.59548225 -0.38670820 -0.70417161
vn -0.58515276 -0.40216677 -0.70417196
vn -0.58515276 -0.40216677 -0.70417196
vn -0.57442487 -0.41734329 -0.70417373
vn -0.57442487 -0.41734329 -0.70417373
vn -0.56330614 -0.43223629 -0.70417184
vn -0.56330614 -0.43223629 -0.70417184
vn -0.55179644 -0.44683594 -0.70417209
vn -0.55179644 -0.44683594 -0.70417209
vn -0.53991046 -0.46112576 -0.70417309
vn -0.53991046 -0.46112576 -0.70417309
vn -0.52765453 -0.47510403 -0.70417104
vn -0.52765453 -0.47510403 -0.70417104
vn -0.51503504 -0.48875154 -0.70417387
vn -0.51503504 -0.48875154 -0.70417387
vn -0.50206709 -0.50206709 -0.70417133
vn -0.50206709 -0.50206709 -0.70417133
vn -0.48875154 -0.51503504 -0.70417387
vn -0.48875154 -0.51503504 -0.70417387
vn -0.47510403 -0.52765453 -0.70417104
vn -0.47510403 -0.52765453 -0.70417104
vn -0.46112576 -0.53991046 -0.70417309
vn -0.46112576 -0.53991046 -0.70417309
vn -0.44683594 -0.55179644 -0.70417209
vn -0.44683594 -0.55179644 -0.70417209
vn -0.43223629 -0.56330614 -0.70417184
vn -0.43223629 -0.56330614 -0.70417184
vn -0.41734329 -0.57442487 -0.70417373
vn -0.41734329 -0.57442487 -0.70417373
vn -0.40216677 -0.58515276 -0.70417196
vn -0.40216677 -0.58515276 -0.70417196
vn -0.38670820 -0.59548225 -0.70417161
vn -0.38670820 -0.59548225 -0.70417161
vn -0.37099044 -0.60539564 -0.70417485
vn -0.37099044 -0.60539564 -0.70417485
vn -0.35501924 -0.61490272 -0.70417043
vn -0.35501924 -0.61490272 -0.70417043
vn -0.33879301 -0.62398842 -0.70417167
vn -0.33879301 -0.62398842 -0.70417167
vn -0.32234417 -0.63263984 -0.70417404
vn -0.32234417 -0.63263984 -0.70417404
vn -0.30567951 -0.64085928 -0.70417287
vn -0.30567951 -0.64085928 -0.70417287
vn -0.28879667 -0.64864460 -0.70417091
vn -0.28879667 -0.64864460 -0.70417091
vn -0.27171359 -0.65598222 -0.70417260
vn -0.27171359 -0.65598222 -0.70417260
vn -0.25445172 -0.66286823 -0.70417329
vn -0.25445172 -0.66286823 -0.70417329
vn -0.23701188 -0.66930449 -0.70417105
vn -0.23701188 -0.66930449 -0.70417105
vn -0.21940794 -0.67527787 -0.70417324
vn -0.21940794 -0.67527787 -0.70417324
vn -0.20166236 -0.68078752 -0.70417373
vn -0.20166236 -0.68078752 -0.70417373
vn -0.18377208 -0.68583621 -0.70417080
vn -0.18377208 -0.68583621 -0.70417080
vn -0.16575072 -0.69041135 -0.70417247
vn -0.16575072 -0.69041135 -0.70417247
vn -0.14762092 -0.69451379 -0.70417233
vn -0.14762092 -0.69451379 -0.70417233
vn -0.12939316 -0.69813822 -0.70417359
vn -0.12939316 -0.69813822 -0.70417359
vn -0.11107383 -0.70128848 -0.70417120
vn -0.11107383 -0.70128848 -0.70417120
vn -0.09267783 -0.70395333 -0.70417365
vn -0.09267783 -0.70395333 -0.70417365
vn -0.07421742 -0.70614121 -0.70417070
vn -0.07421742 -0.70614121 -0.70417070
vn -0.05570754 -0.70783841 -0.70417430
vn -0.05570754 -0.70783841 -0.70417430
vn -0.03716026 -0.70905758 -0.70417076
vn -0.03716026 -0.70905758 -0.70417076
vn -0.01858547 -0.70978439 -0.70417377
vn -0.01858547 -0.70978439 -0.70417377
vn -0.00000000 -0.71003006 -0.70417136
vn -0.00000000 -0.71003006 -0.70417136
vn 0.01858547 -0.70978439 -0.70417377
vn 0.01858547 -0.70978439 -0.70417377
vn 0.03716026 -0.70905758 -0.70417076
vn 0.03716026 -0.70905758 -0.70417076
vn 0.05570754 -0.70783841 -0.70417430
vn 0.05570754 -0.70783841 -0.70417430
vn 0.07421742 -0.70614121 -0.70417070
vn 0.07421742 -0.70614121 -0.70417070
vn 0.09267783 -0.70395333 -0.70417365
vn 0.09267783 -0.70395333 -0.70417365
vn 0.11107383 -0.70128848 -0.70417120
vn 0.11107383 -0.70128848 -0.70417120
vn 0.12939316 -0.69813822 -0.70417359
vn 0.12939316 -0.69813822 -0.70417359
vn 0.14762092 -0.69451379 -0.70417233
vn 0.14762092 -0.69451379 -0.70417233
vn 0.16575072 -0.69041135 -0.70417247
vn 0.16575072 -0.69041135 -0.70417247
vn 0.18377208 -0.68583621 -0.70417080
vn 0.18377208 -0.68583621 -0.70417080
vn 0.20166236 -0.68078752 -0.70417373
vn 0.20166236 -0.68078752 -0.70417373
vn 0.21940794 -0.67527787 -0.70417324
vn 0.21940794 -0.67527787 -0.70417324
vn 0.23701188 -0.66930449 -0.70417105
vn 0.23701188 -0.66930449 -0.70417105
vn 0.25445172 -0.66286823 -0.70417329
vn 0.25445172 -0.66286823 -0.70417329
vn 0.27171359 -0.65598222 -0.70417260
vn 0.27171359 -0.65598222 -0.70417260
vn 0.28879667 -0.64864460 -0.70417091
vn 0.28879667 -0.64864460 -0.70417091
vn 0.30567951 -0.64085928 -0.70417287
vn 0.30567951 -0.64085928 -0.70417287
vn 0.32234417 -0.63263984 -0.70417404
vn 0.32234417 -0.63263984 -0.70417404
vn 0.33879301 -0.62398842 -0.70417167
vn 0.33879301 -0.62398842 -0.70417167
vn 0.35501924 -0.61490272 -0.70417043
vn 0.35501924 -0.61490272 -0.70417043
vn 0.37099044 -0.60539564 -0.70417485
vn 0.37099044 -0.60539564 -0.70417485
vn 0.38670820 -0.59548225 -0.70417161
vn 0.38670820 -0.59548225 -0.70417161
vn 0.40216677 -0.58515276 -0.70417196
vn 0.40216677 -0.58515276 -0.70417196
vn 0.41734329 -0.57442487 -0.70417373
vn 0.41734329 -0.57442487 -0.70417373
vn 0.43223629 -0.56330614 -0.70417184
vn 0.43223629 -0.56330614 -0.70417184
vn 0.44683594 -0.55179644 -0.70417209
vn 0.44683594 -0.55179644 -0.70417209
vn 0.46112576 -0.53991046 -0.70417309
vn 0.46112576 -0.53991046 -0.70417309
vn 0.47510403 -0.52765453 -0.70417104
vn 0.47510403 -0.52765453 -0.70417104
vn 0.48875154 -0.51503504 -0.70417387
vn 0.48875154 -0.51503504 -0.70417387
vn 0.50206709 -0.50206709 -0.70417133
vn 0.50206709 -0.50206709 -0.70417133
vn 0.51503504 -0.48875154 -0.70417387
vn 0.51503504 -0.48875154 -0.70417387
vn 0.52765453 -0.47510403 -0.70417104
vn 0.52765453 -0.47510403 -0.70417104
vn 0.53991046 -0.46112576 -0.70417309
vn 0.53991046 -0.46112576 -0.70417309
vn 0.55179644 -0.44683594 -0.70417209
vn 0.55179644 -0.44683594 -0.70417209
vn 0.56330614 -0.43223629 -0.70417184
vn 0.56330614 -0.43223629 -0.70417184
vn 0.57442487 -0.41734329 -0.70417373
vn 0.57442487 -0.41734329 -0.70417373
vn 0.58515276 -0.40216677 -0.70417196
vn 0.58515276 -0.40216677 -0.70417196
vn 0.59548225 -0.38670820 -0.70417161
vn 0.59548225 -0.38670820 -0.70417161
vn 0.60539564 -0.37099044 -0.70417485
vn 0.60539564 -0.37099044 -0.70417485
vn 0.61490272 -0.35501924 -0.70417043
vn 0.61490272 -0.35501924 -0.70417043
vn 0.62398842 -0.33879301 -0.70417167
vn 0.62398842 -0.33879301 -0.70417167
vn 0.63263984 -0.32234417 -0.70417404
vn 0.63263984 -0.32234417 -0.70417404
vn 0.64085928 -0.30567951 -0.70417287
vn 0.64085928 -0.30567951 -0.70417287
vn 0.64864460 -0.28879667 -0.70417091
vn 0.64864460 -0.28879667 -0.70417091
vn 0.65598222 -0.27171359 -0.70417260
vn 0.65598222 -0.27171359 -0.70417260
vn 0.66286823 -0.25445172 -0.70417329
vn 0.66286823 -0.25445172 -0.70417329
vn 0.66930449 -0.23701188 -0.70417105
vn 0.66930449 -0.23701188 -0.70417105
vn 0.67527787 -0.21940794 -0.70417324
vn 0.67527787 -0.21940794 -0.70417324
vn 0.68078752 -0.20166236 -0.70417373
vn 0.68078752 -0.20166236 -0.70417373
vn 0.68583621 -0.18377208 -0.70417080
vn 0.68583621 -0.18377208 -0.70417080
vn 0.69041135 -0.16575072 -0.70417247
vn 0.69041135 -0.16575072 -0.70417247
vn 0.69451379 -0.14762092 -0.70417233
vn 0.69451379 -0.14762092 -0.70417233
vn 0.69813822 -0.12939316 -0.70417359
vn 0.69813822 -0.12939316 -0.70417359
vn 0.70128848 -0.11107383 -0.70417120
vn 0.70128848 -0.11107383 -0.70417120
vn 0.70395333 -0.09267783 -0.70417365
vn 0.70395333 -0.09267783 -0.70417365
vn 0.70614121 -0.07421742 -0.70417070
vn 0.70614121 -0.07421742 -0.70417070
vn 0.70783841 -0.05570754 -0.70417430
vn 0.70783841 -0.05570754 -0.70417430
vn 0.70905758 -0.03716026 -0.70417076
vn 0.70905758 -0.03716026 -0.70417076
vn 0.70978439 -0.01858547 -0.70417377
vn 0.70978439 -0.01858547 -0.70417377
vn 0.71002753 -0.00000000 0.70417392
vn 0.70389327 0.01843256 -0.71006655
vn 0.70413778 0.00000000 -0.71006337
vn 0.70978731 0.01858691 0.70417079
vn 0.70317304 0.03685185 -0.71006310
vn 0.70905420 0.03716007 0.70417418
vn 0.70196463 0.05524395 -0.71006603
vn 0.70784149 0.05570645 0.70417130
vn 0.70027931 0.07360268 -0.71006446
vn 0.70613894 0.07421856 0.70417285
vn 0.69811228 0.09190750 -0.71006497
vn 0.70395479 0.09267667 0.70417235
vn 0.69546675 0.11015168 -0.71006522
vn 0.70128760 0.11107362 0.70417210
vn 0.69234423 0.12832186 -0.71006546
vn 0.69813944 0.12939597 0.70417186
vn 0.68875068 0.14639877 -0.71006331
vn 0.69451161 0.14762330 0.70417398
vn 0.68468143 0.16437378 -0.71006521
vn 0.69041200 0.16574954 0.70417211
vn 0.68014029 0.18224718 -0.71006700
vn 0.68583631 0.18377346 0.70417034
vn 0.67514155 0.19998862 -0.71006228
vn 0.68078667 0.20166081 0.70417499
vn 0.66967353 0.21758690 -0.71006571
vn 0.67527943 0.21940834 0.70417162
vn 0.66374860 0.23504452 -0.71006469
vn 0.66930300 0.23701143 0.70417262
vn 0.65736705 0.25233997 -0.71006556
vn 0.66286966 0.25445223 0.70417176
vn 0.65053756 0.26946188 -0.71006421
vn 0.65598051 0.27171643 0.70417310
vn 0.64326204 0.28639547 -0.71006449
vn 0.64864464 0.28879193 0.70417282
vn 0.63554120 0.30313850 -0.71006650
vn 0.64086280 0.30567679 0.70417084
vn 0.62738868 0.31967502 -0.71006431
vn 0.63263813 0.32234979 0.70417300
vn 0.61880869 0.33598411 -0.71006371
vn 0.62398531 0.33879478 0.70417358
vn 0.60979773 0.35206797 -0.71006681
vn 0.61490431 0.35501626 0.70417053
vn 0.60037505 0.36791282 -0.71006335
vn 0.60539684 0.37099020 0.70417394
vn 0.59053637 0.38350065 -0.71006623
vn 0.59548068 0.38671154 0.70417111
vn 0.58030119 0.39882627 -0.71006206
vn 0.58515297 0.40216078 0.70417520
vn 0.56966031 0.41387486 -0.71006671
vn 0.57443061 0.41734062 0.70417063
vn 0.55862809 0.42865133 -0.71006527
vn 0.56330374 0.43223908 0.70417205
vn 0.54721505 0.44312905 -0.71006502
vn 0.55179478 0.44683767 0.70417229
vn 0.53542965 0.45730077 -0.71006414
vn 0.53990942 0.46112686 0.70417316
vn 0.52327544 0.47115834 -0.71006523
vn 0.52765513 0.47510182 0.70417209
vn 0.51076567 0.48469375 -0.71006366
vn 0.51503838 0.48874836 0.70417363
vn 0.49789785 0.49789785 -0.71006722
vn 0.50206794 0.50206794 0.70417013
vn 0.48469375 0.51076567 -0.71006366
vn 0.48874836 0.51503838 0.70417363
vn 0.47115834 0.52327544 -0.71006523
vn 0.47510182 0.52765513 0.70417209
vn 0.45730077 0.53542965 -0.71006414
vn 0.46112686 0.53990942 0.70417316
vn 0.44312905 0.54721505 -0.71006502
vn 0.44683767 0.55179478 0.70417229
vn 0.42865133 0.55862809 -0.71006527
vn 0.43223908 0.56330374 0.70417205
vn 0.41387486 0.56966031 -0.71006671
vn 0.41734062 0.57443061 0.70417063
vn 0.39882627 0.58030119 -0.71006206
vn 0.40216078 0.58515297 0.70417520
vn 0.38350065 0.59053637 -0.71006623
vn 0.38671154 0.59548068 0.70417111
vn 0.36791282 0.60037505 -0.71006335
vn 0.37099020 0.60539684 0.70417394
vn 0.35206797 0.60979773 -0.71006681
vn 0.35501626 0.61490431 0.70417053
vn 0.33598411 0.61880869 -0.71006371
vn 0.33879478 0.62398531 0.70417358
vn 0.31967502 0.62738868 -0.71006431
vn 0.32234979 0.63263813 0.70417300
vn 0.30313850 0.63554120 -0.71006650
vn 0.30567679 0.64086280 0.70417084
vn 0.28639547 0.64326204 -0.71006449
vn 0.28879193 0.64864464 0.70417282
vn 0.26946188 0.65053756 -0.71006421
vn 0.27171643 0.65598051 0.70417310
vn 0.25233997 0.65736705 -0.71006556
vn 0.25445223 0.66286966 0.70417176
vn 0.23504452 0.66374860 -0.71006469
vn 0.23701143 0.66930300 0.70417262
vn 0.21758690 0.66967353 -0.71006571
vn 0.21940834 0.67527943 0.70417162
vn 0.19998862 0.67514155 -0.71006228
vn 0.20166081 0.68078667 0.70417499
vn 0.18224718 0.68014029 -0.71006700
vn 0.18377346 0.68583631 0.70417034
vn 0.16437378 0.68468143 -0.71006521
vn 0.16574954 0.69041200 0.70417211
vn 0.14639877 0.68875068 -0.71006331
vn 0.14762330 0.69451161 0.70417398
vn 0.12832186 0.69234423 -0.71006546
vn 0.12939597 0.69813944 0.70417186
vn 0.11015168 0.69546675 -0.71006522
vn 0.11107362 0.70128760 0.70417210
vn 0.09190750 0.69811228 -0.71006497
vn 0.09267667 0.70395479 0.70417235
vn 0.07360268 0.70027931 -0.71006446
vn 0.07421856 0.70613894 0.70417285
vn 0.05524395 0.70196463 -0.71006603
vn 0.05570645 0.70784149 0.70417130
vn 0.03685185 0.70317304 -0.71006310
vn 0.03716007 0.70905420 0.70417418
vn 0.01843256 0.70389327 -0.71006655
vn 0.01858691 0.70978731 0.70417079
vn 0.00000000 0.70413778 -0.71006337
vn 0.00000000 0.71002753 0.70417392
vn -0.01843256 0.70389327 -0.71006655
vn -0.01858691 0.70978731 0.70417079
vn -0.03685185 0.70317304 -0.71006310
vn -0.03716007 0.70905420 0.70417418
vn -0.05524395 0.70196463 -0.71006603
vn -0.05570645 0.70784149 0.70417130
vn -0.07360268 0.70027931 -0.71006446
vn -0.07421856 0.70613894 0.70417285
vn -0.09190750 0.69811228 -0.71006497
vn -0.09267667 0.70395479 0.70417235
vn -0.11015168 0.69546675 -0.71006522
vn -0.11107362 0.70128760 0.70417210
vn -0.12832186 0.69234423 -0.71006546
vn -0.12939597 0.69813944 0.70417186
vn -0.14639877 0.68875068 -0.71006331
vn -0.14762330 0.69451161 0.70417398
vn -0.16437378 0.68468143 -0.71006521
vn -0.16574954 0.69041200 0.70417211
vn -0.18224718 0.68014029 -0.71006700
vn -0.18377346 0.68583631 0.70417034
vn -0.19998862 0.67514155 -0.71006228
vn -0.20166081 0.68078667 0.70417499
vn -0.21758690 0.66967353 -0.71006571
vn -0.21940834 0.67527943 0.70417162
vn -0.23504452 0.66374860 -0.71006469
vn -0.23701143 0.66930300 0.70417262
vn -0.25233997 0.65736705 -0.71006556
vn -0.25445223 0.66286966 0.70417176
vn -0.26946188 0.65053756 -0.71006421
vn -0.27171643 0.65598051 0.70417310
vn -0.28639547 0.64326204 -0.71006449
vn -0.28879193 0.64864464 0.70417282
vn -0.30313850 0.63554120 -0.71006650
vn -0.30567679 0.64086280 0.70417084
vn -0.31967502 0.62738868 -0.71006431
vn -0.32234979 0.63263813 0.70417300
vn -0.33598411 0.61880869 -0.71006371
vn -0.33879478 0.62398531 0.70417358
vn -0.35206797 0.60979773 -0.71006681
vn -0.35501626 0.61490431 0.70417053
vn -0.36791282 0.60037505 -0.71006335
vn -0.37099020 0.60539684 0.70417394
vn -0.38350065 0.59053637 -0.71006623
vn -0.38671154 0.59548068 0.70417111
vn -0.39882627 0.58030119 -0.71006206
vn -0.40216078 0.58515297 0.70417520
vn -0.41387486 0.56966031 -0.71006671
vn -0.41734062 0.57443061 0.70417063
vn -0.42865133 0.55862809 -0.71006527
vn -0.43223908 0.56330374 0.70417205
vn -0.44312905 0.54721505 -0.71006502
vn -0.44683767 0.55179478 0.70417229
vn -0.45730077 0.53542965 -0.71006414
vn -0.46112686 0.53990942 0.70417316
vn -0.47115834 0.52327544 -0.71006523
vn -0.47510182 0.52765513 0.70417209
vn -0.48469375 0.51076567 -0.71006366
vn -0.48874836 0.51503838 0.70417363
vn -0.49789785 0.49789785 -0.71006722
vn -0.50206794 0.50206794 0.70417013
vn -0.51076567 0.48469375 -0.71006366
vn -0.51503838 0.48874836 0.70417363
vn -0.52327544 0.47115834 -0.71006523
vn -0.52765513 0.47510182 0.70417209
vn -0.53542965 0.45730077 -0.71006414
vn -0.53990942 0.46112686 0.70417316
vn -0.54721505 0.44312905 -0.71006502
vn -0.55179478 0.44683767 0.70417229
vn -0.55862809 0.42865133 -0.71006527
vn -0.56330374 0.43223908 0.70417205
vn -0.56966031 0.41387486 -0.71006671
vn -0.57443061 0.41734062 0.70417063
vn -0.58030119 0.39882627 -0.71006206
vn -0.58515297 0.40216078 0.70417520
vn -0.59053637 0.38350065 -0.71006623
vn -0.59548068 0.38671154 0.70417111
vn -0.60037505 0.36791282 -0.71006335
vn -0.60539684 0.37099020 0.70417394
vn -0.60979773 0.35206797 -0.71006681
vn -0.61490431 0.35501626 0.70417053
vn -0.61880869 0.33598411 -0.71006371
vn -0.62398531 0.33879478 0.70417358
vn -0.62738868 0.31967502 -0.71006431
vn -0.63263813 0.32234979 0.70417300
vn -0.63554120 0.30313850 -0.71006650
vn -0.64086280 0.30567679 0.70417084
vn -0.64326204 0.28639547 -0.71006449
vn -0.64864464 0.28879193 0.70417282
vn -0.65053756 0.26946188 -0.71006421
vn -0.65598051 0.27171643 0.70417310
vn -0.65736705 0.25233997 -0.71006556
vn -0.66286966 0.25445223 0.70417176
vn -0.66374860 0.23504452 -0.71006469
vn -0.66930300 0.23701143 0.70417262
vn -0.66967353 0.21758690 -0.71006571
vn -0.67527943 0.21940834 0.70417162
vn -0.67514155 0.19998862 -0.71006228
vn -0.68078667 0.20166081 0.70417499
vn -0.68014029 0.18224718 -0.71006700
vn -0.68583631 0.18377346 0.70417034
vn -0.68468143 0.16437378 -0.71006521
vn -0.69041200 0.16574954 0.70417211
vn -0.68875068 0.14639877 -0.71006331
vn -0.69451161 0.14762330 0.70417398
vn -0.69234423 0.12832186 -0.71006546
vn -0.69813944 0.12939597 0.70417186
vn -0.69546675 0.11015168 -0.71006522
vn -0.70128760 0.11107362 0.70417210
vn -0.69811228 0.09190750 -0.71006497
vn -0.70395479 0.09267667 0.70417235
vn -0.70027931 0.07360268 -0.71006446
vn -0.70613894 0.07421856 0.70417285
vn -0.70196463 0.05524395 -0.71006603
vn -0.70784149 0.05570645 0.70417130
vn -0.70317304 0.03685185 -0.71006310
vn -0.70905420 0.03716007 0.70417418
vn -0.70389327 0.01843256 -0.71006655
vn -0.70978731 0.01858691 0.70417079
vn -0.70413778 0.00000000 -0.71006337
vn -0.71002753 0.00000000 0.70417392
vn -0.70389327 -0.01843256 -0.71006655
vn -0.70978731 -0.01858691 0.70417079
vn -0.70317304 -0.03685185 -0.71006310
vn -0.70905420 -0.03716007 0.70417418
vn -0.70196463 -0.05524395 -0.71006603
vn -0.70784149 -0.05570645 0.70417130
vn -0.70027931 -0.07360268 -0.71006446
vn -0.70613894 -0.07421856 0.70417285
vn -0.69811228 -0.09190750 -0.71006497
vn -0.70395479 -0.09267667 0.70417235
vn -0.69546675 -0.11015168 -0.71006522
vn -0.70128760 -0.11107362 0.70417210
vn -0.69234423 -0.12832186 -0.71006546
vn -0.69813944 -0.12939597 0.70417186
vn -0.68875068 -0.14639877 -0.71006331
vn -0.69451161 -0.14762330 0.70417398
vn -0.68468143 -0.16437378 -0.71006521
vn -0.69041200 -0.16574954 0.70417211
vn -0.68014029 -0.18224718 -0.71006700
vn -0.68583631 -0.18377346 0.70417034
vn -0.67514155 -0.19998862 -0.71006228
vn -0.68078667 -0.20166081 0.70417499
vn -0.66967353 -0.21758690 -0.71006571
vn -0.67527943 -0.21940834 0.70417162
vn -0.66374860 -0.23504452 -0.71006469
vn -0.66930300 -0.23701143 0.70417262
vn -0.65736705 -0.25233997 -0.71006556
vn -0.66286966 -0.25445223 0.70417176
vn -0.65053756 -0.26946188 -0.71006421
vn -0.65598051 -0.27171643 0.70417310
vn -0.64326204 -0.28639547 -0.71006449
vn -0.64864464 -0.28879193 0.70417282
vn -0.63554120 -0.30313850 -0.71006650
vn -0.64086280 -0.30567679 0.70417084
vn -0.62738868 -0.31967502 -0.71006431
vn -0.63263813 -0.32234979 0.70417300
vn -0.61880869 -0.33598411 -0.71006371
vn -0.62398531 -0.33879478 0.70417358
vn -0.60979773 -0.35206797 -0.71006681
vn -0.61490431 -0.35501626 0.70417053
vn -0.60037505 -0.36791282 -0.71006335
vn -0.60539684 -0.37099020 0.70417394
vn -0.59053637 -0.38350065 -0.71006623
vn -0.59548068 -0.38671154 0.70417111
vn -0.58030119 -0.39882627 -0.71006206
vn -0.58515297 -0.40216078 0.70417520
vn -0.56966031 -0.41387486 -0.71006671
vn -0.57443061 -0.41734062 0.70417063
vn -0.55862809 -0.42865133 -0.71006527
vn -0.56330374 -0.43223908 0.70417205
vn -0.54721505 -0.44312905 -0.71006502
vn -0.55179478 -0.44683767 0.70417229
vn -0.53542965 -0.45730077 -0.71006414
vn -0.53990942 -0.46112686 0.70417316
vn -0.52327544 -0.47115834 -0.71006523
vn -0.52765513 -0.47510182 0.70417209
vn -0.51076567 -0.48469375 -0.71006366
vn -0.51503838 -0.48874836 0.70417363
vn -0.49789785 -0.49789785 -0.71006722
vn -0.50206794 -0.50206794 0.70417013
vn -0.48469375 -0.51076567 -0.71006366
vn -0.48874836 -0.51503838 0.70417363
vn -0.47115834 -0.52327544 -0.71006523
vn -0.47510182 -0.52765513 0.70417209
vn -0.45730077 -0.53542965 -0.71006414
vn -0.46112686 -0.53990942 0.70417316
vn -0.44312905 -0.54721505 -0.71006502
vn -0.44683767 -0.55179478 0.70417229
vn -0.42865133 -0.55862809 -0.71006527
vn -0.43223908 -0.56330374 0.70417205
vn -0.41387486 -0.56966031 -0.71006671
vn -0.41734062 -0.57443061 0.70417063
vn -0.39882627 -0.58030119 -0.71006206
vn -0.40216078 -0.58515297 0.70417520
vn -0.38350065 -0.59053637 -0.71006623
vn -0.38671154 -0.59548068 0.70417111
vn -0.36791282 -0.60037505 -0.71006335
vn -0.37099020 -0.60539684 0.70417394
vn -0.35206797 -0.60979773 -0.71006681
vn -0.35501626 -0.61490431 0.70417053
vn -0.33598411 -0.61880869 -0.71006371
vn -0.33879478 -0.62398531 0.70417358
vn -0.31967502 -0.62738868 -0.71006431
vn -0.32234979 -0.63263813 0.70417300
vn -0.30313850 -0.63554120 -0.71006650
vn -0.30567679 -0.64086280 0.70417084
vn -0.28639547 -0.64326204 -0.71006449
vn -0.28879193 -0.64864464 0.70417282
vn -0.26946188 -0.65053756 -0.71006421
vn -0.27171643 -0.65598051 0.70417310
vn -0.25233997 -0.65736705 -0.71006556
vn -0.25445223 -0.66286966 0.70417176
vn -0.23504452 -0.66374860 -0.71006469
vn -0.23701143 -0.66930300 0.70417262
vn -0.21758690 -0.66967353 -0.71006571
vn -0.21940834 -0.67527943 0.70417162
vn -0.19998862 -0.67514155 -0.71006228
vn -0.20166081 -0.68078667 0.70417499
vn -0.18224718 -0.68014029 -0.71006700
vn -0.18377346 -0.68583631 0.70417034
vn -0.16437378 -0.68468143 -0.71006521
vn -0.16574954 -0.69041200 0.70417211
vn -0.14639877 -0.68875068 -0.71006331
vn -0.14762330 -0.69451161 0.70417398
vn -0.12832186 -0.69234423 -0.71006546
vn -0.12939597 -0.69813944 0.70417186
vn -0.11015168 -0.69546675 -0.71006522
vn -0.11107362 -0.70128760 0.70417210
vn -0.09190750 -0.69811228 -0.71006497
vn -0.09267667 -0.70395479 0.70417235
vn -0.07360268 -0.70027931 -0.71006446
vn -0.07421856 -0.70613894 0.70417285
vn -0.05524395 -0.70196463 -0.71006603
vn -0.05570645 -0.70784149 0.70417130
vn -0.03685185 -0.70317304 -0.71006310
vn -0.03716007 -0.70905420 0.70417418
vn -0.01843256 -0.70389327 -0.71006655
vn -0.01858691 -0.70978731 0.70417079
vn -0.00000000 -0.70413778 -0.71006337
vn -0.00000000 -0.71002753 0.70417392
vn 0.01843256 -0.70389327 -0.71006655
vn 0.01858691 -0.70978731 0.70417079
vn 0.03685185 -0.70317304 -0.71006310
vn 0.03716007 -0.70905420 0.70417418
vn 0.05524395 -0.70196463 -0.71006603
vn 0.05570645 -0.70784149 0.70417130
vn 0.07360268 -0.70027931 -0.71006446
vn 0.07421856 -0.70613894 0.70417285
vn 0.09190750 -0.69811228 -0.71006497
vn 0.09267667 -0.70395479 0.70417235
vn 0.11015168 -0.69546675 -0.71006522
vn 0.11107362 -0.70128760 0.70417210
vn 0.12832186 -0.69234423 -0.71006546
vn 0.12939597 -0.69813944 0.70417186
vn 0.14639877 -0.68875068 -0.71006331
vn 0.14762330 -0.69451161 0.70417398
vn 0.16437378 -0.68468143 -0.71006521
vn 0.16574954 -0.69041200 0.70417211
vn 0.18224718 -0.68014029 -0.71006700
vn 0.18377346 -0.68583631 0.70417034
vn 0.19998862 -0.67514155 -0.71006228
vn 0.20166081 -0.68078667 0.70417499
vn 0.21758690 -0.66967353 -0.71006571
vn 0.21940834 -0.67527943 0.70417162
vn 0.23504452 -0.66374860 -0.71006469
vn 0.23701143 -0.66930300 0.70417262
vn 0.25233997 -0.65736705 -0.71006556
vn 0.25445223 -0.66286966 0.70417176
vn 0.26946188 -0.65053756 -0.71006421
vn 0.27171643 -0.65598051 0.70417310
vn 0.28639547 -0.64326204 -0.71006449
vn 0.28879193 -0.64864464 0.70417282
vn 0.30313850 -0.63554120 -0.71006650
vn 0.30567679 -0.64086280 0.70417084
vn 0.31967502 -0.62738868 -0.71006431
vn 0.32234979 -0.63263813 0.70417300
vn 0.33598411 -0.61880869 -0.71006371
vn 0.33879478 -0.62398531 0.70417358
vn 0.35206797 -0.60979773 -0.71006681
vn 0.35501626 -0.61490431 0.70417053
vn 0.36791282 -0.60037505 -0.71006335
vn 0.37099020 -0.60539684 0.70417394
vn 0.38350065 -0.59053637 -0.71006623
vn 0.38671154 -0.59548068 0.70417111
vn 0.39882627 -0.58030119 -0.71006206
vn 0.40216078 -0.58515297 0.70417520
vn 0.41387486 -0.56966031 -0.71006671
vn 0.41734062 -0.57443061 0.70417063
vn 0.42865133 -0.55862809 -0.71006527
vn 0.43223908 -0.56330374 0.70417205
vn 0.44312905 -0.54721505 -0.71006502
vn 0.44683767 -0.55179478 0.70417229
vn 0.45730077 -0.53542965 -0.71006414
vn 0.46112686 -0.53990942 0.70417316
vn 0.47115834 -0.52327544 -0.71006523
vn 0.47510182 -0.52765513 0.70417209
vn 0.48469375 -0.51076567 -0.71006366
vn 0.48874836 -0.51503838 0.70417363
vn 0.49789785 -0.49789785 -0.71006722
vn 0.50206794 -0.50206794 0.70417013
vn 0.51076567 -0.48469375 -0.71006366
vn 0.51503838 -0.48874836 0.70417363
vn 0.52327544 -0.47115834 -0.71006523
vn 0.52765513 -0.47510182 0.70417209
vn 0.53542965 -0.45730077 -0.71006414
vn 0.53990942 -0.46112686 0.70417316
vn 0.54721505 -0.44312905 -0.71006502
vn 0.55179478 -0.44683767 0.70417229
vn 0.55862809 -0.42865133 -0.71006527
vn 0.56330374 -0.43223908 0.70417205
vn 0.56966031 -0.41387486 -0.71006671
vn 0.57443061 -0.41734062 0.70417063
vn 0.58030119 -0.39882627 -0.71006206
vn 0.58515297 -0.40216078 0.70417520
vn 0.59053637 -0.38350065 -0.71006623
vn 0.59548068 -0.38671154 0.70417111
vn 0.60037505 -0.36791282 -0.71006335
vn 0.60539684 -0.37099020 0.70417394
vn 0.60979773 -0.35206797 -0.71006681
vn 0.61490431 -0.35501626 0.70417053
vn 0.61880869 -0.33598411 -0.71006371
vn 0.62398531 -0.33879478 0.70417358
vn 0.62738868 -0.31967502 -0.71006431
vn 0.63263813 -0.32234979 0.70417300
vn 0.63554120 -0.30313850 -0.71006650
vn 0.64086280 -0.30567679 0.70417084
vn 0.64326204 -0.28639547 -0.71006449
vn 0.64864464 -0.28879193 0.70417282
vn 0.65053756 -0.26946188 -0.71006421
vn 0.65598051 -0.27171643 0.70417310
vn 0.65736705 -0.25233997 -0.71006556
vn 0.66286966 -0.25445223 0.70417176
vn 0.66374860 -0.23504452 -0.71006469
vn 0.66930300 -0.23701143 0.70417262
vn 0.66967353 -0.21758690 -0.71006571
vn 0.67527943 -0.21940834 0.70417162
vn 0.67514155 -0.19998862 -0.71006228
vn 0.68078667 -0.20166081 0.70417499
vn 0.68014029 -0.18224718 -0.71006700
vn 0.68583631 -0.18377346 0.70417034
vn 0.68468143 -0.16437378 -0.71006521
vn 0.69041200 -0.16574954 0.70417211
vn 0.68875068 -0.14639877 -0.71006331
vn 0.69451161 -0.14762330 0.70417398
vn 0.69234423 -0.12832186 -0.71006546
vn 0.69813944 -0.12939597 0.70417186
vn 0.69546675 -0.11015168 -0.71006522
vn 0.70128760 -0.11107362 0.70417210
vn 0.69811228 -0.09190750 -0.71006497
vn 0.70395479 -0.09267667 0.70417235
vn 0.70027931 -0.07360268 -0.71006446
vn 0.70613894 -0.07421856 0.70417285
vn 0.70196463 -0.05524395 -0.71006603
vn 0.70784149 -0.05570645 0.70417130
vn 0.70317304 -0.03685185 -0.71006310
vn 0.70905420 -0.03716007 0.70417418
vn 0.70389327 -0.01843256 -0.71006655
vn 0.70978731 -0.01858691 0.70417079
vn 0.00000000 0.00000000 -1.00000000
vn 0.00000000 0.00000000 1.00000000
f 1//1 2//2 3//3
f 1//1 3//3 4//4
f 2//2 5//5 6//6
f 2//2 6//6 3//3
f 5//5 7//7 8//8
f 5//5 8//8 6//6
f 7//7 9//9 10//10
f 7//7 10//10 8//8
f 9//9 11//11 12//12
f 9//9 12//12 10//10
f 11//11 13//13 14//14
f 11//11 14//14 12//12
f 13//13 15//15 16//16
f 13//13 16//16 14//14
f 15//15 17//17 18//18
f 15//15 18//18 16//16
f 17//17 19//19 20//20
f 17//17 20//20 18//18
f 19//19 21//21 22//22
f 19//19 22//22 20//20
f 21//21 23//23 24//24
f 21//21 24//24 22//22
f 23//23 25//25 26//26
f 23//23 26//26 24//24
f 25//25 27//27 28//28
f 25//25 28//28 26//26
f 27//27 29//29 30//30
f 27//27 30//30 28//28
f 29//29 31//31 32//32
f 29//29 32//32 30//30
f 31//31 33//33 34//34
f 31//31 34//34 32//32
f 33//33 35//35 36//36
f 33//33 36//36 34//34
f 35//35 37//37 38//38
f 35//35 38//38 36//36
f 37//37 39//39 40//40
f 37//37 40//40 38//38
f 39//39 41//41 42//42
f 39//39 42//42 40//40
f 41//41 43//43 44//44
f 41//41 44//44 42//42
f 43//43 45//45 46//46
f 43//43 46//46 44//44
f 45//45 47//47 48//48
f 45//45 48//48 46//46
f 47//47 49//49 50//50
f 47//47 50//50 48//48
f 49//49 51//51 52//52
f 49//49 52//52 50//50
f 51//51 53//53 54//54
f 51//51 54//54 52//52
f 53//53 55//55 56//56
f 53//53 56//56 54//54
f 55//55 57//57 58//58
f 55//55 58//58 56//56
f 57//57 59//59 60//60
f 57//57 60//60 58//58
f 59//59 61//61 62//62
f 59//59 62//62 60//60
f 61//61 63//63 64//64
f 61//61 64//64 62//62
f 63//63 65//65 66//66
f 63//63 66//66 64//64
f 65//65 67//67 68//68
f 65//65 68//68 66//66
f 67//67 69//69 70//70
f 67//67 70//70 68//68
f 69//69 71//71 72//72
f 69//69 72//72 70//70
f 71//71 73//73 74//74
f 71//71 74//74 72//72
f 73//73 75//75 76//76
f 73//73 76//76 74//74
f 75//75 77//77 78//78
f 75//75 78//78 76//76
f 77//77 79//79 80//80
f 77//77 80//80 78//78
f 79//79 81//81 82//82
f 79//79 82//82 80//80
f 81//81 83//83 84//84
f 81//81 84//84 82//82
f 83//83 85//85 86//86
f 83//83 86//86 84//84
f 85//85 87//87 88//88
f 85//85 88//88 86//86
f 87//87 89//89 90//90
f 87//87 90//90 88//88
f 89//89 91//91 92//92
f 89//89 92//92 90//90
f 91//91 93//93 94//94
f 91//91 94//94 92//92
f 93//93 95//95 96//96
f 93//93 96//96 94//94
f 95//95 97//97 98//98
f 95//95 98//98 96//96
f 97//97 99//99 100//100
f 97//97 100//100 98//98
f 99//99 101//101 102//102
f 99//99 102//102 100//100
f 101//101 103//103 104//104
f 101//101 104//104 102//102
f 103//103 105//105 106//106
f 103//103 106//106 104//104
f 105//105 107//107 108//108
f 105//105 108//108 106//106
f 107//107 109//109 110//110
f 107//107 110//110 108//108
f 109//109 111//111 112//112
f 109//109 112//112 110//110
f 111//111 113//113 114//114
f 111//111 114//114 112//112
f 113//113 115//115 116//116
f 113//113 116//116 114//114
f 115//115 117//117 118//118
f 115//115 118//118 116//116
f 117//117 119//119 120//120
f 117//117 120//120 118//118
f 119//119 121//121 122//122
f 119//119 122//122 120//120
f 121//121 123//123 124//124
f 121//121 124//124 122//122
f 123//123 125//125 126//126
f 123//123 126//126 124//124
f 125//125 127//127 128//128
f 125//125 128//128 126//126
f 127//127 129//129 130//130
f 127//127 130//130 128//128
f 129//129 131//131 132//132
f 129//129 132//132 130//130
f 131//131 133//133 134//134
f 131//131 134//134 132//132
f 133//133 135//135 136//136
f 133//133 136//136 134//134
f 135//135 137//137 138//138
f 135//135 138//138 136//136
f 137//137 139//139 140//140
f 137//137 140//140 138//138
f 139//139 141//141 142//142
f 139//139 142//142 140//140
f 141//141 143//143 144//144
f 141//141 144//144 142//142
f 143//143 145//145 146//146
f 143//143 146//146 144//144
f 145//145 147//147 148//148
f 145//145 148//148 146//146
f 147//147 149//149 150//150
f 147//147 150//150 148//148
f 149//149 151//151 152//152
f 149//149 152//152 150//150
f 151//151 153//153 154//154
f 151//151 154//154 152//152
f 153//153 155//155 156//156
f 153//153 156//156 154//154
f 155//155 157//157 158//158
f 155//155 158//158 156//156
f 157//157 159//159 160//160
f 157//157 160//160 158//158
f 159//159 161//161 162//162
f 159//159 162//162 160//160
f 161//161 163//163 164//164
f 161//161 164//164 162//162
f 163//163 165//165 166//166
f 163//163 166//166 164//164
f 165//165 167//167 168//168
f 165//165 168//168 166//166
f 167//167 169//169 170//170
f 167//167 170//170 168//168
f 169//169 171//171 172//172
f 169//169 172//172 170//170
f 171//171 173//173 174//174
f 171//171 174//174 172//172
f 173//173 175//175 176//176
f 173//173 176//176 174//174
f 175//175 177//177 178//178
f 175//175 178//178 176//176
f 177//177 179//179 180//180
f 177//177 180//180 178//178
f 179//179 181//181 182//182
f 179//179 182//182 180//180
f 181//181 183//183 184//184
f 181//181 184//184 182//182
f 183//183 185//185 186//186
f 183//183 186//186 184//184
f 185//185 187//187 188//188
f 185//185 188//188 186//186
f 187//187 189//189 190//190
f 187//187 190//190 188//188
f 189//189 191//191 192//192
f 189//189 192//192 190//190
f 191//191 193//193 194//194
f 191//191 194//194 192//192
f 193//193 195//195 196//196
f 193//193 196//196 194//194
f 195//195 197//197 198//198
f 195//195 198//198 196//196
f 197//197 199//199 200//200
f 197//197 200//200 198//198
f 199//199 201//201 202//202
f 199//199 202//202 200//200
f 201//201 203//203 204//204
f 201//201 204//204 202//202
f 203//203 205//205 206//206
f 203//203 206//206 204//204
f 205//205 207//207 208//208
f 205//205 208//208 206//206
f 207//207 209//209 210//210
f 207//207 210//210 208//208
f 209//209 211//211 212//212
f 209//209 212//212 210//210
f 211//211 213//213 214//214
f 211//211 214//214 212//212
f 213//213 215//215 216//216
f 213//213 216//216 214//214
f 215//215 217//217 218//218
f 215//215 218//218 216//216
f 217//217 219//219 220//220
f 217//217 220//220 218//218
f 219//219 221//221 222//222
f 219//219 222//222 220//220
f 221//221 223//223 224//224
f 221//221 224//224 222//222
f 223//223 225//225 226//226
f 223//223 226//226 224//224
f 225//225 227//227 228//228
f 225//225 228//228 226//226
f 227//227 229//229 230//230
f 227//227 230//230 228//228
f 229//229 231//231 232//232
f 229//229 232//232 230//230
f 231//231 233//233 234//234
f 231//231 234//234 232//232
f 233//233 235//235 236//236
f 233//233 236//236 234//234
f 235//235 237//237 238//238
f 235//235 238//238 236//236
f 237//237 239//239 240//240
f 237//237 240//240 238//238
f 239//239 241//241 242//242
f 239//239 242//242 240//240
f 241//241 243//243 244//244
f 241//241 244//244 242//242
f 243//243 245//245 246//246
f 243//243 246//246 244//244
f 245//245 247//247 248//248
f 245//245 248//248 246//246
f 247//247 249//249 250//250
f 247//247 250//250 248//248
f 249//249 251//251 252//252
f 249//249 252//252 250//250
f 251//251 253//253 254//254
f 251//251 254//254 252//252
f 253//253 255//255 256//256
f 253//253 256//256 254//254
f 255//255 257//257 258//258
f 255//255 258//258 256//256
f 257//257 259//259 260//260
f 257//257 260//260 258//258
f 259//259 261//261 262//262
f 259//259 262//262 260//260
f 261//261 263//263 264//264
f 261//261 264//264 262//262
f 263//263 265//265 266//266
f 263//263 266//266 264//264
f 265//265 267//267 268//268
f 265//265 268//268 266//266
f 267//267 269//269 270//270
f 267//267 270//270 268//268
f 269//269 271//271 272//272
f 269//269 272//272 270//270
f 271//271 273//273 274//274
f 271//271 274//274 272//272
f 273//273 275//275 276//276
f 273//273 276//276 274//274
f 275//275 277//277 278//278
f 275//275 278//278 276//276
f 277//277 279//279 280//280
f 277//277 280//280 278//278
f 279//279 281//281 282//282
f 279//279 282//282 280//280
f 281//281 283//283 284//284
f 281//281 284//284 282//282
f 283//283 285//285 286//286
f 283//283 286//286 284//284
f 285//285 287//287 288//288
f 285//285 288//288 286//286
f 287//287 289//289 290//290
f 287//287 290//290 288//288
f 289//289 291//291 292//292
f 289//289 292//292 290//290
f 291//291 293//293 294//294
f 291//291 294//294 292//292
f 293//293 295//295 296//296
f 293//293 296//296 294//294
f 295//295 297//297 298//298
f 295//295 298//298 296//296
f 297//297 299//299 300//300
f 297//297 300//300 298//298
f 299//299 301//301 302//302
f 299//299 302//302 300//300
f 301//301 303//303 304//304
f 301//301 304//304 302//302
f 303//303 305//305 306//306
f 303//303 306//306 304//304
f 305//305 307//307 308//308
f 305//305 308//308 306//306
f 307//307 309//309 310//310
f 307//307 310//310 308//308
f 309//309 311//311 312//312
f 309//309 312//312 310//310
f 311//311 313//313 314//314
f 311//311 314//314 312//312
f 313//313 315//315 316//316
f 313//313 316//316 314//314
f 315//315 317//317 318//318
f 315//315 318//318 316//316
f 317//317 319//319 320//320
f 317//317 320//320 318//318
f 319//319 321//321 322//322
f 319//319 322//322 320//320
f 321//321 323//323 324//324
f 321//321 324//324 322//322
f 323//323 325//325 326//326
f 323//323 326//326 324//324
f 325//325 327//327 328//328
f 325//325 328//328 326//326
f 327//327 329//329 330//330
f 327//327 330//330 328//328
f 329//329 331//331 332//332
f 329//329 332//332 330//330
f 331//331 333//333 334//334
f 331//331 334//334 332//332
f 333//333 335//335 336//336
f 333//333 336//336 334//334
f 335//335 337//337 338//338
f 335//335 338//338 336//336
f 337//337 339//339 340//340
f 337//337 340//340 338//338
f 339//339 341//341 342//342
f 339//339 342//342 340//340
f 341//341 343//343 344//344
f 341//341 344//344 342//342
f 343//343 345//345 346//346
f 343//343 346//346 344//344
f 345//345 347//347 348//348
f 345//345 348//348 346//346
f 347//347 349//349 350//350
f 347//347 350//350 348//348
f 349//349 351//351 352//352
f 349//349 352//352 350//350
f 351//351 353//353 354//354
f 351//351 354//354 352//352
f 353//353 355//355 356//356
f 353//353 356//356 354//354
f 355//355 357//357 358//358
f 355//355 358//358 356//356
f 357//357 359//359 360//360
f 357//357 360//360 358//358
f 359//359 361//361 362//362
f 359//359 362//362 360//360
f 361//361 363//363 364//364
f 361//361 364//364 362//362
f 363//363 365//365 366//366
f 363//363 366//366 364//364
f 365//365 367//367 368//368
f 365//365 368//368 366//366
f 367//367 369//369 370//370
f 367//367 370//370 368//368
f 369//369 371//371 372//372
f 369//369 372//372 370//370
f 371//371 373//373 374//374
f 371//371 374//374 372//372
f 373//373 375//375 376//376
f 373//373 376//376 374//374
f 375//375 377//377 378//378
f 375//375 378//378 376//376
f 377//377 379//379 380//380
f 377//377 380//380 378//378
f 379//379 381//381 382//382
f 379//379 382//382 380//380
f 381//381 383//383 384//384
f 381//381 384//384 382//382
f 383//383 385//385 386//386
f 383//383 386//386 384//384
f 385//385 387//387 388//388
f 385//385 388//388 386//386
f 387//387 389//389 390//390
f 387//387 390//390 388//388
f 389//389 391//391 392//392
f 389//389 392//392 390//390
f 391//391 393//393 394//394
f 391//391 394//394 392//392
f 393//393 395//395 396//396
f 393//393 396//396 394//394
f 395//395 397//397 398//398
f 395//395 398//398 396//396
f 397//397 399//399 400//400
f 397//397 400//400 398//398
f 399//399 401//401 402//402
f 399//399 402//402 400//400
f 401//401 403//403 404//404
f 401//401 404//404 402//402
f 403//403 405//405 406//406
f 403//403 406//406 404//404
f 405//405 407//407 408//408
f 405//405 408//408 406//406
f 407//407 409//409 410//410
f 407//407 410//410 408//408
f 409//409 411//411 412//412
f 409//409 412//412 410//410
f 411//411 413//413 414//414
f 411//411 414//414 412//412
f 413//413 415//415 416//416
f 413//413 416//416 414//414
f 415//415 417//417 418//418
f 415//415 418//418 416//416
f 417//417 419//419 420//420
f 417//417 420//420 418//418
f 419//419 421//421 422//422
f 419//419 422//422 420//420
f 421//421 423//423 424//424
f 421//421 424//424 422//422
f 423//423 425//425 426//426
f 423//423 426//426 424//424
f 425//425 427//427 428//428
f 425//425 428//428 426//426
f 427//427 429//429 430//430
f 427//427 430//430 428//428
f 429//429 431//431 432//432
f 429//429 432//432 430//430
f 431//431 433//433 434//434
f 431//431 434//434 432//432
f 433//433 435//435 436//436
f 433//433 436//436 434//434
f 435//435 437//437 438//438
f 435//435 438//438 436//436
f 437//437 439//439 440//440
f 437//437 440//440 438//438
f 439//439 441//441 442//442
f 439//439 442//442 440//440
f 441//441 443//443 444//444
f 441//441 444//444 442//442
f 443//443 445//445 446//446
f 443//443 446//446 444//444
f 445//445 447//447 448//448
f 445//445 448//448 446//446
f 447//447 449//449 450//450
f 447//447 450//450 448//448
f 449//449 451//451 452//452
f 449//449 452//452 450//450
f 451//451 453//453 454//454
f 451//451 454//454 452//452
f 453//453 455//455 456//456
f 453//453 456//456 454//454
f 455//455 457//457 458//458
f 455//455 458//458 456//456
f 457//457 459//459 460//460
f 457//457 460//460 458//458
f 459//459 461//461 462//462
f 459//459 462//462 460//460
f 461//461 463//463 464//464
f 461//461 464//464 462//462
f 463//463 465//465 466//466
f 463//463 466//466 464//464
f 465//465 467//467 468//468
f 465//465 468//468 466//466
f 467//467 469//469 470//470
f 467//467 470//470 468//468
f 469//469 471//471 472//472
f 469//469 472//472 470//470
f 471//471 473//473 474//474
f 471//471 474//474 472//472
f 473//473 475//475 476//476
f 473//473 476//476 474//474
f 475//475 477//477 478//478
f 475//475 478//478 476//476
f 477//477 479//479 480//480
f 477//477 480//480 478//478
f 479//479 1//1 4//4
f 479//479 4//4 480//480
f 481//481 482//482 483//483
f 481//481 484//484 482//482
f 484//484 485//485 482//482
f 484//484 486//486 485//485
f 486//486 487//487 485//485
f 486//486 488//488 487//487
f 488//488 489//489 487//487
f 488//488 490//490 489//489
f 490//490 491//491 489//489
f 490//490 492//492 491//491
f 492//492 493//493 491//491
f 492//492 494//494 493//493
f 494//494 495//495 493//493
f 494//494 496//496 495//495
f 496//496 497//497 495//495
f 496//496 498//498 497//497
f 498//498 499//499 497//497
f 498//498 500//500 499//499
f 500//500 501//501 499//499
f 500//500 502//502 501//501
f 502//502 503//503 501//501
f 502//502 504//504 503//503
f 504//504 505//505 503//503
f 504//504 506//506 505//505
f 506//506 507//507 505//505
f 506//506 508//508 507//507
f 508//508 509//509 507//507
f 508//508 510//510 509//509
f 510//510 511//511 509//509
f 510//510 512//512 511//511
f 512//512 513//513 511//511
f 512//512 514//514 513//513
f 514//514 515//515 513//513
f 514//514 516//516 515//515
f 516//516 517//517 515//515
f 516//516 518//518 517//517
f 518//518 519//519 517//517
f 518//518 520//520 519//519
f 520//520 521//521 519//519
f 520//520 522//522 521//521
f 522//522 523//523 521//521
f 522//522 524//524 523//523
f 524//524 525//525 523//523
f 524//524 526//526 525//525
f 526//526 527//527 525//525
f 526//526 528//528 527//527
f 528//528 529//529 527//527
f 528//528 530//530 529//529
f 530//530 531//531 529//529
f 530//530 532//532 531//531
f 532//532 533//533 531//531
f 532//532 534//534 533//533
f 534//534 535//535 533//533
f 534//534 536//536 535//535
f 536//536 537//537 535//535
f 536//536 538//538 537//537
f 538//538 539//539 537//537
f 538//538 540//540 539//539
f 540//540 541//541 539//539
f 540//540 542//542 541//541
f 542//542 543//543 541//541
f 542//542 544//544 543//543
f 544//544 545//545 543//543
f 544//544 546//546 545//545
f 546//546 547//547 545//545
f 546//546 548//548 547//547
f 548//548 549//549 547//547
f 548//548 550//550 549//549
f 550//550 551//551 549//549
f 550//550 552//552 551//551
f 552//552 553//553 551//551
f 552//552 554//554 553//553
f 554//554 555//555 553//553
f 554//554 556//556 555//555
f 556//556 557//557 555//555
f 556//556 558//558 557//557
f 558//558 559//559 557//557
f 558//558 560//560 559//559
f 560//560 561//561 559//559
f 560//560 562//562 561//561
f 562//562 563//563 561//561
f 562//562 564//564 563//563
f 564//564 565//565 563//563
f 564//564 566//566 565//565
f 566//566 567//567 565//565
f 566//566 568//568 567//567
f 568//568 569//569 567//567
f 568//568 570//570 569//569
f 570//570 571//571 569//569
f 570//570 572//572 571//571
f 572//572 573//573 571//571
f 572//572 574//574 573//573
f 574//574 575//575 573//573
f 574//574 576//576 575//575
f 576//576 577//577 575//575
f 576//576 578//578 577//577
f 578//578 579//579 577//577
f 578//578 580//580 579//579
f 580//580 581//581 579//579
f 580//580 582//582 581//581
f 582//582 583//583 581//581
f 582//582 584//584 583//583
f 584//584 585//585 583//583
f 584//584 586//586 585//585
f 586//586 587//587 585//585
f 586//586 588//588 587//587
f 588//588 589//589 587//587
f 588//588 590//590 589//589
f 590//590 591//591 589//589
f 590//590 592//592 591//591
f 592//592 593//593 591//591
f 592//592 594//594 593//593
f 594//594 595//595 593//593
f 594//594 596//596 595//595
f 596//596 597//597 595//595
f 596//596 598//598 597//597
f 598//598 599//599 597//597
f 598//598 600//600 599//599
f 600//600 601//601 599//599
f 600//600 602//602 601//601
f 602//602 603//603 601//601
f 602//602 604//604 603//603
f 604//604 605//605 603//603
f 604//604 606//606 605//605
f 606//606 607//607 605//605
f 606//606 608//608 607//607
f 608//608 609//609 607//607
f 608//608 610//610 609//609
f 610//610 611//611 609//609
f 610//610 612//612 611//611
f 612//612 613//613 611//611
f 612//612 614//614 613//613
f 614//614 615//615 613//613
f 614//614 616//616 615//615
f 616//616 617//617 615//615
f 616//616 618//618 617//617
f 618//618 619//619 617//617
f 618//618 620//620 619//619
f 620//620 621//621 619//619
f 620//620 622//622 621//621
f 622//622 623//623 621//621
f 622//622 624//624 623//623
f 624//624 625//625 623//623
f 624//624 626//626 625//625
f 626//626 627//627 625//625
f 626//626 628//628 627//627
f 628//628 629//629 627//627
f 628//628 630//630 629//629
f 630//630 631//631 629//629
f 630//630 632//632 631//631
f 632//632 633//633 631//631
f 632//632 634//634 633//633
f 634//634 635//635 633//633
f 634//634 636//636 635//635
f 636//636 637//637 635//635
f 636//636 638//638 637//637
f 638//638 639//639 637//637
f 638//638 640//640 639//639
f 640//640 641//641 639//639
f 640//640 642//642 641//641
f 642//642 643//643 641//641
f 642//642 644//644 643//643
f 644//644 645//645 643//643
f 644//644 646//646 645//645
f 646//646 647//647 645//645
f 646//646 648//648 647//647
f 648//648 649//649 647//647
f 648//648 650//650 649//649
f 650//650 651//651 649//649
f 650//650 652//652 651//651
f 652//652 653//653 651//651
f 652//652 654//654 653//653
f 654//654 655//655 653//653
f 654//654 656//656 655//655
f 656//656 657//657 655//655
f 656//656 658//658 657//657
f 658//658 659//659 657//657
f 658//658 660//660 659//659
f 660//660 661//661 659//659
f 660//660 662//662 661//661
f 662//662 663//663 661//661
f 662//662 664//664 663//663
f 664//664 665//665 663//663
f 664//664 666//666 665//665
f 666//666 667//667 665//665
f 666//666 668//668 667//667
f 668//668 669//669 667//667
f 668//668 670//670 669//669
f 670//670 671//671 669//669
f 670//670 672//672 671//671
f 672//672 673//673 671//671
f 672//672 674//674 673//673
f 674//674 675//675 673//673
f 674//674 676//676 675//675
f 676//676 677//677 675//675
f 676//676 678//678 677//677
f 678//678 679//679 677//677
f 678//678 680//680 679//679
f 680//680 681//681 679//679
f 680//680 682//682 681//681
f 682//682 683//683 681//681
f 682//682 684//684 683//683
f 684//684 685//685 683//683
f 684//684 686//686 685//685
f 686//686 687//687 685//685
f 686//686 688//688 687//687
f 688//688 689//689 687//687
f 688//688 690//690 689//689
f 690//690 691//691 689//689
f 690//690 692//692 691//691
f 692//692 693//693 691//691
f 692//692 694//694 693//693
f 694//694 695//695 693//693
f 694//694 696//696 695//695
f 696//696 697//697 695//695
f 696//696 698//698 697//697
f 698//698 699//699 697//697
f 698//698 700//700 699//699
f 700//700 701//701 699//699
f 700//700 702//702 701//701
f 702//702 703//703 701//701
f 702//702 704//704 703//703
f 704//704 705//705 703//703
f 704//704 706//706 705//705
f 706//706 707//707 705//705
f 706//706 708//708 707//707
f 708//708 709//709 707//707
f 708//708 710//710 709//709
f 710//710 711//711 709//709
f 710//710 712//712 711//711
f 712//712 713//713 711//711
f 712//712 714//714 713//713
f 714//714 715//715 713//713
f 714//714 716//716 715//715
f 716//716 717//717 715//715
f 716//716 718//718 717//717
f 718//718 719//719 717//717
f 718//718 720//720 719//719
f 720//720 721//721 719//719
f 720//720 722//722 721//721
f 722//722 723//723 721//721
f 722//722 724//724 723//723
f 724//724 725//725 723//723
f 724//724 726//726 725//725
f 726//726 727//727 725//725
f 726//726 728//728 727//727
f 728//728 729//729 727//727
f 728//728 730//730 729//729
f 730//730 731//731 729//729
f 730//730 732//732 731//731
f 732//732 733//733 731//731
f 732//732 734//734 733//733
f 734//734 735//735 733//733
f 734//734 736//736 735//735
f 736//736 737//737 735//735
f 736//736 738//738 737//737
f 738//738 739//739 737//737
f 738//738 740//740 739//739
f 740//740 741//741 739//739
f 740//740 742//742 741//741
f 742//742 743//743 741//741
f 742//742 744//744 743//743
f 744//744 745//745 743//743
f 744//744 746//746 745//745
f 746//746 747//747 745//745
f 746//746 748//748 747//747
f 748//748 749//749 747//747
f 748//748 750//750 749//749
f 750//750 751//751 749//749
f 750//750 752//752 751//751
f 752//752 753//753 751//751
f 752//752 754//754 753//753
f 754//754 755//755 753//753
f 754//754 756//756 755//755
f 756//756 757//757 755//755
f 756//756 758//758 757//757
f 758//758 759//759 757//757
f 758//758 760//760 759//759
f 760//760 761//761 759//759
f 760//760 762//762 761//761
f 762//762 763//763 761//761
f 762//762 764//764 763//763
f 764//764 765//765 763//763
f 764//764 766//766 765//765
f 766//766 767//767 765//765
f 766//766 768//768 767//767
f 768//768 769//769 767//767
f 768//768 770//770 769//769
f 770//770 771//771 769//769
f 770//770 772//772 771//771
f 772//772 773//773 771//771
f 772//772 774//774 773//773
f 774//774 775//775 773//773
f 774//774 776//776 775//775
f 776//776 777//777 775//775
f 776//776 778//778 777//777
f 778//778 779//779 777//777
f 778//778 780//780 779//779
f 780//780 781//781 779//779
f 780//780 782//782 781//781
f 782//782 783//783 781//781
f 782//782 784//784 783//783
f 784//784 785//785 783//783
f 784//784 786//786 785//785
f 786//786 787//787 785//785
f 786//786 788//788 787//787
f 788//788 789//789 787//787
f 788//788 790//790 789//789
f 790//790 791//791 789//789
f 790//790 792//792 791//791
f 792//792 793//793 791//791
f 792//792 794//794 793//793
f 794//794 795//795 793//793
f 794//794 796//796 795//795
f 796//796 797//797 795//795
f 796//796 798//798 797//797
f 798//798 799//799 797//797
f 798//798 800//800 799//799
f 800//800 801//801 799//799
f 800//800 802//802 801//801
f 802//802 803//803 801//801
f 802//802 804//804 803//803
f 804//804 805//805 803//803
f 804//804 806//806 805//805
f 806//806 807//807 805//805
f 806//806 808//808 807//807
f 808//808 809//809 807//807
f 808//808 810//810 809//809
f 810//810 811//811 809//809
f 810//810 812//812 811//811
f 812//812 813//813 811//811
f 812//812 814//814 813//813
f 814//814 815//815 813//813
f 814//814 816//816 815//815
f 816//816 817//817 815//815
f 816//816 818//818 817//817
f 818//818 819//819 817//817
f 818//818 820//820 819//819
f 820//820 821//821 819//819
f 820//820 822//822 821//821
f 822//822 823//823 821//821
f 822//822 824//824 823//823
f 824//824 825//825 823//823
f 824//824 826//826 825//825
f 826//826 827//827 825//825
f 826//826 828//828 827//827
f 828//828 829//829 827//827
f 828//828 830//830 829//829
f 830//830 831//831 829//829
f 830//830 832//832 831//831
f 832//832 833//833 831//831
f 832//832 834//834 833//833
f 834//834 835//835 833//833
f 834//834 836//836 835//835
f 836//836 837//837 835//835
f 836//836 838//838 837//837
f 838//838 839//839 837//837
f 838//838 840//840 839//839
f 840//840 841//841 839//839
f 840//840 842//842 841//841
f 842//842 843//843 841//841
f 842//842 844//844 843//843
f 844//844 845//845 843//843
f 844//844 846//846 845//845
f 846//846 847//847 845//845
f 846//846 848//848 847//847
f 848//848 849//849 847//847
f 848//848 850//850 849//849
f 850//850 851//851 849//849
f 850//850 852//852 851//851
f 852//852 853//853 851//851
f 852//852 854//854 853//853
f 854//854 855//855 853//853
f 854//854 856//856 855//855
f 856//856 857//857 855//855
f 856//856 858//858 857//857
f 858//858 859//859 857//857
f 858//858 860//860 859//859
f 860//860 861//861 859//859
f 860//860 862//862 861//861
f 862//862 863//863 861//861
f 862//862 864//864 863//863
f 864//864 865//865 863//863
f 864//864 866//866 865//865
f 866//866 867//867 865//865
f 866//866 868//868 867//867
f 868//868 869//869 867//867
f 868//868 870//870 869//869
f 870//870 871//871 869//869
f 870//870 872//872 871//871
f 872//872 873//873 871//871
f 872//872 874//874 873//873
f 874//874 875//875 873//873
f 874//874 876//876 875//875
f 876//876 877//877 875//875
f 876//876 878//878 877//877
f 878//878 879//879 877//877
f 878//878 880//880 879//879
f 880//880 881//881 879//879
f 880//880 882//882 881//881
f 882//882 883//883 881//881
f 882//882 884//884 883//883
f 884//884 885//885 883//883
f 884//884 886//886 885//885
f 886//886 887//887 885//885
f 886//886 888//888 887//887
f 888//888 889//889 887//887
f 888//888 890//890 889//889
f 890//890 891//891 889//889
f 890//890 892//892 891//891
f 892//892 893//893 891//891
f 892//892 894//894 893//893
f 894//894 895//895 893//893
f 894//894 896//896 895//895
f 896//896 897//897 895//895
f 896//896 898//898 897//897
f 898//898 899//899 897//897
f 898//898 900//900 899//899
f 900//900 901//901 899//899
f 900//900 902//902 901//901
f 902//902 903//903 901//901
f 902//902 904//904 903//903
f 904//904 905//905 903//903
f 904//904 906//906 905//905
f 906//906 907//907 905//905
f 906//906 908//908 907//907
f 908//908 909//909 907//907
f 908//908 910//910 909//909
f 910//910 911//911 909//909
f 910//910 912//912 911//911
f 912//912 913//913 911//911
f 912//912 914//914 913//913
f 914//914 915//915 913//913
f 914//914 916//916 915//915
f 916//916 917//917 915//915
f 916//916 918//918 917//917
f 918//918 919//919 917//917
f 918//918 920//920 919//919
f 920//920 921//921 919//919
f 920//920 922//922 921//921
f 922//922 923//923 921//921
f 922//922 924//924 923//923
f 924//924 925//925 923//923
f 924//924 926//926 925//925
f 926//926 927//927 925//925
f 926//926 928//928 927//927
f 928//928 929//929 927//927
f 928//928 930//930 929//929
f 930//930 931//931 929//929
f 930//930 932//932 931//931
f 932//932 933//933 931//931
f 932//932 934//934 933//933
f 934//934 935//935 933//933
f 934//934 936//936 935//935
f 936//936 937//937 935//935
f 936//936 938//938 937//937
f 938//938 939//939 937//937
f 938//938 940//940 939//939
f 940//940 941//941 939//939
f 940//940 942//942 941//941
f 942//942 943//943 941//941
f 942//942 944//944 943//943
f 944//944 945//945 943//943
f 944//944 946//946 945//945
f 946//946 947//947 945//945
f 946//946 948//948 947//947
f 948//948 949//949 947//947
f 948//948 950//950 949//949
f 950//950 951//951 949//949
f 950//950 952//952 951//951
f 952//952 953//953 951//951
f 952//952 954//954 953//953
f 954//954 955//955 953//953
f 954//954 956//956 955//955
f 956//956 957//957 955//955
f 956//956 958//958 957//957
f 958//958 959//959 957//957
f 958//958 960//960 959//959
f 960//960 483//483 959//959
f 960//960 481//481 483//483
f 1//1 961//961 2//2
f 2//2 961//961 5//5
f 5//5 961//961 7//7
f 7//7 961//961 9//9
f 9//9 961//961 11//11
f 11//11 961//961 13//13
f 13//13 961//961 15//15
f 15//15 961//961 17//17
f 17//17 961//961 19//19
f 19//19 961//961 21//21
f 21//21 961//961 23//23
f 23//23 961//961 25//25
f 25//25 961//961 27//27
f 27//27 961//961 29//29
f 29//29 961//961 31//31
f 31//31 961//961 33//33
f 33//33 961//961 35//35
f 35//35 961//961 37//37
f 37//37 961//961 39//39
f 39//39 961//961 41//41
f 41//41 961//961 43//43
f 43//43 961//961 45//45
f 45//45 961//961 47//47
f 47//47 961//961 49//49
f 49//49 961//961 51//51
f 51//51 961//961 53//53
f 53//53 961//961 55//55
f 55//55 961//961 57//57
f 57//57 961//961 59//59
f 59//59 961//961 61//61
f 61//61 961//961 63//63
f 63//63 961//961 65//65
f 65//65 961//961 67//67
f 67//67 961//961 69//69
f 69//69 961//961 71//71
f 71//71 961//961 73//73
f 73//73 961//961 75//75
f 75//75 961//961 77//77
f 77//77 961//961 79//79
f 79//79 961//961 81//81
f 81//81 961//961 83//83
f 83//83 961//961 85//85
f 85//85 961//961 87//87
f 87//87 961//961 89//89
f 89//89 961//961 91//91
f 91//91 961//961 93//93
f 93//93 961//961 95//95
f 95//95 961//961 97//97
f 97//97 961//961 99//99
f 99//99 961//961 101//101
f 101//101 961//961 103//103
f 103//103 961//961 105//105
f 105//105 961//961 107//107
f 107//107 961//961 109//109
f 109//109 961//961 111//111
f 111//111 961//961 113//113
f 113//113 961//961 115//115
f 115//115 961//961 117//117
f 117//117 961//961 119//119
f 119//119 961//961 121//121
f 121//121 961//961 123//123
f 123//123 961//961 125//125
f 125//125 961//961 127//127
f 127//127 961//961 129//129
f 129//129 961//961 131//131
f 131//131 961//961 133//133
f 133//133 961//961 135//135
f 135//135 961//961 137//137
f 137//137 961//961 139//139
f 139//139 961//961 141//141
f 141//141 961//961 143//143
f 143//143 961//961 145//145
f 145//145 961//961 147//147
f 147//147 961//961 149//149
f 149//149 961//961 151//151
f 151//151 961//961 153//153
f 153//153 961//961 155//155
f 155//155 961//961 157//157
f 157//157 961//961 159//159
f 159//159 961//961 161//161
f 161//161 961//961 163//163
f 163//163 961//961 165//165
f 165//165 961//961 167//167
f 167//167 961//961 169//169
f 169//169 961//961 171//171
f 171//171 961//961 173//173
f 173//173 961//961 175//175
f 175//175 961//961 177//177
f 177//177 961//961 179//179
f 179//179 961//961 181//181
f 181//181 961//961 183//183
f 183//183 961//961 185//185
f 185//185 961//961 187//187
f 187//187 961//961 189//189
f 189//189 961//961 191//191
f 191//191 961//961 193//193
f 193//193 961//961 195//195
f 195//195 961//961 197//197
f 197//197 961//961 199//199
f 199//199 961//961 201//201
f 201//201 961//961 203//203
f 203//203 961//961 205//205
f 205//205 961//961 207//207
f 207//207 961//961 209//209
f 209//209 961//961 211//211
f 211//211 961//961 213//213
f 213//213 961//961 215//215
f 215//215 961//961 217//217
f 217//217 961//961 219//219
f 219//219 961//961 221//221
f 221//221 961//961 223//223
f 223//223 961//961 225//225
f 225//225 961//961 227//227
f 227//227 961//961 229//229
f 229//229 961//961 231//231
f 231//231 961//961 233//233
f 233//233 961//961 235//235
f 235//235 961//961 237//237
f 237//237 961//961 239//239
f 239//239 961//961 241//241
f 241//241 961//961 243//243
f 243//243 961//961 245//245
f 245//245 961//961 247//247
f 247//247 961//961 249//249
f 249//249 961//961 251//251
f 251//251 961//961 253//253
f 253//253 961//961 255//255
f 255//255 961//961 257//257
f 257//257 961//961 259//259
f 259//259 961//961 261//261
f 261//261 961//961 263//263
f 263//263 961//961 265//265
f 265//265 961//961 267//267
f 267//267 961//961 269//269
f 269//269 961//961 271//271
f 271//271 961//961 273//273
f 273//273 961//961 275//275
f 275//275 961//961 277//277
f 277//277 961//961 279//279
f 279//279 961//961 281//281
f 281//281 961//961 283//283
f 283//283 961//961 285//285
f 285//285 961//961 287//287
f 287//287 961//961 289//289
f 289//289 961//961 291//291
f 291//291 961//961 293//293
f 293//293 961//961 295//295
f 295//295 961//961 297//297
f 297//297 961//961 299//299
f 299//299 961//961 301//301
f 301//301 961//961 303//303
f 303//303 961//961 305//305
f 305//305 961//961 307//307
f 307//307 961//961 309//309
f 309//309 961//961 311//311
f 311//311 961//961 313//313
f 313//313 961//961 315//315
f 315//315 961//961 317//317
f 317//317 961//961 319//319
f 319//319 961//961 321//321
f 321//321 961//961 323//323
f 323//323 961//961 325//325
f 325//325 961//961 327//327
f 327//327 961//961 329//329
f 329//329 961//961 331//331
f 331//331 961//961 333//333
f 333//333 961//961 335//335
f 335//335 961//961 337//337
f 337//337 961//961 339//339
f 339//339 961//961 341//341
f 341//341 961//961 343//343
f 343//343 961//961 345//345
f 345//345 961//961 347//347
f 347//347 961//961 349//349
f 349//349 961//961 351//351
f 351//351 961//961 353//353
f 353//353 961//961 355//355
f 355//355 961//961 357//357
f 357//357 961//961 359//359
f 359//359 961//961 361//361
f 361//361 961//961 363//363
f 363//363 961//961 365//365
f 365//365 961//961 367//367
f 367//367 961//961 369//369
f 369//369 961//961 371//371
f 371//371 961//961 373//373
f 373//373 961//961 375//375
f 375//375 961//961 377//377
f 377//377 961//961 379//379
f 379//379 961//961 381//381
f 381//381 961//961 383//383
f 383//383 961//961 385//385
f 385//385 961//961 387//387
f 387//387 961//961 389//389
f 389//389 961//961 391//391
f 391//391 961//961 393//393
f 393//393 961//961 395//395
f 395//395 961//961 397//397
f 397//397 961//961 399//399
f 399//399 961//961 401//401
f 401//401 961//961 403//403
f 403//403 961//961 405//405
f 405//405 961//961 407//407
f 407//407 961//961 409//409
f 409//409 961//961 411//411
f 411//411 961//961 413//413
f 413//413 961//961 415//415
f 415//415 961//961 417//417
f 417//417 961//961 419//419
f 419//419 961//961 421//421
f 421//421 961//961 423//423
f 423//423 961//961 425//425
f 425//425 961//961 427//427
f 427//427 961//961 429//429
f 429//429 961//961 431//431
f 431//431 961//961 433//433
f 433//433 961//961 435//435
f 435//435 961//961 437//437
f 437//437 961//961 439//439
f 439//439 961//961 441//441
f 441//441 961//961 443//443
f 443//443 961//961 445//445
f 445//445 961//961 447//447
f 447//447 961//961 449//449
f 449//449 961//961 451//451
f 451//451 961//961 453//453
f 453//453 961//961 455//455
f 455//455 961//961 457//457
f 457//457 961//961 459//459
f 459//459 961//961 461//461
f 461//461 961//961 463//463
f 463//463 961//961 465//465
f 465//465 961//961 467//467
f 467//467 961//961 469//469
f 469//469 961//961 471//471
f 471//471 961//961 473//473
f 473//473 961//961 475//475
f 475//475 961//961 477//477
f 477//477 961//961 479//479
f 479//479 961//961 1//1
f 481//481 484//484 962//962
f 484//484 486//486 962//962
f 486//486 488//488 962//962
f 488//488 490//490 962//962
f 490//490 492//492 962//962
f 492//492 494//494 962//962
f 494//494 496//496 962//962
f 496//496 498//498 962//962
f 498//498 500//500 962//962
f 500//500 502//502 962//962
f 502//502 504//504 962//962
f 504//504 506//506 962//962
f 506//506 508//508 962//962
f 508//508 510//510 962//962
f 510//510 512//512 962//962
f 512//512 514//514 962//962
f 514//514 516//516 962//962
f 516//516 518//518 962//962
f 518//518 520//520 962//962
f 520//520 522//522 962//962
f 522//522 524//524 962//962
f 524//524 526//526 962//962
f 526//526 528//528 962//962
f 528//528 530//530 962//962
f 530//530 532//532 962//962
f 532//532 534//534 962//962
f 534//534 536//536 962//962
f 536//536 538//538 962//962
f 538//538 540//540 962//962
f 540//540 542//542 962//962
f 542//542 544//544 962//962
f 544//544 546//546 962//962
f 546//546 548//548 962//962
f 548//548 550//550 962//962
f 550//550 552//552 962//962
f 552//552 554//554 962//962
f 554//554 556//556 962//962
f 556//556 558//558 962//962
f 558//558 560//560 962//962
f 560//560 562//562 962//962
f 562//562 564//564 962//962
f 564//564 566//566 962//962
f 566//566 568//568 962//962
f 568//568 570//570 962//962
f 570//570 572//572 962//962
f 572//572 574//574 962//962
f 574//574 576//576 962//962
f 576//576 578//578 962//962
f 578//578 580//580 962//962
f 580//580 582//582 962//962
f 582//582 584//584 962//962
f 584//584 586//586 962//962
f 586//586 588//588 962//962
f 588//588 590//590 962//962
f 590//590 592//592 962//962
f 592//592 594//594 962//962
f 594//594 596//596 962//962
f 596//596 598//598 962//962
f 598//598 600//600 962//962
f 600//600 602//602 962//962
f 602//602 604//604 962//962
f 604//604 606//606 962//962
f 606//606 608//608 962//962
f 608//608 610//610 962//962
f 610//610 612//612 962//962
f 612//612 614//614 962//962
f 614//614 616//616 962//962
f 616//616 618//618 962//962
f 618//618 620//620 962//962
f 620//620 622//622 962//962
f 622//622 624//624 962//962
f 624//624 626//626 962//962
f 626//626 628//628 962//962
f 628//628 630//630 962//962
f 630//630 632//632 962//962
f 632//632 634//634 962//962
f 634//634 636//636 962//962
f 636//636 638//638 962//962
f 638//638 640//640 962//962
f 640//640 642//642 962//962
f 642//642 644//644 962//962
f 644//644 646//646 962//962
f 646//646 648//648 962//962
f 648//648 650//650 962//962
f 650//650 652//652 962//962
f 652//652 654//654 962//962
f 654//654 656//656 962//962
f 656//656 658//658 962//962
f 658//658 660//660 962//962
f 660//660 662//662 962//962
f 662//662 664//664 962//962
f 664//664 666//666 962//962
f 666//666 668//668 962//962
f 668//668 670//670 962//962
f 670//670 672//672 962//962
f 672//672 674//674 962//962
f 674//674 676//676 962//962
f 676//676 678//678 962//962
f 678//678 680//680 962//962
f 680//680 682//682 962//962
f 682//682 684//684 962//962
f 684//684 686//686 962//962
f 686//686 688//688 962//962
f 688//688 690//690 962//962
f 690//690 692//692 962//962
f 692//692 694//694 962//962
f 694//694 696//696 962//962
f 696//696 698//698 962//962
f 698//698 700//700 962//962
f 700//700 702//702 962//962
f 702//702 704//704 962//962
f 704//704 706//706 962//962
f 706//706 708//708 962//962
f 708//708 710//710 962//962
f 710//710 712//712 962//962
f 712//712 714//714 962//962
f 714//714 716//716 962//962
f 716//716 718//718 962//962
f 718//718 720//720 962//962
f 720//720 722//722 962//962
f 722//722 724//724 962//962
f 724//724 726//726 962//962
f 726//726 728//728 962//962
f 728//728 730//730 962//962
f 730//730 732//732 962//962
f 732//732 734//734 962//962
f 734//734 736//736 962//962
f 736//736 738//738 962//962
f 738//738 740//740 962//962
f 740//740 742//742 962//962
f 742//742 744//744 962//962
f 744//744 746//746 962//962
f 746//746 748//748 962//962
f 748//748 750//750 962//962
f 750//750 752//752 962//962
f 752//752 754//754 962//962
f 754//754 756//756 962//962
f 756//756 758//758 962//962
f 758//758 760//760 962//962
f 760//760 762//762 962//962
f 762//762 764//764 962//962
f 764//764 766//766 962//962
f 766//766 768//768 962//962
f 768//768 770//770 962//962
f 770//770 772//772 962//962
f 772//772 774//774 962//962
f 774//774 776//776 962//962
f 776//776 778//778 962//962
f 778//778 780//780 962//962
f 780//780 782//782 962//962
f 782//782 784//784 962//962
f 784//784 786//786 962//962
f 786//786 788//788 962//962
f 788//788 790//790 962//962
f 790//790 792//792 962//962
f 792//792 794//794 962//962
f 794//794 796//796 962//962
f 796//796 798//798 962//962
f 798//798 800//800 962//962
f 800//800 802//802 962//962
f 802//802 804//804 962//962
f 804//804 806//806 962//962
f 806//806 808//808 962//962
f 808//808 810//810 962//962
f 810//810 812//812 962//962
f 812//812 814//814 962//962
f 814//814 816//816 962//962
f 816//816 818//818 962//962
f 818//818 820//820 962//962
f 820//820 822//822 962//962
f 822//822 824//824 962//962
f 824//824 826//826 962//962
f 826//826 828//828 962//962
f 828//828 830//830 962//962
f 830//830 832//832 962//962
f 832//832 834//834 962//962
f 834//834 836//836 962//962
f 836//836 838//838 962//962
f 838//838 840//840 962//962
f 840//840 842//842 962//962
f 842//842 844//844 962//962
f 844//844 846//846 962//962
f 846//846 848//848 962//962
f 848//848 850//850 962//962
f 850//850 852//852 962//962
f 852//852 854//854 962//962
f 854//854 856//856 962//962
f 856//856 858//858 962//962
f 858//858 860//860 962//962
f 860//860 862//862 962//962
f 862//862 864//864 962//962
f 864//864 866//866 962//962
f 866//866 868//868 962//962
f 868//868 870//870 962//962
f 870//870 872//872 962//962
f 872//872 874//874 962//962
f 874//874 876//876 962//962
f 876//876 878//878 962//962
f 878//878 880//880 962//962
f 880//880 882//882 962//962
f 882//882 884//884 962//962
f 884//884 886//886 962//962
f 886//886 888//888 962//962
f 888//888 890//890 962//962
f 890//890 892//892 962//962
f 892//892 894//894 962//962
f 894//894 896//896 962//962
f 896//896 898//898 962//962
f 898//898 900//900 962//962
f 900//900 902//902 962//962
f 902//902 904//904 962//962
f 904//904 906//906 962//962
f 906//906 908//908 962//962
f 908//908 910//910 962//962
f 910//910 912//912 962//962
f 912//912 914//914 962//962
f 914//914 916//916 962//962
f 916//916 918//918 962//962
f 918//918 920//920 962//962
f 920//920 922//922 962//962
f 922//922 924//924 962//962
f 924//924 926//926 962//962
f 926//926 928//928 962//962
f 928//928 930//930 962//962
f 930//930 932//932 962//962
f 932//932 934//934 962//962
f 934//934 936//936 962//962
f 936//936 938//938 962//962
f 938//938 940//940 962//962
f 940//940 942//942 962//962
f 942//942 944//944 962//962
f 944//944 946//946 962//962
f 946//946 948//948 962//962
f 948//948 950//950 962//962
f 950//950 952//952 962//962
f 952//952 954//954 962//962
f 954//954 956//956 962//962
f 956//956 958//958 962//962
f 958//958 960//960 962//962
f 960//960 481//481 962//962
f 483//483 482//482 3//3
f 483//483 3//3 4//4
f 482//482 485//485 6//6
f 482//482 6//6 3//3
f 485//485 487//487 8//8
f 485//485 8//8 6//6
f 487//487 489//489 10//10
f 487//487 10//10 8//8
f 489//489 491//491 12//12
f 489//489 12//12 10//10
f 491//491 493//493 14//14
f 491//491 14//14 12//12
f 493//493 495//495 16//16
f 493//493 16//16 14//14
f 495//495 497//497 18//18
f 495//495 18//18 16//16
f 497//497 499//499 20//20
f 497//497 20//20 18//18
f 499//499 501//501 22//22
f 499//499 22//22 20//20
f 501//501 503//503 24//24
f 501//501 24//24 22//22
f 503//503 505//505 26//26
f 503//503 26//26 24//24
f 505//505 507//507 28//28
f 505//505 28//28 26//26
f 507//507 509//509 30//30
f 507//507 30//30 28//28
f 509//509 511//511 32//32
f 509//509 32//32 30//30
f 511//511 513//513 34//34
f 511//511 34//34 32//32
f 513//513 515//515 36//36
f 513//513 36//36 34//34
f 515//515 517//517 38//38
f 515//515 38//38 36//36
f 517//517 519//519 40//40
f 517//517 40//40 38//38
f 519//519 521//521 42//42
f 519//519 42//42 40//40
f 521//521 523//523 44//44
f 521//521 44//44 42//42
f 523//523 525//525 46//46
f 523//523 46//46 44//44
f 525//525 527//527 48//48
f 525//525 48//48 46//46
f 527//527 529//529 50//50
f 527//527 50//50 48//48
f 529//529 531//531 52//52
f 529//529 52//52 50//50
f 531//531 533//533 54//54
f 531//531 54//54 52//52
f 533//533 535//535 56//56
f 533//533 56//56 54//54
f 535//535 537//537 58//58
f 535//535 58//58 56//56
f 537//537 539//539 60//60
f 537//537 60//60 58//58
f 539//539 541//541 62//62
f 539//539 62//62 60//60
f 541//541 543//543 64//64
f 541//541 64//64 62//62
f 543//543 545//545 66//66
f 543//543 66//66 64//64
f 545//545 547//547 68//68
f 545//545 68//68 66//66
f 547//547 549//549 70//70
f 547//547 70//70 68//68
f 549//549 551//551 72//72
f 549//549 72//72 70//70
f 551//551 553//553 74//74
f 551//551 74//74 72//72
f 553//553 555//555 76//76
f 553//553 76//76 74//74
f 555//555 557//557 78//78
f 555//555 78//78 76//76
f 557//557 559//559 80//80
f 557//557 80//80 78//78
f 559//559 561//561 82//82
f 559//559 82//82 80//80
f 561//561 563//563 84//84
f 561//561 84//84 82//82
f 563//563 565//565 86//86
f 563//563 86//86 84//84
f 565//565 567//567 88//88
f 565//565 88//88 86//86
f 567//567 569//569 90//90
f 567//567 90//90 88//88
f 569//569 571//571 92//92
f 569//569 92//92 90//90
f 571//571 573//573 94//94
f 571//571 94//94 92//92
f 573//573 575//575 96//96
f 573//573 96//96 94//94
f 575//575 577//577 98//98
f 575//575 98//98 96//96
f 577//577 579//579 100//100
f 577//577 100//100 98//98
f 579//579 581//581 102//102
f 579//579 102//102 100//100
f 581//581 583//583 104//104
f 581//581 104//104 102//102
f 583//583 585//585 106//106
f 583//583 106//106 104//104
f 585//585 587//587 108//108
f 585//585 108//108 106//106
f 587//587 589//589 110//110
f 587//587 110//110 108//108
f 589//589 591//591 112//112
f 589//589 112//112 110//110
f 591//591 593//593 114//114
f 591//591 114//114 112//112
f 593//593 595//595 116//116
f 593//593 116//116 114//114
f 595//595 597//597 118//118
f 595//595 118//118 116//116
f 597//597 599//599 120//120
f 597//597 120//120 118//118
f 599//599 601//601 122//122
f 599//599 122//122 120//120
f 601//601 603//603 124//124
f 601//601 124//124 122//122
f 603//603 605//605 126//126
f 603//603 126//126 124//124
f 605//605 607//607 128//128
f 605//605 128//128 126//126
f 607//607 609//609 130//130
f 607//607 130//130 128//128
f 609//609 611//611 132//132
f 609//609 132//132 130//130
f 611//611 613//613 134//134
f 611//611 134//134 132//132
f 613//613 615//615 136//136
f 613//613 136//136 134//134
f 615//615 617//617 138//138
f 615//615 138//138 136//136
f 617//617 619//619 140//140
f 617//617 140//140 138//138
f 619//619 621//621 142//142
f 619//619 142//142 140//140
f 621//621 623//623 144//144
f 621//621 144//144 142//142
f 623//623 625//625 146//146
f 623//623 146//146 144//144
f 625//625 627//627 148//148
f 625//625 148//148 146//146
f 627//627 629//629 150//150
f 627//627 150//150 148//148
f 629//629 631//631 152//152
f 629//629 152//152 150//150
f 631//631 633//633 154//154
f 631//631 154//154 152//152
f 633//633 635//635 156//156
f 633//633 156//156 154//154
f 635//635 637//637 158//158
f 635//635 158//158 156//156
f 637//637 639//639 160//160
f 637//637 160//160 158//158
f 639//639 641//641 162//162
f 639//639 162//162 160//160
f 641//641 643//643 164//164
f 641//641 164//164 162//162
f 643//643 645//645 166//166
f 643//643 166//166 164//164
f 645//645 647//647 168//168
f 645//645 168//168 166//166
f 647//647 649//649 170//170
f 647//647 170//170 168//168
f 649//649 651//651 172//172
f 649//649 172//172 170//170
f 651//651 653//653 174//174
f 651//651 174//174 172//172
f 653//653 655//655 176//176
f 653//653 176//176 174//174
f 655//655 657//657 178//178
f 655//655 178//178 176//176
f 657//657 659//659 180//180
f 657//657 180//180 178//178
f 659//659 661//661 182//182
f 659//659 182//182 180//180
f 661//661 663//663 184//184
f 661//661 184//184 182//182
f 663//663 665//665 186//186
f 663//663 186//186 184//184
f 665//665 667//667 188//188
f 665//665 188//188 186//186
f 667//667 669//669 190//190
f 667//667 190//190 188//188
f 669//669 671//671 192//192
f 669//669 192//192 190//190
f 671//671 673//673 194//194
f 671//671 194//194 192//192
f 673//673 675//675 196//196
f 673//673 196//196 194//194
f 675//675 677//677 198//198
f 675//675 198//198 196//196
f 677//677 679//679 200//200
f 677//677 200//200 198//198
f 679//679 681//681 202//202
f 679//679 202//202 200//200
f 681//681 683//683 204//204
f 681//681 204//204 202//202
f 683//683 685//685 206//206
f 683//683 206//206 204//204
f 685//685 687//687 208//208
f 685//685 208//208 206//206
f 687//687 689//689 210//210
f 687//687 210//210 208//208
f 689//689 691//691 212//212
f 689//689 212//212 210//210
f 691//691 693//693 214//214
f 691//691 214//214 212//212
f 693//693 695//695 216//216
f 693//693 216//216 214//214
f 695//695 697//697 218//218
f 695//695 218//218 216//216
f 697//697 699//699 220//220
f 697//697 220//220 218//218
f 699//699 701//701 222//222
f 699//699 222//222 220//220
f 701//701 703//703 224//224
f 701//701 224//224 222//222
f 703//703 705//705 226//226
f 703//703 226//226 224//224
f 705//705 707//707 228//228
f 705//705 228//228 226//226
f 707//707 709//709 230//230
f 707//707 230//230 228//228
f 709//709 711//711 232//232
f 709//709 232//232 230//230
f 711//711 713//713 234//234
f 711//711 234//234 232//232
f 713//713 715//715 236//236
f 713//713 236//236 234//234
f 715//715 717//717 238//238
f 715//715 238//238 236//236
f 717//717 719//719 240//240
f 717//717 240//240 238//238
f 719//719 721//721 242//242
f 719//719 242//242 240//240
f 721//721 723//723 244//244
f 721//721 244//244 242//242
f 723//723 725//725 246//246
f 723//723 246//246 244//244
f 725//725 727//727 248//248
f 725//725 248//248 246//246
f 727//727 729//729 250//250
f 727//727 250//250 248//248
f 729//729 731//731 252//252
f 729//729 252//252 250//250
f 731//731 733//733 254//254
f 731//731 254//254 252//252
f 733//733 735//735 256//256
f 733//733 256//256 254//254
f 735//735 737//737 258//258
f 735//735 258//258 256//256
f 737//737 739//739 260//260
f 737//737 260//260 258//258
f 739//739 741//741 262//262
f 739//739 262//262 260//260
f 741//741 743//743 264//264
f 741//741 264//264 262//262
f 743//743 745//745 266//266
f 743//743 266//266 264//264
f 745//745 747//747 268//268
f 745//745 268//268 266//266
f 747//747 749//749 270//270
f 747//747 270//270 268//268
f 749//749 751//751 272//272
f 749//749 272//272 270//270
f 751//751 753//753 274//274
f 751//751 274//274 272//272
f 753//753 755//755 276//276
f 753//753 276//276 274//274
f 755//755 757//757 278//278
f 755//755 278//278 276//276
f 757//757 759//759 280//280
f 757//757 280//280 278//278
f 759//759 761//761 282//282
f 759//759 282//282 280//280
f 761//761 763//763 284//284
f 761//761 284//284 282//282
f 763//763 765//765 286//286
f 763//763 286//286 284//284
f 765//765 767//767 288//288
f 765//765 288//288 286//286
f 767//767 769//769 290//290
f 767//767 290//290 288//288
f 769//769 771//771 292//292
f 769//769 292//292 290//290
f 771//771 773//773 294//294
f 771//771 294//294 292//292
f 773//773 775//775 296//296
f 773//773 296//296 294//294
f 775//775 777//777 298//298
f 775//775 298//298 296//296
f 777//777 779//779 300//300
f 777//777 300//300 298//298
f 779//779 781//781 302//302
f 779//779 302//302 300//300
f 781//781 783//783 304//304
f 781//781 304//304 302//302
f 783//783 785//785 306//306
f 783//783 306//306 304//304
f 785//785 787//787 308//308
f 785//785 308//308 306//306
f 787//787 789//789 310//310
f 787//787 310//310 308//308
f 789//789 791//791 312//312
f 789//789 312//312 310//310
f 791//791 793//793 314//314
f 791//791 314//314 312//312
f 793//793 795//795 316//316
f 793//793 316//316 314//314
f 795//795 797//797 318//318
f 795//795 318//318 316//316
f 797//797 799//799 320//320
f 797//797 320//320 318//318
f 799//799 801//801 322//322
f 799//799 322//322 320//320
f 801//801 803//803 324//324
f 801//801 324//324 322//322
f 803//803 805//805 326//326
f 803//803 326//326 324//324
f 805//805 807//807 328//328
f 805//805 328//328 326//326
f 807//807 809//809 330//330
f 807//807 330//330 328//328
f 809//809 811//811 332//332
f 809//809 332//332 330//330
f 811//811 813//813 334//334
f 811//811 334//334 332//332
f 813//813 815//815 336//336
f 813//813 336//336 334//334
f 815//815 817//817 338//338
f 815//815 338//338 336//336
f 817//817 819//819 340//340
f 817//817 340//340 338//338
f 819//819 821//821 342//342
f 819//819 342//342 340//340
f 821//821 823//823 344//344
f 821//821 344//344 342//342
f 823//823 825//825 346//346
f 823//823 346//346 344//344
f 825//825 827//827 348//348
f 825//825 348//348 346//346
f 827//827 829//829 350//350
f 827//827 350//350 348//348
f 829//829 831//831 352//352
f 829//829 352//352 350//350
f 831//831 833//833 354//354
f 831//831 354//354 352//352
f 833//833 835//835 356//356
f 833//833 356//356 354//354
f 835//835 837//837 358//358
f 835//835 358//358 356//356
f 837//837 839//839 360//360
f 837//837 360//360 358//358
f 839//839 841//841 362//362
f 839//839 362//362 360//360
f 841//841 843//843 364//364
f 841//841 364//364 362//362
f 843//843 845//845 366//366
f 843//843 366//366 364//364
f 845//845 847//847 368//368
f 845//845 368//368 366//366
f 847//847 849//849 370//370
f 847//847 370//370 368//368
f 849//849 851//851 372//372
f 849//849 372//372 370//370
f 851//851 853//853 374//374
f 851//851 374//374 372//372
f 853//853 855//855 376//376
f 853//853 376//376 374//374
f 855//855 857//857 378//378
f 855//855 378//378 376//376
f 857//857 859//859 380//380
f 857//857 380//380 378//378
f 859//859 861//861 382//382
f 859//859 382//382 380//380
f 861//861 863//863 384//384
f 861//861 384//384 382//382
f 863//863 865//865 386//386
f 863//863 386//386 384//384
f 865//865 867//867 388//388
f 865//865 388//388 386//386
f 867//867 869//869 390//390
f 867//867 390//390 388//388
f 869//869 871//871 392//392
f 869//869 392//392 390//390
f 871//871 873//873 394//394
f 871//871 394//394 392//392
f 873//873 875//875 396//396
f 873//873 396//396 394//394
f 875//875 877//877 398//398
f 875//875 398//398 396//396
f 877//877 879//879 400//400
f 877//877 400//400 398//398
f 879//879 881//881 402//402
f 879//879 402//402 400//400
f 881//881 883//883 404//404
f 881//881 404//404 402//402
f 883//883 885//885 406//406
f 883//883 406//406 404//404
f 885//885 887//887 408//408
f 885//885 408//408 406//406
f 887//887 889//889 410//410
f 887//887 410//410 408//408
f 889//889 891//891 412//412
f 889//889 412//412 410//410
f 891//891 893//893 414//414
f 891//891 414//414 412//412
f 893//893 895//895 416//416
f 893//893 416//416 414//414
f 895//895 897//897 418//418
f 895//895 418//418 416//416
f 897//897 899//899 420//420
f 897//897 420//420 418//418
f 899//899 901//901 422//422
f 899//899 422//422 420//420
f 901//901 903//903 424//424
f 901//901 424//424 422//422
f 903//903 905//905 426//426
f 903//903 426//426 424//424
f 905//905 907//907 428//428
f 905//905 428//428 426//426
f 907//907 909//909 430//430
f 907//907 430//430 428//428
f 909//909 911//911 432//432
f 909//909 432//432 430//430
f 911//911 913//913 434//434
f 911//911 434//434 432//432
f 913//913 915//915 436//436
f 913//913 436//436 434//434
f 915//915 917//917 438//438
f 915//915 438//438 436//436
f 917//917 919//919 440//440
f 917//917 440//440 438//438
f 919//919 921//921 442//442
f 919//919 442//442 440//440
f 921//921 923//923 444//444
f 921//921 444//444 442//442
f 923//923 925//925 446//446
f 923//923 446//446 444//444
f 925//925 927//927 448//448
f 925//925 448//448 446//446
f 927//927 929//929 450//450
f 927//927 450//450 448//448
f 929//929 931//931 452//452
f 929//929 452//452 450//450
f 931//931 933//933 454//454
f 931//931 454//454 452//452
f 933//933 935//935 456//456
f 933//933 456//456 454//454
f 935//935 937//937 458//458
f 935//935 458//458 456//456
f 937//937 939//939 460//460
f 937//937 460//460 458//458
f 939//939 941//941 462//462
f 939//939 462//462 460//460
f 941//941 943//943 464//464
f 941//941 464//464 462//462
f 943//943 945//945 466//466
f 943//943 466//466 464//464
f 945//945 947//947 468//468
f 945//945 468//468 466//466
f 947//947 949//949 470//470
f 947//947 470//470 468//468
f 949//949 951//951 472//472
f 949//949 472//472 470//470
f 951//951 953//953 474//474
f 951//951 474//474 472//472
f 953//953 955//955 476//476
f 953//953 476//476 474//474
f 955//955 957//957 478//478
f 955//955 478//478 476//476
f 957//957 959//959 480//480
f 957//957 480//480 478//478
f 959//959 483//483 4//4
f 959//959 4//4 480//480

