solid cylinder_cup_5mm_wall
  facet normal 9.999143e-01 1.308960e-02 0.000000e+00
    outer loop
      vertex 2.500000e+01 0.000000e+00 0.000000e+00
      vertex 2.499143e+01 6.544237e-01 0.000000e+00
      vertex 2.499143e+01 6.544237e-01 7.500000e+01
    endloop
  endfacet
  facet normal 9.999143e-01 1.308960e-02 -0.000000e+00
    outer loop
      vertex 2.500000e+01 0.000000e+00 0.000000e+00
      vertex 2.499143e+01 6.544237e-01 7.500000e+01
      vertex 2.500000e+01 0.000000e+00 7.500000e+01
    endloop
  endfacet
  facet normal 9.992290e-01 3.925982e-02 0.000000e+00
    outer loop
      vertex 2.499143e+01 6.544237e-01 0.000000e+00
      vertex 2.496574e+01 1.308399e+00 0.000000e+00
      vertex 2.496574e+01 1.308399e+00 7.500000e+01
    endloop
  endfacet
  facet normal 9.992290e-01 3.925982e-02 -0.000000e+00
    outer loop
      vertex 2.499143e+01 6.544237e-01 0.000000e+00
      vertex 2.496574e+01 1.308399e+00 7.500000e+01
      vertex 2.499143e+01 6.544237e-01 7.500000e+01
    endloop
  endfacet
  facet normal 9.978589e-01 6.540313e-02 0.000000e+00
    outer loop
      vertex 2.496574e+01 1.308399e+00 0.000000e+00
      vertex 2.492293e+01 1.961477e+00 0.000000e+00
      vertex 2.492293e+01 1.961477e+00 7.500000e+01
    endloop
  endfacet
  facet normal 9.978589e-01 6.540313e-02 -0.000000e+00
    outer loop
      vertex 2.496574e+01 1.308399e+00 0.000000e+00
      vertex 2.492293e+01 1.961477e+00 7.500000e+01
      vertex 2.496574e+01 1.308399e+00 7.500000e+01
    endloop
  endfacet
  facet normal 9.958049e-01 9.150162e-02 0.000000e+00
    outer loop
      vertex 2.492293e+01 1.961477e+00 0.000000e+00
      vertex 2.486305e+01 2.613212e+00 0.000000e+00
      vertex 2.486305e+01 2.613212e+00 7.500000e+01
    endloop
  endfacet
  facet normal 9.958049e-01 9.150162e-02 -0.000000e+00
    outer loop
      vertex 2.492293e+01 1.961477e+00 0.000000e+00
      vertex 2.486305e+01 2.613212e+00 7.500000e+01
      vertex 2.492293e+01 1.961477e+00 7.500000e+01
    endloop
  endfacet
  facet normal 9.930685e-01 1.175374e-01 0.000000e+00
    outer loop
      vertex 2.486305e+01 2.613212e+00 0.000000e+00
      vertex 2.478612e+01 3.263155e+00 0.000000e+00
      vertex 2.478612e+01 3.263155e+00 7.500000e+01
    endloop
  endfacet
  facet normal 9.930685e-01 1.175374e-01 -0.000000e+00
    outer loop
      vertex 2.486305e+01 2.613212e+00 0.000000e+00
      vertex 2.478612e+01 3.263155e+00 7.500000e+01
      vertex 2.486305e+01 2.613212e+00 7.500000e+01
    endloop
  endfacet
  facet normal 9.896514e-01 1.434926e-01 0.000000e+00
    outer loop
      vertex 2.478612e+01 3.263155e+00 0.000000e+00
      vertex 2.469221e+01 3.910862e+00 0.000000e+00
      vertex 2.469221e+01 3.910862e+00 7.500000e+01
    endloop
  endfacet
  facet normal 9.896514e-01 1.434926e-01 -0.000000e+00
    outer loop
      vertex 2.478612e+01 3.263155e+00 0.000000e+00
      vertex 2.469221e+01 3.910862e+00 7.500000e+01
      vertex 2.478612e+01 3.263155e+00 7.500000e+01
    endloop
  endfacet
  facet normal 9.855561e-01 1.693495e-01 0.000000e+00
    outer loop
      vertex 2.469221e+01 3.910862e+00 0.000000e+00
      vertex 2.458137e+01 4.555888e+00 0.000000e+00
      vertex 2.458137e+01 4.555888e+00 7.500000e+01
    endloop
  endfacet
  facet normal 9.855561e-01 1.693495e-01 -0.000000e+00
    outer loop
      vertex 2.469221e+01 3.910862e+00 0.000000e+00
      vertex 2.458137e+01 4.555888e+00 7.500000e+01
      vertex 2.469221e+01 3.910862e+00 7.500000e+01
    endloop
  endfacet
  facet normal 9.807853e-01 1.950903e-01 0.000000e+00
    outer loop
      vertex 2.458137e+01 4.555888e+00 0.000000e+00
      vertex 2.445369e+01 5.197792e+00 0.000000e+00
      vertex 2.445369e+01 5.197792e+00 7.500000e+01
    endloop
  endfacet
  facet normal 9.807853e-01 1.950903e-01 -0.000000e+00
    outer loop
      vertex 2.458137e+01 4.555888e+00 0.000000e+00
      vertex 2.445369e+01 5.197792e+00 7.500000e+01
      vertex 2.458137e+01 4.555888e+00 7.500000e+01
    endloop
  endfacet
  facet normal 9.753423e-01 2.206974e-01 0.000000e+00
    outer loop
      vertex 2.445369e+01 5.197792e+00 0.000000e+00
      vertex 2.430925e+01 5.836134e+00 0.000000e+00
      vertex 2.430925e+01 5.836134e+00 7.500000e+01
    endloop
  endfacet
  facet normal 9.753423e-01 2.206974e-01 -0.000000e+00
    outer loop
      vertex 2.445369e+01 5.197792e+00 0.000000e+00
      vertex 2.430925e+01 5.836134e+00 7.500000e+01
      vertex 2.445369e+01 5.197792e+00 7.500000e+01
    endloop
  endfacet
  facet normal 9.692309e-01 2.461533e-01 0.000000e+00
    outer loop
      vertex 2.430925e+01 5.836134e+00 0.000000e+00
      vertex 2.414815e+01 6.470476e+00 0.000000e+00
      vertex 2.414815e+01 6.470476e+00 7.500000e+01
    endloop
  endfacet
  facet normal 9.692309e-01 2.461533e-01 -0.000000e+00
    outer loop
      vertex 2.430925e+01 5.836134e+00 0.000000e+00
      vertex 2.414815e+01 6.470476e+00 7.500000e+01
      vertex 2.430925e+01 5.836134e+00 7.500000e+01
    endloop
  endfacet
  facet normal 9.624552e-01 2.714404e-01 0.000000e+00
    outer loop
      vertex 2.414815e+01 6.470476e+00 0.000000e+00
      vertex 2.397049e+01 7.100384e+00 0.000000e+00
      vertex 2.397049e+01 7.100384e+00 7.500000e+01
    endloop
  endfacet
  facet normal 9.624552e-01 2.714404e-01 -0.000000e+00
    outer loop
      vertex 2.414815e+01 6.470476e+00 0.000000e+00
      vertex 2.397049e+01 7.100384e+00 7.500000e+01
      vertex 2.414815e+01 6.470476e+00 7.500000e+01
    endloop
  endfacet
  facet normal 9.550199e-01 2.965416e-01 0.000000e+00
    outer loop
      vertex 2.397049e+01 7.100384e+00 0.000000e+00
      vertex 2.377641e+01 7.725425e+00 0.000000e+00
      vertex 2.377641e+01 7.725425e+00 7.500000e+01
    endloop
  endfacet
  facet normal 9.550199e-01 2.965416e-01 -0.000000e+00
    outer loop
      vertex 2.397049e+01 7.100384e+00 0.000000e+00
      vertex 2.377641e+01 7.725425e+00 7.500000e+01
      vertex 2.397049e+01 7.100384e+00 7.500000e+01
    endloop
  endfacet
  facet normal 9.469301e-01 3.214395e-01 0.000000e+00
    outer loop
      vertex 2.377641e+01 7.725425e+00 0.000000e+00
      vertex 2.356604e+01 8.345171e+00 0.000000e+00
      vertex 2.356604e+01 8.345171e+00 7.500000e+01
    endloop
  endfacet
  facet normal 9.469301e-01 3.214395e-01 -0.000000e+00
    outer loop
      vertex 2.377641e+01 7.725425e+00 0.000000e+00
      vertex 2.356604e+01 8.345171e+00 7.500000e+01
      vertex 2.377641e+01 7.725425e+00 7.500000e+01
    endloop
  endfacet
  facet normal 9.381913e-01 3.461171e-01 0.000000e+00
    outer loop
      vertex 2.356604e+01 8.345171e+00 0.000000e+00
      vertex 2.333951e+01 8.959199e+00 0.000000e+00
      vertex 2.333951e+01 8.959199e+00 7.500000e+01
    endloop
  endfacet
  facet normal 9.381913e-01 3.461171e-01 -0.000000e+00
    outer loop
      vertex 2.356604e+01 8.345171e+00 0.000000e+00
      vertex 2.333951e+01 8.959199e+00 7.500000e+01
      vertex 2.356604e+01 8.345171e+00 7.500000e+01
    endloop
  endfacet
  facet normal 9.288096e-01 3.705574e-01 0.000000e+00
    outer loop
      vertex 2.333951e+01 8.959199e+00 0.000000e+00
      vertex 2.309699e+01 9.567086e+00 0.000000e+00
      vertex 2.309699e+01 9.567086e+00 7.500000e+01
    endloop
  endfacet
  facet normal 9.288096e-01 3.705574e-01 -0.000000e+00
    outer loop
      vertex 2.333951e+01 8.959199e+00 0.000000e+00
      vertex 2.309699e+01 9.567086e+00 7.500000e+01
      vertex 2.333951e+01 8.959199e+00 7.500000e+01
    endloop
  endfacet
  facet normal 9.187912e-01 3.947439e-01 0.000000e+00
    outer loop
      vertex 2.309699e+01 9.567086e+00 0.000000e+00
      vertex 2.283864e+01 1.016842e+01 0.000000e+00
      vertex 2.283864e+01 1.016842e+01 7.500000e+01
    endloop
  endfacet
  facet normal 9.187912e-01 3.947439e-01 -0.000000e+00
    outer loop
      vertex 2.309699e+01 9.567086e+00 0.000000e+00
      vertex 2.283864e+01 1.016842e+01 7.500000e+01
      vertex 2.309699e+01 9.567086e+00 7.500000e+01
    endloop
  endfacet
  facet normal 9.081432e-01 4.186597e-01 0.000000e+00
    outer loop
      vertex 2.283864e+01 1.016842e+01 0.000000e+00
      vertex 2.256463e+01 1.076278e+01 0.000000e+00
      vertex 2.256463e+01 1.076278e+01 7.500000e+01
    endloop
  endfacet
  facet normal 9.081432e-01 4.186597e-01 -0.000000e+00
    outer loop
      vertex 2.283864e+01 1.016842e+01 0.000000e+00
      vertex 2.256463e+01 1.076278e+01 7.500000e+01
      vertex 2.283864e+01 1.016842e+01 7.500000e+01
    endloop
  endfacet
  facet normal 8.968727e-01 4.422887e-01 0.000000e+00
    outer loop
      vertex 2.256463e+01 1.076278e+01 0.000000e+00
      vertex 2.227516e+01 1.134976e+01 0.000000e+00
      vertex 2.227516e+01 1.134976e+01 7.500000e+01
    endloop
  endfacet
  facet normal 8.968727e-01 4.422887e-01 -0.000000e+00
    outer loop
      vertex 2.256463e+01 1.076278e+01 0.000000e+00
      vertex 2.227516e+01 1.134976e+01 7.500000e+01
      vertex 2.256463e+01 1.076278e+01 7.500000e+01
    endloop
  endfacet
  facet normal 8.849876e-01 4.656145e-01 0.000000e+00
    outer loop
      vertex 2.227516e+01 1.134976e+01 0.000000e+00
      vertex 2.197043e+01 1.192897e+01 0.000000e+00
      vertex 2.197043e+01 1.192897e+01 7.500000e+01
    endloop
  endfacet
  facet normal 8.849876e-01 4.656145e-01 -0.000000e+00
    outer loop
      vertex 2.227516e+01 1.134976e+01 0.000000e+00
      vertex 2.197043e+01 1.192897e+01 7.500000e+01
      vertex 2.227516e+01 1.134976e+01 7.500000e+01
    endloop
  endfacet
  facet normal 8.724960e-01 4.886212e-01 0.000000e+00
    outer loop
      vertex 2.197043e+01 1.192897e+01 0.000000e+00
      vertex 2.165064e+01 1.250000e+01 0.000000e+00
      vertex 2.165064e+01 1.250000e+01 7.500000e+01
    endloop
  endfacet
  facet normal 8.724960e-01 4.886212e-01 -0.000000e+00
    outer loop
      vertex 2.197043e+01 1.192897e+01 0.000000e+00
      vertex 2.165064e+01 1.250000e+01 7.500000e+01
      vertex 2.197043e+01 1.192897e+01 7.500000e+01
    endloop
  endfacet
  facet normal 8.594064e-01 5.112931e-01 0.000000e+00
    outer loop
      vertex 2.165064e+01 1.250000e+01 0.000000e+00
      vertex 2.131600e+01 1.306246e+01 0.000000e+00
      vertex 2.131600e+01 1.306246e+01 7.500000e+01
    endloop
  endfacet
  facet normal 8.594064e-01 5.112931e-01 -0.000000e+00
    outer loop
      vertex 2.165064e+01 1.250000e+01 0.000000e+00
      vertex 2.131600e+01 1.306246e+01 7.500000e+01
      vertex 2.165064e+01 1.250000e+01 7.500000e+01
    endloop
  endfacet
  facet normal 8.457278e-01 5.336145e-01 0.000000e+00
    outer loop
      vertex 2.131600e+01 1.306246e+01 0.000000e+00
      vertex 2.096676e+01 1.361598e+01 0.000000e+00
      vertex 2.096676e+01 1.361598e+01 7.500000e+01
    endloop
  endfacet
  facet normal 8.457278e-01 5.336145e-01 -0.000000e+00
    outer loop
      vertex 2.131600e+01 1.306246e+01 0.000000e+00
      vertex 2.096676e+01 1.361598e+01 7.500000e+01
      vertex 2.131600e+01 1.306246e+01 7.500000e+01
    endloop
  endfacet
  facet normal 8.314696e-01 5.555702e-01 0.000000e+00
    outer loop
      vertex 2.096676e+01 1.361598e+01 0.000000e+00
      vertex 2.060315e+01 1.416016e+01 0.000000e+00
      vertex 2.060315e+01 1.416016e+01 7.500000e+01
    endloop
  endfacet
  facet normal 8.314696e-01 5.555702e-01 -0.000000e+00
    outer loop
      vertex 2.096676e+01 1.361598e+01 0.000000e+00
      vertex 2.060315e+01 1.416016e+01 7.500000e+01
      vertex 2.096676e+01 1.361598e+01 7.500000e+01
    endloop
  endfacet
  facet normal 8.166416e-01 5.771452e-01 0.000000e+00
    outer loop
      vertex 2.060315e+01 1.416016e+01 0.000000e+00
      vertex 2.022542e+01 1.469463e+01 0.000000e+00
      vertex 2.022542e+01 1.469463e+01 7.500000e+01
    endloop
  endfacet
  facet normal 8.166416e-01 5.771452e-01 -0.000000e+00
    outer loop
      vertex 2.060315e+01 1.416016e+01 0.000000e+00
      vertex 2.022542e+01 1.469463e+01 7.500000e+01
      vertex 2.060315e+01 1.416016e+01 7.500000e+01
    endloop
  endfacet
  facet normal 8.012538e-01 5.983246e-01 0.000000e+00
    outer loop
      vertex 2.022542e+01 1.469463e+01 0.000000e+00
      vertex 1.983383e+01 1.521904e+01 0.000000e+00
      vertex 1.983383e+01 1.521904e+01 7.500000e+01
    endloop
  endfacet
  facet normal 8.012538e-01 5.983246e-01 -0.000000e+00
    outer loop
      vertex 2.022542e+01 1.469463e+01 0.000000e+00
      vertex 1.983383e+01 1.521904e+01 7.500000e+01
      vertex 2.022542e+01 1.469463e+01 7.500000e+01
    endloop
  endfacet
  facet normal 7.853169e-01 6.190939e-01 0.000000e+00
    outer loop
      vertex 1.983383e+01 1.521904e+01 0.000000e+00
      vertex 1.942865e+01 1.573301e+01 0.000000e+00
      vertex 1.942865e+01 1.573301e+01 7.500000e+01
    endloop
  endfacet
  facet normal 7.853169e-01 6.190939e-01 -0.000000e+00
    outer loop
      vertex 1.983383e+01 1.521904e+01 0.000000e+00
      vertex 1.942865e+01 1.573301e+01 7.500000e+01
      vertex 1.983383e+01 1.521904e+01 7.500000e+01
    endloop
  endfacet
  facet normal 7.688418e-01 6.394390e-01 0.000000e+00
    outer loop
      vertex 1.942865e+01 1.573301e+01 0.000000e+00
      vertex 1.901015e+01 1.623620e+01 0.000000e+00
      vertex 1.901015e+01 1.623620e+01 7.500000e+01
    endloop
  endfacet
  facet normal 7.688418e-01 6.394390e-01 -0.000000e+00
    outer loop
      vertex 1.942865e+01 1.573301e+01 0.000000e+00
      vertex 1.901015e+01 1.623620e+01 7.500000e+01
      vertex 1.942865e+01 1.573301e+01 7.500000e+01
    endloop
  endfacet
  facet normal 7.518398e-01 6.593458e-01 0.000000e+00
    outer loop
      vertex 1.901015e+01 1.623620e+01 0.000000e+00
      vertex 1.857862e+01 1.672827e+01 0.000000e+00
      vertex 1.857862e+01 1.672827e+01 7.500000e+01
    endloop
  endfacet
  facet normal 7.518398e-01 6.593458e-01 -0.000000e+00
    outer loop
      vertex 1.901015e+01 1.623620e+01 0.000000e+00
      vertex 1.857862e+01 1.672827e+01 7.500000e+01
      vertex 1.901015e+01 1.623620e+01 7.500000e+01
    endloop
  endfacet
  facet normal 7.343225e-01 6.788007e-01 0.000000e+00
    outer loop
      vertex 1.857862e+01 1.672827e+01 0.000000e+00
      vertex 1.813436e+01 1.720886e+01 0.000000e+00
      vertex 1.813436e+01 1.720886e+01 7.500000e+01
    endloop
  endfacet
  facet normal 7.343225e-01 6.788007e-01 -0.000000e+00
    outer loop
      vertex 1.857862e+01 1.672827e+01 0.000000e+00
      vertex 1.813436e+01 1.720886e+01 7.500000e+01
      vertex 1.857862e+01 1.672827e+01 7.500000e+01
    endloop
  endfacet
  facet normal 7.163019e-01 6.977905e-01 0.000000e+00
    outer loop
      vertex 1.813436e+01 1.720886e+01 0.000000e+00
      vertex 1.767767e+01 1.767767e+01 0.000000e+00
      vertex 1.767767e+01 1.767767e+01 7.500000e+01
    endloop
  endfacet
  facet normal 7.163019e-01 6.977905e-01 -0.000000e+00
    outer loop
      vertex 1.813436e+01 1.720886e+01 0.000000e+00
      vertex 1.767767e+01 1.767767e+01 7.500000e+01
      vertex 1.813436e+01 1.720886e+01 7.500000e+01
    endloop
  endfacet
  facet normal 6.977905e-01 7.163019e-01 0.000000e+00
    outer loop
      vertex 1.767767e+01 1.767767e+01 0.000000e+00
      vertex 1.720886e+01 1.813436e+01 0.000000e+00
      vertex 1.720886e+01 1.813436e+01 7.500000e+01
    endloop
  endfacet
  facet normal 6.977905e-01 7.163019e-01 -0.000000e+00
    outer loop
      vertex 1.767767e+01 1.767767e+01 0.000000e+00
      vertex 1.720886e+01 1.813436e+01 7.500000e+01
      vertex 1.767767e+01 1.767767e+01 7.500000e+01
    endloop
  endfacet
  facet normal 6.788007e-01 7.343225e-01 0.000000e+00
    outer loop
      vertex 1.720886e+01 1.813436e+01 0.000000e+00
      vertex 1.672827e+01 1.857862e+01 0.000000e+00
      vertex 1.672827e+01 1.857862e+01 7.500000e+01
    endloop
  endfacet
  facet normal 6.788007e-01 7.343225e-01 -0.000000e+00
    outer loop
      vertex 1.720886e+01 1.813436e+01 0.000000e+00
      vertex 1.672827e+01 1.857862e+01 7.500000e+01
      vertex 1.720886e+01 1.813436e+01 7.500000e+01
    endloop
  endfacet
  facet normal 6.593458e-01 7.518398e-01 0.000000e+00
    outer loop
      vertex 1.672827e+01 1.857862e+01 0.000000e+00
      vertex 1.623620e+01 1.901015e+01 0.000000e+00
      vertex 1.623620e+01 1.901015e+01 7.500000e+01
    endloop
  endfacet
  facet normal 6.593458e-01 7.518398e-01 -0.000000e+00
    outer loop
      vertex 1.672827e+01 1.857862e+01 0.000000e+00
      vertex 1.623620e+01 1.901015e+01 7.500000e+01
      vertex 1.672827e+01 1.857862e+01 7.500000e+01
    endloop
  endfacet
  facet normal 6.394390e-01 7.688418e-01 0.000000e+00
    outer loop
      vertex 1.623620e+01 1.901015e+01 0.000000e+00
      vertex 1.573301e+01 1.942865e+01 0.000000e+00
      vertex 1.573301e+01 1.942865e+01 7.500000e+01
    endloop
  endfacet
  facet normal 6.394390e-01 7.688418e-01 -0.000000e+00
    outer loop
      vertex 1.623620e+01 1.901015e+01 0.000000e+00
      vertex 1.573301e+01 1.942865e+01 7.500000e+01
      vertex 1.623620e+01 1.901015e+01 7.500000e+01
    endloop
  endfacet
  facet normal 6.190939e-01 7.853169e-01 0.000000e+00
    outer loop
      vertex 1.573301e+01 1.942865e+01 0.000000e+00
      vertex 1.521904e+01 1.983383e+01 0.000000e+00
      vertex 1.521904e+01 1.983383e+01 7.500000e+01
    endloop
  endfacet
  facet normal 6.190939e-01 7.853169e-01 -0.000000e+00
    outer loop
      vertex 1.573301e+01 1.942865e+01 0.000000e+00
      vertex 1.521904e+01 1.983383e+01 7.500000e+01
      vertex 1.573301e+01 1.942865e+01 7.500000e+01
    endloop
  endfacet
  facet normal 5.983246e-01 8.012538e-01 0.000000e+00
    outer loop
      vertex 1.521904e+01 1.983383e+01 0.000000e+00
      vertex 1.469463e+01 2.022542e+01 0.000000e+00
      vertex 1.469463e+01 2.022542e+01 7.500000e+01
    endloop
  endfacet
  facet normal 5.983246e-01 8.012538e-01 -0.000000e+00
    outer loop
      vertex 1.521904e+01 1.983383e+01 0.000000e+00
      vertex 1.469463e+01 2.022542e+01 7.500000e+01
      vertex 1.521904e+01 1.983383e+01 7.500000e+01
    endloop
  endfacet
  facet normal 5.771452e-01 8.166416e-01 0.000000e+00
    outer loop
      vertex 1.469463e+01 2.022542e+01 0.000000e+00
      vertex 1.416016e+01 2.060315e+01 0.000000e+00
      vertex 1.416016e+01 2.060315e+01 7.500000e+01
    endloop
  endfacet
  facet normal 5.771452e-01 8.166416e-01 -0.000000e+00
    outer loop
      vertex 1.469463e+01 2.022542e+01 0.000000e+00
      vertex 1.416016e+01 2.060315e+01 7.500000e+01
      vertex 1.469463e+01 2.022542e+01 7.500000e+01
    endloop
  endfacet
  facet normal 5.555702e-01 8.314696e-01 0.000000e+00
    outer loop
      vertex 1.416016e+01 2.060315e+01 0.000000e+00
      vertex 1.361598e+01 2.096676e+01 0.000000e+00
      vertex 1.361598e+01 2.096676e+01 7.500000e+01
    endloop
  endfacet
  facet normal 5.555702e-01 8.314696e-01 -0.000000e+00
    outer loop
      vertex 1.416016e+01 2.060315e+01 0.000000e+00
      vertex 1.361598e+01 2.096676e+01 7.500000e+01
      vertex 1.416016e+01 2.060315e+01 7.500000e+01
    endloop
  endfacet
  facet normal 5.336145e-01 8.457278e-01 0.000000e+00
    outer loop
      vertex 1.361598e+01 2.096676e+01 0.000000e+00
      vertex 1.306246e+01 2.131600e+01 0.000000e+00
      vertex 1.306246e+01 2.131600e+01 7.500000e+01
    endloop
  endfacet
  facet normal 5.336145e-01 8.457278e-01 -0.000000e+00
    outer loop
      vertex 1.361598e+01 2.096676e+01 0.000000e+00
      vertex 1.306246e+01 2.131600e+01 7.500000e+01
      vertex 1.361598e+01 2.096676e+01 7.500000e+01
    endloop
  endfacet
  facet normal 5.112931e-01 8.594064e-01 0.000000e+00
    outer loop
      vertex 1.306246e+01 2.131600e+01 0.000000e+00
      vertex 1.250000e+01 2.165064e+01 0.000000e+00
      vertex 1.250000e+01 2.165064e+01 7.500000e+01
    endloop
  endfacet
  facet normal 5.112931e-01 8.594064e-01 -0.000000e+00
    outer loop
      vertex 1.306246e+01 2.131600e+01 0.000000e+00
      vertex 1.250000e+01 2.165064e+01 7.500000e+01
      vertex 1.306246e+01 2.131600e+01 7.500000e+01
    endloop
  endfacet
  facet normal 4.886212e-01 8.724960e-01 0.000000e+00
    outer loop
      vertex 1.250000e+01 2.165064e+01 0.000000e+00
      vertex 1.192897e+01 2.197043e+01 0.000000e+00
      vertex 1.192897e+01 2.197043e+01 7.500000e+01
    endloop
  endfacet
  facet normal 4.886212e-01 8.724960e-01 -0.000000e+00
    outer loop
      vertex 1.250000e+01 2.165064e+01 0.000000e+00
      vertex 1.192897e+01 2.197043e+01 7.500000e+01
      vertex 1.250000e+01 2.165064e+01 7.500000e+01
    endloop
  endfacet
  facet normal 4.656145e-01 8.849876e-01 0.000000e+00
    outer loop
      vertex 1.192897e+01 2.197043e+01 0.000000e+00
      vertex 1.134976e+01 2.227516e+01 0.000000e+00
      vertex 1.134976e+01 2.227516e+01 7.500000e+01
    endloop
  endfacet
  facet normal 4.656145e-01 8.849876e-01 -0.000000e+00
    outer loop
      vertex 1.192897e+01 2.197043e+01 0.000000e+00
      vertex 1.134976e+01 2.227516e+01 7.500000e+01
      vertex 1.192897e+01 2.197043e+01 7.500000e+01
    endloop
  endfacet
  facet normal 4.422887e-01 8.968727e-01 0.000000e+00
    outer loop
      vertex 1.134976e+01 2.227516e+01 0.000000e+00
      vertex 1.076278e+01 2.256463e+01 0.000000e+00
      vertex 1.076278e+01 2.256463e+01 7.500000e+01
    endloop
  endfacet
  facet normal 4.422887e-01 8.968727e-01 -0.000000e+00
    outer loop
      vertex 1.134976e+01 2.227516e+01 0.000000e+00
      vertex 1.076278e+01 2.256463e+01 7.500000e+01
      vertex 1.134976e+01 2.227516e+01 7.500000e+01
    endloop
  endfacet
  facet normal 4.186597e-01 9.081432e-01 0.000000e+00
    outer loop
      vertex 1.076278e+01 2.256463e+01 0.000000e+00
      vertex 1.016842e+01 2.283864e+01 0.000000e+00
      vertex 1.016842e+01 2.283864e+01 7.500000e+01
    endloop
  endfacet
  facet normal 4.186597e-01 9.081432e-01 -0.000000e+00
    outer loop
      vertex 1.076278e+01 2.256463e+01 0.000000e+00
      vertex 1.016842e+01 2.283864e+01 7.500000e+01
      vertex 1.076278e+01 2.256463e+01 7.500000e+01
    endloop
  endfacet
  facet normal 3.947439e-01 9.187912e-01 0.000000e+00
    outer loop
      vertex 1.016842e+01 2.283864e+01 0.000000e+00
      vertex 9.567086e+00 2.309699e+01 0.000000e+00
      vertex 9.567086e+00 2.309699e+01 7.500000e+01
    endloop
  endfacet
  facet normal 3.947439e-01 9.187912e-01 -0.000000e+00
    outer loop
      vertex 1.016842e+01 2.283864e+01 0.000000e+00
      vertex 9.567086e+00 2.309699e+01 7.500000e+01
      vertex 1.016842e+01 2.283864e+01 7.500000e+01
    endloop
  endfacet
  facet normal 3.705574e-01 9.288096e-01 0.000000e+00
    outer loop
      vertex 9.567086e+00 2.309699e+01 0.000000e+00
      vertex 8.959199e+00 2.333951e+01 0.000000e+00
      vertex 8.959199e+00 2.333951e+01 7.500000e+01
    endloop
  endfacet
  facet normal 3.705574e-01 9.288096e-01 -0.000000e+00
    outer loop
      vertex 9.567086e+00 2.309699e+01 0.000000e+00
      vertex 8.959199e+00 2.333951e+01 7.500000e+01
      vertex 9.567086e+00 2.309699e+01 7.500000e+01
    endloop
  endfacet
  facet normal 3.461171e-01 9.381913e-01 0.000000e+00
    outer loop
      vertex 8.959199e+00 2.333951e+01 0.000000e+00
      vertex 8.345171e+00 2.356604e+01 0.000000e+00
      vertex 8.345171e+00 2.356604e+01 7.500000e+01
    endloop
  endfacet
  facet normal 3.461171e-01 9.381913e-01 -0.000000e+00
    outer loop
      vertex 8.959199e+00 2.333951e+01 0.000000e+00
      vertex 8.345171e+00 2.356604e+01 7.500000e+01
      vertex 8.959199e+00 2.333951e+01 7.500000e+01
    endloop
  endfacet
  facet normal 3.214395e-01 9.469301e-01 0.000000e+00
    outer loop
      vertex 8.345171e+00 2.356604e+01 0.000000e+00
      vertex 7.725425e+00 2.377641e+01 0.000000e+00
      vertex 7.725425e+00 2.377641e+01 7.500000e+01
    endloop
  endfacet
  facet normal 3.214395e-01 9.469301e-01 -0.000000e+00
    outer loop
      vertex 8.345171e+00 2.356604e+01 0.000000e+00
      vertex 7.725425e+00 2.377641e+01 7.500000e+01
      vertex 8.345171e+00 2.356604e+01 7.500000e+01
    endloop
  endfacet
  facet normal 2.965416e-01 9.550199e-01 0.000000e+00
    outer loop
      vertex 7.725425e+00 2.377641e+01 0.000000e+00
      vertex 7.100384e+00 2.397049e+01 0.000000e+00
      vertex 7.100384e+00 2.397049e+01 7.500000e+01
    endloop
  endfacet
  facet normal 2.965416e-01 9.550199e-01 -0.000000e+00
    outer loop
      vertex 7.725425e+00 2.377641e+01 0.000000e+00
      vertex 7.100384e+00 2.397049e+01 7.500000e+01
      vertex 7.725425e+00 2.377641e+01 7.500000e+01
    endloop
  endfacet
  facet normal 2.714404e-01 9.624552e-01 0.000000e+00
    outer loop
      vertex 7.100384e+00 2.397049e+01 0.000000e+00
      vertex 6.470476e+00 2.414815e+01 0.000000e+00
      vertex 6.470476e+00 2.414815e+01 7.500000e+01
    endloop
  endfacet
  facet normal 2.714404e-01 9.624552e-01 -0.000000e+00
    outer loop
      vertex 7.100384e+00 2.397049e+01 0.000000e+00
      vertex 6.470476e+00 2.414815e+01 7.500000e+01
      vertex 7.100384e+00 2.397049e+01 7.500000e+01
    endloop
  endfacet
  facet normal 2.461533e-01 9.692309e-01 0.000000e+00
    outer loop
      vertex 6.470476e+00 2.414815e+01 0.000000e+00
      vertex 5.836134e+00 2.430925e+01 0.000000e+00
      vertex 5.836134e+00 2.430925e+01 7.500000e+01
    endloop
  endfacet
  facet normal 2.461533e-01 9.692309e-01 -0.000000e+00
    outer loop
      vertex 6.470476e+00 2.414815e+01 0.000000e+00
      vertex 5.836134e+00 2.430925e+01 7.500000e+01
      vertex 6.470476e+00 2.414815e+01 7.500000e+01
    endloop
  endfacet
  facet normal 2.206974e-01 9.753423e-01 0.000000e+00
    outer loop
      vertex 5.836134e+00 2.430925e+01 0.000000e+00
      vertex 5.197792e+00 2.445369e+01 0.000000e+00
      vertex 5.197792e+00 2.445369e+01 7.500000e+01
    endloop
  endfacet
  facet normal 2.206974e-01 9.753423e-01 -0.000000e+00
    outer loop
      vertex 5.836134e+00 2.430925e+01 0.000000e+00
      vertex 5.197792e+00 2.445369e+01 7.500000e+01
      vertex 5.836134e+00 2.430925e+01 7.500000e+01
    endloop
  endfacet
  facet normal 1.950903e-01 9.807853e-01 0.000000e+00
    outer loop
      vertex 5.197792e+00 2.445369e+01 0.000000e+00
      vertex 4.555888e+00 2.458137e+01 0.000000e+00
      vertex 4.555888e+00 2.458137e+01 7.500000e+01
    endloop
  endfacet
  facet normal 1.950903e-01 9.807853e-01 -0.000000e+00
    outer loop
      vertex 5.197792e+00 2.445369e+01 0.000000e+00
      vertex 4.555888e+00 2.458137e+01 7.500000e+01
      vertex 5.197792e+00 2.445369e+01 7.500000e+01
    endloop
  endfacet
  facet normal 1.693495e-01 9.855561e-01 0.000000e+00
    outer loop
      vertex 4.555888e+00 2.458137e+01 0.000000e+00
      vertex 3.910862e+00 2.469221e+01 0.000000e+00
      vertex 3.910862e+00 2.469221e+01 7.500000e+01
    endloop
  endfacet
  facet normal 1.693495e-01 9.855561e-01 -0.000000e+00
    outer loop
      vertex 4.555888e+00 2.458137e+01 0.000000e+00
      vertex 3.910862e+00 2.469221e+01 7.500000e+01
      vertex 4.555888e+00 2.458137e+01 7.500000e+01
    endloop
  endfacet
  facet normal 1.434926e-01 9.896514e-01 0.000000e+00
    outer loop
      vertex 3.910862e+00 2.469221e+01 0.000000e+00
      vertex 3.263155e+00 2.478612e+01 0.000000e+00
      vertex 3.263155e+00 2.478612e+01 7.500000e+01
    endloop
  endfacet
  facet normal 1.434926e-01 9.896514e-01 -0.000000e+00
    outer loop
      vertex 3.910862e+00 2.469221e+01 0.000000e+00
      vertex 3.263155e+00 2.478612e+01 7.500000e+01
      vertex 3.910862e+00 2.469221e+01 7.500000e+01
    endloop
  endfacet
  facet normal 1.175374e-01 9.930685e-01 0.000000e+00
    outer loop
      vertex 3.263155e+00 2.478612e+01 0.000000e+00
      vertex 2.613212e+00 2.486305e+01 0.000000e+00
      vertex 2.613212e+00 2.486305e+01 7.500000e+01
    endloop
  endfacet
  facet normal 1.175374e-01 9.930685e-01 -0.000000e+00
    outer loop
      vertex 3.263155e+00 2.478612e+01 0.000000e+00
      vertex 2.613212e+00 2.486305e+01 7.500000e+01
      vertex 3.263155e+00 2.478612e+01 7.500000e+01
    endloop
  endfacet
  facet normal 9.150162e-02 9.958049e-01 0.000000e+00
    outer loop
      vertex 2.613212e+00 2.486305e+01 0.000000e+00
      vertex 1.961477e+00 2.492293e+01 0.000000e+00
      vertex 1.961477e+00 2.492293e+01 7.500000e+01
    endloop
  endfacet
  facet normal 9.150162e-02 9.958049e-01 -0.000000e+00
    outer loop
      vertex 2.613212e+00 2.486305e+01 0.000000e+00
      vertex 1.961477e+00 2.492293e+01 7.500000e+01
      vertex 2.613212e+00 2.486305e+01 7.500000e+01
    endloop
  endfacet
  facet normal 6.540313e-02 9.978589e-01 0.000000e+00
    outer loop
      vertex 1.961477e+00 2.492293e+01 0.000000e+00
      vertex 1.308399e+00 2.496574e+01 0.000000e+00
      vertex 1.308399e+00 2.496574e+01 7.500000e+01
    endloop
  endfacet
  facet normal 6.540313e-02 9.978589e-01 -0.000000e+00
    outer loop
      vertex 1.961477e+00 2.492293e+01 0.000000e+00
      vertex 1.308399e+00 2.496574e+01 7.500000e+01
      vertex 1.961477e+00 2.492293e+01 7.500000e+01
    endloop
  endfacet
  facet normal 3.925982e-02 9.992290e-01 0.000000e+00
    outer loop
      vertex 1.308399e+00 2.496574e+01 0.000000e+00
      vertex 6.544237e-01 2.499143e+01 0.000000e+00
      vertex 6.544237e-01 2.499143e+01 7.500000e+01
    endloop
  endfacet
  facet normal 3.925982e-02 9.992290e-01 -0.000000e+00
    outer loop
      vertex 1.308399e+00 2.496574e+01 0.000000e+00
      vertex 6.544237e-01 2.499143e+01 7.500000e+01
      vertex 1.308399e+00 2.496574e+01 7.500000e+01
    endloop
  endfacet
  facet normal 1.308960e-02 9.999143e-01 0.000000e+00
    outer loop
      vertex 6.544237e-01 2.499143e+01 0.000000e+00
      vertex 1.530808e-15 2.500000e+01 0.000000e+00
      vertex 1.530808e-15 2.500000e+01 7.500000e+01
    endloop
  endfacet
  facet normal 1.308960e-02 9.999143e-01 -0.000000e+00
    outer loop
      vertex 6.544237e-01 2.499143e+01 0.000000e+00
      vertex 1.530808e-15 2.500000e+01 7.500000e+01
      vertex 6.544237e-01 2.499143e+01 7.500000e+01
    endloop
  endfacet
  facet normal -1.308960e-02 9.999143e-01 0.000000e+00
    outer loop
      vertex 1.530808e-15 2.500000e+01 0.000000e+00
      vertex -6.544237e-01 2.499143e+01 0.000000e+00
      vertex -6.544237e-01 2.499143e+01 7.500000e+01
    endloop
  endfacet
  facet normal -1.308960e-02 9.999143e-01 0.000000e+00
    outer loop
      vertex 1.530808e-15 2.500000e+01 0.000000e+00
      vertex -6.544237e-01 2.499143e+01 7.500000e+01
      vertex 1.530808e-15 2.500000e+01 7.500000e+01
    endloop
  endfacet
  facet normal -3.925982e-02 9.992290e-01 0.000000e+00
    outer loop
      vertex -6.544237e-01 2.499143e+01 0.000000e+00
      vertex -1.308399e+00 2.496574e+01 0.000000e+00
      vertex -1.308399e+00 2.496574e+01 7.500000e+01
    endloop
  endfacet
  facet normal -3.925982e-02 9.992290e-01 0.000000e+00
    outer loop
      vertex -6.544237e-01 2.499143e+01 0.000000e+00
      vertex -1.308399e+00 2.496574e+01 7.500000e+01
      vertex -6.544237e-01 2.499143e+01 7.500000e+01
    endloop
  endfacet
  facet normal -6.540313e-02 9.978589e-01 0.000000e+00
    outer loop
      vertex -1.308399e+00 2.496574e+01 0.000000e+00
      vertex -1.961477e+00 2.492293e+01 0.000000e+00
      vertex -1.961477e+00 2.492293e+01 7.500000e+01
    endloop
  endfacet
  facet normal -6.540313e-02 9.978589e-01 0.000000e+00
    outer loop
      vertex -1.308399e+00 2.496574e+01 0.000000e+00
      vertex -1.961477e+00 2.492293e+01 7.500000e+01
      vertex -1.308399e+00 2.496574e+01 7.500000e+01
    endloop
  endfacet
  facet normal -9.150162e-02 9.958049e-01 0.000000e+00
    outer loop
      vertex -1.961477e+00 2.492293e+01 0.000000e+00
      vertex -2.613212e+00 2.486305e+01 0.000000e+00
      vertex -2.613212e+00 2.486305e+01 7.500000e+01
    endloop
  endfacet
  facet normal -9.150162e-02 9.958049e-01 0.000000e+00
    outer loop
      vertex -1.961477e+00 2.492293e+01 0.000000e+00
      vertex -2.613212e+00 2.486305e+01 7.500000e+01
      vertex -1.961477e+00 2.492293e+01 7.500000e+01
    endloop
  endfacet
  facet normal -1.175374e-01 9.930685e-01 0.000000e+00
    outer loop
      vertex -2.613212e+00 2.486305e+01 0.000000e+00
      vertex -3.263155e+00 2.478612e+01 0.000000e+00
      vertex -3.263155e+00 2.478612e+01 7.500000e+01
    endloop
  endfacet
  facet normal -1.175374e-01 9.930685e-01 0.000000e+00
    outer loop
      vertex -2.613212e+00 2.486305e+01 0.000000e+00
      vertex -3.263155e+00 2.478612e+01 7.500000e+01
      vertex -2.613212e+00 2.486305e+01 7.500000e+01
    endloop
  endfacet
  facet normal -1.434926e-01 9.896514e-01 0.000000e+00
    outer loop
      vertex -3.263155e+00 2.478612e+01 0.000000e+00
      vertex -3.910862e+00 2.469221e+01 0.000000e+00
      vertex -3.910862e+00 2.469221e+01 7.500000e+01
    endloop
  endfacet
  facet normal -1.434926e-01 9.896514e-01 0.000000e+00
    outer loop
      vertex -3.263155e+00 2.478612e+01 0.000000e+00
      vertex -3.910862e+00 2.469221e+01 7.500000e+01
      vertex -3.263155e+00 2.478612e+01 7.500000e+01
    endloop
  endfacet
  facet normal -1.693495e-01 9.855561e-01 0.000000e+00
    outer loop
      vertex -3.910862e+00 2.469221e+01 0.000000e+00
      vertex -4.555888e+00 2.458137e+01 0.000000e+00
      vertex -4.555888e+00 2.458137e+01 7.500000e+01
    endloop
  endfacet
  facet normal -1.693495e-01 9.855561e-01 0.000000e+00
    outer loop
      vertex -3.910862e+00 2.469221e+01 0.000000e+00
      vertex -4.555888e+00 2.458137e+01 7.500000e+01
      vertex -3.910862e+00 2.469221e+01 7.500000e+01
    endloop
  endfacet
  facet normal -1.950903e-01 9.807853e-01 0.000000e+00
    outer loop
      vertex -4.555888e+00 2.458137e+01 0.000000e+00
      vertex -5.197792e+00 2.445369e+01 0.000000e+00
      vertex -5.197792e+00 2.445369e+01 7.500000e+01
    endloop
  endfacet
  facet normal -1.950903e-01 9.807853e-01 0.000000e+00
    outer loop
      vertex -4.555888e+00 2.458137e+01 0.000000e+00
      vertex -5.197792e+00 2.445369e+01 7.500000e+01
      vertex -4.555888e+00 2.458137e+01 7.500000e+01
    endloop
  endfacet
  facet normal -2.206974e-01 9.753423e-01 0.000000e+00
    outer loop
      vertex -5.197792e+00 2.445369e+01 0.000000e+00
      vertex -5.836134e+00 2.430925e+01 0.000000e+00
      vertex -5.836134e+00 2.430925e+01 7.500000e+01
    endloop
  endfacet
  facet normal -2.206974e-01 9.753423e-01 0.000000e+00
    outer loop
      vertex -5.197792e+00 2.445369e+01 0.000000e+00
      vertex -5.836134e+00 2.430925e+01 7.500000e+01
      vertex -5.197792e+00 2.445369e+01 7.500000e+01
    endloop
  endfacet
  facet normal -2.461533e-01 9.692309e-01 0.000000e+00
    outer loop
      vertex -5.836134e+00 2.430925e+01 0.000000e+00
      vertex -6.470476e+00 2.414815e+01 0.000000e+00
      vertex -6.470476e+00 2.414815e+01 7.500000e+01
    endloop
  endfacet
  facet normal -2.461533e-01 9.692309e-01 0.000000e+00
    outer loop
      vertex -5.836134e+00 2.430925e+01 0.000000e+00
      vertex -6.470476e+00 2.414815e+01 7.500000e+01
      vertex -5.836134e+00 2.430925e+01 7.500000e+01
    endloop
  endfacet
  facet normal -2.714404e-01 9.624552e-01 0.000000e+00
    outer loop
      vertex -6.470476e+00 2.414815e+01 0.000000e+00
      vertex -7.100384e+00 2.397049e+01 0.000000e+00
      vertex -7.100384e+00 2.397049e+01 7.500000e+01
    endloop
  endfacet
  facet normal -2.714404e-01 9.624552e-01 0.000000e+00
    outer loop
      vertex -6.470476e+00 2.414815e+01 0.000000e+00
      vertex -7.100384e+00 2.397049e+01 7.500000e+01
      vertex -6.470476e+00 2.414815e+01 7.500000e+01
    endloop
  endfacet
  facet normal -2.965416e-01 9.550199e-01 0.000000e+00
    outer loop
      vertex -7.100384e+00 2.397049e+01 0.000000e+00
      vertex -7.725425e+00 2.377641e+01 0.000000e+00
      vertex -7.725425e+00 2.377641e+01 7.500000e+01
    endloop
  endfacet
  facet normal -2.965416e-01 9.550199e-01 0.000000e+00
    outer loop
      vertex -7.100384e+00 2.397049e+01 0.000000e+00
      vertex -7.725425e+00 2.377641e+01 7.500000e+01
      vertex -7.100384e+00 2.397049e+01 7.500000e+01
    endloop
  endfacet
  facet normal -3.214395e-01 9.469301e-01 0.000000e+00
    outer loop
      vertex -7.725425e+00 2.377641e+01 0.000000e+00
      vertex -8.345171e+00 2.356604e+01 0.000000e+00
      vertex -8.345171e+00 2.356604e+01 7.500000e+01
    endloop
  endfacet
  facet normal -3.214395e-01 9.469301e-01 0.000000e+00
    outer loop
      vertex -7.725425e+00 2.377641e+01 0.000000e+00
      vertex -8.345171e+00 2.356604e+01 7.500000e+01
      vertex -7.725425e+00 2.377641e+01 7.500000e+01
    endloop
  endfacet
  facet normal -3.461171e-01 9.381913e-01 0.000000e+00
    outer loop
      vertex -8.345171e+00 2.356604e+01 0.000000e+00
      vertex -8.959199e+00 2.333951e+01 0.000000e+00
      vertex -8.959199e+00 2.333951e+01 7.500000e+01
    endloop
  endfacet
  facet normal -3.461171e-01 9.381913e-01 0.000000e+00
    outer loop
      vertex -8.345171e+00 2.356604e+01 0.000000e+00
      vertex -8.959199e+00 2.333951e+01 7.500000e+01
      vertex -8.345171e+00 2.356604e+01 7.500000e+01
    endloop
  endfacet
  facet normal -3.705574e-01 9.288096e-01 0.000000e+00
    outer loop
      vertex -8.959199e+00 2.333951e+01 0.000000e+00
      vertex -9.567086e+00 2.309699e+01 0.000000e+00
      vertex -9.567086e+00 2.309699e+01 7.500000e+01
    endloop
  endfacet
  facet normal -3.705574e-01 9.288096e-01 0.000000e+00
    outer loop
      vertex -8.959199e+00 2.333951e+01 0.000000e+00
      vertex -9.567086e+00 2.309699e+01 7.500000e+01
      vertex -8.959199e+00 2.333951e+01 7.500000e+01
    endloop
  endfacet
  facet normal -3.947439e-01 9.187912e-01 0.000000e+00
    outer loop
      vertex -9.567086e+00 2.309699e+01 0.000000e+00
      vertex -1.016842e+01 2.283864e+01 0.000000e+00
      vertex -1.016842e+01 2.283864e+01 7.500000e+01
    endloop
  endfacet
  facet normal -3.947439e-01 9.187912e-01 0.000000e+00
    outer loop
      vertex -9.567086e+00 2.309699e+01 0.000000e+00
      vertex -1.016842e+01 2.283864e+01 7.500000e+01
      vertex -9.567086e+00 2.309699e+01 7.500000e+01
    endloop
  endfacet
  facet normal -4.186597e-01 9.081432e-01 0.000000e+00
    outer loop
      vertex -1.016842e+01 2.283864e+01 0.000000e+00
      vertex -1.076278e+01 2.256463e+01 0.000000e+00
      vertex -1.076278e+01 2.256463e+01 7.500000e+01
    endloop
  endfacet
  facet normal -4.186597e-01 9.081432e-01 0.000000e+00
    outer loop
      vertex -1.016842e+01 2.283864e+01 0.000000e+00
      vertex -1.076278e+01 2.256463e+01 7.500000e+01
      vertex -1.016842e+01 2.283864e+01 7.500000e+01
    endloop
  endfacet
  facet normal -4.422887e-01 8.968727e-01 0.000000e+00
    outer loop
      vertex -1.076278e+01 2.256463e+01 0.000000e+00
      vertex -1.134976e+01 2.227516e+01 0.000000e+00
      vertex -1.134976e+01 2.227516e+01 7.500000e+01
    endloop
  endfacet
  facet normal -4.422887e-01 8.968727e-01 0.000000e+00
    outer loop
      vertex -1.076278e+01 2.256463e+01 0.000000e+00
      vertex -1.134976e+01 2.227516e+01 7.500000e+01
      vertex -1.076278e+01 2.256463e+01 7.500000e+01
    endloop
  endfacet
  facet normal -4.656145e-01 8.849876e-01 0.000000e+00
    outer loop
      vertex -1.134976e+01 2.227516e+01 0.000000e+00
      vertex -1.192897e+01 2.197043e+01 0.000000e+00
      vertex -1.192897e+01 2.197043e+01 7.500000e+01
    endloop
  endfacet
  facet normal -4.656145e-01 8.849876e-01 0.000000e+00
    outer loop
      vertex -1.134976e+01 2.227516e+01 0.000000e+00
      vertex -1.192897e+01 2.197043e+01 7.500000e+01
      vertex -1.134976e+01 2.227516e+01 7.500000e+01
    endloop
  endfacet
  facet normal -4.886212e-01 8.724960e-01 0.000000e+00
    outer loop
      vertex -1.192897e+01 2.197043e+01 0.000000e+00
      vertex -1.250000e+01 2.165064e+01 0.000000e+00
      vertex -1.250000e+01 2.165064e+01 7.500000e+01
    endloop
  endfacet
  facet normal -4.886212e-01 8.724960e-01 0.000000e+00
    outer loop
      vertex -1.192897e+01 2.197043e+01 0.000000e+00
      vertex -1.250000e+01 2.165064e+01 7.500000e+01
      vertex -1.192897e+01 2.197043e+01 7.500000e+01
    endloop
  endfacet
  facet normal -5.112931e-01 8.594064e-01 0.000000e+00
    outer loop
      vertex -1.250000e+01 2.165064e+01 0.000000e+00
      vertex -1.306246e+01 2.131600e+01 0.000000e+00
      vertex -1.306246e+01 2.131600e+01 7.500000e+01
    endloop
  endfacet
  facet normal -5.112931e-01 8.594064e-01 0.000000e+00
    outer loop
      vertex -1.250000e+01 2.165064e+01 0.000000e+00
      vertex -1.306246e+01 2.131600e+01 7.500000e+01
      vertex -1.250000e+01 2.165064e+01 7.500000e+01
    endloop
  endfacet
  facet normal -5.336145e-01 8.457278e-01 0.000000e+00
    outer loop
      vertex -1.306246e+01 2.131600e+01 0.000000e+00
      vertex -1.361598e+01 2.096676e+01 0.000000e+00
      vertex -1.361598e+01 2.096676e+01 7.500000e+01
    endloop
  endfacet
  facet normal -5.336145e-01 8.457278e-01 0.000000e+00
    outer loop
      vertex -1.306246e+01 2.131600e+01 0.000000e+00
      vertex -1.361598e+01 2.096676e+01 7.500000e+01
      vertex -1.306246e+01 2.131600e+01 7.500000e+01
    endloop
  endfacet
  facet normal -5.555702e-01 8.314696e-01 0.000000e+00
    outer loop
      vertex -1.361598e+01 2.096676e+01 0.000000e+00
      vertex -1.416016e+01 2.060315e+01 0.000000e+00
      vertex -1.416016e+01 2.060315e+01 7.500000e+01
    endloop
  endfacet
  facet normal -5.555702e-01 8.314696e-01 0.000000e+00
    outer loop
      vertex -1.361598e+01 2.096676e+01 0.000000e+00
      vertex -1.416016e+01 2.060315e+01 7.500000e+01
      vertex -1.361598e+01 2.096676e+01 7.500000e+01
    endloop
  endfacet
  facet normal -5.771452e-01 8.166416e-01 0.000000e+00
    outer loop
      vertex -1.416016e+01 2.060315e+01 0.000000e+00
      vertex -1.469463e+01 2.022542e+01 0.000000e+00
      vertex -1.469463e+01 2.022542e+01 7.500000e+01
    endloop
  endfacet
  facet normal -5.771452e-01 8.166416e-01 0.000000e+00
    outer loop
      vertex -1.416016e+01 2.060315e+01 0.000000e+00
      vertex -1.469463e+01 2.022542e+01 7.500000e+01
      vertex -1.416016e+01 2.060315e+01 7.500000e+01
    endloop
  endfacet
  facet normal -5.983246e-01 8.012538e-01 0.000000e+00
    outer loop
      vertex -1.469463e+01 2.022542e+01 0.000000e+00
      vertex -1.521904e+01 1.983383e+01 0.000000e+00
      vertex -1.521904e+01 1.983383e+01 7.500000e+01
    endloop
  endfacet
  facet normal -5.983246e-01 8.012538e-01 0.000000e+00
    outer loop
      vertex -1.469463e+01 2.022542e+01 0.000000e+00
      vertex -1.521904e+01 1.983383e+01 7.500000e+01
      vertex -1.469463e+01 2.022542e+01 7.500000e+01
    endloop
  endfacet
  facet normal -6.190939e-01 7.853169e-01 0.000000e+00
    outer loop
      vertex -1.521904e+01 1.983383e+01 0.000000e+00
      vertex -1.573301e+01 1.942865e+01 0.000000e+00
      vertex -1.573301e+01 1.942865e+01 7.500000e+01
    endloop
  endfacet
  facet normal -6.190939e-01 7.853169e-01 0.000000e+00
    outer loop
      vertex -1.521904e+01 1.983383e+01 0.000000e+00
      vertex -1.573301e+01 1.942865e+01 7.500000e+01
      vertex -1.521904e+01 1.983383e+01 7.500000e+01
    endloop
  endfacet
  facet normal -6.394390e-01 7.688418e-01 0.000000e+00
    outer loop
      vertex -1.573301e+01 1.942865e+01 0.000000e+00
      vertex -1.623620e+01 1.901015e+01 0.000000e+00
      vertex -1.623620e+01 1.901015e+01 7.500000e+01
    endloop
  endfacet
  facet normal -6.394390e-01 7.688418e-01 0.000000e+00
    outer loop
      vertex -1.573301e+01 1.942865e+01 0.000000e+00
      vertex -1.623620e+01 1.901015e+01 7.500000e+01
      vertex -1.573301e+01 1.942865e+01 7.500000e+01
    endloop
  endfacet
  facet normal -6.593458e-01 7.518398e-01 0.000000e+00
    outer loop
      vertex -1.623620e+01 1.901015e+01 0.000000e+00
      vertex -1.672827e+01 1.857862e+01 0.000000e+00
      vertex -1.672827e+01 1.857862e+01 7.500000e+01
    endloop
  endfacet
  facet normal -6.593458e-01 7.518398e-01 0.000000e+00
    outer loop
      vertex -1.623620e+01 1.901015e+01 0.000000e+00
      vertex -1.672827e+01 1.857862e+01 7.500000e+01
      vertex -1.623620e+01 1.901015e+01 7.500000e+01
    endloop
  endfacet
  facet normal -6.788007e-01 7.343225e-01 0.000000e+00
    outer loop
      vertex -1.672827e+01 1.857862e+01 0.000000e+00
      vertex -1.720886e+01 1.813436e+01 0.000000e+00
      vertex -1.720886e+01 1.813436e+01 7.500000e+01
    endloop
  endfacet
  facet normal -6.788007e-01 7.343225e-01 0.000000e+00
    outer loop
      vertex -1.672827e+01 1.857862e+01 0.000000e+00
      vertex -1.720886e+01 1.813436e+01 7.500000e+01
      vertex -1.672827e+01 1.857862e+01 7.500000e+01
    endloop
  endfacet
  facet normal -6.977905e-01 7.163019e-01 0.000000e+00
    outer loop
      vertex -1.720886e+01 1.813436e+01 0.000000e+00
      vertex -1.767767e+01 1.767767e+01 0.000000e+00
      vertex -1.767767e+01 1.767767e+01 7.500000e+01
    endloop
  endfacet
  facet normal -6.977905e-01 7.163019e-01 0.000000e+00
    outer loop
      vertex -1.720886e+01 1.813436e+01 0.000000e+00
      vertex -1.767767e+01 1.767767e+01 7.500000e+01
      vertex -1.720886e+01 1.813436e+01 7.500000e+01
    endloop
  endfacet
  facet normal -7.163019e-01 6.977905e-01 0.000000e+00
    outer loop
      vertex -1.767767e+01 1.767767e+01 0.000000e+00
      vertex -1.813436e+01 1.720886e+01 0.000000e+00
      vertex -1.813436e+01 1.720886e+01 7.500000e+01
    endloop
  endfacet
  facet normal -7.163019e-01 6.977905e-01 0.000000e+00
    outer loop
      vertex -1.767767e+01 1.767767e+01 0.000000e+00
      vertex -1.813436e+01 1.720886e+01 7.500000e+01
      vertex -1.767767e+01 1.767767e+01 7.500000e+01
    endloop
  endfacet
  facet normal -7.343225e-01 6.788007e-01 0.000000e+00
    outer loop
      vertex -1.813436e+01 1.720886e+01 0.000000e+00
      vertex -1.857862e+01 1.672827e+01 0.000000e+00
      vertex -1.857862e+01 1.672827e+01 7.500000e+01
    endloop
  endfacet
  facet normal -7.343225e-01 6.788007e-01 0.000000e+00
    outer loop
      vertex -1.813436e+01 1.720886e+01 0.000000e+00
      vertex -1.857862e+01 1.672827e+01 7.500000e+01
      vertex -1.813436e+01 1.720886e+01 7.500000e+01
    endloop
  endfacet
  facet normal -7.518398e-01 6.593458e-01 0.000000e+00
    outer loop
      vertex -1.857862e+01 1.672827e+01 0.000000e+00
      vertex -1.901015e+01 1.623620e+01 0.000000e+00
      vertex -1.901015e+01 1.623620e+01 7.500000e+01
    endloop
  endfacet
  facet normal -7.518398e-01 6.593458e-01 0.000000e+00
    outer loop
      vertex -1.857862e+01 1.672827e+01 0.000000e+00
      vertex -1.901015e+01 1.623620e+01 7.500000e+01
      vertex -1.857862e+01 1.672827e+01 7.500000e+01
    endloop
  endfacet
  facet normal -7.688418e-01 6.394390e-01 0.000000e+00
    outer loop
      vertex -1.901015e+01 1.623620e+01 0.000000e+00
      vertex -1.942865e+01 1.573301e+01 0.000000e+00
      vertex -1.942865e+01 1.573301e+01 7.500000e+01
    endloop
  endfacet
  facet normal -7.688418e-01 6.394390e-01 0.000000e+00
    outer loop
      vertex -1.901015e+01 1.623620e+01 0.000000e+00
      vertex -1.942865e+01 1.573301e+01 7.500000e+01
      vertex -1.901015e+01 1.623620e+01 7.500000e+01
    endloop
  endfacet
  facet normal -7.853169e-01 6.190939e-01 0.000000e+00
    outer loop
      vertex -1.942865e+01 1.573301e+01 0.000000e+00
      vertex -1.983383e+01 1.521904e+01 0.000000e+00
      vertex -1.983383e+01 1.521904e+01 7.500000e+01
    endloop
  endfacet
  facet normal -7.853169e-01 6.190939e-01 0.000000e+00
    outer loop
      vertex -1.942865e+01 1.573301e+01 0.000000e+00
      vertex -1.983383e+01 1.521904e+01 7.500000e+01
      vertex -1.942865e+01 1.573301e+01 7.500000e+01
    endloop
  endfacet
  facet normal -8.012538e-01 5.983246e-01 0.000000e+00
    outer loop
      vertex -1.983383e+01 1.521904e+01 0.000000e+00
      vertex -2.022542e+01 1.469463e+01 0.000000e+00
      vertex -2.022542e+01 1.469463e+01 7.500000e+01
    endloop
  endfacet
  facet normal -8.012538e-01 5.983246e-01 0.000000e+00
    outer loop
      vertex -1.983383e+01 1.521904e+01 0.000000e+00
      vertex -2.022542e+01 1.469463e+01 7.500000e+01
      vertex -1.983383e+01 1.521904e+01 7.500000e+01
    endloop
  endfacet
  facet normal -8.166416e-01 5.771452e-01 0.000000e+00
    outer loop
      vertex -2.022542e+01 1.469463e+01 0.000000e+00
      vertex -2.060315e+01 1.416016e+01 0.000000e+00
      vertex -2.060315e+01 1.416016e+01 7.500000e+01
    endloop
  endfacet
  facet normal -8.166416e-01 5.771452e-01 0.000000e+00
    outer loop
      vertex -2.022542e+01 1.469463e+01 0.000000e+00
      vertex -2.060315e+01 1.416016e+01 7.500000e+01
      vertex -2.022542e+01 1.469463e+01 7.500000e+01
    endloop
  endfacet
  facet normal -8.314696e-01 5.555702e-01 0.000000e+00
    outer loop
      vertex -2.060315e+01 1.416016e+01 0.000000e+00
      vertex -2.096676e+01 1.361598e+01 0.000000e+00
      vertex -2.096676e+01 1.361598e+01 7.500000e+01
    endloop
  endfacet
  facet normal -8.314696e-01 5.555702e-01 0.000000e+00
    outer loop
      vertex -2.060315e+01 1.416016e+01 0.000000e+00
      vertex -2.096676e+01 1.361598e+01 7.500000e+01
      vertex -2.060315e+01 1.416016e+01 7.500000e+01
    endloop
  endfacet
  facet normal -8.457278e-01 5.336145e-01 0.000000e+00
    outer loop
      vertex -2.096676e+01 1.361598e+01 0.000000e+00
      vertex -2.131600e+01 1.306246e+01 0.000000e+00
      vertex -2.131600e+01 1.306246e+01 7.500000e+01
    endloop
  endfacet
  facet normal -8.457278e-01 5.336145e-01 0.000000e+00
    outer loop
      vertex -2.096676e+01 1.361598e+01 0.000000e+00
      vertex -2.131600e+01 1.306246e+01 7.500000e+01
      vertex -2.096676e+01 1.361598e+01 7.500000e+01
    endloop
  endfacet
  facet normal -8.594064e-01 5.112931e-01 0.000000e+00
    outer loop
      vertex -2.131600e+01 1.306246e+01 0.000000e+00
      vertex -2.165064e+01 1.250000e+01 0.000000e+00
      vertex -2.165064e+01 1.250000e+01 7.500000e+01
    endloop
  endfacet
  facet normal -8.594064e-01 5.112931e-01 0.000000e+00
    outer loop
      vertex -2.131600e+01 1.306246e+01 0.000000e+00
      vertex -2.165064e+01 1.250000e+01 7.500000e+01
      vertex -2.131600e+01 1.306246e+01 7.500000e+01
    endloop
  endfacet
  facet normal -8.724960e-01 4.886212e-01 0.000000e+00
    outer loop
      vertex -2.165064e+01 1.250000e+01 0.000000e+00
      vertex -2.197043e+01 1.192897e+01 0.000000e+00
      vertex -2.197043e+01 1.192897e+01 7.500000e+01
    endloop
  endfacet
  facet normal -8.724960e-01 4.886212e-01 0.000000e+00
    outer loop
      vertex -2.165064e+01 1.250000e+01 0.000000e+00
      vertex -2.197043e+01 1.192897e+01 7.500000e+01
      vertex -2.165064e+01 1.250000e+01 7.500000e+01
    endloop
  endfacet
  facet normal -8.849876e-01 4.656145e-01 0.000000e+00
    outer loop
      vertex -2.197043e+01 1.192897e+01 0.000000e+00
      vertex -2.227516e+01 1.134976e+01 0.000000e+00
      vertex -2.227516e+01 1.134976e+01 7.500000e+01
    endloop
  endfacet
  facet normal -8.849876e-01 4.656145e-01 0.000000e+00
    outer loop
      vertex -2.197043e+01 1.192897e+01 0.000000e+00
      vertex -2.227516e+01 1.134976e+01 7.500000e+01
      vertex -2.197043e+01 1.192897e+01 7.500000e+01
    endloop
  endfacet
  facet normal -8.968727e-01 4.422887e-01 0.000000e+00
    outer loop
      vertex -2.227516e+01 1.134976e+01 0.000000e+00
      vertex -2.256463e+01 1.076278e+01 0.000000e+00
      vertex -2.256463e+01 1.076278e+01 7.500000e+01
    endloop
  endfacet
  facet normal -8.968727e-01 4.422887e-01 0.000000e+00
    outer loop
      vertex -2.227516e+01 1.134976e+01 0.000000e+00
      vertex -2.256463e+01 1.076278e+01 7.500000e+01
      vertex -2.227516e+01 1.134976e+01 7.500000e+01
    endloop
  endfacet
  facet normal -9.081432e-01 4.186597e-01 0.000000e+00
    outer loop
      vertex -2.256463e+01 1.076278e+01 0.000000e+00
      vertex -2.283864e+01 1.016842e+01 0.000000e+00
      vertex -2.283864e+01 1.016842e+01 7.500000e+01
    endloop
  endfacet
  facet normal -9.081432e-01 4.186597e-01 0.000000e+00
    outer loop
      vertex -2.256463e+01 1.076278e+01 0.000000e+00
      vertex -2.283864e+01 1.016842e+01 7.500000e+01
      vertex -2.256463e+01 1.076278e+01 7.500000e+01
    endloop
  endfacet
  facet normal -9.187912e-01 3.947439e-01 0.000000e+00
    outer loop
      vertex -2.283864e+01 1.016842e+01 0.000000e+00
      vertex -2.309699e+01 9.567086e+00 0.000000e+00
      vertex -2.309699e+01 9.567086e+00 7.500000e+01
    endloop
  endfacet
  facet normal -9.187912e-01 3.947439e-01 0.000000e+00
    outer loop
      vertex -2.283864e+01 1.016842e+01 0.000000e+00
      vertex -2.309699e+01 9.567086e+00 7.500000e+01
      vertex -2.283864e+01 1.016842e+01 7.500000e+01
    endloop
  endfacet
  facet normal -9.288096e-01 3.705574e-01 0.000000e+00
    outer loop
      vertex -2.309699e+01 9.567086e+00 0.000000e+00
      vertex -2.333951e+01 8.959199e+00 0.000000e+00
      vertex -2.333951e+01 8.959199e+00 7.500000e+01
    endloop
  endfacet
  facet normal -9.288096e-01 3.705574e-01 0.000000e+00
    outer loop
      vertex -2.309699e+01 9.567086e+00 0.000000e+00
      vertex -2.333951e+01 8.959199e+00 7.500000e+01
      vertex -2.309699e+01 9.567086e+00 7.500000e+01
    endloop
  endfacet
  facet normal -9.381913e-01 3.461171e-01 0.000000e+00
    outer loop
      vertex -2.333951e+01 8.959199e+00 0.000000e+00
      vertex -2.356604e+01 8.345171e+00 0.000000e+00
      vertex -2.356604e+01 8.345171e+00 7.500000e+01
    endloop
  endfacet
  facet normal -9.381913e-01 3.461171e-01 0.000000e+00
    outer loop
      vertex -2.333951e+01 8.959199e+00 0.000000e+00
      vertex -2.356604e+01 8.345171e+00 7.500000e+01
      vertex -2.333951e+01 8.959199e+00 7.500000e+01
    endloop
  endfacet
  facet normal -9.469301e-01 3.214395e-01 0.000000e+00
    outer loop
      vertex -2.356604e+01 8.345171e+00 0.000000e+00
      vertex -2.377641e+01 7.725425e+00 0.000000e+00
      vertex -2.377641e+01 7.725425e+00 7.500000e+01
    endloop
  endfacet
  facet normal -9.469301e-01 3.214395e-01 0.000000e+00
    outer loop
      vertex -2.356604e+01 8.345171e+00 0.000000e+00
      vertex -2.377641e+01 7.725425e+00 7.500000e+01
      vertex -2.356604e+01 8.345171e+00 7.500000e+01
    endloop
  endfacet
  facet normal -9.550199e-01 2.965416e-01 0.000000e+00
    outer loop
      vertex -2.377641e+01 7.725425e+00 0.000000e+00
      vertex -2.397049e+01 7.100384e+00 0.000000e+00
      vertex -2.397049e+01 7.100384e+00 7.500000e+01
    endloop
  endfacet
  facet normal -9.550199e-01 2.965416e-01 0.000000e+00
    outer loop
      vertex -2.377641e+01 7.725425e+00 0.000000e+00
      vertex -2.397049e+01 7.100384e+00 7.500000e+01
      vertex -2.377641e+01 7.725425e+00 7.500000e+01
    endloop
  endfacet
  facet normal -9.624552e-01 2.714404e-01 0.000000e+00
    outer loop
      vertex -2.397049e+01 7.100384e+00 0.000000e+00
      vertex -2.414815e+01 6.470476e+00 0.000000e+00
      vertex -2.414815e+01 6.470476e+00 7.500000e+01
    endloop
  endfacet
  facet normal -9.624552e-01 2.714404e-01 0.000000e+00
    outer loop
      vertex -2.397049e+01 7.100384e+00 0.000000e+00
      vertex -2.414815e+01 6.470476e+00 7.500000e+01
      vertex -2.397049e+01 7.100384e+00 7.500000e+01
    endloop
  endfacet
  facet normal -9.692309e-01 2.461533e-01 0.000000e+00
    outer loop
      vertex -2.414815e+01 6.470476e+00 0.000000e+00
      vertex -2.430925e+01 5.836134e+00 0.000000e+00
      vertex -2.430925e+01 5.836134e+00 7.500000e+01
    endloop
  endfacet
  facet normal -9.692309e-01 2.461533e-01 0.000000e+00
    outer loop
      vertex -2.414815e+01 6.470476e+00 0.000000e+00
      vertex -2.430925e+01 5.836134e+00 7.500000e+01
      vertex -2.414815e+01 6.470476e+00 7.500000e+01
    endloop
  endfacet
  facet normal -9.753423e-01 2.206974e-01 0.000000e+00
    outer loop
      vertex -2.430925e+01 5.836134e+00 0.000000e+00
      vertex -2.445369e+01 5.197792e+00 0.000000e+00
      vertex -2.445369e+01 5.197792e+00 7.500000e+01
    endloop
  endfacet
  facet normal -9.753423e-01 2.206974e-01 0.000000e+00
    outer loop
      vertex -2.430925e+01 5.836134e+00 0.000000e+00
      vertex -2.445369e+01 5.197792e+00 7.500000e+01
      vertex -2.430925e+01 5.836134e+00 7.500000e+01
    endloop
  endfacet
  facet normal -9.807853e-01 1.950903e-01 0.000000e+00
    outer loop
      vertex -2.445369e+01 5.197792e+00 0.000000e+00
      vertex -2.458137e+01 4.555888e+00 0.000000e+00
      vertex -2.458137e+01 4.555888e+00 7.500000e+01
    endloop
  endfacet
  facet normal -9.807853e-01 1.950903e-01 0.000000e+00
    outer loop
      vertex -2.445369e+01 5.197792e+00 0.000000e+00
      vertex -2.458137e+01 4.555888e+00 7.500000e+01
      vertex -2.445369e+01 5.197792e+00 7.500000e+01
    endloop
  endfacet
  facet normal -9.855561e-01 1.693495e-01 0.000000e+00
    outer loop
      vertex -2.458137e+01 4.555888e+00 0.000000e+00
      vertex -2.469221e+01 3.910862e+00 0.000000e+00
      vertex -2.469221e+01 3.910862e+00 7.500000e+01
    endloop
  endfacet
  facet normal -9.855561e-01 1.693495e-01 0.000000e+00
    outer loop
      vertex -2.458137e+01 4.555888e+00 0.000000e+00
      vertex -2.469221e+01 3.910862e+00 7.500000e+01
      vertex -2.458137e+01 4.555888e+00 7.500000e+01
    endloop
  endfacet
  facet normal -9.896514e-01 1.434926e-01 0.000000e+00
    outer loop
      vertex -2.469221e+01 3.910862e+00 0.000000e+00
      vertex -2.478612e+01 3.263155e+00 0.000000e+00
      vertex -2.478612e+01 3.263155e+00 7.500000e+01
    endloop
  endfacet
  facet normal -9.896514e-01 1.434926e-01 0.000000e+00
    outer loop
      vertex -2.469221e+01 3.910862e+00 0.000000e+00
      vertex -2.478612e+01 3.263155e+00 7.500000e+01
      vertex -2.469221e+01 3.910862e+00 7.500000e+01
    endloop
  endfacet
  facet normal -9.930685e-01 1.175374e-01 0.000000e+00
    outer loop
      vertex -2.478612e+01 3.263155e+00 0.000000e+00
      vertex -2.486305e+01 2.613212e+00 0.000000e+00
      vertex -2.486305e+01 2.613212e+00 7.500000e+01
    endloop
  endfacet
  facet normal -9.930685e-01 1.175374e-01 0.000000e+00
    outer loop
      vertex -2.478612e+01 3.263155e+00 0.000000e+00
      vertex -2.486305e+01 2.613212e+00 7.500000e+01
      vertex -2.478612e+01 3.263155e+00 7.500000e+01
    endloop
  endfacet
  facet normal -9.958049e-01 9.150162e-02 0.000000e+00
    outer loop
      vertex -2.486305e+01 2.613212e+00 0.000000e+00
      vertex -2.492293e+01 1.961477e+00 0.000000e+00
      vertex -2.492293e+01 1.961477e+00 7.500000e+01
    endloop
  endfacet
  facet normal -9.958049e-01 9.150162e-02 0.000000e+00
    outer loop
      vertex -2.486305e+01 2.613212e+00 0.000000e+00
      vertex -2.492293e+01 1.961477e+00 7.500000e+01
      vertex -2.486305e+01 2.613212e+00 7.500000e+01
    endloop
  endfacet
  facet normal -9.978589e-01 6.540313e-02 0.000000e+00
    outer loop
      vertex -2.492293e+01 1.961477e+00 0.000000e+00
      vertex -2.496574e+01 1.308399e+00 0.000000e+00
      vertex -2.496574e+01 1.308399e+00 7.500000e+01
    endloop
  endfacet
  facet normal -9.978589e-01 6.540313e-02 0.000000e+00
    outer loop
      vertex -2.492293e+01 1.961477e+00 0.000000e+00
      vertex -2.496574e+01 1.308399e+00 7.500000e+01
      vertex -2.492293e+01 1.961477e+00 7.500000e+01
    endloop
  endfacet
  facet normal -9.992290e-01 3.925982e-02 0.000000e+00
    outer loop
      vertex -2.496574e+01 1.308399e+00 0.000000e+00
      vertex -2.499143e+01 6.544237e-01 0.000000e+00
      vertex -2.499143e+01 6.544237e-01 7.500000e+01
    endloop
  endfacet
  facet normal -9.992290e-01 3.925982e-02 0.000000e+00
    outer loop
      vertex -2.496574e+01 1.308399e+00 0.000000e+00
      vertex -2.499143e+01 6.544237e-01 7.500000e+01
      vertex -2.496574e+01 1.308399e+00 7.500000e+01
    endloop
  endfacet
  facet normal -9.999143e-01 1.308960e-02 0.000000e+00
    outer loop
      vertex -2.499143e+01 6.544237e-01 0.000000e+00
      vertex -2.500000e+01 3.061617e-15 0.000000e+00
      vertex -2.500000e+01 3.061617e-15 7.500000e+01
    endloop
  endfacet
  facet normal -9.999143e-01 1.308960e-02 0.000000e+00
    outer loop
      vertex -2.499143e+01 6.544237e-01 0.000000e+00
      vertex -2.500000e+01 3.061617e-15 7.500000e+01
      vertex -2.499143e+01 6.544237e-01 7.500000e+01
    endloop
  endfacet
  facet normal -9.999143e-01 -1.308960e-02 0.000000e+00
    outer loop
      vertex -2.500000e+01 3.061617e-15 0.000000e+00
      vertex -2.499143e+01 -6.544237e-01 0.000000e+00
      vertex -2.499143e+01 -6.544237e-01 7.500000e+01
    endloop
  endfacet
  facet normal -9.999143e-01 -1.308960e-02 0.000000e+00
    outer loop
      vertex -2.500000e+01 3.061617e-15 0.000000e+00
      vertex -2.499143e+01 -6.544237e-01 7.500000e+01
      vertex -2.500000e+01 3.061617e-15 7.500000e+01
    endloop
  endfacet
  facet normal -9.992290e-01 -3.925982e-02 0.000000e+00
    outer loop
      vertex -2.499143e+01 -6.544237e-01 0.000000e+00
      vertex -2.496574e+01 -1.308399e+00 0.000000e+00
      vertex -2.496574e+01 -1.308399e+00 7.500000e+01
    endloop
  endfacet
  facet normal -9.992290e-01 -3.925982e-02 0.000000e+00
    outer loop
      vertex -2.499143e+01 -6.544237e-01 0.000000e+00
      vertex -2.496574e+01 -1.308399e+00 7.500000e+01
      vertex -2.499143e+01 -6.544237e-01 7.500000e+01
    endloop
  endfacet
  facet normal -9.978589e-01 -6.540313e-02 0.000000e+00
    outer loop
      vertex -2.496574e+01 -1.308399e+00 0.000000e+00
      vertex -2.492293e+01 -1.961477e+00 0.000000e+00
      vertex -2.492293e+01 -1.961477e+00 7.500000e+01
    endloop
  endfacet
  facet normal -9.978589e-01 -6.540313e-02 0.000000e+00
    outer loop
      vertex -2.496574e+01 -1.308399e+00 0.000000e+00
      vertex -2.492293e+01 -1.961477e+00 7.500000e+01
      vertex -2.496574e+01 -1.308399e+00 7.500000e+01
    endloop
  endfacet
  facet normal -9.958049e-01 -9.150162e-02 0.000000e+00
    outer loop
      vertex -2.492293e+01 -1.961477e+00 0.000000e+00
      vertex -2.486305e+01 -2.613212e+00 0.000000e+00
      vertex -2.486305e+01 -2.613212e+00 7.500000e+01
    endloop
  endfacet
  facet normal -9.958049e-01 -9.150162e-02 0.000000e+00
    outer loop
      vertex -2.492293e+01 -1.961477e+00 0.000000e+00
      vertex -2.486305e+01 -2.613212e+00 7.500000e+01
      vertex -2.492293e+01 -1.961477e+00 7.500000e+01
    endloop
  endfacet
  facet normal -9.930685e-01 -1.175374e-01 0.000000e+00
    outer loop
      vertex -2.486305e+01 -2.613212e+00 0.000000e+00
      vertex -2.478612e+01 -3.263155e+00 0.000000e+00
      vertex -2.478612e+01 -3.263155e+00 7.500000e+01
    endloop
  endfacet
  facet normal -9.930685e-01 -1.175374e-01 0.000000e+00
    outer loop
      vertex -2.486305e+01 -2.613212e+00 0.000000e+00
      vertex -2.478612e+01 -3.263155e+00 7.500000e+01
      vertex -2.486305e+01 -2.613212e+00 7.500000e+01
    endloop
  endfacet
  facet normal -9.896514e-01 -1.434926e-01 0.000000e+00
    outer loop
      vertex -2.478612e+01 -3.263155e+00 0.000000e+00
      vertex -2.469221e+01 -3.910862e+00 0.000000e+00
      vertex -2.469221e+01 -3.910862e+00 7.500000e+01
    endloop
  endfacet
  facet normal -9.896514e-01 -1.434926e-01 0.000000e+00
    outer loop
      vertex -2.478612e+01 -3.263155e+00 0.000000e+00
      vertex -2.469221e+01 -3.910862e+00 7.500000e+01
      vertex -2.478612e+01 -3.263155e+00 7.500000e+01
    endloop
  endfacet
  facet normal -9.855561e-01 -1.693495e-01 0.000000e+00
    outer loop
      vertex -2.469221e+01 -3.910862e+00 0.000000e+00
      vertex -2.458137e+01 -4.555888e+00 0.000000e+00
      vertex -2.458137e+01 -4.555888e+00 7.500000e+01
    endloop
  endfacet
  facet normal -9.855561e-01 -1.693495e-01 0.000000e+00
    outer loop
      vertex -2.469221e+01 -3.910862e+00 0.000000e+00
      vertex -2.458137e+01 -4.555888e+00 7.500000e+01
      vertex -2.469221e+01 -3.910862e+00 7.500000e+01
    endloop
  endfacet
  facet normal -9.807853e-01 -1.950903e-01 0.000000e+00
    outer loop
      vertex -2.458137e+01 -4.555888e+00 0.000000e+00
      vertex -2.445369e+01 -5.197792e+00 0.000000e+00
      vertex -2.445369e+01 -5.197792e+00 7.500000e+01
    endloop
  endfacet
  facet normal -9.807853e-01 -1.950903e-01 0.000000e+00
    outer loop
      vertex -2.458137e+01 -4.555888e+00 0.000000e+00
      vertex -2.445369e+01 -5.197792e+00 7.500000e+01
      vertex -2.458137e+01 -4.555888e+00 7.500000e+01
    endloop
  endfacet
  facet normal -9.753423e-01 -2.206974e-01 0.000000e+00
    outer loop
      vertex -2.445369e+01 -5.197792e+00 0.000000e+00
      vertex -2.430925e+01 -5.836134e+00 0.000000e+00
      vertex -2.430925e+01 -5.836134e+00 7.500000e+01
    endloop
  endfacet
  facet normal -9.753423e-01 -2.206974e-01 0.000000e+00
    outer loop
      vertex -2.445369e+01 -5.197792e+00 0.000000e+00
      vertex -2.430925e+01 -5.836134e+00 7.500000e+01
      vertex -2.445369e+01 -5.197792e+00 7.500000e+01
    endloop
  endfacet
  facet normal -9.692309e-01 -2.461533e-01 0.000000e+00
    outer loop
      vertex -2.430925e+01 -5.836134e+00 0.000000e+00
      vertex -2.414815e+01 -6.470476e+00 0.000000e+00
      vertex -2.414815e+01 -6.470476e+00 7.500000e+01
    endloop
  endfacet
  facet normal -9.692309e-01 -2.461533e-01 0.000000e+00
    outer loop
      vertex -2.430925e+01 -5.836134e+00 0.000000e+00
      vertex -2.414815e+01 -6.470476e+00 7.500000e+01
      vertex -2.430925e+01 -5.836134e+00 7.500000e+01
    endloop
  endfacet
  facet normal -9.624552e-01 -2.714404e-01 0.000000e+00
    outer loop
      vertex -2.414815e+01 -6.470476e+00 0.000000e+00
      vertex -2.397049e+01 -7.100384e+00 0.000000e+00
      vertex -2.397049e+01 -7.100384e+00 7.500000e+01
    endloop
  endfacet
  facet normal -9.624552e-01 -2.714404e-01 0.000000e+00
    outer loop
      vertex -2.414815e+01 -6.470476e+00 0.000000e+00
      vertex -2.397049e+01 -7.100384e+00 7.500000e+01
      vertex -2.414815e+01 -6.470476e+00 7.500000e+01
    endloop
  endfacet
  facet normal -9.550199e-01 -2.965416e-01 0.000000e+00
    outer loop
      vertex -2.397049e+01 -7.100384e+00 0.000000e+00
      vertex -2.377641e+01 -7.725425e+00 0.000000e+00
      vertex -2.377641e+01 -7.725425e+00 7.500000e+01
    endloop
  endfacet
  facet normal -9.550199e-01 -2.965416e-01 0.000000e+00
    outer loop
      vertex -2.397049e+01 -7.100384e+00 0.000000e+00
      vertex -2.377641e+01 -7.725425e+00 7.500000e+01
      vertex -2.397049e+01 -7.100384e+00 7.500000e+01
    endloop
  endfacet
  facet normal -9.469301e-01 -3.214395e-01 0.000000e+00
    outer loop
      vertex -2.377641e+01 -7.725425e+00 0.000000e+00
      vertex -2.356604e+01 -8.345171e+00 0.000000e+00
      vertex -2.356604e+01 -8.345171e+00 7.500000e+01
    endloop
  endfacet
  facet normal -9.469301e-01 -3.214395e-01 0.000000e+00
    outer loop
      vertex -2.377641e+01 -7.725425e+00 0.000000e+00
      vertex -2.356604e+01 -8.345171e+00 7.500000e+01
      vertex -2.377641e+01 -7.725425e+00 7.500000e+01
    endloop
  endfacet
  facet normal -9.381913e-01 -3.461171e-01 0.000000e+00
    outer loop
      vertex -2.356604e+01 -8.345171e+00 0.000000e+00
      vertex -2.333951e+01 -8.959199e+00 0.000000e+00
      vertex -2.333951e+01 -8.959199e+00 7.500000e+01
    endloop
  endfacet
  facet normal -9.381913e-01 -3.461171e-01 0.000000e+00
    outer loop
      vertex -2.356604e+01 -8.345171e+00 0.000000e+00
      vertex -2.333951e+01 -8.959199e+00 7.500000e+01
      vertex -2.356604e+01 -8.345171e+00 7.500000e+01
    endloop
  endfacet
  facet normal -9.288096e-01 -3.705574e-01 0.000000e+00
    outer loop
      vertex -2.333951e+01 -8.959199e+00 0.000000e+00
      vertex -2.309699e+01 -9.567086e+00 0.000000e+00
      vertex -2.309699e+01 -9.567086e+00 7.500000e+01
    endloop
  endfacet
  facet normal -9.288096e-01 -3.705574e-01 0.000000e+00
    outer loop
      vertex -2.333951e+01 -8.959199e+00 0.000000e+00
      vertex -2.309699e+01 -9.567086e+00 7.500000e+01
      vertex -2.333951e+01 -8.959199e+00 7.500000e+01
    endloop
  endfacet
  facet normal -9.187912e-01 -3.947439e-01 0.000000e+00
    outer loop
      vertex -2.309699e+01 -9.567086e+00 0.000000e+00
      vertex -2.283864e+01 -1.016842e+01 0.000000e+00
      vertex -2.283864e+01 -1.016842e+01 7.500000e+01
    endloop
  endfacet
  facet normal -9.187912e-01 -3.947439e-01 0.000000e+00
    outer loop
      vertex -2.309699e+01 -9.567086e+00 0.000000e+00
      vertex -2.283864e+01 -1.016842e+01 7.500000e+01
      vertex -2.309699e+01 -9.567086e+00 7.500000e+01
    endloop
  endfacet
  facet normal -9.081432e-01 -4.186597e-01 0.000000e+00
    outer loop
      vertex -2.283864e+01 -1.016842e+01 0.000000e+00
      vertex -2.256463e+01 -1.076278e+01 0.000000e+00
      vertex -2.256463e+01 -1.076278e+01 7.500000e+01
    endloop
  endfacet
  facet normal -9.081432e-01 -4.186597e-01 0.000000e+00
    outer loop
      vertex -2.283864e+01 -1.016842e+01 0.000000e+00
      vertex -2.256463e+01 -1.076278e+01 7.500000e+01
      vertex -2.283864e+01 -1.016842e+01 7.500000e+01
    endloop
  endfacet
  facet normal -8.968727e-01 -4.422887e-01 0.000000e+00
    outer loop
      vertex -2.256463e+01 -1.076278e+01 0.000000e+00
      vertex -2.227516e+01 -1.134976e+01 0.000000e+00
      vertex -2.227516e+01 -1.134976e+01 7.500000e+01
    endloop
  endfacet
  facet normal -8.968727e-01 -4.422887e-01 0.000000e+00
    outer loop
      vertex -2.256463e+01 -1.076278e+01 0.000000e+00
      vertex -2.227516e+01 -1.134976e+01 7.500000e+01
      vertex -2.256463e+01 -1.076278e+01 7.500000e+01
    endloop
  endfacet
  facet normal -8.849876e-01 -4.656145e-01 0.000000e+00
    outer loop
      vertex -2.227516e+01 -1.134976e+01 0.000000e+00
      vertex -2.197043e+01 -1.192897e+01 0.000000e+00
      vertex -2.197043e+01 -1.192897e+01 7.500000e+01
    endloop
  endfacet
  facet normal -8.849876e-01 -4.656145e-01 0.000000e+00
    outer loop
      vertex -2.227516e+01 -1.134976e+01 0.000000e+00
      vertex -2.197043e+01 -1.192897e+01 7.500000e+01
      vertex -2.227516e+01 -1.134976e+01 7.500000e+01
    endloop
  endfacet
  facet normal -8.724960e-01 -4.886212e-01 0.000000e+00
    outer loop
      vertex -2.197043e+01 -1.192897e+01 0.000000e+00
      vertex -2.165064e+01 -1.250000e+01 0.000000e+00
      vertex -2.165064e+01 -1.250000e+01 7.500000e+01
    endloop
  endfacet
  facet normal -8.724960e-01 -4.886212e-01 0.000000e+00
    outer loop
      vertex -2.197043e+01 -1.192897e+01 0.000000e+00
      vertex -2.165064e+01 -1.250000e+01 7.500000e+01
      vertex -2.197043e+01 -1.192897e+01 7.500000e+01
    endloop
  endfacet
  facet normal -8.594064e-01 -5.112931e-01 0.000000e+00
    outer loop
      vertex -2.165064e+01 -1.250000e+01 0.000000e+00
      vertex -2.131600e+01 -1.306246e+01 0.000000e+00
      vertex -2.131600e+01 -1.306246e+01 7.500000e+01
    endloop
  endfacet
  facet normal -8.594064e-01 -5.112931e-01 0.000000e+00
    outer loop
      vertex -2.165064e+01 -1.250000e+01 0.000000e+00
      vertex -2.131600e+01 -1.306246e+01 7.500000e+01
      vertex -2.165064e+01 -1.250000e+01 7.500000e+01
    endloop
  endfacet
  facet normal -8.457278e-01 -5.336145e-01 0.000000e+00
    outer loop
      vertex -2.131600e+01 -1.306246e+01 0.000000e+00
      vertex -2.096676e+01 -1.361598e+01 0.000000e+00
      vertex -2.096676e+01 -1.361598e+01 7.500000e+01
    endloop
  endfacet
  facet normal -8.457278e-01 -5.336145e-01 0.000000e+00
    outer loop
      vertex -2.131600e+01 -1.306246e+01 0.000000e+00
      vertex -2.096676e+01 -1.361598e+01 7.500000e+01
      vertex -2.131600e+01 -1.306246e+01 7.500000e+01
    endloop
  endfacet
  facet normal -8.314696e-01 -5.555702e-01 0.000000e+00
    outer loop
      vertex -2.096676e+01 -1.361598e+01 0.000000e+00
      vertex -2.060315e+01 -1.416016e+01 0.000000e+00
      vertex -2.060315e+01 -1.416016e+01 7.500000e+01
    endloop
  endfacet
  facet normal -8.314696e-01 -5.555702e-01 0.000000e+00
    outer loop
      vertex -2.096676e+01 -1.361598e+01 0.000000e+00
      vertex -2.060315e+01 -1.416016e+01 7.500000e+01
      vertex -2.096676e+01 -1.361598e+01 7.500000e+01
    endloop
  endfacet
  facet normal -8.166416e-01 -5.771452e-01 0.000000e+00
    outer loop
      vertex -2.060315e+01 -1.416016e+01 0.000000e+00
      vertex -2.022542e+01 -1.469463e+01 0.000000e+00
      vertex -2.022542e+01 -1.469463e+01 7.500000e+01
    endloop
  endfacet
  facet normal -8.166416e-01 -5.771452e-01 0.000000e+00
    outer loop
      vertex -2.060315e+01 -1.416016e+01 0.000000e+00
      vertex -2.022542e+01 -1.469463e+01 7.500000e+01
      vertex -2.060315e+01 -1.416016e+01 7.500000e+01
    endloop
  endfacet
  facet normal -8.012538e-01 -5.983246e-01 0.000000e+00
    outer loop
      vertex -2.022542e+01 -1.469463e+01 0.000000e+00
      vertex -1.983383e+01 -1.521904e+01 0.000000e+00
      vertex -1.983383e+01 -1.521904e+01 7.500000e+01
    endloop
  endfacet
  facet normal -8.012538e-01 -5.983246e-01 0.000000e+00
    outer loop
      vertex -2.022542e+01 -1.469463e+01 0.000000e+00
      vertex -1.983383e+01 -1.521904e+01 7.500000e+01
      vertex -2.022542e+01 -1.469463e+01 7.500000e+01
    endloop
  endfacet
  facet normal -7.853169e-01 -6.190939e-01 0.000000e+00
    outer loop
      vertex -1.983383e+01 -1.521904e+01 0.000000e+00
      vertex -1.942865e+01 -1.573301e+01 0.000000e+00
      vertex -1.942865e+01 -1.573301e+01 7.500000e+01
    endloop
  endfacet
  facet normal -7.853169e-01 -6.190939e-01 0.000000e+00
    outer loop
      vertex -1.983383e+01 -1.521904e+01 0.000000e+00
      vertex -1.942865e+01 -1.573301e+01 7.500000e+01
      vertex -1.983383e+01 -1.521904e+01 7.500000e+01
    endloop
  endfacet
  facet normal -7.688418e-01 -6.394390e-01 0.000000e+00
    outer loop
      vertex -1.942865e+01 -1.573301e+01 0.000000e+00
      vertex -1.901015e+01 -1.623620e+01 0.000000e+00
      vertex -1.901015e+01 -1.623620e+01 7.500000e+01
    endloop
  endfacet
  facet normal -7.688418e-01 -6.394390e-01 0.000000e+00
    outer loop
      vertex -1.942865e+01 -1.573301e+01 0.000000e+00
      vertex -1.901015e+01 -1.623620e+01 7.500000e+01
      vertex -1.942865e+01 -1.573301e+01 7.500000e+01
    endloop
  endfacet
  facet normal -7.518398e-01 -6.593458e-01 0.000000e+00
    outer loop
      vertex -1.901015e+01 -1.623620e+01 0.000000e+00
      vertex -1.857862e+01 -1.672827e+01 0.000000e+00
      vertex -1.857862e+01 -1.672827e+01 7.500000e+01
    endloop
  endfacet
  facet normal -7.518398e-01 -6.593458e-01 0.000000e+00
    outer loop
      vertex -1.901015e+01 -1.623620e+01 0.000000e+00
      vertex -1.857862e+01 -1.672827e+01 7.500000e+01
      vertex -1.901015e+01 -1.623620e+01 7.500000e+01
    endloop
  endfacet
  facet normal -7.343225e-01 -6.788007e-01 0.000000e+00
    outer loop
      vertex -1.857862e+01 -1.672827e+01 0.000000e+00
      vertex -1.813436e+01 -1.720886e+01 0.000000e+00
      vertex -1.813436e+01 -1.720886e+01 7.500000e+01
    endloop
  endfacet
  facet normal -7.343225e-01 -6.788007e-01 0.000000e+00
    outer loop
      vertex -1.857862e+01 -1.672827e+01 0.000000e+00
      vertex -1.813436e+01 -1.720886e+01 7.500000e+01
      vertex -1.857862e+01 -1.672827e+01 7.500000e+01
    endloop
  endfacet
  facet normal -7.163019e-01 -6.977905e-01 0.000000e+00
    outer loop
      vertex -1.813436e+01 -1.720886e+01 0.000000e+00
      vertex -1.767767e+01 -1.767767e+01 0.000000e+00
      vertex -1.767767e+01 -1.767767e+01 7.500000e+01
    endloop
  endfacet
  facet normal -7.163019e-01 -6.977905e-01 0.000000e+00
    outer loop
      vertex -1.813436e+01 -1.720886e+01 0.000000e+00
      vertex -1.767767e+01 -1.767767e+01 7.500000e+01
      vertex -1.813436e+01 -1.720886e+01 7.500000e+01
    endloop
  endfacet
  facet normal -6.977905e-01 -7.163019e-01 0.000000e+00
    outer loop
      vertex -1.767767e+01 -1.767767e+01 0.000000e+00
      vertex -1.720886e+01 -1.813436e+01 0.000000e+00
      vertex -1.720886e+01 -1.813436e+01 7.500000e+01
    endloop
  endfacet
  facet normal -6.977905e-01 -7.163019e-01 0.000000e+00
    outer loop
      vertex -1.767767e+01 -1.767767e+01 0.000000e+00
      vertex -1.720886e+01 -1.813436e+01 7.500000e+01
      vertex -1.767767e+01 -1.767767e+01 7.500000e+01
    endloop
  endfacet
  facet normal -6.788007e-01 -7.343225e-01 0.000000e+00
    outer loop
      vertex -1.720886e+01 -1.813436e+01 0.000000e+00
      vertex -1.672827e+01 -1.857862e+01 0.000000e+00
      vertex -1.672827e+01 -1.857862e+01 7.500000e+01
    endloop
  endfacet
  facet normal -6.788007e-01 -7.343225e-01 0.000000e+00
    outer loop
      vertex -1.720886e+01 -1.813436e+01 0.000000e+00
      vertex -1.672827e+01 -1.857862e+01 7.500000e+01
      vertex -1.720886e+01 -1.813436e+01 7.500000e+01
    endloop
  endfacet
  facet normal -6.593458e-01 -7.518398e-01 0.000000e+00
    outer loop
      vertex -1.672827e+01 -1.857862e+01 0.000000e+00
      vertex -1.623620e+01 -1.901015e+01 0.000000e+00
      vertex -1.623620e+01 -1.901015e+01 7.500000e+01
    endloop
  endfacet
  facet normal -6.593458e-01 -7.518398e-01 0.000000e+00
    outer loop
      vertex -1.672827e+01 -1.857862e+01 0.000000e+00
      vertex -1.623620e+01 -1.901015e+01 7.500000e+01
      vertex -1.672827e+01 -1.857862e+01 7.500000e+01
    endloop
  endfacet
  facet normal -6.394390e-01 -7.688418e-01 0.000000e+00
    outer loop
      vertex -1.623620e+01 -1.901015e+01 0.000000e+00
      vertex -1.573301e+01 -1.942865e+01 0.000000e+00
      vertex -1.573301e+01 -1.942865e+01 7.500000e+01
    endloop
  endfacet
  facet normal -6.394390e-01 -7.688418e-01 0.000000e+00
    outer loop
      vertex -1.623620e+01 -1.901015e+01 0.000000e+00
      vertex -1.573301e+01 -1.942865e+01 7.500000e+01
      vertex -1.623620e+01 -1.901015e+01 7.500000e+01
    endloop
  endfacet
  facet normal -6.190939e-01 -7.853169e-01 0.000000e+00
    outer loop
      vertex -1.573301e+01 -1.942865e+01 0.000000e+00
      vertex -1.521904e+01 -1.983383e+01 0.000000e+00
      vertex -1.521904e+01 -1.983383e+01 7.500000e+01
    endloop
  endfacet
  facet normal -6.190939e-01 -7.853169e-01 0.000000e+00
    outer loop
      vertex -1.573301e+01 -1.942865e+01 0.000000e+00
      vertex -1.521904e+01 -1.983383e+01 7.500000e+01
      vertex -1.573301e+01 -1.942865e+01 7.500000e+01
    endloop
  endfacet
  facet normal -5.983246e-01 -8.012538e-01 0.000000e+00
    outer loop
      vertex -1.521904e+01 -1.983383e+01 0.000000e+00
      vertex -1.469463e+01 -2.022542e+01 0.000000e+00
      vertex -1.469463e+01 -2.022542e+01 7.500000e+01
    endloop
  endfacet
  facet normal -5.983246e-01 -8.012538e-01 0.000000e+00
    outer loop
      vertex -1.521904e+01 -1.983383e+01 0.000000e+00
      vertex -1.469463e+01 -2.022542e+01 7.500000e+01
      vertex -1.521904e+01 -1.983383e+01 7.500000e+01
    endloop
  endfacet
  facet normal -5.771452e-01 -8.166416e-01 0.000000e+00
    outer loop
      vertex -1.469463e+01 -2.022542e+01 0.000000e+00
      vertex -1.416016e+01 -2.060315e+01 0.000000e+00
      vertex -1.416016e+01 -2.060315e+01 7.500000e+01
    endloop
  endfacet
  facet normal -5.771452e-01 -8.166416e-01 0.000000e+00
    outer loop
      vertex -1.469463e+01 -2.022542e+01 0.000000e+00
      vertex -1.416016e+01 -2.060315e+01 7.500000e+01
      vertex -1.469463e+01 -2.022542e+01 7.500000e+01
    endloop
  endfacet
  facet normal -5.555702e-01 -8.314696e-01 0.000000e+00
    outer loop
      vertex -1.416016e+01 -2.060315e+01 0.000000e+00
      vertex -1.361598e+01 -2.096676e+01 0.000000e+00
      vertex -1.361598e+01 -2.096676e+01 7.500000e+01
    endloop
  endfacet
  facet normal -5.555702e-01 -8.314696e-01 0.000000e+00
    outer loop
      vertex -1.416016e+01 -2.060315e+01 0.000000e+00
      vertex -1.361598e+01 -2.096676e+01 7.500000e+01
      vertex -1.416016e+01 -2.060315e+01 7.500000e+01
    endloop
  endfacet
  facet normal -5.336145e-01 -8.457278e-01 0.000000e+00
    outer loop
      vertex -1.361598e+01 -2.096676e+01 0.000000e+00
      vertex -1.306246e+01 -2.131600e+01 0.000000e+00
      vertex -1.306246e+01 -2.131600e+01 7.500000e+01
    endloop
  endfacet
  facet normal -5.336145e-01 -8.457278e-01 0.000000e+00
    outer loop
      vertex -1.361598e+01 -2.096676e+01 0.000000e+00
      vertex -1.306246e+01 -2.131600e+01 7.500000e+01
      vertex -1.361598e+01 -2.096676e+01 7.500000e+01
    endloop
  endfacet
  facet normal -5.112931e-01 -8.594064e-01 0.000000e+00
    outer loop
      vertex -1.306246e+01 -2.131600e+01 0.000000e+00
      vertex -1.250000e+01 -2.165064e+01 0.000000e+00
      vertex -1.250000e+01 -2.165064e+01 7.500000e+01
    endloop
  endfacet
  facet normal -5.112931e-01 -8.594064e-01 0.000000e+00
    outer loop
      vertex -1.306246e+01 -2.131600e+01 0.000000e+00
      vertex -1.250000e+01 -2.165064e+01 7.500000e+01
      vertex -1.306246e+01 -2.131600e+01 7.500000e+01
    endloop
  endfacet
  facet normal -4.886212e-01 -8.724960e-01 0.000000e+00
    outer loop
      vertex -1.250000e+01 -2.165064e+01 0.000000e+00
      vertex -1.192897e+01 -2.197043e+01 0.000000e+00
      vertex -1.192897e+01 -2.197043e+01 7.500000e+01
    endloop
  endfacet
  facet normal -4.886212e-01 -8.724960e-01 0.000000e+00
    outer loop
      vertex -1.250000e+01 -2.165064e+01 0.000000e+00
      vertex -1.192897e+01 -2.197043e+01 7.500000e+01
      vertex -1.250000e+01 -2.165064e+01 7.500000e+01
    endloop
  endfacet
  facet normal -4.656145e-01 -8.849876e-01 0.000000e+00
    outer loop
      vertex -1.192897e+01 -2.197043e+01 0.000000e+00
      vertex -1.134976e+01 -2.227516e+01 0.000000e+00
      vertex -1.134976e+01 -2.227516e+01 7.500000e+01
    endloop
  endfacet
  facet normal -4.656145e-01 -8.849876e-01 0.000000e+00
    outer loop
      vertex -1.192897e+01 -2.197043e+01 0.000000e+00
      vertex -1.134976e+01 -2.227516e+01 7.500000e+01
      vertex -1.192897e+01 -2.197043e+01 7.500000e+01
    endloop
  endfacet
  facet normal -4.422887e-01 -8.968727e-01 0.000000e+00
    outer loop
      vertex -1.134976e+01 -2.227516e+01 0.000000e+00
      vertex -1.076278e+01 -2.256463e+01 0.000000e+00
      vertex -1.076278e+01 -2.256463e+01 7.500000e+01
    endloop
  endfacet
  facet normal -4.422887e-01 -8.968727e-01 0.000000e+00
    outer loop
      vertex -1.134976e+01 -2.227516e+01 0.000000e+00
      vertex -1.076278e+01 -2.256463e+01 7.500000e+01
      vertex -1.134976e+01 -2.227516e+01 7.500000e+01
    endloop
  endfacet
  facet normal -4.186597e-01 -9.081432e-01 0.000000e+00
    outer loop
      vertex -1.076278e+01 -2.256463e+01 0.000000e+00
      vertex -1.016842e+01 -2.283864e+01 0.000000e+00
      vertex -1.016842e+01 -2.283864e+01 7.500000e+01
    endloop
  endfacet
  facet normal -4.186597e-01 -9.081432e-01 0.000000e+00
    outer loop
      vertex -1.076278e+01 -2.256463e+01 0.000000e+00
      vertex -1.016842e+01 -2.283864e+01 7.500000e+01
      vertex -1.076278e+01 -2.256463e+01 7.500000e+01
    endloop
  endfacet
  facet normal -3.947439e-01 -9.187912e-01 0.000000e+00
    outer loop
      vertex -1.016842e+01 -2.283864e+01 0.000000e+00
      vertex -9.567086e+00 -2.309699e+01 0.000000e+00
      vertex -9.567086e+00 -2.309699e+01 7.500000e+01
    endloop
  endfacet
  facet normal -3.947439e-01 -9.187912e-01 0.000000e+00
    outer loop
      vertex -1.016842e+01 -2.283864e+01 0.000000e+00
      vertex -9.567086e+00 -2.309699e+01 7.500000e+01
      vertex -1.016842e+01 -2.283864e+01 7.500000e+01
    endloop
  endfacet
  facet normal -3.705574e-01 -9.288096e-01 0.000000e+00
    outer loop
      vertex -9.567086e+00 -2.309699e+01 0.000000e+00
      vertex -8.959199e+00 -2.333951e+01 0.000000e+00
      vertex -8.959199e+00 -2.333951e+01 7.500000e+01
    endloop
  endfacet
  facet normal -3.705574e-01 -9.288096e-01 0.000000e+00
    outer loop
      vertex -9.567086e+00 -2.309699e+01 0.000000e+00
      vertex -8.959199e+00 -2.333951e+01 7.500000e+01
      vertex -9.567086e+00 -2.309699e+01 7.500000e+01
    endloop
  endfacet
  facet normal -3.461171e-01 -9.381913e-01 0.000000e+00
    outer loop
      vertex -8.959199e+00 -2.333951e+01 0.000000e+00
      vertex -8.345171e+00 -2.356604e+01 0.000000e+00
      vertex -8.345171e+00 -2.356604e+01 7.500000e+01
    endloop
  endfacet
  facet normal -3.461171e-01 -9.381913e-01 0.000000e+00
    outer loop
      vertex -8.959199e+00 -2.333951e+01 0.000000e+00
      vertex -8.345171e+00 -2.356604e+01 7.500000e+01
      vertex -8.959199e+00 -2.333951e+01 7.500000e+01
    endloop
  endfacet
  facet normal -3.214395e-01 -9.469301e-01 0.000000e+00
    outer loop
      vertex -8.345171e+00 -2.356604e+01 0.000000e+00
      vertex -7.725425e+00 -2.377641e+01 0.000000e+00
      vertex -7.725425e+00 -2.377641e+01 7.500000e+01
    endloop
  endfacet
  facet normal -3.214395e-01 -9.469301e-01 0.000000e+00
    outer loop
      vertex -8.345171e+00 -2.356604e+01 0.000000e+00
      vertex -7.725425e+00 -2.377641e+01 7.500000e+01
      vertex -8.345171e+00 -2.356604e+01 7.500000e+01
    endloop
  endfacet
  facet normal -2.965416e-01 -9.550199e-01 0.000000e+00
    outer loop
      vertex -7.725425e+00 -2.377641e+01 0.000000e+00
      vertex -7.100384e+00 -2.397049e+01 0.000000e+00
      vertex -7.100384e+00 -2.397049e+01 7.500000e+01
    endloop
  endfacet
  facet normal -2.965416e-01 -9.550199e-01 0.000000e+00
    outer loop
      vertex -7.725425e+00 -2.377641e+01 0.000000e+00
      vertex -7.100384e+00 -2.397049e+01 7.500000e+01
      vertex -7.725425e+00 -2.377641e+01 7.500000e+01
    endloop
  endfacet
  facet normal -2.714404e-01 -9.624552e-01 0.000000e+00
    outer loop
      vertex -7.100384e+00 -2.397049e+01 0.000000e+00
      vertex -6.470476e+00 -2.414815e+01 0.000000e+00
      vertex -6.470476e+00 -2.414815e+01 7.500000e+01
    endloop
  endfacet
  facet normal -2.714404e-01 -9.624552e-01 0.000000e+00
    outer loop
      vertex -7.100384e+00 -2.397049e+01 0.000000e+00
      vertex -6.470476e+00 -2.414815e+01 7.500000e+01
      vertex -7.100384e+00 -2.397049e+01 7.500000e+01
    endloop
  endfacet
  facet normal -2.461533e-01 -9.692309e-01 0.000000e+00
    outer loop
      vertex -6.470476e+00 -2.414815e+01 0.000000e+00
      vertex -5.836134e+00 -2.430925e+01 0.000000e+00
      vertex -5.836134e+00 -2.430925e+01 7.500000e+01
    endloop
  endfacet
  facet normal -2.461533e-01 -9.692309e-01 0.000000e+00
    outer loop
      vertex -6.470476e+00 -2.414815e+01 0.000000e+00
      vertex -5.836134e+00 -2.430925e+01 7.500000e+01
      vertex -6.470476e+00 -2.414815e+01 7.500000e+01
    endloop
  endfacet
  facet normal -2.206974e-01 -9.753423e-01 0.000000e+00
    outer loop
      vertex -5.836134e+00 -2.430925e+01 0.000000e+00
      vertex -5.197792e+00 -2.445369e+01 0.000000e+00
      vertex -5.197792e+00 -2.445369e+01 7.500000e+01
    endloop
  endfacet
  facet normal -2.206974e-01 -9.753423e-01 0.000000e+00
    outer loop
      vertex -5.836134e+00 -2.430925e+01 0.000000e+00
      vertex -5.197792e+00 -2.445369e+01 7.500000e+01
      vertex -5.836134e+00 -2.430925e+01 7.500000e+01
    endloop
  endfacet
  facet normal -1.950903e-01 -9.807853e-01 0.000000e+00
    outer loop
      vertex -5.197792e+00 -2.445369e+01 0.000000e+00
      vertex -4.555888e+00 -2.458137e+01 0.000000e+00
      vertex -4.555888e+00 -2.458137e+01 7.500000e+01
    endloop
  endfacet
  facet normal -1.950903e-01 -9.807853e-01 0.000000e+00
    outer loop
      vertex -5.197792e+00 -2.445369e+01 0.000000e+00
      vertex -4.555888e+00 -2.458137e+01 7.500000e+01
      vertex -5.197792e+00 -2.445369e+01 7.500000e+01
    endloop
  endfacet
  facet normal -1.693495e-01 -9.855561e-01 0.000000e+00
    outer loop
      vertex -4.555888e+00 -2.458137e+01 0.000000e+00
      vertex -3.910862e+00 -2.469221e+01 0.000000e+00
      vertex -3.910862e+00 -2.469221e+01 7.500000e+01
    endloop
  endfacet
  facet normal -1.693495e-01 -9.855561e-01 0.000000e+00
    outer loop
      vertex -4.555888e+00 -2.458137e+01 0.000000e+00
      vertex -3.910862e+00 -2.469221e+01 7.500000e+01
      vertex -4.555888e+00 -2.458137e+01 7.500000e+01
    endloop
  endfacet
  facet normal -1.434926e-01 -9.896514e-01 0.000000e+00
    outer loop
      vertex -3.910862e+00 -2.469221e+01 0.000000e+00
      vertex -3.263155e+00 -2.478612e+01 0.000000e+00
      vertex -3.263155e+00 -2.478612e+01 7.500000e+01
    endloop
  endfacet
  facet normal -1.434926e-01 -9.896514e-01 0.000000e+00
    outer loop
      vertex -3.910862e+00 -2.469221e+01 0.000000e+00
      vertex -3.263155e+00 -2.478612e+01 7.500000e+01
      vertex -3.910862e+00 -2.469221e+01 7.500000e+01
    endloop
  endfacet
  facet normal -1.175374e-01 -9.930685e-01 0.000000e+00
    outer loop
      vertex -3.263155e+00 -2.478612e+01 0.000000e+00
      vertex -2.613212e+00 -2.486305e+01 0.000000e+00
      vertex -2.613212e+00 -2.486305e+01 7.500000e+01
    endloop
  endfacet
  facet normal -1.175374e-01 -9.930685e-01 0.000000e+00
    outer loop
      vertex -3.263155e+00 -2.478612e+01 0.000000e+00
      vertex -2.613212e+00 -2.486305e+01 7.500000e+01
      vertex -3.263155e+00 -2.478612e+01 7.500000e+01
    endloop
  endfacet
  facet normal -9.150162e-02 -9.958049e-01 0.000000e+00
    outer loop
      vertex -2.613212e+00 -2.486305e+01 0.000000e+00
      vertex -1.961477e+00 -2.492293e+01 0.000000e+00
      vertex -1.961477e+00 -2.492293e+01 7.500000e+01
    endloop
  endfacet
  facet normal -9.150162e-02 -9.958049e-01 0.000000e+00
    outer loop
      vertex -2.613212e+00 -2.486305e+01 0.000000e+00
      vertex -1.961477e+00 -2.492293e+01 7.500000e+01
      vertex -2.613212e+00 -2.486305e+01 7.500000e+01
    endloop
  endfacet
  facet normal -6.540313e-02 -9.978589e-01 0.000000e+00
    outer loop
      vertex -1.961477e+00 -2.492293e+01 0.000000e+00
      vertex -1.308399e+00 -2.496574e+01 0.000000e+00
      vertex -1.308399e+00 -2.496574e+01 7.500000e+01
    endloop
  endfacet
  facet normal -6.540313e-02 -9.978589e-01 0.000000e+00
    outer loop
      vertex -1.961477e+00 -2.492293e+01 0.000000e+00
      vertex -1.308399e+00 -2.496574e+01 7.500000e+01
      vertex -1.961477e+00 -2.492293e+01 7.500000e+01
    endloop
  endfacet
  facet normal -3.925982e-02 -9.992290e-01 0.000000e+00
    outer loop
      vertex -1.308399e+00 -2.496574e+01 0.000000e+00
      vertex -6.544237e-01 -2.499143e+01 0.000000e+00
      vertex -6.544237e-01 -2.499143e+01 7.500000e+01
    endloop
  endfacet
  facet normal -3.925982e-02 -9.992290e-01 0.000000e+00
    outer loop
      vertex -1.308399e+00 -2.496574e+01 0.000000e+00
      vertex -6.544237e-01 -2.499143e+01 7.500000e+01
      vertex -1.308399e+00 -2.496574e+01 7.500000e+01
    endloop
  endfacet
  facet normal -1.308960e-02 -9.999143e-01 0.000000e+00
    outer loop
      vertex -6.544237e-01 -2.499143e+01 0.000000e+00
      vertex -4.592425e-15 -2.500000e+01 0.000000e+00
      vertex -4.592425e-15 -2.500000e+01 7.500000e+01
    endloop
  endfacet
  facet normal -1.308960e-02 -9.999143e-01 0.000000e+00
    outer loop
      vertex -6.544237e-01 -2.499143e+01 0.000000e+00
      vertex -4.592425e-15 -2.500000e+01 7.500000e+01
      vertex -6.544237e-01 -2.499143e+01 7.500000e+01
    endloop
  endfacet
  facet normal 1.308960e-02 -9.999143e-01 0.000000e+00
    outer loop
      vertex -4.592425e-15 -2.500000e+01 0.000000e+00
      vertex 6.544237e-01 -2.499143e+01 0.000000e+00
      vertex 6.544237e-01 -2.499143e+01 7.500000e+01
    endloop
  endfacet
  facet normal 1.308960e-02 -9.999143e-01 0.000000e+00
    outer loop
      vertex -4.592425e-15 -2.500000e+01 0.000000e+00
      vertex 6.544237e-01 -2.499143e+01 7.500000e+01
      vertex -4.592425e-15 -2.500000e+01 7.500000e+01
    endloop
  endfacet
  facet normal 3.925982e-02 -9.992290e-01 0.000000e+00
    outer loop
      vertex 6.544237e-01 -2.499143e+01 0.000000e+00
      vertex 1.308399e+00 -2.496574e+01 0.000000e+00
      vertex 1.308399e+00 -2.496574e+01 7.500000e+01
    endloop
  endfacet
  facet normal 3.925982e-02 -9.992290e-01 0.000000e+00
    outer loop
      vertex 6.544237e-01 -2.499143e+01 0.000000e+00
      vertex 1.308399e+00 -2.496574e+01 7.500000e+01
      vertex 6.544237e-01 -2.499143e+01 7.500000e+01
    endloop
  endfacet
  facet normal 6.540313e-02 -9.978589e-01 0.000000e+00
    outer loop
      vertex 1.308399e+00 -2.496574e+01 0.000000e+00
      vertex 1.961477e+00 -2.492293e+01 0.000000e+00
      vertex 1.961477e+00 -2.492293e+01 7.500000e+01
    endloop
  endfacet
  facet normal 6.540313e-02 -9.978589e-01 0.000000e+00
    outer loop
      vertex 1.308399e+00 -2.496574e+01 0.000000e+00
      vertex 1.961477e+00 -2.492293e+01 7.500000e+01
      vertex 1.308399e+00 -2.496574e+01 7.500000e+01
    endloop
  endfacet
  facet normal 9.150162e-02 -9.958049e-01 0.000000e+00
    outer loop
      vertex 1.961477e+00 -2.492293e+01 0.000000e+00
      vertex 2.613212e+00 -2.486305e+01 0.000000e+00
      vertex 2.613212e+00 -2.486305e+01 7.500000e+01
    endloop
  endfacet
  facet normal 9.150162e-02 -9.958049e-01 0.000000e+00
    outer loop
      vertex 1.961477e+00 -2.492293e+01 0.000000e+00
      vertex 2.613212e+00 -2.486305e+01 7.500000e+01
      vertex 1.961477e+00 -2.492293e+01 7.500000e+01
    endloop
  endfacet
  facet normal 1.175374e-01 -9.930685e-01 0.000000e+00
    outer loop
      vertex 2.613212e+00 -2.486305e+01 0.000000e+00
      vertex 3.263155e+00 -2.478612e+01 0.000000e+00
      vertex 3.263155e+00 -2.478612e+01 7.500000e+01
    endloop
  endfacet
  facet normal 1.175374e-01 -9.930685e-01 0.000000e+00
    outer loop
      vertex 2.613212e+00 -2.486305e+01 0.000000e+00
      vertex 3.263155e+00 -2.478612e+01 7.500000e+01
      vertex 2.613212e+00 -2.486305e+01 7.500000e+01
    endloop
  endfacet
  facet normal 1.434926e-01 -9.896514e-01 0.000000e+00
    outer loop
      vertex 3.263155e+00 -2.478612e+01 0.000000e+00
      vertex 3.910862e+00 -2.469221e+01 0.000000e+00
      vertex 3.910862e+00 -2.469221e+01 7.500000e+01
    endloop
  endfacet
  facet normal 1.434926e-01 -9.896514e-01 0.000000e+00
    outer loop
      vertex 3.263155e+00 -2.478612e+01 0.000000e+00
      vertex 3.910862e+00 -2.469221e+01 7.500000e+01
      vertex 3.263155e+00 -2.478612e+01 7.500000e+01
    endloop
  endfacet
  facet normal 1.693495e-01 -9.855561e-01 0.000000e+00
    outer loop
      vertex 3.910862e+00 -2.469221e+01 0.000000e+00
      vertex 4.555888e+00 -2.458137e+01 0.000000e+00
      vertex 4.555888e+00 -2.458137e+01 7.500000e+01
    endloop
  endfacet
  facet normal 1.693495e-01 -9.855561e-01 0.000000e+00
    outer loop
      vertex 3.910862e+00 -2.469221e+01 0.000000e+00
      vertex 4.555888e+00 -2.458137e+01 7.500000e+01
      vertex 3.910862e+00 -2.469221e+01 7.500000e+01
    endloop
  endfacet
  facet normal 1.950903e-01 -9.807853e-01 0.000000e+00
    outer loop
      vertex 4.555888e+00 -2.458137e+01 0.000000e+00
      vertex 5.197792e+00 -2.445369e+01 0.000000e+00
      vertex 5.197792e+00 -2.445369e+01 7.500000e+01
    endloop
  endfacet
  facet normal 1.950903e-01 -9.807853e-01 0.000000e+00
    outer loop
      vertex 4.555888e+00 -2.458137e+01 0.000000e+00
      vertex 5.197792e+00 -2.445369e+01 7.500000e+01
      vertex 4.555888e+00 -2.458137e+01 7.500000e+01
    endloop
  endfacet
  facet normal 2.206974e-01 -9.753423e-01 0.000000e+00
    outer loop
      vertex 5.197792e+00 -2.445369e+01 0.000000e+00
      vertex 5.836134e+00 -2.430925e+01 0.000000e+00
      vertex 5.836134e+00 -2.430925e+01 7.500000e+01
    endloop
  endfacet
  facet normal 2.206974e-01 -9.753423e-01 0.000000e+00
    outer loop
      vertex 5.197792e+00 -2.445369e+01 0.000000e+00
      vertex 5.836134e+00 -2.430925e+01 7.500000e+01
      vertex 5.197792e+00 -2.445369e+01 7.500000e+01
    endloop
  endfacet
  facet normal 2.461533e-01 -9.692309e-01 0.000000e+00
    outer loop
      vertex 5.836134e+00 -2.430925e+01 0.000000e+00
      vertex 6.470476e+00 -2.414815e+01 0.000000e+00
      vertex 6.470476e+00 -2.414815e+01 7.500000e+01
    endloop
  endfacet
  facet normal 2.461533e-01 -9.692309e-01 0.000000e+00
    outer loop
      vertex 5.836134e+00 -2.430925e+01 0.000000e+00
      vertex 6.470476e+00 -2.414815e+01 7.500000e+01
      vertex 5.836134e+00 -2.430925e+01 7.500000e+01
    endloop
  endfacet
  facet normal 2.714404e-01 -9.624552e-01 0.000000e+00
    outer loop
      vertex 6.470476e+00 -2.414815e+01 0.000000e+00
      vertex 7.100384e+00 -2.397049e+01 0.000000e+00
      vertex 7.100384e+00 -2.397049e+01 7.500000e+01
    endloop
  endfacet
  facet normal 2.714404e-01 -9.624552e-01 0.000000e+00
    outer loop
      vertex 6.470476e+00 -2.414815e+01 0.000000e+00
      vertex 7.100384e+00 -2.397049e+01 7.500000e+01
      vertex 6.470476e+00 -2.414815e+01 7.500000e+01
    endloop
  endfacet
  facet normal 2.965416e-01 -9.550199e-01 0.000000e+00
    outer loop
      vertex 7.100384e+00 -2.397049e+01 0.000000e+00
      vertex 7.725425e+00 -2.377641e+01 0.000000e+00
      vertex 7.725425e+00 -2.377641e+01 7.500000e+01
    endloop
  endfacet
  facet normal 2.965416e-01 -9.550199e-01 0.000000e+00
    outer loop
      vertex 7.100384e+00 -2.397049e+01 0.000000e+00
      vertex 7.725425e+00 -2.377641e+01 7.500000e+01
      vertex 7.100384e+00 -2.397049e+01 7.500000e+01
    endloop
  endfacet
  facet normal 3.214395e-01 -9.469301e-01 0.000000e+00
    outer loop
      vertex 7.725425e+00 -2.377641e+01 0.000000e+00
      vertex 8.345171e+00 -2.356604e+01 0.000000e+00
      vertex 8.345171e+00 -2.356604e+01 7.500000e+01
    endloop
  endfacet
  facet normal 3.214395e-01 -9.469301e-01 0.000000e+00
    outer loop
      vertex 7.725425e+00 -2.377641e+01 0.000000e+00
      vertex 8.345171e+00 -2.356604e+01 7.500000e+01
      vertex 7.725425e+00 -2.377641e+01 7.500000e+01
    endloop
  endfacet
  facet normal 3.461171e-01 -9.381913e-01 0.000000e+00
    outer loop
      vertex 8.345171e+00 -2.356604e+01 0.000000e+00
      vertex 8.959199e+00 -2.333951e+01 0.000000e+00
      vertex 8.959199e+00 -2.333951e+01 7.500000e+01
    endloop
  endfacet
  facet normal 3.461171e-01 -9.381913e-01 0.000000e+00
    outer loop
      vertex 8.345171e+00 -2.356604e+01 0.000000e+00
      vertex 8.959199e+00 -2.333951e+01 7.500000e+01
      vertex 8.345171e+00 -2.356604e+01 7.500000e+01
    endloop
  endfacet
  facet normal 3.705574e-01 -9.288096e-01 0.000000e+00
    outer loop
      vertex 8.959199e+00 -2.333951e+01 0.000000e+00
      vertex 9.567086e+00 -2.309699e+01 0.000000e+00
      vertex 9.567086e+00 -2.309699e+01 7.500000e+01
    endloop
  endfacet
  facet normal 3.705574e-01 -9.288096e-01 0.000000e+00
    outer loop
      vertex 8.959199e+00 -2.333951e+01 0.000000e+00
      vertex 9.567086e+00 -2.309699e+01 7.500000e+01
      vertex 8.959199e+00 -2.333951e+01 7.500000e+01
    endloop
  endfacet
  facet normal 3.947439e-01 -9.187912e-01 0.000000e+00
    outer loop
      vertex 9.567086e+00 -2.309699e+01 0.000000e+00
      vertex 1.016842e+01 -2.283864e+01 0.000000e+00
      vertex 1.016842e+01 -2.283864e+01 7.500000e+01
    endloop
  endfacet
  facet normal 3.947439e-01 -9.187912e-01 0.000000e+00
    outer loop
      vertex 9.567086e+00 -2.309699e+01 0.000000e+00
      vertex 1.016842e+01 -2.283864e+01 7.500000e+01
      vertex 9.567086e+00 -2.309699e+01 7.500000e+01
    endloop
  endfacet
  facet normal 4.186597e-01 -9.081432e-01 0.000000e+00
    outer loop
      vertex 1.016842e+01 -2.283864e+01 0.000000e+00
      vertex 1.076278e+01 -2.256463e+01 0.000000e+00
      vertex 1.076278e+01 -2.256463e+01 7.500000e+01
    endloop
  endfacet
  facet normal 4.186597e-01 -9.081432e-01 0.000000e+00
    outer loop
      vertex 1.016842e+01 -2.283864e+01 0.000000e+00
      vertex 1.076278e+01 -2.256463e+01 7.500000e+01
      vertex 1.016842e+01 -2.283864e+01 7.500000e+01
    endloop
  endfacet
  facet normal 4.422887e-01 -8.968727e-01 0.000000e+00
    outer loop
      vertex 1.076278e+01 -2.256463e+01 0.000000e+00
      vertex 1.134976e+01 -2.227516e+01 0.000000e+00
      vertex 1.134976e+01 -2.227516e+01 7.500000e+01
    endloop
  endfacet
  facet normal 4.422887e-01 -8.968727e-01 0.000000e+00
    outer loop
      vertex 1.076278e+01 -2.256463e+01 0.000000e+00
      vertex 1.134976e+01 -2.227516e+01 7.500000e+01
      vertex 1.076278e+01 -2.256463e+01 7.500000e+01
    endloop
  endfacet
  facet normal 4.656145e-01 -8.849876e-01 0.000000e+00
    outer loop
      vertex 1.134976e+01 -2.227516e+01 0.000000e+00
      vertex 1.192897e+01 -2.197043e+01 0.000000e+00
      vertex 1.192897e+01 -2.197043e+01 7.500000e+01
    endloop
  endfacet
  facet normal 4.656145e-01 -8.849876e-01 0.000000e+00
    outer loop
      vertex 1.134976e+01 -2.227516e+01 0.000000e+00
      vertex 1.192897e+01 -2.197043e+01 7.500000e+01
      vertex 1.134976e+01 -2.227516e+01 7.500000e+01
    endloop
  endfacet
  facet normal 4.886212e-01 -8.724960e-01 0.000000e+00
    outer loop
      vertex 1.192897e+01 -2.197043e+01 0.000000e+00
      vertex 1.250000e+01 -2.165064e+01 0.000000e+00
      vertex 1.250000e+01 -2.165064e+01 7.500000e+01
    endloop
  endfacet
  facet normal 4.886212e-01 -8.724960e-01 0.000000e+00
    outer loop
      vertex 1.192897e+01 -2.197043e+01 0.000000e+00
      vertex 1.250000e+01 -2.165064e+01 7.500000e+01
      vertex 1.192897e+01 -2.197043e+01 7.500000e+01
    endloop
  endfacet
  facet normal 5.112931e-01 -8.594064e-01 0.000000e+00
    outer loop
      vertex 1.250000e+01 -2.165064e+01 0.000000e+00
      vertex 1.306246e+01 -2.131600e+01 0.000000e+00
      vertex 1.306246e+01 -2.131600e+01 7.500000e+01
    endloop
  endfacet
  facet normal 5.112931e-01 -8.594064e-01 0.000000e+00
    outer loop
      vertex 1.250000e+01 -2.165064e+01 0.000000e+00
      vertex 1.306246e+01 -2.131600e+01 7.500000e+01
      vertex 1.250000e+01 -2.165064e+01 7.500000e+01
    endloop
  endfacet
  facet normal 5.336145e-01 -8.457278e-01 0.000000e+00
    outer loop
      vertex 1.306246e+01 -2.131600e+01 0.000000e+00
      vertex 1.361598e+01 -2.096676e+01 0.000000e+00
      vertex 1.361598e+01 -2.096676e+01 7.500000e+01
    endloop
  endfacet
  facet normal 5.336145e-01 -8.457278e-01 0.000000e+00
    outer loop
      vertex 1.306246e+01 -2.131600e+01 0.000000e+00
      vertex 1.361598e+01 -2.096676e+01 7.500000e+01
      vertex 1.306246e+01 -2.131600e+01 7.500000e+01
    endloop
  endfacet
  facet normal 5.555702e-01 -8.314696e-01 0.000000e+00
    outer loop
      vertex 1.361598e+01 -2.096676e+01 0.000000e+00
      vertex 1.416016e+01 -2.060315e+01 0.000000e+00
      vertex 1.416016e+01 -2.060315e+01 7.500000e+01
    endloop
  endfacet
  facet normal 5.555702e-01 -8.314696e-01 0.000000e+00
    outer loop
      vertex 1.361598e+01 -2.096676e+01 0.000000e+00
      vertex 1.416016e+01 -2.060315e+01 7.500000e+01
      vertex 1.361598e+01 -2.096676e+01 7.500000e+01
    endloop
  endfacet
  facet normal 5.771452e-01 -8.166416e-01 0.000000e+00
    outer loop
      vertex 1.416016e+01 -2.060315e+01 0.000000e+00
      vertex 1.469463e+01 -2.022542e+01 0.000000e+00
      vertex 1.469463e+01 -2.022542e+01 7.500000e+01
    endloop
  endfacet
  facet normal 5.771452e-01 -8.166416e-01 0.000000e+00
    outer loop
      vertex 1.416016e+01 -2.060315e+01 0.000000e+00
      vertex 1.469463e+01 -2.022542e+01 7.500000e+01
      vertex 1.416016e+01 -2.060315e+01 7.500000e+01
    endloop
  endfacet
  facet normal 5.983246e-01 -8.012538e-01 0.000000e+00
    outer loop
      vertex 1.469463e+01 -2.022542e+01 0.000000e+00
      vertex 1.521904e+01 -1.983383e+01 0.000000e+00
      vertex 1.521904e+01 -1.983383e+01 7.500000e+01
    endloop
  endfacet
  facet normal 5.983246e-01 -8.012538e-01 0.000000e+00
    outer loop
      vertex 1.469463e+01 -2.022542e+01 0.000000e+00
      vertex 1.521904e+01 -1.983383e+01 7.500000e+01
      vertex 1.469463e+01 -2.022542e+01 7.500000e+01
    endloop
  endfacet
  facet normal 6.190939e-01 -7.853169e-01 0.000000e+00
    outer loop
      vertex 1.521904e+01 -1.983383e+01 0.000000e+00
      vertex 1.573301e+01 -1.942865e+01 0.000000e+00
      vertex 1.573301e+01 -1.942865e+01 7.500000e+01
    endloop
  endfacet
  facet normal 6.190939e-01 -7.853169e-01 0.000000e+00
    outer loop
      vertex 1.521904e+01 -1.983383e+01 0.000000e+00
      vertex 1.573301e+01 -1.942865e+01 7.500000e+01
      vertex 1.521904e+01 -1.983383e+01 7.500000e+01
    endloop
  endfacet
  facet normal 6.394390e-01 -7.688418e-01 0.000000e+00
    outer loop
      vertex 1.573301e+01 -1.942865e+01 0.000000e+00
      vertex 1.623620e+01 -1.901015e+01 0.000000e+00
      vertex 1.623620e+01 -1.901015e+01 7.500000e+01
    endloop
  endfacet
  facet normal 6.394390e-01 -7.688418e-01 0.000000e+00
    outer loop
      vertex 1.573301e+01 -1.942865e+01 0.000000e+00
      vertex 1.623620e+01 -1.901015e+01 7.500000e+01
      vertex 1.573301e+01 -1.942865e+01 7.500000e+01
    endloop
  endfacet
  facet normal 6.593458e-01 -7.518398e-01 0.000000e+00
    outer loop
      vertex 1.623620e+01 -1.901015e+01 0.000000e+00
      vertex 1.672827e+01 -1.857862e+01 0.000000e+00
      vertex 1.672827e+01 -1.857862e+01 7.500000e+01
    endloop
  endfacet
  facet normal 6.593458e-01 -7.518398e-01 0.000000e+00
    outer loop
      vertex 1.623620e+01 -1.901015e+01 0.000000e+00
      vertex 1.672827e+01 -1.857862e+01 7.500000e+01
      vertex 1.623620e+01 -1.901015e+01 7.500000e+01
    endloop
  endfacet
  facet normal 6.788007e-01 -7.343225e-01 0.000000e+00
    outer loop
      vertex 1.672827e+01 -1.857862e+01 0.000000e+00
      vertex 1.720886e+01 -1.813436e+01 0.000000e+00
      vertex 1.720886e+01 -1.813436e+01 7.500000e+01
    endloop
  endfacet
  facet normal 6.788007e-01 -7.343225e-01 0.000000e+00
    outer loop
      vertex 1.672827e+01 -1.857862e+01 0.000000e+00
      vertex 1.720886e+01 -1.813436e+01 7.500000e+01
      vertex 1.672827e+01 -1.857862e+01 7.500000e+01
    endloop
  endfacet
  facet normal 6.977905e-01 -7.163019e-01 0.000000e+00
    outer loop
      vertex 1.720886e+01 -1.813436e+01 0.000000e+00
      vertex 1.767767e+01 -1.767767e+01 0.000000e+00
      vertex 1.767767e+01 -1.767767e+01 7.500000e+01
    endloop
  endfacet
  facet normal 6.977905e-01 -7.163019e-01 0.000000e+00
    outer loop
      vertex 1.720886e+01 -1.813436e+01 0.000000e+00
      vertex 1.767767e+01 -1.767767e+01 7.500000e+01
      vertex 1.720886e+01 -1.813436e+01 7.500000e+01
    endloop
  endfacet
  facet normal 7.163019e-01 -6.977905e-01 0.000000e+00
    outer loop
      vertex 1.767767e+01 -1.767767e+01 0.000000e+00
      vertex 1.813436e+01 -1.720886e+01 0.000000e+00
      vertex 1.813436e+01 -1.720886e+01 7.500000e+01
    endloop
  endfacet
  facet normal 7.163019e-01 -6.977905e-01 0.000000e+00
    outer loop
      vertex 1.767767e+01 -1.767767e+01 0.000000e+00
      vertex 1.813436e+01 -1.720886e+01 7.500000e+01
      vertex 1.767767e+01 -1.767767e+01 7.500000e+01
    endloop
  endfacet
  facet normal 7.343225e-01 -6.788007e-01 0.000000e+00
    outer loop
      vertex 1.813436e+01 -1.720886e+01 0.000000e+00
      vertex 1.857862e+01 -1.672827e+01 0.000000e+00
      vertex 1.857862e+01 -1.672827e+01 7.500000e+01
    endloop
  endfacet
  facet normal 7.343225e-01 -6.788007e-01 0.000000e+00
    outer loop
      vertex 1.813436e+01 -1.720886e+01 0.000000e+00
      vertex 1.857862e+01 -1.672827e+01 7.500000e+01
      vertex 1.813436e+01 -1.720886e+01 7.500000e+01
    endloop
  endfacet
  facet normal 7.518398e-01 -6.593458e-01 0.000000e+00
    outer loop
      vertex 1.857862e+01 -1.672827e+01 0.000000e+00
      vertex 1.901015e+01 -1.623620e+01 0.000000e+00
      vertex 1.901015e+01 -1.623620e+01 7.500000e+01
    endloop
  endfacet
  facet normal 7.518398e-01 -6.593458e-01 0.000000e+00
    outer loop
      vertex 1.857862e+01 -1.672827e+01 0.000000e+00
      vertex 1.901015e+01 -1.623620e+01 7.500000e+01
      vertex 1.857862e+01 -1.672827e+01 7.500000e+01
    endloop
  endfacet
  facet normal 7.688418e-01 -6.394390e-01 0.000000e+00
    outer loop
      vertex 1.901015e+01 -1.623620e+01 0.000000e+00
      vertex 1.942865e+01 -1.573301e+01 0.000000e+00
      vertex 1.942865e+01 -1.573301e+01 7.500000e+01
    endloop
  endfacet
  facet normal 7.688418e-01 -6.394390e-01 0.000000e+00
    outer loop
      vertex 1.901015e+01 -1.623620e+01 0.000000e+00
      vertex 1.942865e+01 -1.573301e+01 7.500000e+01
      vertex 1.901015e+01 -1.623620e+01 7.500000e+01
    endloop
  endfacet
  facet normal 7.853169e-01 -6.190939e-01 0.000000e+00
    outer loop
      vertex 1.942865e+01 -1.573301e+01 0.000000e+00
      vertex 1.983383e+01 -1.521904e+01 0.000000e+00
      vertex 1.983383e+01 -1.521904e+01 7.500000e+01
    endloop
  endfacet
  facet normal 7.853169e-01 -6.190939e-01 0.000000e+00
    outer loop
      vertex 1.942865e+01 -1.573301e+01 0.000000e+00
      vertex 1.983383e+01 -1.521904e+01 7.500000e+01
      vertex 1.942865e+01 -1.573301e+01 7.500000e+01
    endloop
  endfacet
  facet normal 8.012538e-01 -5.983246e-01 0.000000e+00
    outer loop
      vertex 1.983383e+01 -1.521904e+01 0.000000e+00
      vertex 2.022542e+01 -1.469463e+01 0.000000e+00
      vertex 2.022542e+01 -1.469463e+01 7.500000e+01
    endloop
  endfacet
  facet normal 8.012538e-01 -5.983246e-01 0.000000e+00
    outer loop
      vertex 1.983383e+01 -1.521904e+01 0.000000e+00
      vertex 2.022542e+01 -1.469463e+01 7.500000e+01
      vertex 1.983383e+01 -1.521904e+01 7.500000e+01
    endloop
  endfacet
  facet normal 8.166416e-01 -5.771452e-01 0.000000e+00
    outer loop
      vertex 2.022542e+01 -1.469463e+01 0.000000e+00
      vertex 2.060315e+01 -1.416016e+01 0.000000e+00
      vertex 2.060315e+01 -1.416016e+01 7.500000e+01
    endloop
  endfacet
  facet normal 8.166416e-01 -5.771452e-01 0.000000e+00
    outer loop
      vertex 2.022542e+01 -1.469463e+01 0.000000e+00
      vertex 2.060315e+01 -1.416016e+01 7.500000e+01
      vertex 2.022542e+01 -1.469463e+01 7.500000e+01
    endloop
  endfacet
  facet normal 8.314696e-01 -5.555702e-01 0.000000e+00
    outer loop
      vertex 2.060315e+01 -1.416016e+01 0.000000e+00
      vertex 2.096676e+01 -1.361598e+01 0.000000e+00
      vertex 2.096676e+01 -1.361598e+01 7.500000e+01
    endloop
  endfacet
  facet normal 8.314696e-01 -5.555702e-01 0.000000e+00
    outer loop
      vertex 2.060315e+01 -1.416016e+01 0.000000e+00
      vertex 2.096676e+01 -1.361598e+01 7.500000e+01
      vertex 2.060315e+01 -1.416016e+01 7.500000e+01
    endloop
  endfacet
  facet normal 8.457278e-01 -5.336145e-01 0.000000e+00
    outer loop
      vertex 2.096676e+01 -1.361598e+01 0.000000e+00
      vertex 2.131600e+01 -1.306246e+01 0.000000e+00
      vertex 2.131600e+01 -1.306246e+01 7.500000e+01
    endloop
  endfacet
  facet normal 8.457278e-01 -5.336145e-01 0.000000e+00
    outer loop
      vertex 2.096676e+01 -1.361598e+01 0.000000e+00
      vertex 2.131600e+01 -1.306246e+01 7.500000e+01
      vertex 2.096676e+01 -1.361598e+01 7.500000e+01
    endloop
  endfacet
  facet normal 8.594064e-01 -5.112931e-01 0.000000e+00
    outer loop
      vertex 2.131600e+01 -1.306246e+01 0.000000e+00
      vertex 2.165064e+01 -1.250000e+01 0.000000e+00
      vertex 2.165064e+01 -1.250000e+01 7.500000e+01
    endloop
  endfacet
  facet normal 8.594064e-01 -5.112931e-01 0.000000e+00
    outer loop
      vertex 2.131600e+01 -1.306246e+01 0.000000e+00
      vertex 2.165064e+01 -1.250000e+01 7.500000e+01
      vertex 2.131600e+01 -1.306246e+01 7.500000e+01
    endloop
  endfacet
  facet normal 8.724960e-01 -4.886212e-01 0.000000e+00
    outer loop
      vertex 2.165064e+01 -1.250000e+01 0.000000e+00
      vertex 2.197043e+01 -1.192897e+01 0.000000e+00
      vertex 2.197043e+01 -1.192897e+01 7.500000e+01
    endloop
  endfacet
  facet normal 8.724960e-01 -4.886212e-01 0.000000e+00
    outer loop
      vertex 2.165064e+01 -1.250000e+01 0.000000e+00
      vertex 2.197043e+01 -1.192897e+01 7.500000e+01
      vertex 2.165064e+01 -1.250000e+01 7.500000e+01
    endloop
  endfacet
  facet normal 8.849876e-01 -4.656145e-01 0.000000e+00
    outer loop
      vertex 2.197043e+01 -1.192897e+01 0.000000e+00
      vertex 2.227516e+01 -1.134976e+01 0.000000e+00
      vertex 2.227516e+01 -1.134976e+01 7.500000e+01
    endloop
  endfacet
  facet normal 8.849876e-01 -4.656145e-01 0.000000e+00
    outer loop
      vertex 2.197043e+01 -1.192897e+01 0.000000e+00
      vertex 2.227516e+01 -1.134976e+01 7.500000e+01
      vertex 2.197043e+01 -1.192897e+01 7.500000e+01
    endloop
  endfacet
  facet normal 8.968727e-01 -4.422887e-01 0.000000e+00
    outer loop
      vertex 2.227516e+01 -1.134976e+01 0.000000e+00
      vertex 2.256463e+01 -1.076278e+01 0.000000e+00
      vertex 2.256463e+01 -1.076278e+01 7.500000e+01
    endloop
  endfacet
  facet normal 8.968727e-01 -4.422887e-01 0.000000e+00
    outer loop
      vertex 2.227516e+01 -1.134976e+01 0.000000e+00
      vertex 2.256463e+01 -1.076278e+01 7.500000e+01
      vertex 2.227516e+01 -1.134976e+01 7.500000e+01
    endloop
  endfacet
  facet normal 9.081432e-01 -4.186597e-01 0.000000e+00
    outer loop
      vertex 2.256463e+01 -1.076278e+01 0.000000e+00
      vertex 2.283864e+01 -1.016842e+01 0.000000e+00
      vertex 2.283864e+01 -1.016842e+01 7.500000e+01
    endloop
  endfacet
  facet normal 9.081432e-01 -4.186597e-01 0.000000e+00
    outer loop
      vertex 2.256463e+01 -1.076278e+01 0.000000e+00
      vertex 2.283864e+01 -1.016842e+01 7.500000e+01
      vertex 2.256463e+01 -1.076278e+01 7.500000e+01
    endloop
  endfacet
  facet normal 9.187912e-01 -3.947439e-01 0.000000e+00
    outer loop
      vertex 2.283864e+01 -1.016842e+01 0.000000e+00
      vertex 2.309699e+01 -9.567086e+00 0.000000e+00
      vertex 2.309699e+01 -9.567086e+00 7.500000e+01
    endloop
  endfacet
  facet normal 9.187912e-01 -3.947439e-01 0.000000e+00
    outer loop
      vertex 2.283864e+01 -1.016842e+01 0.000000e+00
      vertex 2.309699e+01 -9.567086e+00 7.500000e+01
      vertex 2.283864e+01 -1.016842e+01 7.500000e+01
    endloop
  endfacet
  facet normal 9.288096e-01 -3.705574e-01 0.000000e+00
    outer loop
      vertex 2.309699e+01 -9.567086e+00 0.000000e+00
      vertex 2.333951e+01 -8.959199e+00 0.000000e+00
      vertex 2.333951e+01 -8.959199e+00 7.500000e+01
    endloop
  endfacet
  facet normal 9.288096e-01 -3.705574e-01 0.000000e+00
    outer loop
      vertex 2.309699e+01 -9.567086e+00 0.000000e+00
      vertex 2.333951e+01 -8.959199e+00 7.500000e+01
      vertex 2.309699e+01 -9.567086e+00 7.500000e+01
    endloop
  endfacet
  facet normal 9.381913e-01 -3.461171e-01 0.000000e+00
    outer loop
      vertex 2.333951e+01 -8.959199e+00 0.000000e+00
      vertex 2.356604e+01 -8.345171e+00 0.000000e+00
      vertex 2.356604e+01 -8.345171e+00 7.500000e+01
    endloop
  endfacet
  facet normal 9.381913e-01 -3.461171e-01 0.000000e+00
    outer loop
      vertex 2.333951e+01 -8.959199e+00 0.000000e+00
      vertex 2.356604e+01 -8.345171e+00 7.500000e+01
      vertex 2.333951e+01 -8.959199e+00 7.500000e+01
    endloop
  endfacet
  facet normal 9.469301e-01 -3.214395e-01 0.000000e+00
    outer loop
      vertex 2.356604e+01 -8.345171e+00 0.000000e+00
      vertex 2.377641e+01 -7.725425e+00 0.000000e+00
      vertex 2.377641e+01 -7.725425e+00 7.500000e+01
    endloop
  endfacet
  facet normal 9.469301e-01 -3.214395e-01 0.000000e+00
    outer loop
      vertex 2.356604e+01 -8.345171e+00 0.000000e+00
      vertex 2.377641e+01 -7.725425e+00 7.500000e+01
      vertex 2.356604e+01 -8.345171e+00 7.500000e+01
    endloop
  endfacet
  facet normal 9.550199e-01 -2.965416e-01 0.000000e+00
    outer loop
      vertex 2.377641e+01 -7.725425e+00 0.000000e+00
      vertex 2.397049e+01 -7.100384e+00 0.000000e+00
      vertex 2.397049e+01 -7.100384e+00 7.500000e+01
    endloop
  endfacet
  facet normal 9.550199e-01 -2.965416e-01 0.000000e+00
    outer loop
      vertex 2.377641e+01 -7.725425e+00 0.000000e+00
      vertex 2.397049e+01 -7.100384e+00 7.500000e+01
      vertex 2.377641e+01 -7.725425e+00 7.500000e+01
    endloop
  endfacet
  facet normal 9.624552e-01 -2.714404e-01 0.000000e+00
    outer loop
      vertex 2.397049e+01 -7.100384e+00 0.000000e+00
      vertex 2.414815e+01 -6.470476e+00 0.000000e+00
      vertex 2.414815e+01 -6.470476e+00 7.500000e+01
    endloop
  endfacet
  facet normal 9.624552e-01 -2.714404e-01 0.000000e+00
    outer loop
      vertex 2.397049e+01 -7.100384e+00 0.000000e+00
      vertex 2.414815e+01 -6.470476e+00 7.500000e+01
      vertex 2.397049e+01 -7.100384e+00 7.500000e+01
    endloop
  endfacet
  facet normal 9.692309e-01 -2.461533e-01 0.000000e+00
    outer loop
      vertex 2.414815e+01 -6.470476e+00 0.000000e+00
      vertex 2.430925e+01 -5.836134e+00 0.000000e+00
      vertex 2.430925e+01 -5.836134e+00 7.500000e+01
    endloop
  endfacet
  facet normal 9.692309e-01 -2.461533e-01 0.000000e+00
    outer loop
      vertex 2.414815e+01 -6.470476e+00 0.000000e+00
      vertex 2.430925e+01 -5.836134e+00 7.500000e+01
      vertex 2.414815e+01 -6.470476e+00 7.500000e+01
    endloop
  endfacet
  facet normal 9.753423e-01 -2.206974e-01 0.000000e+00
    outer loop
      vertex 2.430925e+01 -5.836134e+00 0.000000e+00
      vertex 2.445369e+01 -5.197792e+00 0.000000e+00
      vertex 2.445369e+01 -5.197792e+00 7.500000e+01
    endloop
  endfacet
  facet normal 9.753423e-01 -2.206974e-01 0.000000e+00
    outer loop
      vertex 2.430925e+01 -5.836134e+00 0.000000e+00
      vertex 2.445369e+01 -5.197792e+00 7.500000e+01
      vertex 2.430925e+01 -5.836134e+00 7.500000e+01
    endloop
  endfacet
  facet normal 9.807853e-01 -1.950903e-01 0.000000e+00
    outer loop
      vertex 2.445369e+01 -5.197792e+00 0.000000e+00
      vertex 2.458137e+01 -4.555888e+00 0.000000e+00
      vertex 2.458137e+01 -4.555888e+00 7.500000e+01
    endloop
  endfacet
  facet normal 9.807853e-01 -1.950903e-01 0.000000e+00
    outer loop
      vertex 2.445369e+01 -5.197792e+00 0.000000e+00
      vertex 2.458137e+01 -4.555888e+00 7.500000e+01
      vertex 2.445369e+01 -5.197792e+00 7.500000e+01
    endloop
  endfacet
  facet normal 9.855561e-01 -1.693495e-01 0.000000e+00
    outer loop
      vertex 2.458137e+01 -4.555888e+00 0.000000e+00
      vertex 2.469221e+01 -3.910862e+00 0.000000e+00
      vertex 2.469221e+01 -3.910862e+00 7.500000e+01
    endloop
  endfacet
  facet normal 9.855561e-01 -1.693495e-01 0.000000e+00
    outer loop
      vertex 2.458137e+01 -4.555888e+00 0.000000e+00
      vertex 2.469221e+01 -3.910862e+00 7.500000e+01
      vertex 2.458137e+01 -4.555888e+00 7.500000e+01
    endloop
  endfacet
  facet normal 9.896514e-01 -1.434926e-01 0.000000e+00
    outer loop
      vertex 2.469221e+01 -3.910862e+00 0.000000e+00
      vertex 2.478612e+01 -3.263155e+00 0.000000e+00
      vertex 2.478612e+01 -3.263155e+00 7.500000e+01
    endloop
  endfacet
  facet normal 9.896514e-01 -1.434926e-01 0.000000e+00
    outer loop
      vertex 2.469221e+01 -3.910862e+00 0.000000e+00
      vertex 2.478612e+01 -3.263155e+00 7.500000e+01
      vertex 2.469221e+01 -3.910862e+00 7.500000e+01
    endloop
  endfacet
  facet normal 9.930685e-01 -1.175374e-01 0.000000e+00
    outer loop
      vertex 2.478612e+01 -3.263155e+00 0.000000e+00
      vertex 2.486305e+01 -2.613212e+00 0.000000e+00
      vertex 2.486305e+01 -2.613212e+00 7.500000e+01
    endloop
  endfacet
  facet normal 9.930685e-01 -1.175374e-01 0.000000e+00
    outer loop
      vertex 2.478612e+01 -3.263155e+00 0.000000e+00
      vertex 2.486305e+01 -2.613212e+00 7.500000e+01
      vertex 2.478612e+01 -3.263155e+00 7.500000e+01
    endloop
  endfacet
  facet normal 9.958049e-01 -9.150162e-02 0.000000e+00
    outer loop
      vertex 2.486305e+01 -2.613212e+00 0.000000e+00
      vertex 2.492293e+01 -1.961477e+00 0.000000e+00
      vertex 2.492293e+01 -1.961477e+00 7.500000e+01
    endloop
  endfacet
  facet normal 9.958049e-01 -9.150162e-02 0.000000e+00
    outer loop
      vertex 2.486305e+01 -2.613212e+00 0.000000e+00
      vertex 2.492293e+01 -1.961477e+00 7.500000e+01
      vertex 2.486305e+01 -2.613212e+00 7.500000e+01
    endloop
  endfacet
  facet normal 9.978589e-01 -6.540313e-02 0.000000e+00
    outer loop
      vertex 2.492293e+01 -1.961477e+00 0.000000e+00
      vertex 2.496574e+01 -1.308399e+00 0.000000e+00
      vertex 2.496574e+01 -1.308399e+00 7.500000e+01
    endloop
  endfacet
  facet normal 9.978589e-01 -6.540313e-02 0.000000e+00
    outer loop
      vertex 2.492293e+01 -1.961477e+00 0.000000e+00
      vertex 2.496574e+01 -1.308399e+00 7.500000e+01
      vertex 2.492293e+01 -1.961477e+00 7.500000e+01
    endloop
  endfacet
  facet normal 9.992290e-01 -3.925982e-02 0.000000e+00
    outer loop
      vertex 2.496574e+01 -1.308399e+00 0.000000e+00
      vertex 2.499143e+01 -6.544237e-01 0.000000e+00
      vertex 2.499143e+01 -6.544237e-01 7.500000e+01
    endloop
  endfacet
  facet normal 9.992290e-01 -3.925982e-02 0.000000e+00
    outer loop
      vertex 2.496574e+01 -1.308399e+00 0.000000e+00
      vertex 2.499143e+01 -6.544237e-01 7.500000e+01
      vertex 2.496574e+01 -1.308399e+00 7.500000e+01
    endloop
  endfacet
  facet normal 9.999143e-01 -1.308960e-02 0.000000e+00
    outer loop
      vertex 2.499143e+01 -6.544237e-01 0.000000e+00
      vertex 2.500000e+01 0.000000e+00 0.000000e+00
      vertex 2.500000e+01 0.000000e+00 7.500000e+01
    endloop
  endfacet
  facet normal 9.999143e-01 -1.308960e-02 0.000000e+00
    outer loop
      vertex 2.499143e+01 -6.544237e-01 0.000000e+00
      vertex 2.500000e+01 0.000000e+00 7.500000e+01
      vertex 2.499143e+01 -6.544237e-01 7.500000e+01
    endloop
  endfacet
  facet normal 9.999143e-01 1.308960e-02 -0.000000e+00
    outer loop
      vertex 2.000000e+01 0.000000e+00 5.000000e-01
      vertex 1.999315e+01 5.235390e-01 7.500000e+01
      vertex 2.000000e+01 0.000000e+00 7.500000e+01
    endloop
  endfacet
  facet normal 9.999143e-01 1.308960e-02 0.000000e+00
    outer loop
      vertex 2.000000e+01 0.000000e+00 5.000000e-01
      vertex 1.999315e+01 5.235390e-01 5.000000e-01
      vertex 1.999315e+01 5.235390e-01 7.500000e+01
    endloop
  endfacet
  facet normal 9.992290e-01 3.925982e-02 -0.000000e+00
    outer loop
      vertex 1.999315e+01 5.235390e-01 5.000000e-01
      vertex 1.997259e+01 1.046719e+00 7.500000e+01
      vertex 1.999315e+01 5.235390e-01 7.500000e+01
    endloop
  endfacet
  facet normal 9.992290e-01 3.925982e-02 0.000000e+00
    outer loop
      vertex 1.999315e+01 5.235390e-01 5.000000e-01
      vertex 1.997259e+01 1.046719e+00 5.000000e-01
      vertex 1.997259e+01 1.046719e+00 7.500000e+01
    endloop
  endfacet
  facet normal 9.978589e-01 6.540313e-02 -0.000000e+00
    outer loop
      vertex 1.997259e+01 1.046719e+00 5.000000e-01
      vertex 1.993835e+01 1.569182e+00 7.500000e+01
      vertex 1.997259e+01 1.046719e+00 7.500000e+01
    endloop
  endfacet
  facet normal 9.978589e-01 6.540313e-02 0.000000e+00
    outer loop
      vertex 1.997259e+01 1.046719e+00 5.000000e-01
      vertex 1.993835e+01 1.569182e+00 5.000000e-01
      vertex 1.993835e+01 1.569182e+00 7.500000e+01
    endloop
  endfacet
  facet normal 9.958049e-01 9.150162e-02 -0.000000e+00
    outer loop
      vertex 1.993835e+01 1.569182e+00 5.000000e-01
      vertex 1.989044e+01 2.090569e+00 7.500000e+01
      vertex 1.993835e+01 1.569182e+00 7.500000e+01
    endloop
  endfacet
  facet normal 9.958049e-01 9.150162e-02 0.000000e+00
    outer loop
      vertex 1.993835e+01 1.569182e+00 5.000000e-01
      vertex 1.989044e+01 2.090569e+00 5.000000e-01
      vertex 1.989044e+01 2.090569e+00 7.500000e+01
    endloop
  endfacet
  facet normal 9.930685e-01 1.175374e-01 -0.000000e+00
    outer loop
      vertex 1.989044e+01 2.090569e+00 5.000000e-01
      vertex 1.982890e+01 2.610524e+00 7.500000e+01
      vertex 1.989044e+01 2.090569e+00 7.500000e+01
    endloop
  endfacet
  facet normal 9.930685e-01 1.175374e-01 0.000000e+00
    outer loop
      vertex 1.989044e+01 2.090569e+00 5.000000e-01
      vertex 1.982890e+01 2.610524e+00 5.000000e-01
      vertex 1.982890e+01 2.610524e+00 7.500000e+01
    endloop
  endfacet
  facet normal 9.896514e-01 1.434926e-01 -0.000000e+00
    outer loop
      vertex 1.982890e+01 2.610524e+00 5.000000e-01
      vertex 1.975377e+01 3.128689e+00 7.500000e+01
      vertex 1.982890e+01 2.610524e+00 7.500000e+01
    endloop
  endfacet
  facet normal 9.896514e-01 1.434926e-01 0.000000e+00
    outer loop
      vertex 1.982890e+01 2.610524e+00 5.000000e-01
      vertex 1.975377e+01 3.128689e+00 5.000000e-01
      vertex 1.975377e+01 3.128689e+00 7.500000e+01
    endloop
  endfacet
  facet normal 9.855561e-01 1.693495e-01 -0.000000e+00
    outer loop
      vertex 1.975377e+01 3.128689e+00 5.000000e-01
      vertex 1.966510e+01 3.644711e+00 7.500000e+01
      vertex 1.975377e+01 3.128689e+00 7.500000e+01
    endloop
  endfacet
  facet normal 9.855561e-01 1.693495e-01 0.000000e+00
    outer loop
      vertex 1.975377e+01 3.128689e+00 5.000000e-01
      vertex 1.966510e+01 3.644711e+00 5.000000e-01
      vertex 1.966510e+01 3.644711e+00 7.500000e+01
    endloop
  endfacet
  facet normal 9.807853e-01 1.950903e-01 -0.000000e+00
    outer loop
      vertex 1.966510e+01 3.644711e+00 5.000000e-01
      vertex 1.956295e+01 4.158234e+00 7.500000e+01
      vertex 1.966510e+01 3.644711e+00 7.500000e+01
    endloop
  endfacet
  facet normal 9.807853e-01 1.950903e-01 0.000000e+00
    outer loop
      vertex 1.966510e+01 3.644711e+00 5.000000e-01
      vertex 1.956295e+01 4.158234e+00 5.000000e-01
      vertex 1.956295e+01 4.158234e+00 7.500000e+01
    endloop
  endfacet
  facet normal 9.753423e-01 2.206974e-01 -0.000000e+00
    outer loop
      vertex 1.956295e+01 4.158234e+00 5.000000e-01
      vertex 1.944740e+01 4.668907e+00 7.500000e+01
      vertex 1.956295e+01 4.158234e+00 7.500000e+01
    endloop
  endfacet
  facet normal 9.753423e-01 2.206974e-01 0.000000e+00
    outer loop
      vertex 1.956295e+01 4.158234e+00 5.000000e-01
      vertex 1.944740e+01 4.668907e+00 5.000000e-01
      vertex 1.944740e+01 4.668907e+00 7.500000e+01
    endloop
  endfacet
  facet normal 9.692309e-01 2.461533e-01 -0.000000e+00
    outer loop
      vertex 1.944740e+01 4.668907e+00 5.000000e-01
      vertex 1.931852e+01 5.176381e+00 7.500000e+01
      vertex 1.944740e+01 4.668907e+00 7.500000e+01
    endloop
  endfacet
  facet normal 9.692309e-01 2.461533e-01 0.000000e+00
    outer loop
      vertex 1.944740e+01 4.668907e+00 5.000000e-01
      vertex 1.931852e+01 5.176381e+00 5.000000e-01
      vertex 1.931852e+01 5.176381e+00 7.500000e+01
    endloop
  endfacet
  facet normal 9.624552e-01 2.714404e-01 -0.000000e+00
    outer loop
      vertex 1.931852e+01 5.176381e+00 5.000000e-01
      vertex 1.917639e+01 5.680307e+00 7.500000e+01
      vertex 1.931852e+01 5.176381e+00 7.500000e+01
    endloop
  endfacet
  facet normal 9.624552e-01 2.714404e-01 0.000000e+00
    outer loop
      vertex 1.931852e+01 5.176381e+00 5.000000e-01
      vertex 1.917639e+01 5.680307e+00 5.000000e-01
      vertex 1.917639e+01 5.680307e+00 7.500000e+01
    endloop
  endfacet
  facet normal 9.550199e-01 2.965416e-01 -0.000000e+00
    outer loop
      vertex 1.917639e+01 5.680307e+00 5.000000e-01
      vertex 1.902113e+01 6.180340e+00 7.500000e+01
      vertex 1.917639e+01 5.680307e+00 7.500000e+01
    endloop
  endfacet
  facet normal 9.550199e-01 2.965416e-01 0.000000e+00
    outer loop
      vertex 1.917639e+01 5.680307e+00 5.000000e-01
      vertex 1.902113e+01 6.180340e+00 5.000000e-01
      vertex 1.902113e+01 6.180340e+00 7.500000e+01
    endloop
  endfacet
  facet normal 9.469301e-01 3.214395e-01 -0.000000e+00
    outer loop
      vertex 1.902113e+01 6.180340e+00 5.000000e-01
      vertex 1.885283e+01 6.676137e+00 7.500000e+01
      vertex 1.902113e+01 6.180340e+00 7.500000e+01
    endloop
  endfacet
  facet normal 9.469301e-01 3.214395e-01 0.000000e+00
    outer loop
      vertex 1.902113e+01 6.180340e+00 5.000000e-01
      vertex 1.885283e+01 6.676137e+00 5.000000e-01
      vertex 1.885283e+01 6.676137e+00 7.500000e+01
    endloop
  endfacet
  facet normal 9.381913e-01 3.461171e-01 -0.000000e+00
    outer loop
      vertex 1.885283e+01 6.676137e+00 5.000000e-01
      vertex 1.867161e+01 7.167359e+00 7.500000e+01
      vertex 1.885283e+01 6.676137e+00 7.500000e+01
    endloop
  endfacet
  facet normal 9.381913e-01 3.461171e-01 0.000000e+00
    outer loop
      vertex 1.885283e+01 6.676137e+00 5.000000e-01
      vertex 1.867161e+01 7.167359e+00 5.000000e-01
      vertex 1.867161e+01 7.167359e+00 7.500000e+01
    endloop
  endfacet
  facet normal 9.288096e-01 3.705574e-01 -0.000000e+00
    outer loop
      vertex 1.867161e+01 7.167359e+00 5.000000e-01
      vertex 1.847759e+01 7.653669e+00 7.500000e+01
      vertex 1.867161e+01 7.167359e+00 7.500000e+01
    endloop
  endfacet
  facet normal 9.288096e-01 3.705574e-01 0.000000e+00
    outer loop
      vertex 1.867161e+01 7.167359e+00 5.000000e-01
      vertex 1.847759e+01 7.653669e+00 5.000000e-01
      vertex 1.847759e+01 7.653669e+00 7.500000e+01
    endloop
  endfacet
  facet normal 9.187912e-01 3.947439e-01 -0.000000e+00
    outer loop
      vertex 1.847759e+01 7.653669e+00 5.000000e-01
      vertex 1.827091e+01 8.134733e+00 7.500000e+01
      vertex 1.847759e+01 7.653669e+00 7.500000e+01
    endloop
  endfacet
  facet normal 9.187912e-01 3.947439e-01 0.000000e+00
    outer loop
      vertex 1.847759e+01 7.653669e+00 5.000000e-01
      vertex 1.827091e+01 8.134733e+00 5.000000e-01
      vertex 1.827091e+01 8.134733e+00 7.500000e+01
    endloop
  endfacet
  facet normal 9.081432e-01 4.186597e-01 -0.000000e+00
    outer loop
      vertex 1.827091e+01 8.134733e+00 5.000000e-01
      vertex 1.805171e+01 8.610222e+00 7.500000e+01
      vertex 1.827091e+01 8.134733e+00 7.500000e+01
    endloop
  endfacet
  facet normal 9.081432e-01 4.186597e-01 0.000000e+00
    outer loop
      vertex 1.827091e+01 8.134733e+00 5.000000e-01
      vertex 1.805171e+01 8.610222e+00 5.000000e-01
      vertex 1.805171e+01 8.610222e+00 7.500000e+01
    endloop
  endfacet
  facet normal 8.968727e-01 4.422887e-01 -0.000000e+00
    outer loop
      vertex 1.805171e+01 8.610222e+00 5.000000e-01
      vertex 1.782013e+01 9.079810e+00 7.500000e+01
      vertex 1.805171e+01 8.610222e+00 7.500000e+01
    endloop
  endfacet
  facet normal 8.968727e-01 4.422887e-01 0.000000e+00
    outer loop
      vertex 1.805171e+01 8.610222e+00 5.000000e-01
      vertex 1.782013e+01 9.079810e+00 5.000000e-01
      vertex 1.782013e+01 9.079810e+00 7.500000e+01
    endloop
  endfacet
  facet normal 8.849876e-01 4.656145e-01 -0.000000e+00
    outer loop
      vertex 1.782013e+01 9.079810e+00 5.000000e-01
      vertex 1.757634e+01 9.543175e+00 7.500000e+01
      vertex 1.782013e+01 9.079810e+00 7.500000e+01
    endloop
  endfacet
  facet normal 8.849876e-01 4.656145e-01 0.000000e+00
    outer loop
      vertex 1.782013e+01 9.079810e+00 5.000000e-01
      vertex 1.757634e+01 9.543175e+00 5.000000e-01
      vertex 1.757634e+01 9.543175e+00 7.500000e+01
    endloop
  endfacet
  facet normal 8.724960e-01 4.886212e-01 -0.000000e+00
    outer loop
      vertex 1.757634e+01 9.543175e+00 5.000000e-01
      vertex 1.732051e+01 1.000000e+01 7.500000e+01
      vertex 1.757634e+01 9.543175e+00 7.500000e+01
    endloop
  endfacet
  facet normal 8.724960e-01 4.886212e-01 0.000000e+00
    outer loop
      vertex 1.757634e+01 9.543175e+00 5.000000e-01
      vertex 1.732051e+01 1.000000e+01 5.000000e-01
      vertex 1.732051e+01 1.000000e+01 7.500000e+01
    endloop
  endfacet
  facet normal 8.594064e-01 5.112931e-01 -0.000000e+00
    outer loop
      vertex 1.732051e+01 1.000000e+01 5.000000e-01
      vertex 1.705280e+01 1.044997e+01 7.500000e+01
      vertex 1.732051e+01 1.000000e+01 7.500000e+01
    endloop
  endfacet
  facet normal 8.594064e-01 5.112931e-01 0.000000e+00
    outer loop
      vertex 1.732051e+01 1.000000e+01 5.000000e-01
      vertex 1.705280e+01 1.044997e+01 5.000000e-01
      vertex 1.705280e+01 1.044997e+01 7.500000e+01
    endloop
  endfacet
  facet normal 8.457278e-01 5.336145e-01 -0.000000e+00
    outer loop
      vertex 1.705280e+01 1.044997e+01 5.000000e-01
      vertex 1.677341e+01 1.089278e+01 7.500000e+01
      vertex 1.705280e+01 1.044997e+01 7.500000e+01
    endloop
  endfacet
  facet normal 8.457278e-01 5.336145e-01 0.000000e+00
    outer loop
      vertex 1.705280e+01 1.044997e+01 5.000000e-01
      vertex 1.677341e+01 1.089278e+01 5.000000e-01
      vertex 1.677341e+01 1.089278e+01 7.500000e+01
    endloop
  endfacet
  facet normal 8.314696e-01 5.555702e-01 -0.000000e+00
    outer loop
      vertex 1.677341e+01 1.089278e+01 5.000000e-01
      vertex 1.648252e+01 1.132812e+01 7.500000e+01
      vertex 1.677341e+01 1.089278e+01 7.500000e+01
    endloop
  endfacet
  facet normal 8.314696e-01 5.555702e-01 0.000000e+00
    outer loop
      vertex 1.677341e+01 1.089278e+01 5.000000e-01
      vertex 1.648252e+01 1.132812e+01 5.000000e-01
      vertex 1.648252e+01 1.132812e+01 7.500000e+01
    endloop
  endfacet
  facet normal 8.166416e-01 5.771452e-01 -0.000000e+00
    outer loop
      vertex 1.648252e+01 1.132812e+01 5.000000e-01
      vertex 1.618034e+01 1.175571e+01 7.500000e+01
      vertex 1.648252e+01 1.132812e+01 7.500000e+01
    endloop
  endfacet
  facet normal 8.166416e-01 5.771452e-01 0.000000e+00
    outer loop
      vertex 1.648252e+01 1.132812e+01 5.000000e-01
      vertex 1.618034e+01 1.175571e+01 5.000000e-01
      vertex 1.618034e+01 1.175571e+01 7.500000e+01
    endloop
  endfacet
  facet normal 8.012538e-01 5.983246e-01 -0.000000e+00
    outer loop
      vertex 1.618034e+01 1.175571e+01 5.000000e-01
      vertex 1.586707e+01 1.217523e+01 7.500000e+01
      vertex 1.618034e+01 1.175571e+01 7.500000e+01
    endloop
  endfacet
  facet normal 8.012538e-01 5.983246e-01 0.000000e+00
    outer loop
      vertex 1.618034e+01 1.175571e+01 5.000000e-01
      vertex 1.586707e+01 1.217523e+01 5.000000e-01
      vertex 1.586707e+01 1.217523e+01 7.500000e+01
    endloop
  endfacet
  facet normal 7.853169e-01 6.190939e-01 -0.000000e+00
    outer loop
      vertex 1.586707e+01 1.217523e+01 5.000000e-01
      vertex 1.554292e+01 1.258641e+01 7.500000e+01
      vertex 1.586707e+01 1.217523e+01 7.500000e+01
    endloop
  endfacet
  facet normal 7.853169e-01 6.190939e-01 0.000000e+00
    outer loop
      vertex 1.586707e+01 1.217523e+01 5.000000e-01
      vertex 1.554292e+01 1.258641e+01 5.000000e-01
      vertex 1.554292e+01 1.258641e+01 7.500000e+01
    endloop
  endfacet
  facet normal 7.688418e-01 6.394390e-01 -0.000000e+00
    outer loop
      vertex 1.554292e+01 1.258641e+01 5.000000e-01
      vertex 1.520812e+01 1.298896e+01 7.500000e+01
      vertex 1.554292e+01 1.258641e+01 7.500000e+01
    endloop
  endfacet
  facet normal 7.688418e-01 6.394390e-01 0.000000e+00
    outer loop
      vertex 1.554292e+01 1.258641e+01 5.000000e-01
      vertex 1.520812e+01 1.298896e+01 5.000000e-01
      vertex 1.520812e+01 1.298896e+01 7.500000e+01
    endloop
  endfacet
  facet normal 7.518398e-01 6.593458e-01 -0.000000e+00
    outer loop
      vertex 1.520812e+01 1.298896e+01 5.000000e-01
      vertex 1.486290e+01 1.338261e+01 7.500000e+01
      vertex 1.520812e+01 1.298896e+01 7.500000e+01
    endloop
  endfacet
  facet normal 7.518398e-01 6.593458e-01 0.000000e+00
    outer loop
      vertex 1.520812e+01 1.298896e+01 5.000000e-01
      vertex 1.486290e+01 1.338261e+01 5.000000e-01
      vertex 1.486290e+01 1.338261e+01 7.500000e+01
    endloop
  endfacet
  facet normal 7.343225e-01 6.788007e-01 -0.000000e+00
    outer loop
      vertex 1.486290e+01 1.338261e+01 5.000000e-01
      vertex 1.450749e+01 1.376709e+01 7.500000e+01
      vertex 1.486290e+01 1.338261e+01 7.500000e+01
    endloop
  endfacet
  facet normal 7.343225e-01 6.788007e-01 0.000000e+00
    outer loop
      vertex 1.486290e+01 1.338261e+01 5.000000e-01
      vertex 1.450749e+01 1.376709e+01 5.000000e-01
      vertex 1.450749e+01 1.376709e+01 7.500000e+01
    endloop
  endfacet
  facet normal 7.163019e-01 6.977905e-01 -0.000000e+00
    outer loop
      vertex 1.450749e+01 1.376709e+01 5.000000e-01
      vertex 1.414214e+01 1.414214e+01 7.500000e+01
      vertex 1.450749e+01 1.376709e+01 7.500000e+01
    endloop
  endfacet
  facet normal 7.163019e-01 6.977905e-01 0.000000e+00
    outer loop
      vertex 1.450749e+01 1.376709e+01 5.000000e-01
      vertex 1.414214e+01 1.414214e+01 5.000000e-01
      vertex 1.414214e+01 1.414214e+01 7.500000e+01
    endloop
  endfacet
  facet normal 6.977905e-01 7.163019e-01 -0.000000e+00
    outer loop
      vertex 1.414214e+01 1.414214e+01 5.000000e-01
      vertex 1.376709e+01 1.450749e+01 7.500000e+01
      vertex 1.414214e+01 1.414214e+01 7.500000e+01
    endloop
  endfacet
  facet normal 6.977905e-01 7.163019e-01 0.000000e+00
    outer loop
      vertex 1.414214e+01 1.414214e+01 5.000000e-01
      vertex 1.376709e+01 1.450749e+01 5.000000e-01
      vertex 1.376709e+01 1.450749e+01 7.500000e+01
    endloop
  endfacet
  facet normal 6.788007e-01 7.343225e-01 -0.000000e+00
    outer loop
      vertex 1.376709e+01 1.450749e+01 5.000000e-01
      vertex 1.338261e+01 1.486290e+01 7.500000e+01
      vertex 1.376709e+01 1.450749e+01 7.500000e+01
    endloop
  endfacet
  facet normal 6.788007e-01 7.343225e-01 0.000000e+00
    outer loop
      vertex 1.376709e+01 1.450749e+01 5.000000e-01
      vertex 1.338261e+01 1.486290e+01 5.000000e-01
      vertex 1.338261e+01 1.486290e+01 7.500000e+01
    endloop
  endfacet
  facet normal 6.593458e-01 7.518398e-01 -0.000000e+00
    outer loop
      vertex 1.338261e+01 1.486290e+01 5.000000e-01
      vertex 1.298896e+01 1.520812e+01 7.500000e+01
      vertex 1.338261e+01 1.486290e+01 7.500000e+01
    endloop
  endfacet
  facet normal 6.593458e-01 7.518398e-01 0.000000e+00
    outer loop
      vertex 1.338261e+01 1.486290e+01 5.000000e-01
      vertex 1.298896e+01 1.520812e+01 5.000000e-01
      vertex 1.298896e+01 1.520812e+01 7.500000e+01
    endloop
  endfacet
  facet normal 6.394390e-01 7.688418e-01 -0.000000e+00
    outer loop
      vertex 1.298896e+01 1.520812e+01 5.000000e-01
      vertex 1.258641e+01 1.554292e+01 7.500000e+01
      vertex 1.298896e+01 1.520812e+01 7.500000e+01
    endloop
  endfacet
  facet normal 6.394390e-01 7.688418e-01 0.000000e+00
    outer loop
      vertex 1.298896e+01 1.520812e+01 5.000000e-01
      vertex 1.258641e+01 1.554292e+01 5.000000e-01
      vertex 1.258641e+01 1.554292e+01 7.500000e+01
    endloop
  endfacet
  facet normal 6.190939e-01 7.853169e-01 -0.000000e+00
    outer loop
      vertex 1.258641e+01 1.554292e+01 5.000000e-01
      vertex 1.217523e+01 1.586707e+01 7.500000e+01
      vertex 1.258641e+01 1.554292e+01 7.500000e+01
    endloop
  endfacet
  facet normal 6.190939e-01 7.853169e-01 0.000000e+00
    outer loop
      vertex 1.258641e+01 1.554292e+01 5.000000e-01
      vertex 1.217523e+01 1.586707e+01 5.000000e-01
      vertex 1.217523e+01 1.586707e+01 7.500000e+01
    endloop
  endfacet
  facet normal 5.983246e-01 8.012538e-01 -0.000000e+00
    outer loop
      vertex 1.217523e+01 1.586707e+01 5.000000e-01
      vertex 1.175571e+01 1.618034e+01 7.500000e+01
      vertex 1.217523e+01 1.586707e+01 7.500000e+01
    endloop
  endfacet
  facet normal 5.983246e-01 8.012538e-01 0.000000e+00
    outer loop
      vertex 1.217523e+01 1.586707e+01 5.000000e-01
      vertex 1.175571e+01 1.618034e+01 5.000000e-01
      vertex 1.175571e+01 1.618034e+01 7.500000e+01
    endloop
  endfacet
  facet normal 5.771452e-01 8.166416e-01 -0.000000e+00
    outer loop
      vertex 1.175571e+01 1.618034e+01 5.000000e-01
      vertex 1.132812e+01 1.648252e+01 7.500000e+01
      vertex 1.175571e+01 1.618034e+01 7.500000e+01
    endloop
  endfacet
  facet normal 5.771452e-01 8.166416e-01 0.000000e+00
    outer loop
      vertex 1.175571e+01 1.618034e+01 5.000000e-01
      vertex 1.132812e+01 1.648252e+01 5.000000e-01
      vertex 1.132812e+01 1.648252e+01 7.500000e+01
    endloop
  endfacet
  facet normal 5.555702e-01 8.314696e-01 -0.000000e+00
    outer loop
      vertex 1.132812e+01 1.648252e+01 5.000000e-01
      vertex 1.089278e+01 1.677341e+01 7.500000e+01
      vertex 1.132812e+01 1.648252e+01 7.500000e+01
    endloop
  endfacet
  facet normal 5.555702e-01 8.314696e-01 0.000000e+00
    outer loop
      vertex 1.132812e+01 1.648252e+01 5.000000e-01
      vertex 1.089278e+01 1.677341e+01 5.000000e-01
      vertex 1.089278e+01 1.677341e+01 7.500000e+01
    endloop
  endfacet
  facet normal 5.336145e-01 8.457278e-01 -0.000000e+00
    outer loop
      vertex 1.089278e+01 1.677341e+01 5.000000e-01
      vertex 1.044997e+01 1.705280e+01 7.500000e+01
      vertex 1.089278e+01 1.677341e+01 7.500000e+01
    endloop
  endfacet
  facet normal 5.336145e-01 8.457278e-01 0.000000e+00
    outer loop
      vertex 1.089278e+01 1.677341e+01 5.000000e-01
      vertex 1.044997e+01 1.705280e+01 5.000000e-01
      vertex 1.044997e+01 1.705280e+01 7.500000e+01
    endloop
  endfacet
  facet normal 5.112931e-01 8.594064e-01 -0.000000e+00
    outer loop
      vertex 1.044997e+01 1.705280e+01 5.000000e-01
      vertex 1.000000e+01 1.732051e+01 7.500000e+01
      vertex 1.044997e+01 1.705280e+01 7.500000e+01
    endloop
  endfacet
  facet normal 5.112931e-01 8.594064e-01 0.000000e+00
    outer loop
      vertex 1.044997e+01 1.705280e+01 5.000000e-01
      vertex 1.000000e+01 1.732051e+01 5.000000e-01
      vertex 1.000000e+01 1.732051e+01 7.500000e+01
    endloop
  endfacet
  facet normal 4.886212e-01 8.724960e-01 -0.000000e+00
    outer loop
      vertex 1.000000e+01 1.732051e+01 5.000000e-01
      vertex 9.543175e+00 1.757634e+01 7.500000e+01
      vertex 1.000000e+01 1.732051e+01 7.500000e+01
    endloop
  endfacet
  facet normal 4.886212e-01 8.724960e-01 0.000000e+00
    outer loop
      vertex 1.000000e+01 1.732051e+01 5.000000e-01
      vertex 9.543175e+00 1.757634e+01 5.000000e-01
      vertex 9.543175e+00 1.757634e+01 7.500000e+01
    endloop
  endfacet
  facet normal 4.656145e-01 8.849876e-01 -0.000000e+00
    outer loop
      vertex 9.543175e+00 1.757634e+01 5.000000e-01
      vertex 9.079810e+00 1.782013e+01 7.500000e+01
      vertex 9.543175e+00 1.757634e+01 7.500000e+01
    endloop
  endfacet
  facet normal 4.656145e-01 8.849876e-01 0.000000e+00
    outer loop
      vertex 9.543175e+00 1.757634e+01 5.000000e-01
      vertex 9.079810e+00 1.782013e+01 5.000000e-01
      vertex 9.079810e+00 1.782013e+01 7.500000e+01
    endloop
  endfacet
  facet normal 4.422887e-01 8.968727e-01 -0.000000e+00
    outer loop
      vertex 9.079810e+00 1.782013e+01 5.000000e-01
      vertex 8.610222e+00 1.805171e+01 7.500000e+01
      vertex 9.079810e+00 1.782013e+01 7.500000e+01
    endloop
  endfacet
  facet normal 4.422887e-01 8.968727e-01 0.000000e+00
    outer loop
      vertex 9.079810e+00 1.782013e+01 5.000000e-01
      vertex 8.610222e+00 1.805171e+01 5.000000e-01
      vertex 8.610222e+00 1.805171e+01 7.500000e+01
    endloop
  endfacet
  facet normal 4.186597e-01 9.081432e-01 -0.000000e+00
    outer loop
      vertex 8.610222e+00 1.805171e+01 5.000000e-01
      vertex 8.134733e+00 1.827091e+01 7.500000e+01
      vertex 8.610222e+00 1.805171e+01 7.500000e+01
    endloop
  endfacet
  facet normal 4.186597e-01 9.081432e-01 0.000000e+00
    outer loop
      vertex 8.610222e+00 1.805171e+01 5.000000e-01
      vertex 8.134733e+00 1.827091e+01 5.000000e-01
      vertex 8.134733e+00 1.827091e+01 7.500000e+01
    endloop
  endfacet
  facet normal 3.947439e-01 9.187912e-01 -0.000000e+00
    outer loop
      vertex 8.134733e+00 1.827091e+01 5.000000e-01
      vertex 7.653669e+00 1.847759e+01 7.500000e+01
      vertex 8.134733e+00 1.827091e+01 7.500000e+01
    endloop
  endfacet
  facet normal 3.947439e-01 9.187912e-01 0.000000e+00
    outer loop
      vertex 8.134733e+00 1.827091e+01 5.000000e-01
      vertex 7.653669e+00 1.847759e+01 5.000000e-01
      vertex 7.653669e+00 1.847759e+01 7.500000e+01
    endloop
  endfacet
  facet normal 3.705574e-01 9.288096e-01 -0.000000e+00
    outer loop
      vertex 7.653669e+00 1.847759e+01 5.000000e-01
      vertex 7.167359e+00 1.867161e+01 7.500000e+01
      vertex 7.653669e+00 1.847759e+01 7.500000e+01
    endloop
  endfacet
  facet normal 3.705574e-01 9.288096e-01 0.000000e+00
    outer loop
      vertex 7.653669e+00 1.847759e+01 5.000000e-01
      vertex 7.167359e+00 1.867161e+01 5.000000e-01
      vertex 7.167359e+00 1.867161e+01 7.500000e+01
    endloop
  endfacet
  facet normal 3.461171e-01 9.381913e-01 -0.000000e+00
    outer loop
      vertex 7.167359e+00 1.867161e+01 5.000000e-01
      vertex 6.676137e+00 1.885283e+01 7.500000e+01
      vertex 7.167359e+00 1.867161e+01 7.500000e+01
    endloop
  endfacet
  facet normal 3.461171e-01 9.381913e-01 0.000000e+00
    outer loop
      vertex 7.167359e+00 1.867161e+01 5.000000e-01
      vertex 6.676137e+00 1.885283e+01 5.000000e-01
      vertex 6.676137e+00 1.885283e+01 7.500000e+01
    endloop
  endfacet
  facet normal 3.214395e-01 9.469301e-01 -0.000000e+00
    outer loop
      vertex 6.676137e+00 1.885283e+01 5.000000e-01
      vertex 6.180340e+00 1.902113e+01 7.500000e+01
      vertex 6.676137e+00 1.885283e+01 7.500000e+01
    endloop
  endfacet
  facet normal 3.214395e-01 9.469301e-01 0.000000e+00
    outer loop
      vertex 6.676137e+00 1.885283e+01 5.000000e-01
      vertex 6.180340e+00 1.902113e+01 5.000000e-01
      vertex 6.180340e+00 1.902113e+01 7.500000e+01
    endloop
  endfacet
  facet normal 2.965416e-01 9.550199e-01 -0.000000e+00
    outer loop
      vertex 6.180340e+00 1.902113e+01 5.000000e-01
      vertex 5.680307e+00 1.917639e+01 7.500000e+01
      vertex 6.180340e+00 1.902113e+01 7.500000e+01
    endloop
  endfacet
  facet normal 2.965416e-01 9.550199e-01 0.000000e+00
    outer loop
      vertex 6.180340e+00 1.902113e+01 5.000000e-01
      vertex 5.680307e+00 1.917639e+01 5.000000e-01
      vertex 5.680307e+00 1.917639e+01 7.500000e+01
    endloop
  endfacet
  facet normal 2.714404e-01 9.624552e-01 -0.000000e+00
    outer loop
      vertex 5.680307e+00 1.917639e+01 5.000000e-01
      vertex 5.176381e+00 1.931852e+01 7.500000e+01
      vertex 5.680307e+00 1.917639e+01 7.500000e+01
    endloop
  endfacet
  facet normal 2.714404e-01 9.624552e-01 0.000000e+00
    outer loop
      vertex 5.680307e+00 1.917639e+01 5.000000e-01
      vertex 5.176381e+00 1.931852e+01 5.000000e-01
      vertex 5.176381e+00 1.931852e+01 7.500000e+01
    endloop
  endfacet
  facet normal 2.461533e-01 9.692309e-01 -0.000000e+00
    outer loop
      vertex 5.176381e+00 1.931852e+01 5.000000e-01
      vertex 4.668907e+00 1.944740e+01 7.500000e+01
      vertex 5.176381e+00 1.931852e+01 7.500000e+01
    endloop
  endfacet
  facet normal 2.461533e-01 9.692309e-01 0.000000e+00
    outer loop
      vertex 5.176381e+00 1.931852e+01 5.000000e-01
      vertex 4.668907e+00 1.944740e+01 5.000000e-01
      vertex 4.668907e+00 1.944740e+01 7.500000e+01
    endloop
  endfacet
  facet normal 2.206974e-01 9.753423e-01 -0.000000e+00
    outer loop
      vertex 4.668907e+00 1.944740e+01 5.000000e-01
      vertex 4.158234e+00 1.956295e+01 7.500000e+01
      vertex 4.668907e+00 1.944740e+01 7.500000e+01
    endloop
  endfacet
  facet normal 2.206974e-01 9.753423e-01 0.000000e+00
    outer loop
      vertex 4.668907e+00 1.944740e+01 5.000000e-01
      vertex 4.158234e+00 1.956295e+01 5.000000e-01
      vertex 4.158234e+00 1.956295e+01 7.500000e+01
    endloop
  endfacet
  facet normal 1.950903e-01 9.807853e-01 -0.000000e+00
    outer loop
      vertex 4.158234e+00 1.956295e+01 5.000000e-01
      vertex 3.644711e+00 1.966510e+01 7.500000e+01
      vertex 4.158234e+00 1.956295e+01 7.500000e+01
    endloop
  endfacet
  facet normal 1.950903e-01 9.807853e-01 0.000000e+00
    outer loop
      vertex 4.158234e+00 1.956295e+01 5.000000e-01
      vertex 3.644711e+00 1.966510e+01 5.000000e-01
      vertex 3.644711e+00 1.966510e+01 7.500000e+01
    endloop
  endfacet
  facet normal 1.693495e-01 9.855561e-01 -0.000000e+00
    outer loop
      vertex 3.644711e+00 1.966510e+01 5.000000e-01
      vertex 3.128689e+00 1.975377e+01 7.500000e+01
      vertex 3.644711e+00 1.966510e+01 7.500000e+01
    endloop
  endfacet
  facet normal 1.693495e-01 9.855561e-01 0.000000e+00
    outer loop
      vertex 3.644711e+00 1.966510e+01 5.000000e-01
      vertex 3.128689e+00 1.975377e+01 5.000000e-01
      vertex 3.128689e+00 1.975377e+01 7.500000e+01
    endloop
  endfacet
  facet normal 1.434926e-01 9.896514e-01 -0.000000e+00
    outer loop
      vertex 3.128689e+00 1.975377e+01 5.000000e-01
      vertex 2.610524e+00 1.982890e+01 7.500000e+01
      vertex 3.128689e+00 1.975377e+01 7.500000e+01
    endloop
  endfacet
  facet normal 1.434926e-01 9.896514e-01 0.000000e+00
    outer loop
      vertex 3.128689e+00 1.975377e+01 5.000000e-01
      vertex 2.610524e+00 1.982890e+01 5.000000e-01
      vertex 2.610524e+00 1.982890e+01 7.500000e+01
    endloop
  endfacet
  facet normal 1.175374e-01 9.930685e-01 -0.000000e+00
    outer loop
      vertex 2.610524e+00 1.982890e+01 5.000000e-01
      vertex 2.090569e+00 1.989044e+01 7.500000e+01
      vertex 2.610524e+00 1.982890e+01 7.500000e+01
    endloop
  endfacet
  facet normal 1.175374e-01 9.930685e-01 0.000000e+00
    outer loop
      vertex 2.610524e+00 1.982890e+01 5.000000e-01
      vertex 2.090569e+00 1.989044e+01 5.000000e-01
      vertex 2.090569e+00 1.989044e+01 7.500000e+01
    endloop
  endfacet
  facet normal 9.150162e-02 9.958049e-01 -0.000000e+00
    outer loop
      vertex 2.090569e+00 1.989044e+01 5.000000e-01
      vertex 1.569182e+00 1.993835e+01 7.500000e+01
      vertex 2.090569e+00 1.989044e+01 7.500000e+01
    endloop
  endfacet
  facet normal 9.150162e-02 9.958049e-01 0.000000e+00
    outer loop
      vertex 2.090569e+00 1.989044e+01 5.000000e-01
      vertex 1.569182e+00 1.993835e+01 5.000000e-01
      vertex 1.569182e+00 1.993835e+01 7.500000e+01
    endloop
  endfacet
  facet normal 6.540313e-02 9.978589e-01 -0.000000e+00
    outer loop
      vertex 1.569182e+00 1.993835e+01 5.000000e-01
      vertex 1.046719e+00 1.997259e+01 7.500000e+01
      vertex 1.569182e+00 1.993835e+01 7.500000e+01
    endloop
  endfacet
  facet normal 6.540313e-02 9.978589e-01 0.000000e+00
    outer loop
      vertex 1.569182e+00 1.993835e+01 5.000000e-01
      vertex 1.046719e+00 1.997259e+01 5.000000e-01
      vertex 1.046719e+00 1.997259e+01 7.500000e+01
    endloop
  endfacet
  facet normal 3.925982e-02 9.992290e-01 -0.000000e+00
    outer loop
      vertex 1.046719e+00 1.997259e+01 5.000000e-01
      vertex 5.235390e-01 1.999315e+01 7.500000e+01
      vertex 1.046719e+00 1.997259e+01 7.500000e+01
    endloop
  endfacet
  facet normal 3.925982e-02 9.992290e-01 0.000000e+00
    outer loop
      vertex 1.046719e+00 1.997259e+01 5.000000e-01
      vertex 5.235390e-01 1.999315e+01 5.000000e-01
      vertex 5.235390e-01 1.999315e+01 7.500000e+01
    endloop
  endfacet
  facet normal 1.308960e-02 9.999143e-01 -0.000000e+00
    outer loop
      vertex 5.235390e-01 1.999315e+01 5.000000e-01
      vertex 1.224647e-15 2.000000e+01 7.500000e+01
      vertex 5.235390e-01 1.999315e+01 7.500000e+01
    endloop
  endfacet
  facet normal 1.308960e-02 9.999143e-01 0.000000e+00
    outer loop
      vertex 5.235390e-01 1.999315e+01 5.000000e-01
      vertex 1.224647e-15 2.000000e+01 5.000000e-01
      vertex 1.224647e-15 2.000000e+01 7.500000e+01
    endloop
  endfacet
  facet normal -1.308960e-02 9.999143e-01 0.000000e+00
    outer loop
      vertex 1.224647e-15 2.000000e+01 5.000000e-01
      vertex -5.235390e-01 1.999315e+01 7.500000e+01
      vertex 1.224647e-15 2.000000e+01 7.500000e+01
    endloop
  endfacet
  facet normal -1.308960e-02 9.999143e-01 0.000000e+00
    outer loop
      vertex 1.224647e-15 2.000000e+01 5.000000e-01
      vertex -5.235390e-01 1.999315e+01 5.000000e-01
      vertex -5.235390e-01 1.999315e+01 7.500000e+01
    endloop
  endfacet
  facet normal -3.925982e-02 9.992290e-01 0.000000e+00
    outer loop
      vertex -5.235390e-01 1.999315e+01 5.000000e-01
      vertex -1.046719e+00 1.997259e+01 7.500000e+01
      vertex -5.235390e-01 1.999315e+01 7.500000e+01
    endloop
  endfacet
  facet normal -3.925982e-02 9.992290e-01 0.000000e+00
    outer loop
      vertex -5.235390e-01 1.999315e+01 5.000000e-01
      vertex -1.046719e+00 1.997259e+01 5.000000e-01
      vertex -1.046719e+00 1.997259e+01 7.500000e+01
    endloop
  endfacet
  facet normal -6.540313e-02 9.978589e-01 0.000000e+00
    outer loop
      vertex -1.046719e+00 1.997259e+01 5.000000e-01
      vertex -1.569182e+00 1.993835e+01 7.500000e+01
      vertex -1.046719e+00 1.997259e+01 7.500000e+01
    endloop
  endfacet
  facet normal -6.540313e-02 9.978589e-01 0.000000e+00
    outer loop
      vertex -1.046719e+00 1.997259e+01 5.000000e-01
      vertex -1.569182e+00 1.993835e+01 5.000000e-01
      vertex -1.569182e+00 1.993835e+01 7.500000e+01
    endloop
  endfacet
  facet normal -9.150162e-02 9.958049e-01 0.000000e+00
    outer loop
      vertex -1.569182e+00 1.993835e+01 5.000000e-01
      vertex -2.090569e+00 1.989044e+01 7.500000e+01
      vertex -1.569182e+00 1.993835e+01 7.500000e+01
    endloop
  endfacet
  facet normal -9.150162e-02 9.958049e-01 0.000000e+00
    outer loop
      vertex -1.569182e+00 1.993835e+01 5.000000e-01
      vertex -2.090569e+00 1.989044e+01 5.000000e-01
      vertex -2.090569e+00 1.989044e+01 7.500000e+01
    endloop
  endfacet
  facet normal -1.175374e-01 9.930685e-01 0.000000e+00
    outer loop
      vertex -2.090569e+00 1.989044e+01 5.000000e-01
      vertex -2.610524e+00 1.982890e+01 7.500000e+01
      vertex -2.090569e+00 1.989044e+01 7.500000e+01
    endloop
  endfacet
  facet normal -1.175374e-01 9.930685e-01 0.000000e+00
    outer loop
      vertex -2.090569e+00 1.989044e+01 5.000000e-01
      vertex -2.610524e+00 1.982890e+01 5.000000e-01
      vertex -2.610524e+00 1.982890e+01 7.500000e+01
    endloop
  endfacet
  facet normal -1.434926e-01 9.896514e-01 0.000000e+00
    outer loop
      vertex -2.610524e+00 1.982890e+01 5.000000e-01
      vertex -3.128689e+00 1.975377e+01 7.500000e+01
      vertex -2.610524e+00 1.982890e+01 7.500000e+01
    endloop
  endfacet
  facet normal -1.434926e-01 9.896514e-01 0.000000e+00
    outer loop
      vertex -2.610524e+00 1.982890e+01 5.000000e-01
      vertex -3.128689e+00 1.975377e+01 5.000000e-01
      vertex -3.128689e+00 1.975377e+01 7.500000e+01
    endloop
  endfacet
  facet normal -1.693495e-01 9.855561e-01 0.000000e+00
    outer loop
      vertex -3.128689e+00 1.975377e+01 5.000000e-01
      vertex -3.644711e+00 1.966510e+01 7.500000e+01
      vertex -3.128689e+00 1.975377e+01 7.500000e+01
    endloop
  endfacet
  facet normal -1.693495e-01 9.855561e-01 0.000000e+00
    outer loop
      vertex -3.128689e+00 1.975377e+01 5.000000e-01
      vertex -3.644711e+00 1.966510e+01 5.000000e-01
      vertex -3.644711e+00 1.966510e+01 7.500000e+01
    endloop
  endfacet
  facet normal -1.950903e-01 9.807853e-01 0.000000e+00
    outer loop
      vertex -3.644711e+00 1.966510e+01 5.000000e-01
      vertex -4.158234e+00 1.956295e+01 7.500000e+01
      vertex -3.644711e+00 1.966510e+01 7.500000e+01
    endloop
  endfacet
  facet normal -1.950903e-01 9.807853e-01 0.000000e+00
    outer loop
      vertex -3.644711e+00 1.966510e+01 5.000000e-01
      vertex -4.158234e+00 1.956295e+01 5.000000e-01
      vertex -4.158234e+00 1.956295e+01 7.500000e+01
    endloop
  endfacet
  facet normal -2.206974e-01 9.753423e-01 0.000000e+00
    outer loop
      vertex -4.158234e+00 1.956295e+01 5.000000e-01
      vertex -4.668907e+00 1.944740e+01 7.500000e+01
      vertex -4.158234e+00 1.956295e+01 7.500000e+01
    endloop
  endfacet
  facet normal -2.206974e-01 9.753423e-01 0.000000e+00
    outer loop
      vertex -4.158234e+00 1.956295e+01 5.000000e-01
      vertex -4.668907e+00 1.944740e+01 5.000000e-01
      vertex -4.668907e+00 1.944740e+01 7.500000e+01
    endloop
  endfacet
  facet normal -2.461533e-01 9.692309e-01 0.000000e+00
    outer loop
      vertex -4.668907e+00 1.944740e+01 5.000000e-01
      vertex -5.176381e+00 1.931852e+01 7.500000e+01
      vertex -4.668907e+00 1.944740e+01 7.500000e+01
    endloop
  endfacet
  facet normal -2.461533e-01 9.692309e-01 0.000000e+00
    outer loop
      vertex -4.668907e+00 1.944740e+01 5.000000e-01
      vertex -5.176381e+00 1.931852e+01 5.000000e-01
      vertex -5.176381e+00 1.931852e+01 7.500000e+01
    endloop
  endfacet
  facet normal -2.714404e-01 9.624552e-01 0.000000e+00
    outer loop
      vertex -5.176381e+00 1.931852e+01 5.000000e-01
      vertex -5.680307e+00 1.917639e+01 7.500000e+01
      vertex -5.176381e+00 1.931852e+01 7.500000e+01
    endloop
  endfacet
  facet normal -2.714404e-01 9.624552e-01 0.000000e+00
    outer loop
      vertex -5.176381e+00 1.931852e+01 5.000000e-01
      vertex -5.680307e+00 1.917639e+01 5.000000e-01
      vertex -5.680307e+00 1.917639e+01 7.500000e+01
    endloop
  endfacet
  facet normal -2.965416e-01 9.550199e-01 0.000000e+00
    outer loop
      vertex -5.680307e+00 1.917639e+01 5.000000e-01
      vertex -6.180340e+00 1.902113e+01 7.500000e+01
      vertex -5.680307e+00 1.917639e+01 7.500000e+01
    endloop
  endfacet
  facet normal -2.965416e-01 9.550199e-01 0.000000e+00
    outer loop
      vertex -5.680307e+00 1.917639e+01 5.000000e-01
      vertex -6.180340e+00 1.902113e+01 5.000000e-01
      vertex -6.180340e+00 1.902113e+01 7.500000e+01
    endloop
  endfacet
  facet normal -3.214395e-01 9.469301e-01 0.000000e+00
    outer loop
      vertex -6.180340e+00 1.902113e+01 5.000000e-01
      vertex -6.676137e+00 1.885283e+01 7.500000e+01
      vertex -6.180340e+00 1.902113e+01 7.500000e+01
    endloop
  endfacet
  facet normal -3.214395e-01 9.469301e-01 0.000000e+00
    outer loop
      vertex -6.180340e+00 1.902113e+01 5.000000e-01
      vertex -6.676137e+00 1.885283e+01 5.000000e-01
      vertex -6.676137e+00 1.885283e+01 7.500000e+01
    endloop
  endfacet
  facet normal -3.461171e-01 9.381913e-01 0.000000e+00
    outer loop
      vertex -6.676137e+00 1.885283e+01 5.000000e-01
      vertex -7.167359e+00 1.867161e+01 7.500000e+01
      vertex -6.676137e+00 1.885283e+01 7.500000e+01
    endloop
  endfacet
  facet normal -3.461171e-01 9.381913e-01 0.000000e+00
    outer loop
      vertex -6.676137e+00 1.885283e+01 5.000000e-01
      vertex -7.167359e+00 1.867161e+01 5.000000e-01
      vertex -7.167359e+00 1.867161e+01 7.500000e+01
    endloop
  endfacet
  facet normal -3.705574e-01 9.288096e-01 0.000000e+00
    outer loop
      vertex -7.167359e+00 1.867161e+01 5.000000e-01
      vertex -7.653669e+00 1.847759e+01 7.500000e+01
      vertex -7.167359e+00 1.867161e+01 7.500000e+01
    endloop
  endfacet
  facet normal -3.705574e-01 9.288096e-01 0.000000e+00
    outer loop
      vertex -7.167359e+00 1.867161e+01 5.000000e-01
      vertex -7.653669e+00 1.847759e+01 5.000000e-01
      vertex -7.653669e+00 1.847759e+01 7.500000e+01
    endloop
  endfacet
  facet normal -3.947439e-01 9.187912e-01 0.000000e+00
    outer loop
      vertex -7.653669e+00 1.847759e+01 5.000000e-01
      vertex -8.134733e+00 1.827091e+01 7.500000e+01
      vertex -7.653669e+00 1.847759e+01 7.500000e+01
    endloop
  endfacet
  facet normal -3.947439e-01 9.187912e-01 0.000000e+00
    outer loop
      vertex -7.653669e+00 1.847759e+01 5.000000e-01
      vertex -8.134733e+00 1.827091e+01 5.000000e-01
      vertex -8.134733e+00 1.827091e+01 7.500000e+01
    endloop
  endfacet
  facet normal -4.186597e-01 9.081432e-01 0.000000e+00
    outer loop
      vertex -8.134733e+00 1.827091e+01 5.000000e-01
      vertex -8.610222e+00 1.805171e+01 7.500000e+01
      vertex -8.134733e+00 1.827091e+01 7.500000e+01
    endloop
  endfacet
  facet normal -4.186597e-01 9.081432e-01 0.000000e+00
    outer loop
      vertex -8.134733e+00 1.827091e+01 5.000000e-01
      vertex -8.610222e+00 1.805171e+01 5.000000e-01
      vertex -8.610222e+00 1.805171e+01 7.500000e+01
    endloop
  endfacet
  facet normal -4.422887e-01 8.968727e-01 0.000000e+00
    outer loop
      vertex -8.610222e+00 1.805171e+01 5.000000e-01
      vertex -9.079810e+00 1.782013e+01 7.500000e+01
      vertex -8.610222e+00 1.805171e+01 7.500000e+01
    endloop
  endfacet
  facet normal -4.422887e-01 8.968727e-01 0.000000e+00
    outer loop
      vertex -8.610222e+00 1.805171e+01 5.000000e-01
      vertex -9.079810e+00 1.782013e+01 5.000000e-01
      vertex -9.079810e+00 1.782013e+01 7.500000e+01
    endloop
  endfacet
  facet normal -4.656145e-01 8.849876e-01 0.000000e+00
    outer loop
      vertex -9.079810e+00 1.782013e+01 5.000000e-01
      vertex -9.543175e+00 1.757634e+01 7.500000e+01
      vertex -9.079810e+00 1.782013e+01 7.500000e+01
    endloop
  endfacet
  facet normal -4.656145e-01 8.849876e-01 0.000000e+00
    outer loop
      vertex -9.079810e+00 1.782013e+01 5.000000e-01
      vertex -9.543175e+00 1.757634e+01 5.000000e-01
      vertex -9.543175e+00 1.757634e+01 7.500000e+01
    endloop
  endfacet
  facet normal -4.886212e-01 8.724960e-01 0.000000e+00
    outer loop
      vertex -9.543175e+00 1.757634e+01 5.000000e-01
      vertex -1.000000e+01 1.732051e+01 7.500000e+01
      vertex -9.543175e+00 1.757634e+01 7.500000e+01
    endloop
  endfacet
  facet normal -4.886212e-01 8.724960e-01 0.000000e+00
    outer loop
      vertex -9.543175e+00 1.757634e+01 5.000000e-01
      vertex -1.000000e+01 1.732051e+01 5.000000e-01
      vertex -1.000000e+01 1.732051e+01 7.500000e+01
    endloop
  endfacet
  facet normal -5.112931e-01 8.594064e-01 0.000000e+00
    outer loop
      vertex -1.000000e+01 1.732051e+01 5.000000e-01
      vertex -1.044997e+01 1.705280e+01 7.500000e+01
      vertex -1.000000e+01 1.732051e+01 7.500000e+01
    endloop
  endfacet
  facet normal -5.112931e-01 8.594064e-01 0.000000e+00
    outer loop
      vertex -1.000000e+01 1.732051e+01 5.000000e-01
      vertex -1.044997e+01 1.705280e+01 5.000000e-01
      vertex -1.044997e+01 1.705280e+01 7.500000e+01
    endloop
  endfacet
  facet normal -5.336145e-01 8.457278e-01 0.000000e+00
    outer loop
      vertex -1.044997e+01 1.705280e+01 5.000000e-01
      vertex -1.089278e+01 1.677341e+01 7.500000e+01
      vertex -1.044997e+01 1.705280e+01 7.500000e+01
    endloop
  endfacet
  facet normal -5.336145e-01 8.457278e-01 0.000000e+00
    outer loop
      vertex -1.044997e+01 1.705280e+01 5.000000e-01
      vertex -1.089278e+01 1.677341e+01 5.000000e-01
      vertex -1.089278e+01 1.677341e+01 7.500000e+01
    endloop
  endfacet
  facet normal -5.555702e-01 8.314696e-01 0.000000e+00
    outer loop
      vertex -1.089278e+01 1.677341e+01 5.000000e-01
      vertex -1.132812e+01 1.648252e+01 7.500000e+01
      vertex -1.089278e+01 1.677341e+01 7.500000e+01
    endloop
  endfacet
  facet normal -5.555702e-01 8.314696e-01 0.000000e+00
    outer loop
      vertex -1.089278e+01 1.677341e+01 5.000000e-01
      vertex -1.132812e+01 1.648252e+01 5.000000e-01
      vertex -1.132812e+01 1.648252e+01 7.500000e+01
    endloop
  endfacet
  facet normal -5.771452e-01 8.166416e-01 0.000000e+00
    outer loop
      vertex -1.132812e+01 1.648252e+01 5.000000e-01
      vertex -1.175571e+01 1.618034e+01 7.500000e+01
      vertex -1.132812e+01 1.648252e+01 7.500000e+01
    endloop
  endfacet
  facet normal -5.771452e-01 8.166416e-01 0.000000e+00
    outer loop
      vertex -1.132812e+01 1.648252e+01 5.000000e-01
      vertex -1.175571e+01 1.618034e+01 5.000000e-01
      vertex -1.175571e+01 1.618034e+01 7.500000e+01
    endloop
  endfacet
  facet normal -5.983246e-01 8.012538e-01 0.000000e+00
    outer loop
      vertex -1.175571e+01 1.618034e+01 5.000000e-01
      vertex -1.217523e+01 1.586707e+01 7.500000e+01
      vertex -1.175571e+01 1.618034e+01 7.500000e+01
    endloop
  endfacet
  facet normal -5.983246e-01 8.012538e-01 0.000000e+00
    outer loop
      vertex -1.175571e+01 1.618034e+01 5.000000e-01
      vertex -1.217523e+01 1.586707e+01 5.000000e-01
      vertex -1.217523e+01 1.586707e+01 7.500000e+01
    endloop
  endfacet
  facet normal -6.190939e-01 7.853169e-01 0.000000e+00
    outer loop
      vertex -1.217523e+01 1.586707e+01 5.000000e-01
      vertex -1.258641e+01 1.554292e+01 7.500000e+01
      vertex -1.217523e+01 1.586707e+01 7.500000e+01
    endloop
  endfacet
  facet normal -6.190939e-01 7.853169e-01 0.000000e+00
    outer loop
      vertex -1.217523e+01 1.586707e+01 5.000000e-01
      vertex -1.258641e+01 1.554292e+01 5.000000e-01
      vertex -1.258641e+01 1.554292e+01 7.500000e+01
    endloop
  endfacet
  facet normal -6.394390e-01 7.688418e-01 0.000000e+00
    outer loop
      vertex -1.258641e+01 1.554292e+01 5.000000e-01
      vertex -1.298896e+01 1.520812e+01 7.500000e+01
      vertex -1.258641e+01 1.554292e+01 7.500000e+01
    endloop
  endfacet
  facet normal -6.394390e-01 7.688418e-01 0.000000e+00
    outer loop
      vertex -1.258641e+01 1.554292e+01 5.000000e-01
      vertex -1.298896e+01 1.520812e+01 5.000000e-01
      vertex -1.298896e+01 1.520812e+01 7.500000e+01
    endloop
  endfacet
  facet normal -6.593458e-01 7.518398e-01 0.000000e+00
    outer loop
      vertex -1.298896e+01 1.520812e+01 5.000000e-01
      vertex -1.338261e+01 1.486290e+01 7.500000e+01
      vertex -1.298896e+01 1.520812e+01 7.500000e+01
    endloop
  endfacet
  facet normal -6.593458e-01 7.518398e-01 0.000000e+00
    outer loop
      vertex -1.298896e+01 1.520812e+01 5.000000e-01
      vertex -1.338261e+01 1.486290e+01 5.000000e-01
      vertex -1.338261e+01 1.486290e+01 7.500000e+01
    endloop
  endfacet
  facet normal -6.788007e-01 7.343225e-01 0.000000e+00
    outer loop
      vertex -1.338261e+01 1.486290e+01 5.000000e-01
      vertex -1.376709e+01 1.450749e+01 7.500000e+01
      vertex -1.338261e+01 1.486290e+01 7.500000e+01
    endloop
  endfacet
  facet normal -6.788007e-01 7.343225e-01 0.000000e+00
    outer loop
      vertex -1.338261e+01 1.486290e+01 5.000000e-01
      vertex -1.376709e+01 1.450749e+01 5.000000e-01
      vertex -1.376709e+01 1.450749e+01 7.500000e+01
    endloop
  endfacet
  facet normal -6.977905e-01 7.163019e-01 0.000000e+00
    outer loop
      vertex -1.376709e+01 1.450749e+01 5.000000e-01
      vertex -1.414214e+01 1.414214e+01 7.500000e+01
      vertex -1.376709e+01 1.450749e+01 7.500000e+01
    endloop
  endfacet
  facet normal -6.977905e-01 7.163019e-01 0.000000e+00
    outer loop
      vertex -1.376709e+01 1.450749e+01 5.000000e-01
      vertex -1.414214e+01 1.414214e+01 5.000000e-01
      vertex -1.414214e+01 1.414214e+01 7.500000e+01
    endloop
  endfacet
  facet normal -7.163019e-01 6.977905e-01 0.000000e+00
    outer loop
      vertex -1.414214e+01 1.414214e+01 5.000000e-01
      vertex -1.450749e+01 1.376709e+01 7.500000e+01
      vertex -1.414214e+01 1.414214e+01 7.500000e+01
    endloop
  endfacet
  facet normal -7.163019e-01 6.977905e-01 0.000000e+00
    outer loop
      vertex -1.414214e+01 1.414214e+01 5.000000e-01
      vertex -1.450749e+01 1.376709e+01 5.000000e-01
      vertex -1.450749e+01 1.376709e+01 7.500000e+01
    endloop
  endfacet
  facet normal -7.343225e-01 6.788007e-01 0.000000e+00
    outer loop
      vertex -1.450749e+01 1.376709e+01 5.000000e-01
      vertex -1.486290e+01 1.338261e+01 7.500000e+01
      vertex -1.450749e+01 1.376709e+01 7.500000e+01
    endloop
  endfacet
  facet normal -7.343225e-01 6.788007e-01 0.000000e+00
    outer loop
      vertex -1.450749e+01 1.376709e+01 5.000000e-01
      vertex -1.486290e+01 1.338261e+01 5.000000e-01
      vertex -1.486290e+01 1.338261e+01 7.500000e+01
    endloop
  endfacet
  facet normal -7.518398e-01 6.593458e-01 0.000000e+00
    outer loop
      vertex -1.486290e+01 1.338261e+01 5.000000e-01
      vertex -1.520812e+01 1.298896e+01 7.500000e+01
      vertex -1.486290e+01 1.338261e+01 7.500000e+01
    endloop
  endfacet
  facet normal -7.518398e-01 6.593458e-01 0.000000e+00
    outer loop
      vertex -1.486290e+01 1.338261e+01 5.000000e-01
      vertex -1.520812e+01 1.298896e+01 5.000000e-01
      vertex -1.520812e+01 1.298896e+01 7.500000e+01
    endloop
  endfacet
  facet normal -7.688418e-01 6.394390e-01 0.000000e+00
    outer loop
      vertex -1.520812e+01 1.298896e+01 5.000000e-01
      vertex -1.554292e+01 1.258641e+01 7.500000e+01
      vertex -1.520812e+01 1.298896e+01 7.500000e+01
    endloop
  endfacet
  facet normal -7.688418e-01 6.394390e-01 0.000000e+00
    outer loop
      vertex -1.520812e+01 1.298896e+01 5.000000e-01
      vertex -1.554292e+01 1.258641e+01 5.000000e-01
      vertex -1.554292e+01 1.258641e+01 7.500000e+01
    endloop
  endfacet
  facet normal -7.853169e-01 6.190939e-01 0.000000e+00
    outer loop
      vertex -1.554292e+01 1.258641e+01 5.000000e-01
      vertex -1.586707e+01 1.217523e+01 7.500000e+01
      vertex -1.554292e+01 1.258641e+01 7.500000e+01
    endloop
  endfacet
  facet normal -7.853169e-01 6.190939e-01 0.000000e+00
    outer loop
      vertex -1.554292e+01 1.258641e+01 5.000000e-01
      vertex -1.586707e+01 1.217523e+01 5.000000e-01
      vertex -1.586707e+01 1.217523e+01 7.500000e+01
    endloop
  endfacet
  facet normal -8.012538e-01 5.983246e-01 0.000000e+00
    outer loop
      vertex -1.586707e+01 1.217523e+01 5.000000e-01
      vertex -1.618034e+01 1.175571e+01 7.500000e+01
      vertex -1.586707e+01 1.217523e+01 7.500000e+01
    endloop
  endfacet
  facet normal -8.012538e-01 5.983246e-01 0.000000e+00
    outer loop
      vertex -1.586707e+01 1.217523e+01 5.000000e-01
      vertex -1.618034e+01 1.175571e+01 5.000000e-01
      vertex -1.618034e+01 1.175571e+01 7.500000e+01
    endloop
  endfacet
  facet normal -8.166416e-01 5.771452e-01 0.000000e+00
    outer loop
      vertex -1.618034e+01 1.175571e+01 5.000000e-01
      vertex -1.648252e+01 1.132812e+01 7.500000e+01
      vertex -1.618034e+01 1.175571e+01 7.500000e+01
    endloop
  endfacet
  facet normal -8.166416e-01 5.771452e-01 0.000000e+00
    outer loop
      vertex -1.618034e+01 1.175571e+01 5.000000e-01
      vertex -1.648252e+01 1.132812e+01 5.000000e-01
      vertex -1.648252e+01 1.132812e+01 7.500000e+01
    endloop
  endfacet
  facet normal -8.314696e-01 5.555702e-01 0.000000e+00
    outer loop
      vertex -1.648252e+01 1.132812e+01 5.000000e-01
      vertex -1.677341e+01 1.089278e+01 7.500000e+01
      vertex -1.648252e+01 1.132812e+01 7.500000e+01
    endloop
  endfacet
  facet normal -8.314696e-01 5.555702e-01 0.000000e+00
    outer loop
      vertex -1.648252e+01 1.132812e+01 5.000000e-01
      vertex -1.677341e+01 1.089278e+01 5.000000e-01
      vertex -1.677341e+01 1.089278e+01 7.500000e+01
    endloop
  endfacet
  facet normal -8.457278e-01 5.336145e-01 0.000000e+00
    outer loop
      vertex -1.677341e+01 1.089278e+01 5.000000e-01
      vertex -1.705280e+01 1.044997e+01 7.500000e+01
      vertex -1.677341e+01 1.089278e+01 7.500000e+01
    endloop
  endfacet
  facet normal -8.457278e-01 5.336145e-01 0.000000e+00
    outer loop
      vertex -1.677341e+01 1.089278e+01 5.000000e-01
      vertex -1.705280e+01 1.044997e+01 5.000000e-01
      vertex -1.705280e+01 1.044997e+01 7.500000e+01
    endloop
  endfacet
  facet normal -8.594064e-01 5.112931e-01 0.000000e+00
    outer loop
      vertex -1.705280e+01 1.044997e+01 5.000000e-01
      vertex -1.732051e+01 1.000000e+01 7.500000e+01
      vertex -1.705280e+01 1.044997e+01 7.500000e+01
    endloop
  endfacet
  facet normal -8.594064e-01 5.112931e-01 0.000000e+00
    outer loop
      vertex -1.705280e+01 1.044997e+01 5.000000e-01
      vertex -1.732051e+01 1.000000e+01 5.000000e-01
      vertex -1.732051e+01 1.000000e+01 7.500000e+01
    endloop
  endfacet
  facet normal -8.724960e-01 4.886212e-01 0.000000e+00
    outer loop
      vertex -1.732051e+01 1.000000e+01 5.000000e-01
      vertex -1.757634e+01 9.543175e+00 7.500000e+01
      vertex -1.732051e+01 1.000000e+01 7.500000e+01
    endloop
  endfacet
  facet normal -8.724960e-01 4.886212e-01 0.000000e+00
    outer loop
      vertex -1.732051e+01 1.000000e+01 5.000000e-01
      vertex -1.757634e+01 9.543175e+00 5.000000e-01
      vertex -1.757634e+01 9.543175e+00 7.500000e+01
    endloop
  endfacet
  facet normal -8.849876e-01 4.656145e-01 0.000000e+00
    outer loop
      vertex -1.757634e+01 9.543175e+00 5.000000e-01
      vertex -1.782013e+01 9.079810e+00 7.500000e+01
      vertex -1.757634e+01 9.543175e+00 7.500000e+01
    endloop
  endfacet
  facet normal -8.849876e-01 4.656145e-01 0.000000e+00
    outer loop
      vertex -1.757634e+01 9.543175e+00 5.000000e-01
      vertex -1.782013e+01 9.079810e+00 5.000000e-01
      vertex -1.782013e+01 9.079810e+00 7.500000e+01
    endloop
  endfacet
  facet normal -8.968727e-01 4.422887e-01 0.000000e+00
    outer loop
      vertex -1.782013e+01 9.079810e+00 5.000000e-01
      vertex -1.805171e+01 8.610222e+00 7.500000e+01
      vertex -1.782013e+01 9.079810e+00 7.500000e+01
    endloop
  endfacet
  facet normal -8.968727e-01 4.422887e-01 0.000000e+00
    outer loop
      vertex -1.782013e+01 9.079810e+00 5.000000e-01
      vertex -1.805171e+01 8.610222e+00 5.000000e-01
      vertex -1.805171e+01 8.610222e+00 7.500000e+01
    endloop
  endfacet
  facet normal -9.081432e-01 4.186597e-01 0.000000e+00
    outer loop
      vertex -1.805171e+01 8.610222e+00 5.000000e-01
      vertex -1.827091e+01 8.134733e+00 7.500000e+01
      vertex -1.805171e+01 8.610222e+00 7.500000e+01
    endloop
  endfacet
  facet normal -9.081432e-01 4.186597e-01 0.000000e+00
    outer loop
      vertex -1.805171e+01 8.610222e+00 5.000000e-01
      vertex -1.827091e+01 8.134733e+00 5.000000e-01
      vertex -1.827091e+01 8.134733e+00 7.500000e+01
    endloop
  endfacet
  facet normal -9.187912e-01 3.947439e-01 0.000000e+00
    outer loop
      vertex -1.827091e+01 8.134733e+00 5.000000e-01
      vertex -1.847759e+01 7.653669e+00 7.500000e+01
      vertex -1.827091e+01 8.134733e+00 7.500000e+01
    endloop
  endfacet
  facet normal -9.187912e-01 3.947439e-01 0.000000e+00
    outer loop
      vertex -1.827091e+01 8.134733e+00 5.000000e-01
      vertex -1.847759e+01 7.653669e+00 5.000000e-01
      vertex -1.847759e+01 7.653669e+00 7.500000e+01
    endloop
  endfacet
  facet normal -9.288096e-01 3.705574e-01 0.000000e+00
    outer loop
      vertex -1.847759e+01 7.653669e+00 5.000000e-01
      vertex -1.867161e+01 7.167359e+00 7.500000e+01
      vertex -1.847759e+01 7.653669e+00 7.500000e+01
    endloop
  endfacet
  facet normal -9.288096e-01 3.705574e-01 0.000000e+00
    outer loop
      vertex -1.847759e+01 7.653669e+00 5.000000e-01
      vertex -1.867161e+01 7.167359e+00 5.000000e-01
      vertex -1.867161e+01 7.167359e+00 7.500000e+01
    endloop
  endfacet
  facet normal -9.381913e-01 3.461171e-01 0.000000e+00
    outer loop
      vertex -1.867161e+01 7.167359e+00 5.000000e-01
      vertex -1.885283e+01 6.676137e+00 7.500000e+01
      vertex -1.867161e+01 7.167359e+00 7.500000e+01
    endloop
  endfacet
  facet normal -9.381913e-01 3.461171e-01 0.000000e+00
    outer loop
      vertex -1.867161e+01 7.167359e+00 5.000000e-01
      vertex -1.885283e+01 6.676137e+00 5.000000e-01
      vertex -1.885283e+01 6.676137e+00 7.500000e+01
    endloop
  endfacet
  facet normal -9.469301e-01 3.214395e-01 0.000000e+00
    outer loop
      vertex -1.885283e+01 6.676137e+00 5.000000e-01
      vertex -1.902113e+01 6.180340e+00 7.500000e+01
      vertex -1.885283e+01 6.676137e+00 7.500000e+01
    endloop
  endfacet
  facet normal -9.469301e-01 3.214395e-01 0.000000e+00
    outer loop
      vertex -1.885283e+01 6.676137e+00 5.000000e-01
      vertex -1.902113e+01 6.180340e+00 5.000000e-01
      vertex -1.902113e+01 6.180340e+00 7.500000e+01
    endloop
  endfacet
  facet normal -9.550199e-01 2.965416e-01 0.000000e+00
    outer loop
      vertex -1.902113e+01 6.180340e+00 5.000000e-01
      vertex -1.917639e+01 5.680307e+00 7.500000e+01
      vertex -1.902113e+01 6.180340e+00 7.500000e+01
    endloop
  endfacet
  facet normal -9.550199e-01 2.965416e-01 0.000000e+00
    outer loop
      vertex -1.902113e+01 6.180340e+00 5.000000e-01
      vertex -1.917639e+01 5.680307e+00 5.000000e-01
      vertex -1.917639e+01 5.680307e+00 7.500000e+01
    endloop
  endfacet
  facet normal -9.624552e-01 2.714404e-01 0.000000e+00
    outer loop
      vertex -1.917639e+01 5.680307e+00 5.000000e-01
      vertex -1.931852e+01 5.176381e+00 7.500000e+01
      vertex -1.917639e+01 5.680307e+00 7.500000e+01
    endloop
  endfacet
  facet normal -9.624552e-01 2.714404e-01 0.000000e+00
    outer loop
      vertex -1.917639e+01 5.680307e+00 5.000000e-01
      vertex -1.931852e+01 5.176381e+00 5.000000e-01
      vertex -1.931852e+01 5.176381e+00 7.500000e+01
    endloop
  endfacet
  facet normal -9.692309e-01 2.461533e-01 0.000000e+00
    outer loop
      vertex -1.931852e+01 5.176381e+00 5.000000e-01
      vertex -1.944740e+01 4.668907e+00 7.500000e+01
      vertex -1.931852e+01 5.176381e+00 7.500000e+01
    endloop
  endfacet
  facet normal -9.692309e-01 2.461533e-01 0.000000e+00
    outer loop
      vertex -1.931852e+01 5.176381e+00 5.000000e-01
      vertex -1.944740e+01 4.668907e+00 5.000000e-01
      vertex -1.944740e+01 4.668907e+00 7.500000e+01
    endloop
  endfacet
  facet normal -9.753423e-01 2.206974e-01 0.000000e+00
    outer loop
      vertex -1.944740e+01 4.668907e+00 5.000000e-01
      vertex -1.956295e+01 4.158234e+00 7.500000e+01
      vertex -1.944740e+01 4.668907e+00 7.500000e+01
    endloop
  endfacet
  facet normal -9.753423e-01 2.206974e-01 0.000000e+00
    outer loop
      vertex -1.944740e+01 4.668907e+00 5.000000e-01
      vertex -1.956295e+01 4.158234e+00 5.000000e-01
      vertex -1.956295e+01 4.158234e+00 7.500000e+01
    endloop
  endfacet
  facet normal -9.807853e-01 1.950903e-01 0.000000e+00
    outer loop
      vertex -1.956295e+01 4.158234e+00 5.000000e-01
      vertex -1.966510e+01 3.644711e+00 7.500000e+01
      vertex -1.956295e+01 4.158234e+00 7.500000e+01
    endloop
  endfacet
  facet normal -9.807853e-01 1.950903e-01 0.000000e+00
    outer loop
      vertex -1.956295e+01 4.158234e+00 5.000000e-01
      vertex -1.966510e+01 3.644711e+00 5.000000e-01
      vertex -1.966510e+01 3.644711e+00 7.500000e+01
    endloop
  endfacet
  facet normal -9.855561e-01 1.693495e-01 0.000000e+00
    outer loop
      vertex -1.966510e+01 3.644711e+00 5.000000e-01
      vertex -1.975377e+01 3.128689e+00 7.500000e+01
      vertex -1.966510e+01 3.644711e+00 7.500000e+01
    endloop
  endfacet
  facet normal -9.855561e-01 1.693495e-01 0.000000e+00
    outer loop
      vertex -1.966510e+01 3.644711e+00 5.000000e-01
      vertex -1.975377e+01 3.128689e+00 5.000000e-01
      vertex -1.975377e+01 3.128689e+00 7.500000e+01
    endloop
  endfacet
  facet normal -9.896514e-01 1.434926e-01 0.000000e+00
    outer loop
      vertex -1.975377e+01 3.128689e+00 5.000000e-01
      vertex -1.982890e+01 2.610524e+00 7.500000e+01
      vertex -1.975377e+01 3.128689e+00 7.500000e+01
    endloop
  endfacet
  facet normal -9.896514e-01 1.434926e-01 0.000000e+00
    outer loop
      vertex -1.975377e+01 3.128689e+00 5.000000e-01
      vertex -1.982890e+01 2.610524e+00 5.000000e-01
      vertex -1.982890e+01 2.610524e+00 7.500000e+01
    endloop
  endfacet
  facet normal -9.930685e-01 1.175374e-01 0.000000e+00
    outer loop
      vertex -1.982890e+01 2.610524e+00 5.000000e-01
      vertex -1.989044e+01 2.090569e+00 7.500000e+01
      vertex -1.982890e+01 2.610524e+00 7.500000e+01
    endloop
  endfacet
  facet normal -9.930685e-01 1.175374e-01 0.000000e+00
    outer loop
      vertex -1.982890e+01 2.610524e+00 5.000000e-01
      vertex -1.989044e+01 2.090569e+00 5.000000e-01
      vertex -1.989044e+01 2.090569e+00 7.500000e+01
    endloop
  endfacet
  facet normal -9.958049e-01 9.150162e-02 0.000000e+00
    outer loop
      vertex -1.989044e+01 2.090569e+00 5.000000e-01
      vertex -1.993835e+01 1.569182e+00 7.500000e+01
      vertex -1.989044e+01 2.090569e+00 7.500000e+01
    endloop
  endfacet
  facet normal -9.958049e-01 9.150162e-02 0.000000e+00
    outer loop
      vertex -1.989044e+01 2.090569e+00 5.000000e-01
      vertex -1.993835e+01 1.569182e+00 5.000000e-01
      vertex -1.993835e+01 1.569182e+00 7.500000e+01
    endloop
  endfacet
  facet normal -9.978589e-01 6.540313e-02 0.000000e+00
    outer loop
      vertex -1.993835e+01 1.569182e+00 5.000000e-01
      vertex -1.997259e+01 1.046719e+00 7.500000e+01
      vertex -1.993835e+01 1.569182e+00 7.500000e+01
    endloop
  endfacet
  facet normal -9.978589e-01 6.540313e-02 0.000000e+00
    outer loop
      vertex -1.993835e+01 1.569182e+00 5.000000e-01
      vertex -1.997259e+01 1.046719e+00 5.000000e-01
      vertex -1.997259e+01 1.046719e+00 7.500000e+01
    endloop
  endfacet
  facet normal -9.992290e-01 3.925982e-02 0.000000e+00
    outer loop
      vertex -1.997259e+01 1.046719e+00 5.000000e-01
      vertex -1.999315e+01 5.235390e-01 7.500000e+01
      vertex -1.997259e+01 1.046719e+00 7.500000e+01
    endloop
  endfacet
  facet normal -9.992290e-01 3.925982e-02 0.000000e+00
    outer loop
      vertex -1.997259e+01 1.046719e+00 5.000000e-01
      vertex -1.999315e+01 5.235390e-01 5.000000e-01
      vertex -1.999315e+01 5.235390e-01 7.500000e+01
    endloop
  endfacet
  facet normal -9.999143e-01 1.308960e-02 0.000000e+00
    outer loop
      vertex -1.999315e+01 5.235390e-01 5.000000e-01
      vertex -2.000000e+01 2.449294e-15 7.500000e+01
      vertex -1.999315e+01 5.235390e-01 7.500000e+01
    endloop
  endfacet
  facet normal -9.999143e-01 1.308960e-02 0.000000e+00
    outer loop
      vertex -1.999315e+01 5.235390e-01 5.000000e-01
      vertex -2.000000e+01 2.449294e-15 5.000000e-01
      vertex -2.000000e+01 2.449294e-15 7.500000e+01
    endloop
  endfacet
  facet normal -9.999143e-01 -1.308960e-02 0.000000e+00
    outer loop
      vertex -2.000000e+01 2.449294e-15 5.000000e-01
      vertex -1.999315e+01 -5.235390e-01 7.500000e+01
      vertex -2.000000e+01 2.449294e-15 7.500000e+01
    endloop
  endfacet
  facet normal -9.999143e-01 -1.308960e-02 0.000000e+00
    outer loop
      vertex -2.000000e+01 2.449294e-15 5.000000e-01
      vertex -1.999315e+01 -5.235390e-01 5.000000e-01
      vertex -1.999315e+01 -5.235390e-01 7.500000e+01
    endloop
  endfacet
  facet normal -9.992290e-01 -3.925982e-02 0.000000e+00
    outer loop
      vertex -1.999315e+01 -5.235390e-01 5.000000e-01
      vertex -1.997259e+01 -1.046719e+00 7.500000e+01
      vertex -1.999315e+01 -5.235390e-01 7.500000e+01
    endloop
  endfacet
  facet normal -9.992290e-01 -3.925982e-02 0.000000e+00
    outer loop
      vertex -1.999315e+01 -5.235390e-01 5.000000e-01
      vertex -1.997259e+01 -1.046719e+00 5.000000e-01
      vertex -1.997259e+01 -1.046719e+00 7.500000e+01
    endloop
  endfacet
  facet normal -9.978589e-01 -6.540313e-02 0.000000e+00
    outer loop
      vertex -1.997259e+01 -1.046719e+00 5.000000e-01
      vertex -1.993835e+01 -1.569182e+00 7.500000e+01
      vertex -1.997259e+01 -1.046719e+00 7.500000e+01
    endloop
  endfacet
  facet normal -9.978589e-01 -6.540313e-02 0.000000e+00
    outer loop
      vertex -1.997259e+01 -1.046719e+00 5.000000e-01
      vertex -1.993835e+01 -1.569182e+00 5.000000e-01
      vertex -1.993835e+01 -1.569182e+00 7.500000e+01
    endloop
  endfacet
  facet normal -9.958049e-01 -9.150162e-02 0.000000e+00
    outer loop
      vertex -1.993835e+01 -1.569182e+00 5.000000e-01
      vertex -1.989044e+01 -2.090569e+00 7.500000e+01
      vertex -1.993835e+01 -1.569182e+00 7.500000e+01
    endloop
  endfacet
  facet normal -9.958049e-01 -9.150162e-02 0.000000e+00
    outer loop
      vertex -1.993835e+01 -1.569182e+00 5.000000e-01
      vertex -1.989044e+01 -2.090569e+00 5.000000e-01
      vertex -1.989044e+01 -2.090569e+00 7.500000e+01
    endloop
  endfacet
  facet normal -9.930685e-01 -1.175374e-01 0.000000e+00
    outer loop
      vertex -1.989044e+01 -2.090569e+00 5.000000e-01
      vertex -1.982890e+01 -2.610524e+00 7.500000e+01
      vertex -1.989044e+01 -2.090569e+00 7.500000e+01
    endloop
  endfacet
  facet normal -9.930685e-01 -1.175374e-01 0.000000e+00
    outer loop
      vertex -1.989044e+01 -2.090569e+00 5.000000e-01
      vertex -1.982890e+01 -2.610524e+00 5.000000e-01
      vertex -1.982890e+01 -2.610524e+00 7.500000e+01
    endloop
  endfacet
  facet normal -9.896514e-01 -1.434926e-01 0.000000e+00
    outer loop
      vertex -1.982890e+01 -2.610524e+00 5.000000e-01
      vertex -1.975377e+01 -3.128689e+00 7.500000e+01
      vertex -1.982890e+01 -2.610524e+00 7.500000e+01
    endloop
  endfacet
  facet normal -9.896514e-01 -1.434926e-01 0.000000e+00
    outer loop
      vertex -1.982890e+01 -2.610524e+00 5.000000e-01
      vertex -1.975377e+01 -3.128689e+00 5.000000e-01
      vertex -1.975377e+01 -3.128689e+00 7.500000e+01
    endloop
  endfacet
  facet normal -9.855561e-01 -1.693495e-01 0.000000e+00
    outer loop
      vertex -1.975377e+01 -3.128689e+00 5.000000e-01
      vertex -1.966510e+01 -3.644711e+00 7.500000e+01
      vertex -1.975377e+01 -3.128689e+00 7.500000e+01
    endloop
  endfacet
  facet normal -9.855561e-01 -1.693495e-01 0.000000e+00
    outer loop
      vertex -1.975377e+01 -3.128689e+00 5.000000e-01
      vertex -1.966510e+01 -3.644711e+00 5.000000e-01
      vertex -1.966510e+01 -3.644711e+00 7.500000e+01
    endloop
  endfacet
  facet normal -9.807853e-01 -1.950903e-01 0.000000e+00
    outer loop
      vertex -1.966510e+01 -3.644711e+00 5.000000e-01
      vertex -1.956295e+01 -4.158234e+00 7.500000e+01
      vertex -1.966510e+01 -3.644711e+00 7.500000e+01
    endloop
  endfacet
  facet normal -9.807853e-01 -1.950903e-01 0.000000e+00
    outer loop
      vertex -1.966510e+01 -3.644711e+00 5.000000e-01
      vertex -1.956295e+01 -4.158234e+00 5.000000e-01
      vertex -1.956295e+01 -4.158234e+00 7.500000e+01
    endloop
  endfacet
  facet normal -9.753423e-01 -2.206974e-01 0.000000e+00
    outer loop
      vertex -1.956295e+01 -4.158234e+00 5.000000e-01
      vertex -1.944740e+01 -4.668907e+00 7.500000e+01
      vertex -1.956295e+01 -4.158234e+00 7.500000e+01
    endloop
  endfacet
  facet normal -9.753423e-01 -2.206974e-01 0.000000e+00
    outer loop
      vertex -1.956295e+01 -4.158234e+00 5.000000e-01
      vertex -1.944740e+01 -4.668907e+00 5.000000e-01
      vertex -1.944740e+01 -4.668907e+00 7.500000e+01
    endloop
  endfacet
  facet normal -9.692309e-01 -2.461533e-01 0.000000e+00
    outer loop
      vertex -1.944740e+01 -4.668907e+00 5.000000e-01
      vertex -1.931852e+01 -5.176381e+00 7.500000e+01
      vertex -1.944740e+01 -4.668907e+00 7.500000e+01
    endloop
  endfacet
  facet normal -9.692309e-01 -2.461533e-01 0.000000e+00
    outer loop
      vertex -1.944740e+01 -4.668907e+00 5.000000e-01
      vertex -1.931852e+01 -5.176381e+00 5.000000e-01
      vertex -1.931852e+01 -5.176381e+00 7.500000e+01
    endloop
  endfacet
  facet normal -9.624552e-01 -2.714404e-01 0.000000e+00
    outer loop
      vertex -1.931852e+01 -5.176381e+00 5.000000e-01
      vertex -1.917639e+01 -5.680307e+00 7.500000e+01
      vertex -1.931852e+01 -5.176381e+00 7.500000e+01
    endloop
  endfacet
  facet normal -9.624552e-01 -2.714404e-01 0.000000e+00
    outer loop
      vertex -1.931852e+01 -5.176381e+00 5.000000e-01
      vertex -1.917639e+01 -5.680307e+00 5.000000e-01
      vertex -1.917639e+01 -5.680307e+00 7.500000e+01
    endloop
  endfacet
  facet normal -9.550199e-01 -2.965416e-01 0.000000e+00
    outer loop
      vertex -1.917639e+01 -5.680307e+00 5.000000e-01
      vertex -1.902113e+01 -6.180340e+00 7.500000e+01
      vertex -1.917639e+01 -5.680307e+00 7.500000e+01
    endloop
  endfacet
  facet normal -9.550199e-01 -2.965416e-01 0.000000e+00
    outer loop
      vertex -1.917639e+01 -5.680307e+00 5.000000e-01
      vertex -1.902113e+01 -6.180340e+00 5.000000e-01
      vertex -1.902113e+01 -6.180340e+00 7.500000e+01
    endloop
  endfacet
  facet normal -9.469301e-01 -3.214395e-01 0.000000e+00
    outer loop
      vertex -1.902113e+01 -6.180340e+00 5.000000e-01
      vertex -1.885283e+01 -6.676137e+00 7.500000e+01
      vertex -1.902113e+01 -6.180340e+00 7.500000e+01
    endloop
  endfacet
  facet normal -9.469301e-01 -3.214395e-01 0.000000e+00
    outer loop
      vertex -1.902113e+01 -6.180340e+00 5.000000e-01
      vertex -1.885283e+01 -6.676137e+00 5.000000e-01
      vertex -1.885283e+01 -6.676137e+00 7.500000e+01
    endloop
  endfacet
  facet normal -9.381913e-01 -3.461171e-01 0.000000e+00
    outer loop
      vertex -1.885283e+01 -6.676137e+00 5.000000e-01
      vertex -1.867161e+01 -7.167359e+00 7.500000e+01
      vertex -1.885283e+01 -6.676137e+00 7.500000e+01
    endloop
  endfacet
  facet normal -9.381913e-01 -3.461171e-01 0.000000e+00
    outer loop
      vertex -1.885283e+01 -6.676137e+00 5.000000e-01
      vertex -1.867161e+01 -7.167359e+00 5.000000e-01
      vertex -1.867161e+01 -7.167359e+00 7.500000e+01
    endloop
  endfacet
  facet normal -9.288096e-01 -3.705574e-01 0.000000e+00
    outer loop
      vertex -1.867161e+01 -7.167359e+00 5.000000e-01
      vertex -1.847759e+01 -7.653669e+00 7.500000e+01
      vertex -1.867161e+01 -7.167359e+00 7.500000e+01
    endloop
  endfacet
  facet normal -9.288096e-01 -3.705574e-01 0.000000e+00
    outer loop
      vertex -1.867161e+01 -7.167359e+00 5.000000e-01
      vertex -1.847759e+01 -7.653669e+00 5.000000e-01
      vertex -1.847759e+01 -7.653669e+00 7.500000e+01
    endloop
  endfacet
  facet normal -9.187912e-01 -3.947439e-01 0.000000e+00
    outer loop
      vertex -1.847759e+01 -7.653669e+00 5.000000e-01
      vertex -1.827091e+01 -8.134733e+00 7.500000e+01
      vertex -1.847759e+01 -7.653669e+00 7.500000e+01
    endloop
  endfacet
  facet normal -9.187912e-01 -3.947439e-01 0.000000e+00
    outer loop
      vertex -1.847759e+01 -7.653669e+00 5.000000e-01
      vertex -1.827091e+01 -8.134733e+00 5.000000e-01
      vertex -1.827091e+01 -8.134733e+00 7.500000e+01
    endloop
  endfacet
  facet normal -9.081432e-01 -4.186597e-01 0.000000e+00
    outer loop
      vertex -1.827091e+01 -8.134733e+00 5.000000e-01
      vertex -1.805171e+01 -8.610222e+00 7.500000e+01
      vertex -1.827091e+01 -8.134733e+00 7.500000e+01
    endloop
  endfacet
  facet normal -9.081432e-01 -4.186597e-01 0.000000e+00
    outer loop
      vertex -1.827091e+01 -8.134733e+00 5.000000e-01
      vertex -1.805171e+01 -8.610222e+00 5.000000e-01
      vertex -1.805171e+01 -8.610222e+00 7.500000e+01
    endloop
  endfacet
  facet normal -8.968727e-01 -4.422887e-01 0.000000e+00
    outer loop
      vertex -1.805171e+01 -8.610222e+00 5.000000e-01
      vertex -1.782013e+01 -9.079810e+00 7.500000e+01
      vertex -1.805171e+01 -8.610222e+00 7.500000e+01
    endloop
  endfacet
  facet normal -8.968727e-01 -4.422887e-01 0.000000e+00
    outer loop
      vertex -1.805171e+01 -8.610222e+00 5.000000e-01
      vertex -1.782013e+01 -9.079810e+00 5.000000e-01
      vertex -1.782013e+01 -9.079810e+00 7.500000e+01
    endloop
  endfacet
  facet normal -8.849876e-01 -4.656145e-01 0.000000e+00
    outer loop
      vertex -1.782013e+01 -9.079810e+00 5.000000e-01
      vertex -1.757634e+01 -9.543175e+00 7.500000e+01
      vertex -1.782013e+01 -9.079810e+00 7.500000e+01
    endloop
  endfacet
  facet normal -8.849876e-01 -4.656145e-01 0.000000e+00
    outer loop
      vertex -1.782013e+01 -9.079810e+00 5.000000e-01
      vertex -1.757634e+01 -9.543175e+00 5.000000e-01
      vertex -1.757634e+01 -9.543175e+00 7.500000e+01
    endloop
  endfacet
  facet normal -8.724960e-01 -4.886212e-01 0.000000e+00
    outer loop
      vertex -1.757634e+01 -9.543175e+00 5.000000e-01
      vertex -1.732051e+01 -1.000000e+01 7.500000e+01
      vertex -1.757634e+01 -9.543175e+00 7.500000e+01
    endloop
  endfacet
  facet normal -8.724960e-01 -4.886212e-01 0.000000e+00
    outer loop
      vertex -1.757634e+01 -9.543175e+00 5.000000e-01
      vertex -1.732051e+01 -1.000000e+01 5.000000e-01
      vertex -1.732051e+01 -1.000000e+01 7.500000e+01
    endloop
  endfacet
  facet normal -8.594064e-01 -5.112931e-01 0.000000e+00
    outer loop
      vertex -1.732051e+01 -1.000000e+01 5.000000e-01
      vertex -1.705280e+01 -1.044997e+01 7.500000e+01
      vertex -1.732051e+01 -1.000000e+01 7.500000e+01
    endloop
  endfacet
  facet normal -8.594064e-01 -5.112931e-01 0.000000e+00
    outer loop
      vertex -1.732051e+01 -1.000000e+01 5.000000e-01
      vertex -1.705280e+01 -1.044997e+01 5.000000e-01
      vertex -1.705280e+01 -1.044997e+01 7.500000e+01
    endloop
  endfacet
  facet normal -8.457278e-01 -5.336145e-01 0.000000e+00
    outer loop
      vertex -1.705280e+01 -1.044997e+01 5.000000e-01
      vertex -1.677341e+01 -1.089278e+01 7.500000e+01
      vertex -1.705280e+01 -1.044997e+01 7.500000e+01
    endloop
  endfacet
  facet normal -8.457278e-01 -5.336145e-01 0.000000e+00
    outer loop
      vertex -1.705280e+01 -1.044997e+01 5.000000e-01
      vertex -1.677341e+01 -1.089278e+01 5.000000e-01
      vertex -1.677341e+01 -1.089278e+01 7.500000e+01
    endloop
  endfacet
  facet normal -8.314696e-01 -5.555702e-01 0.000000e+00
    outer loop
      vertex -1.677341e+01 -1.089278e+01 5.000000e-01
      vertex -1.648252e+01 -1.132812e+01 7.500000e+01
      vertex -1.677341e+01 -1.089278e+01 7.500000e+01
    endloop
  endfacet
  facet normal -8.314696e-01 -5.555702e-01 0.000000e+00
    outer loop
      vertex -1.677341e+01 -1.089278e+01 5.000000e-01
      vertex -1.648252e+01 -1.132812e+01 5.000000e-01
      vertex -1.648252e+01 -1.132812e+01 7.500000e+01
    endloop
  endfacet
  facet normal -8.166416e-01 -5.771452e-01 0.000000e+00
    outer loop
      vertex -1.648252e+01 -1.132812e+01 5.000000e-01
      vertex -1.618034e+01 -1.175571e+01 7.500000e+01
      vertex -1.648252e+01 -1.132812e+01 7.500000e+01
    endloop
  endfacet
  facet normal -8.166416e-01 -5.771452e-01 0.000000e+00
    outer loop
      vertex -1.648252e+01 -1.132812e+01 5.000000e-01
      vertex -1.618034e+01 -1.175571e+01 5.000000e-01
      vertex -1.618034e+01 -1.175571e+01 7.500000e+01
    endloop
  endfacet
  facet normal -8.012538e-01 -5.983246e-01 0.000000e+00
    outer loop
      vertex -1.618034e+01 -1.175571e+01 5.000000e-01
      vertex -1.586707e+01 -1.217523e+01 7.500000e+01
      vertex -1.618034e+01 -1.175571e+01 7.500000e+01
    endloop
  endfacet
  facet normal -8.012538e-01 -5.983246e-01 0.000000e+00
    outer loop
      vertex -1.618034e+01 -1.175571e+01 5.000000e-01
      vertex -1.586707e+01 -1.217523e+01 5.000000e-01
      vertex -1.586707e+01 -1.217523e+01 7.500000e+01
    endloop
  endfacet
  facet normal -7.853169e-01 -6.190939e-01 0.000000e+00
    outer loop
      vertex -1.586707e+01 -1.217523e+01 5.000000e-01
      vertex -1.554292e+01 -1.258641e+01 7.500000e+01
      vertex -1.586707e+01 -1.217523e+01 7.500000e+01
    endloop
  endfacet
  facet normal -7.853169e-01 -6.190939e-01 0.000000e+00
    outer loop
      vertex -1.586707e+01 -1.217523e+01 5.000000e-01
      vertex -1.554292e+01 -1.258641e+01 5.000000e-01
      vertex -1.554292e+01 -1.258641e+01 7.500000e+01
    endloop
  endfacet
  facet normal -7.688418e-01 -6.394390e-01 0.000000e+00
    outer loop
      vertex -1.554292e+01 -1.258641e+01 5.000000e-01
      vertex -1.520812e+01 -1.298896e+01 7.500000e+01
      vertex -1.554292e+01 -1.258641e+01 7.500000e+01
    endloop
  endfacet
  facet normal -7.688418e-01 -6.394390e-01 0.000000e+00
    outer loop
      vertex -1.554292e+01 -1.258641e+01 5.000000e-01
      vertex -1.520812e+01 -1.298896e+01 5.000000e-01
      vertex -1.520812e+01 -1.298896e+01 7.500000e+01
    endloop
  endfacet
  facet normal -7.518398e-01 -6.593458e-01 0.000000e+00
    outer loop
      vertex -1.520812e+01 -1.298896e+01 5.000000e-01
      vertex -1.486290e+01 -1.338261e+01 7.500000e+01
      vertex -1.520812e+01 -1.298896e+01 7.500000e+01
    endloop
  endfacet
  facet normal -7.518398e-01 -6.593458e-01 0.000000e+00
    outer loop
      vertex -1.520812e+01 -1.298896e+01 5.000000e-01
      vertex -1.486290e+01 -1.338261e+01 5.000000e-01
      vertex -1.486290e+01 -1.338261e+01 7.500000e+01
    endloop
  endfacet
  facet normal -7.343225e-01 -6.788007e-01 0.000000e+00
    outer loop
      vertex -1.486290e+01 -1.338261e+01 5.000000e-01
      vertex -1.450749e+01 -1.376709e+01 7.500000e+01
      vertex -1.486290e+01 -1.338261e+01 7.500000e+01
    endloop
  endfacet
  facet normal -7.343225e-01 -6.788007e-01 0.000000e+00
    outer loop
      vertex -1.486290e+01 -1.338261e+01 5.000000e-01
      vertex -1.450749e+01 -1.376709e+01 5.000000e-01
      vertex -1.450749e+01 -1.376709e+01 7.500000e+01
    endloop
  endfacet
  facet normal -7.163019e-01 -6.977905e-01 0.000000e+00
    outer loop
      vertex -1.450749e+01 -1.376709e+01 5.000000e-01
      vertex -1.414214e+01 -1.414214e+01 7.500000e+01
      vertex -1.450749e+01 -1.376709e+01 7.500000e+01
    endloop
  endfacet
  facet normal -7.163019e-01 -6.977905e-01 0.000000e+00
    outer loop
      vertex -1.450749e+01 -1.376709e+01 5.000000e-01
      vertex -1.414214e+01 -1.414214e+01 5.000000e-01
      vertex -1.414214e+01 -1.414214e+01 7.500000e+01
    endloop
  endfacet
  facet normal -6.977905e-01 -7.163019e-01 0.000000e+00
    outer loop
      vertex -1.414214e+01 -1.414214e+01 5.000000e-01
      vertex -1.376709e+01 -1.450749e+01 7.500000e+01
      vertex -1.414214e+01 -1.414214e+01 7.500000e+01
    endloop
  endfacet
  facet normal -6.977905e-01 -7.163019e-01 0.000000e+00
    outer loop
      vertex -1.414214e+01 -1.414214e+01 5.000000e-01
      vertex -1.376709e+01 -1.450749e+01 5.000000e-01
      vertex -1.376709e+01 -1.450749e+01 7.500000e+01
    endloop
  endfacet
  facet normal -6.788007e-01 -7.343225e-01 0.000000e+00
    outer loop
      vertex -1.376709e+01 -1.450749e+01 5.000000e-01
      vertex -1.338261e+01 -1.486290e+01 7.500000e+01
      vertex -1.376709e+01 -1.450749e+01 7.500000e+01
    endloop
  endfacet
  facet normal -6.788007e-01 -7.343225e-01 0.000000e+00
    outer loop
      vertex -1.376709e+01 -1.450749e+01 5.000000e-01
      vertex -1.338261e+01 -1.486290e+01 5.000000e-01
      vertex -1.338261e+01 -1.486290e+01 7.500000e+01
    endloop
  endfacet
  facet normal -6.593458e-01 -7.518398e-01 0.000000e+00
    outer loop
      vertex -1.338261e+01 -1.486290e+01 5.000000e-01
      vertex -1.298896e+01 -1.520812e+01 7.500000e+01
      vertex -1.338261e+01 -1.486290e+01 7.500000e+01
    endloop
  endfacet
  facet normal -6.593458e-01 -7.518398e-01 0.000000e+00
    outer loop
      vertex -1.338261e+01 -1.486290e+01 5.000000e-01
      vertex -1.298896e+01 -1.520812e+01 5.000000e-01
      vertex -1.298896e+01 -1.520812e+01 7.500000e+01
    endloop
  endfacet
  facet normal -6.394390e-01 -7.688418e-01 0.000000e+00
    outer loop
      vertex -1.298896e+01 -1.520812e+01 5.000000e-01
      vertex -1.258641e+01 -1.554292e+01 7.500000e+01
      vertex -1.298896e+01 -1.520812e+01 7.500000e+01
    endloop
  endfacet
  facet normal -6.394390e-01 -7.688418e-01 0.000000e+00
    outer loop
      vertex -1.298896e+01 -1.520812e+01 5.000000e-01
      vertex -1.258641e+01 -1.554292e+01 5.000000e-01
      vertex -1.258641e+01 -1.554292e+01 7.500000e+01
    endloop
  endfacet
  facet normal -6.190939e-01 -7.853169e-01 0.000000e+00
    outer loop
      vertex -1.258641e+01 -1.554292e+01 5.000000e-01
      vertex -1.217523e+01 -1.586707e+01 7.500000e+01
      vertex -1.258641e+01 -1.554292e+01 7.500000e+01
    endloop
  endfacet
  facet normal -6.190939e-01 -7.853169e-01 0.000000e+00
    outer loop
      vertex -1.258641e+01 -1.554292e+01 5.000000e-01
      vertex -1.217523e+01 -1.586707e+01 5.000000e-01
      vertex -1.217523e+01 -1.586707e+01 7.500000e+01
    endloop
  endfacet
  facet normal -5.983246e-01 -8.012538e-01 0.000000e+00
    outer loop
      vertex -1.217523e+01 -1.586707e+01 5.000000e-01
      vertex -1.175571e+01 -1.618034e+01 7.500000e+01
      vertex -1.217523e+01 -1.586707e+01 7.500000e+01
    endloop
  endfacet
  facet normal -5.983246e-01 -8.012538e-01 0.000000e+00
    outer loop
      vertex -1.217523e+01 -1.586707e+01 5.000000e-01
      vertex -1.175571e+01 -1.618034e+01 5.000000e-01
      vertex -1.175571e+01 -1.618034e+01 7.500000e+01
    endloop
  endfacet
  facet normal -5.771452e-01 -8.166416e-01 0.000000e+00
    outer loop
      vertex -1.175571e+01 -1.618034e+01 5.000000e-01
      vertex -1.132812e+01 -1.648252e+01 7.500000e+01
      vertex -1.175571e+01 -1.618034e+01 7.500000e+01
    endloop
  endfacet
  facet normal -5.771452e-01 -8.166416e-01 0.000000e+00
    outer loop
      vertex -1.175571e+01 -1.618034e+01 5.000000e-01
      vertex -1.132812e+01 -1.648252e+01 5.000000e-01
      vertex -1.132812e+01 -1.648252e+01 7.500000e+01
    endloop
  endfacet
  facet normal -5.555702e-01 -8.314696e-01 0.000000e+00
    outer loop
      vertex -1.132812e+01 -1.648252e+01 5.000000e-01
      vertex -1.089278e+01 -1.677341e+01 7.500000e+01
      vertex -1.132812e+01 -1.648252e+01 7.500000e+01
    endloop
  endfacet
  facet normal -5.555702e-01 -8.314696e-01 0.000000e+00
    outer loop
      vertex -1.132812e+01 -1.648252e+01 5.000000e-01
      vertex -1.089278e+01 -1.677341e+01 5.000000e-01
      vertex -1.089278e+01 -1.677341e+01 7.500000e+01
    endloop
  endfacet
  facet normal -5.336145e-01 -8.457278e-01 0.000000e+00
    outer loop
      vertex -1.089278e+01 -1.677341e+01 5.000000e-01
      vertex -1.044997e+01 -1.705280e+01 7.500000e+01
      vertex -1.089278e+01 -1.677341e+01 7.500000e+01
    endloop
  endfacet
  facet normal -5.336145e-01 -8.457278e-01 0.000000e+00
    outer loop
      vertex -1.089278e+01 -1.677341e+01 5.000000e-01
      vertex -1.044997e+01 -1.705280e+01 5.000000e-01
      vertex -1.044997e+01 -1.705280e+01 7.500000e+01
    endloop
  endfacet
  facet normal -5.112931e-01 -8.594064e-01 0.000000e+00
    outer loop
      vertex -1.044997e+01 -1.705280e+01 5.000000e-01
      vertex -1.000000e+01 -1.732051e+01 7.500000e+01
      vertex -1.044997e+01 -1.705280e+01 7.500000e+01
    endloop
  endfacet
  facet normal -5.112931e-01 -8.594064e-01 0.000000e+00
    outer loop
      vertex -1.044997e+01 -1.705280e+01 5.000000e-01
      vertex -1.000000e+01 -1.732051e+01 5.000000e-01
      vertex -1.000000e+01 -1.732051e+01 7.500000e+01
    endloop
  endfacet
  facet normal -4.886212e-01 -8.724960e-01 0.000000e+00
    outer loop
      vertex -1.000000e+01 -1.732051e+01 5.000000e-01
      vertex -9.543175e+00 -1.757634e+01 7.500000e+01
      vertex -1.000000e+01 -1.732051e+01 7.500000e+01
    endloop
  endfacet
  facet normal -4.886212e-01 -8.724960e-01 0.000000e+00
    outer loop
      vertex -1.000000e+01 -1.732051e+01 5.000000e-01
      vertex -9.543175e+00 -1.757634e+01 5.000000e-01
      vertex -9.543175e+00 -1.757634e+01 7.500000e+01
    endloop
  endfacet
  facet normal -4.656145e-01 -8.849876e-01 0.000000e+00
    outer loop
      vertex -9.543175e+00 -1.757634e+01 5.000000e-01
      vertex -9.079810e+00 -1.782013e+01 7.500000e+01
      vertex -9.543175e+00 -1.757634e+01 7.500000e+01
    endloop
  endfacet
  facet normal -4.656145e-01 -8.849876e-01 0.000000e+00
    outer loop
      vertex -9.543175e+00 -1.757634e+01 5.000000e-01
      vertex -9.079810e+00 -1.782013e+01 5.000000e-01
      vertex -9.079810e+00 -1.782013e+01 7.500000e+01
    endloop
  endfacet
  facet normal -4.422887e-01 -8.968727e-01 0.000000e+00
    outer loop
      vertex -9.079810e+00 -1.782013e+01 5.000000e-01
      vertex -8.610222e+00 -1.805171e+01 7.500000e+01
      vertex -9.079810e+00 -1.782013e+01 7.500000e+01
    endloop
  endfacet
  facet normal -4.422887e-01 -8.968727e-01 0.000000e+00
    outer loop
      vertex -9.079810e+00 -1.782013e+01 5.000000e-01
      vertex -8.610222e+00 -1.805171e+01 5.000000e-01
      vertex -8.610222e+00 -1.805171e+01 7.500000e+01
    endloop
  endfacet
  facet normal -4.186597e-01 -9.081432e-01 0.000000e+00
    outer loop
      vertex -8.610222e+00 -1.805171e+01 5.000000e-01
      vertex -8.134733e+00 -1.827091e+01 7.500000e+01
      vertex -8.610222e+00 -1.805171e+01 7.500000e+01
    endloop
  endfacet
  facet normal -4.186597e-01 -9.081432e-01 0.000000e+00
    outer loop
      vertex -8.610222e+00 -1.805171e+01 5.000000e-01
      vertex -8.134733e+00 -1.827091e+01 5.000000e-01
      vertex -8.134733e+00 -1.827091e+01 7.500000e+01
    endloop
  endfacet
  facet normal -3.947439e-01 -9.187912e-01 0.000000e+00
    outer loop
      vertex -8.134733e+00 -1.827091e+01 5.000000e-01
      vertex -7.653669e+00 -1.847759e+01 7.500000e+01
      vertex -8.134733e+00 -1.827091e+01 7.500000e+01
    endloop
  endfacet
  facet normal -3.947439e-01 -9.187912e-01 0.000000e+00
    outer loop
      vertex -8.134733e+00 -1.827091e+01 5.000000e-01
      vertex -7.653669e+00 -1.847759e+01 5.000000e-01
      vertex -7.653669e+00 -1.847759e+01 7.500000e+01
    endloop
  endfacet
  facet normal -3.705574e-01 -9.288096e-01 0.000000e+00
    outer loop
      vertex -7.653669e+00 -1.847759e+01 5.000000e-01
      vertex -7.167359e+00 -1.867161e+01 7.500000e+01
      vertex -7.653669e+00 -1.847759e+01 7.500000e+01
    endloop
  endfacet
  facet normal -3.705574e-01 -9.288096e-01 0.000000e+00
    outer loop
      vertex -7.653669e+00 -1.847759e+01 5.000000e-01
      vertex -7.167359e+00 -1.867161e+01 5.000000e-01
      vertex -7.167359e+00 -1.867161e+01 7.500000e+01
    endloop
  endfacet
  facet normal -3.461171e-01 -9.381913e-01 0.000000e+00
    outer loop
      vertex -7.167359e+00 -1.867161e+01 5.000000e-01
      vertex -6.676137e+00 -1.885283e+01 7.500000e+01
      vertex -7.167359e+00 -1.867161e+01 7.500000e+01
    endloop
  endfacet
  facet normal -3.461171e-01 -9.381913e-01 0.000000e+00
    outer loop
      vertex -7.167359e+00 -1.867161e+01 5.000000e-01
      vertex -6.676137e+00 -1.885283e+01 5.000000e-01
      vertex -6.676137e+00 -1.885283e+01 7.500000e+01
    endloop
  endfacet
  facet normal -3.214395e-01 -9.469301e-01 0.000000e+00
    outer loop
      vertex -6.676137e+00 -1.885283e+01 5.000000e-01
      vertex -6.180340e+00 -1.902113e+01 7.500000e+01
      vertex -6.676137e+00 -1.885283e+01 7.500000e+01
    endloop
  endfacet
  facet normal -3.214395e-01 -9.469301e-01 0.000000e+00
    outer loop
      vertex -6.676137e+00 -1.885283e+01 5.000000e-01
      vertex -6.180340e+00 -1.902113e+01 5.000000e-01
      vertex -6.180340e+00 -1.902113e+01 7.500000e+01
    endloop
  endfacet
  facet normal -2.965416e-01 -9.550199e-01 0.000000e+00
    outer loop
      vertex -6.180340e+00 -1.902113e+01 5.000000e-01
      vertex -5.680307e+00 -1.917639e+01 7.500000e+01
      vertex -6.180340e+00 -1.902113e+01 7.500000e+01
    endloop
  endfacet
  facet normal -2.965416e-01 -9.550199e-01 0.000000e+00
    outer loop
      vertex -6.180340e+00 -1.902113e+01 5.000000e-01
      vertex -5.680307e+00 -1.917639e+01 5.000000e-01
      vertex -5.680307e+00 -1.917639e+01 7.500000e+01
    endloop
  endfacet
  facet normal -2.714404e-01 -9.624552e-01 0.000000e+00
    outer loop
      vertex -5.680307e+00 -1.917639e+01 5.000000e-01
      vertex -5.176381e+00 -1.931852e+01 7.500000e+01
      vertex -5.680307e+00 -1.917639e+01 7.500000e+01
    endloop
  endfacet
  facet normal -2.714404e-01 -9.624552e-01 0.000000e+00
    outer loop
      vertex -5.680307e+00 -1.917639e+01 5.000000e-01
      vertex -5.176381e+00 -1.931852e+01 5.000000e-01
      vertex -5.176381e+00 -1.931852e+01 7.500000e+01
    endloop
  endfacet
  facet normal -2.461533e-01 -9.692309e-01 0.000000e+00
    outer loop
      vertex -5.176381e+00 -1.931852e+01 5.000000e-01
      vertex -4.668907e+00 -1.944740e+01 7.500000e+01
      vertex -5.176381e+00 -1.931852e+01 7.500000e+01
    endloop
  endfacet
  facet normal -2.461533e-01 -9.692309e-01 0.000000e+00
    outer loop
      vertex -5.176381e+00 -1.931852e+01 5.000000e-01
      vertex -4.668907e+00 -1.944740e+01 5.000000e-01
      vertex -4.668907e+00 -1.944740e+01 7.500000e+01
    endloop
  endfacet
  facet normal -2.206974e-01 -9.753423e-01 0.000000e+00
    outer loop
      vertex -4.668907e+00 -1.944740e+01 5.000000e-01
      vertex -4.158234e+00 -1.956295e+01 7.500000e+01
      vertex -4.668907e+00 -1.944740e+01 7.500000e+01
    endloop
  endfacet
  facet normal -2.206974e-01 -9.753423e-01 0.000000e+00
    outer loop
      vertex -4.668907e+00 -1.944740e+01 5.000000e-01
      vertex -4.158234e+00 -1.956295e+01 5.000000e-01
      vertex -4.158234e+00 -1.956295e+01 7.500000e+01
    endloop
  endfacet
  facet normal -1.950903e-01 -9.807853e-01 0.000000e+00
    outer loop
      vertex -4.158234e+00 -1.956295e+01 5.000000e-01
      vertex -3.644711e+00 -1.966510e+01 7.500000e+01
      vertex -4.158234e+00 -1.956295e+01 7.500000e+01
    endloop
  endfacet
  facet normal -1.950903e-01 -9.807853e-01 0.000000e+00
    outer loop
      vertex -4.158234e+00 -1.956295e+01 5.000000e-01
      vertex -3.644711e+00 -1.966510e+01 5.000000e-01
      vertex -3.644711e+00 -1.966510e+01 7.500000e+01
    endloop
  endfacet
  facet normal -1.693495e-01 -9.855561e-01 0.000000e+00
    outer loop
      vertex -3.644711e+00 -1.966510e+01 5.000000e-01
      vertex -3.128689e+00 -1.975377e+01 7.500000e+01
      vertex -3.644711e+00 -1.966510e+01 7.500000e+01
    endloop
  endfacet
  facet normal -1.693495e-01 -9.855561e-01 0.000000e+00
    outer loop
      vertex -3.644711e+00 -1.966510e+01 5.000000e-01
      vertex -3.128689e+00 -1.975377e+01 5.000000e-01
      vertex -3.128689e+00 -1.975377e+01 7.500000e+01
    endloop
  endfacet
  facet normal -1.434926e-01 -9.896514e-01 0.000000e+00
    outer loop
      vertex -3.128689e+00 -1.975377e+01 5.000000e-01
      vertex -2.610524e+00 -1.982890e+01 7.500000e+01
      vertex -3.128689e+00 -1.975377e+01 7.500000e+01
    endloop
  endfacet
  facet normal -1.434926e-01 -9.896514e-01 0.000000e+00
    outer loop
      vertex -3.128689e+00 -1.975377e+01 5.000000e-01
      vertex -2.610524e+00 -1.982890e+01 5.000000e-01
      vertex -2.610524e+00 -1.982890e+01 7.500000e+01
    endloop
  endfacet
  facet normal -1.175374e-01 -9.930685e-01 0.000000e+00
    outer loop
      vertex -2.610524e+00 -1.982890e+01 5.000000e-01
      vertex -2.090569e+00 -1.989044e+01 7.500000e+01
      vertex -2.610524e+00 -1.982890e+01 7.500000e+01
    endloop
  endfacet
  facet normal -1.175374e-01 -9.930685e-01 0.000000e+00
    outer loop
      vertex -2.610524e+00 -1.982890e+01 5.000000e-01
      vertex -2.090569e+00 -1.989044e+01 5.000000e-01
      vertex -2.090569e+00 -1.989044e+01 7.500000e+01
    endloop
  endfacet
  facet normal -9.150162e-02 -9.958049e-01 0.000000e+00
    outer loop
      vertex -2.090569e+00 -1.989044e+01 5.000000e-01
      vertex -1.569182e+00 -1.993835e+01 7.500000e+01
      vertex -2.090569e+00 -1.989044e+01 7.500000e+01
    endloop
  endfacet
  facet normal -9.150162e-02 -9.958049e-01 0.000000e+00
    outer loop
      vertex -2.090569e+00 -1.989044e+01 5.000000e-01
      vertex -1.569182e+00 -1.993835e+01 5.000000e-01
      vertex -1.569182e+00 -1.993835e+01 7.500000e+01
    endloop
  endfacet
  facet normal -6.540313e-02 -9.978589e-01 0.000000e+00
    outer loop
      vertex -1.569182e+00 -1.993835e+01 5.000000e-01
      vertex -1.046719e+00 -1.997259e+01 7.500000e+01
      vertex -1.569182e+00 -1.993835e+01 7.500000e+01
    endloop
  endfacet
  facet normal -6.540313e-02 -9.978589e-01 0.000000e+00
    outer loop
      vertex -1.569182e+00 -1.993835e+01 5.000000e-01
      vertex -1.046719e+00 -1.997259e+01 5.000000e-01
      vertex -1.046719e+00 -1.997259e+01 7.500000e+01
    endloop
  endfacet
  facet normal -3.925982e-02 -9.992290e-01 0.000000e+00
    outer loop
      vertex -1.046719e+00 -1.997259e+01 5.000000e-01
      vertex -5.235390e-01 -1.999315e+01 7.500000e+01
      vertex -1.046719e+00 -1.997259e+01 7.500000e+01
    endloop
  endfacet
  facet normal -3.925982e-02 -9.992290e-01 0.000000e+00
    outer loop
      vertex -1.046719e+00 -1.997259e+01 5.000000e-01
      vertex -5.235390e-01 -1.999315e+01 5.000000e-01
      vertex -5.235390e-01 -1.999315e+01 7.500000e+01
    endloop
  endfacet
  facet normal -1.308960e-02 -9.999143e-01 0.000000e+00
    outer loop
      vertex -5.235390e-01 -1.999315e+01 5.000000e-01
      vertex -3.673940e-15 -2.000000e+01 7.500000e+01
      vertex -5.235390e-01 -1.999315e+01 7.500000e+01
    endloop
  endfacet
  facet normal -1.308960e-02 -9.999143e-01 0.000000e+00
    outer loop
      vertex -5.235390e-01 -1.999315e+01 5.000000e-01
      vertex -3.673940e-15 -2.000000e+01 5.000000e-01
      vertex -3.673940e-15 -2.000000e+01 7.500000e+01
    endloop
  endfacet
  facet normal 1.308960e-02 -9.999143e-01 0.000000e+00
    outer loop
      vertex -3.673940e-15 -2.000000e+01 5.000000e-01
      vertex 5.235390e-01 -1.999315e+01 7.500000e+01
      vertex -3.673940e-15 -2.000000e+01 7.500000e+01
    endloop
  endfacet
  facet normal 1.308960e-02 -9.999143e-01 0.000000e+00
    outer loop
      vertex -3.673940e-15 -2.000000e+01 5.000000e-01
      vertex 5.235390e-01 -1.999315e+01 5.000000e-01
      vertex 5.235390e-01 -1.999315e+01 7.500000e+01
    endloop
  endfacet
  facet normal 3.925982e-02 -9.992290e-01 0.000000e+00
    outer loop
      vertex 5.235390e-01 -1.999315e+01 5.000000e-01
      vertex 1.046719e+00 -1.997259e+01 7.500000e+01
      vertex 5.235390e-01 -1.999315e+01 7.500000e+01
    endloop
  endfacet
  facet normal 3.925982e-02 -9.992290e-01 0.000000e+00
    outer loop
      vertex 5.235390e-01 -1.999315e+01 5.000000e-01
      vertex 1.046719e+00 -1.997259e+01 5.000000e-01
      vertex 1.046719e+00 -1.997259e+01 7.500000e+01
    endloop
  endfacet
  facet normal 6.540313e-02 -9.978589e-01 0.000000e+00
    outer loop
      vertex 1.046719e+00 -1.997259e+01 5.000000e-01
      vertex 1.569182e+00 -1.993835e+01 7.500000e+01
      vertex 1.046719e+00 -1.997259e+01 7.500000e+01
    endloop
  endfacet
  facet normal 6.540313e-02 -9.978589e-01 0.000000e+00
    outer loop
      vertex 1.046719e+00 -1.997259e+01 5.000000e-01
      vertex 1.569182e+00 -1.993835e+01 5.000000e-01
      vertex 1.569182e+00 -1.993835e+01 7.500000e+01
    endloop
  endfacet
  facet normal 9.150162e-02 -9.958049e-01 0.000000e+00
    outer loop
      vertex 1.569182e+00 -1.993835e+01 5.000000e-01
      vertex 2.090569e+00 -1.989044e+01 7.500000e+01
      vertex 1.569182e+00 -1.993835e+01 7.500000e+01
    endloop
  endfacet
  facet normal 9.150162e-02 -9.958049e-01 0.000000e+00
    outer loop
      vertex 1.569182e+00 -1.993835e+01 5.000000e-01
      vertex 2.090569e+00 -1.989044e+01 5.000000e-01
      vertex 2.090569e+00 -1.989044e+01 7.500000e+01
    endloop
  endfacet
  facet normal 1.175374e-01 -9.930685e-01 0.000000e+00
    outer loop
      vertex 2.090569e+00 -1.989044e+01 5.000000e-01
      vertex 2.610524e+00 -1.982890e+01 7.500000e+01
      vertex 2.090569e+00 -1.989044e+01 7.500000e+01
    endloop
  endfacet
  facet normal 1.175374e-01 -9.930685e-01 0.000000e+00
    outer loop
      vertex 2.090569e+00 -1.989044e+01 5.000000e-01
      vertex 2.610524e+00 -1.982890e+01 5.000000e-01
      vertex 2.610524e+00 -1.982890e+01 7.500000e+01
    endloop
  endfacet
  facet normal 1.434926e-01 -9.896514e-01 0.000000e+00
    outer loop
      vertex 2.610524e+00 -1.982890e+01 5.000000e-01
      vertex 3.128689e+00 -1.975377e+01 7.500000e+01
      vertex 2.610524e+00 -1.982890e+01 7.500000e+01
    endloop
  endfacet
  facet normal 1.434926e-01 -9.896514e-01 0.000000e+00
    outer loop
      vertex 2.610524e+00 -1.982890e+01 5.000000e-01
      vertex 3.128689e+00 -1.975377e+01 5.000000e-01
      vertex 3.128689e+00 -1.975377e+01 7.500000e+01
    endloop
  endfacet
  facet normal 1.693495e-01 -9.855561e-01 0.000000e+00
    outer loop
      vertex 3.128689e+00 -1.975377e+01 5.000000e-01
      vertex 3.644711e+00 -1.966510e+01 7.500000e+01
      vertex 3.128689e+00 -1.975377e+01 7.500000e+01
    endloop
  endfacet
  facet normal 1.693495e-01 -9.855561e-01 0.000000e+00
    outer loop
      vertex 3.128689e+00 -1.975377e+01 5.000000e-01
      vertex 3.644711e+00 -1.966510e+01 5.000000e-01
      vertex 3.644711e+00 -1.966510e+01 7.500000e+01
    endloop
  endfacet
  facet normal 1.950903e-01 -9.807853e-01 0.000000e+00
    outer loop
      vertex 3.644711e+00 -1.966510e+01 5.000000e-01
      vertex 4.158234e+00 -1.956295e+01 7.500000e+01
      vertex 3.644711e+00 -1.966510e+01 7.500000e+01
    endloop
  endfacet
  facet normal 1.950903e-01 -9.807853e-01 0.000000e+00
    outer loop
      vertex 3.644711e+00 -1.966510e+01 5.000000e-01
      vertex 4.158234e+00 -1.956295e+01 5.000000e-01
      vertex 4.158234e+00 -1.956295e+01 7.500000e+01
    endloop
  endfacet
  facet normal 2.206974e-01 -9.753423e-01 0.000000e+00
    outer loop
      vertex 4.158234e+00 -1.956295e+01 5.000000e-01
      vertex 4.668907e+00 -1.944740e+01 7.500000e+01
      vertex 4.158234e+00 -1.956295e+01 7.500000e+01
    endloop
  endfacet
  facet normal 2.206974e-01 -9.753423e-01 0.000000e+00
    outer loop
      vertex 4.158234e+00 -1.956295e+01 5.000000e-01
      vertex 4.668907e+00 -1.944740e+01 5.000000e-01
      vertex 4.668907e+00 -1.944740e+01 7.500000e+01
    endloop
  endfacet
  facet normal 2.461533e-01 -9.692309e-01 0.000000e+00
    outer loop
      vertex 4.668907e+00 -1.944740e+01 5.000000e-01
      vertex 5.176381e+00 -1.931852e+01 7.500000e+01
      vertex 4.668907e+00 -1.944740e+01 7.500000e+01
    endloop
  endfacet
  facet normal 2.461533e-01 -9.692309e-01 0.000000e+00
    outer loop
      vertex 4.668907e+00 -1.944740e+01 5.000000e-01
      vertex 5.176381e+00 -1.931852e+01 5.000000e-01
      vertex 5.176381e+00 -1.931852e+01 7.500000e+01
    endloop
  endfacet
  facet normal 2.714404e-01 -9.624552e-01 0.000000e+00
    outer loop
      vertex 5.176381e+00 -1.931852e+01 5.000000e-01
      vertex 5.680307e+00 -1.917639e+01 7.500000e+01
      vertex 5.176381e+00 -1.931852e+01 7.500000e+01
    endloop
  endfacet
  facet normal 2.714404e-01 -9.624552e-01 0.000000e+00
    outer loop
      vertex 5.176381e+00 -1.931852e+01 5.000000e-01
      vertex 5.680307e+00 -1.917639e+01 5.000000e-01
      vertex 5.680307e+00 -1.917639e+01 7.500000e+01
    endloop
  endfacet
  facet normal 2.965416e-01 -9.550199e-01 0.000000e+00
    outer loop
      vertex 5.680307e+00 -1.917639e+01 5.000000e-01
      vertex 6.180340e+00 -1.902113e+01 7.500000e+01
      vertex 5.680307e+00 -1.917639e+01 7.500000e+01
    endloop
  endfacet
  facet normal 2.965416e-01 -9.550199e-01 0.000000e+00
    outer loop
      vertex 5.680307e+00 -1.917639e+01 5.000000e-01
      vertex 6.180340e+00 -1.902113e+01 5.000000e-01
      vertex 6.180340e+00 -1.902113e+01 7.500000e+01
    endloop
  endfacet
  facet normal 3.214395e-01 -9.469301e-01 0.000000e+00
    outer loop
      vertex 6.180340e+00 -1.902113e+01 5.000000e-01
      vertex 6.676137e+00 -1.885283e+01 7.500000e+01
      vertex 6.180340e+00 -1.902113e+01 7.500000e+01
    endloop
  endfacet
  facet normal 3.214395e-01 -9.469301e-01 0.000000e+00
    outer loop
      vertex 6.180340e+00 -1.902113e+01 5.000000e-01
      vertex 6.676137e+00 -1.885283e+01 5.000000e-01
      vertex 6.676137e+00 -1.885283e+01 7.500000e+01
    endloop
  endfacet
  facet normal 3.461171e-01 -9.381913e-01 0.000000e+00
    outer loop
      vertex 6.676137e+00 -1.885283e+01 5.000000e-01
      vertex 7.167359e+00 -1.867161e+01 7.500000e+01
      vertex 6.676137e+00 -1.885283e+01 7.500000e+01
    endloop
  endfacet
  facet normal 3.461171e-01 -9.381913e-01 0.000000e+00
    outer loop
      vertex 6.676137e+00 -1.885283e+01 5.000000e-01
      vertex 7.167359e+00 -1.867161e+01 5.000000e-01
      vertex 7.167359e+00 -1.867161e+01 7.500000e+01
    endloop
  endfacet
  facet normal 3.705574e-01 -9.288096e-01 0.000000e+00
    outer loop
      vertex 7.167359e+00 -1.867161e+01 5.000000e-01
      vertex 7.653669e+00 -1.847759e+01 7.500000e+01
      vertex 7.167359e+00 -1.867161e+01 7.500000e+01
    endloop
  endfacet
  facet normal 3.705574e-01 -9.288096e-01 0.000000e+00
    outer loop
      vertex 7.167359e+00 -1.867161e+01 5.000000e-01
      vertex 7.653669e+00 -1.847759e+01 5.000000e-01
      vertex 7.653669e+00 -1.847759e+01 7.500000e+01
    endloop
  endfacet
  facet normal 3.947439e-01 -9.187912e-01 0.000000e+00
    outer loop
      vertex 7.653669e+00 -1.847759e+01 5.000000e-01
      vertex 8.134733e+00 -1.827091e+01 7.500000e+01
      vertex 7.653669e+00 -1.847759e+01 7.500000e+01
    endloop
  endfacet
  facet normal 3.947439e-01 -9.187912e-01 0.000000e+00
    outer loop
      vertex 7.653669e+00 -1.847759e+01 5.000000e-01
      vertex 8.134733e+00 -1.827091e+01 5.000000e-01
      vertex 8.134733e+00 -1.827091e+01 7.500000e+01
    endloop
  endfacet
  facet normal 4.186597e-01 -9.081432e-01 0.000000e+00
    outer loop
      vertex 8.134733e+00 -1.827091e+01 5.000000e-01
      vertex 8.610222e+00 -1.805171e+01 7.500000e+01
      vertex 8.134733e+00 -1.827091e+01 7.500000e+01
    endloop
  endfacet
  facet normal 4.186597e-01 -9.081432e-01 0.000000e+00
    outer loop
      vertex 8.134733e+00 -1.827091e+01 5.000000e-01
      vertex 8.610222e+00 -1.805171e+01 5.000000e-01
      vertex 8.610222e+00 -1.805171e+01 7.500000e+01
    endloop
  endfacet
  facet normal 4.422887e-01 -8.968727e-01 0.000000e+00
    outer loop
      vertex 8.610222e+00 -1.805171e+01 5.000000e-01
      vertex 9.079810e+00 -1.782013e+01 7.500000e+01
      vertex 8.610222e+00 -1.805171e+01 7.500000e+01
    endloop
  endfacet
  facet normal 4.422887e-01 -8.968727e-01 0.000000e+00
    outer loop
      vertex 8.610222e+00 -1.805171e+01 5.000000e-01
      vertex 9.079810e+00 -1.782013e+01 5.000000e-01
      vertex 9.079810e+00 -1.782013e+01 7.500000e+01
    endloop
  endfacet
  facet normal 4.656145e-01 -8.849876e-01 0.000000e+00
    outer loop
      vertex 9.079810e+00 -1.782013e+01 5.000000e-01
      vertex 9.543175e+00 -1.757634e+01 7.500000e+01
      vertex 9.079810e+00 -1.782013e+01 7.500000e+01
    endloop
  endfacet
  facet normal 4.656145e-01 -8.849876e-01 0.000000e+00
    outer loop
      vertex 9.079810e+00 -1.782013e+01 5.000000e-01
      vertex 9.543175e+00 -1.757634e+01 5.000000e-01
      vertex 9.543175e+00 -1.757634e+01 7.500000e+01
    endloop
  endfacet
  facet normal 4.886212e-01 -8.724960e-01 0.000000e+00
    outer loop
      vertex 9.543175e+00 -1.757634e+01 5.000000e-01
      vertex 1.000000e+01 -1.732051e+01 7.500000e+01
      vertex 9.543175e+00 -1.757634e+01 7.500000e+01
    endloop
  endfacet
  facet normal 4.886212e-01 -8.724960e-01 0.000000e+00
    outer loop
      vertex 9.543175e+00 -1.757634e+01 5.000000e-01
      vertex 1.000000e+01 -1.732051e+01 5.000000e-01
      vertex 1.000000e+01 -1.732051e+01 7.500000e+01
    endloop
  endfacet
  facet normal 5.112931e-01 -8.594064e-01 0.000000e+00
    outer loop
      vertex 1.000000e+01 -1.732051e+01 5.000000e-01
      vertex 1.044997e+01 -1.705280e+01 7.500000e+01
      vertex 1.000000e+01 -1.732051e+01 7.500000e+01
    endloop
  endfacet
  facet normal 5.112931e-01 -8.594064e-01 0.000000e+00
    outer loop
      vertex 1.000000e+01 -1.732051e+01 5.000000e-01
      vertex 1.044997e+01 -1.705280e+01 5.000000e-01
      vertex 1.044997e+01 -1.705280e+01 7.500000e+01
    endloop
  endfacet
  facet normal 5.336145e-01 -8.457278e-01 0.000000e+00
    outer loop
      vertex 1.044997e+01 -1.705280e+01 5.000000e-01
      vertex 1.089278e+01 -1.677341e+01 7.500000e+01
      vertex 1.044997e+01 -1.705280e+01 7.500000e+01
    endloop
  endfacet
  facet normal 5.336145e-01 -8.457278e-01 0.000000e+00
    outer loop
      vertex 1.044997e+01 -1.705280e+01 5.000000e-01
      vertex 1.089278e+01 -1.677341e+01 5.000000e-01
      vertex 1.089278e+01 -1.677341e+01 7.500000e+01
    endloop
  endfacet
  facet normal 5.555702e-01 -8.314696e-01 0.000000e+00
    outer loop
      vertex 1.089278e+01 -1.677341e+01 5.000000e-01
      vertex 1.132812e+01 -1.648252e+01 7.500000e+01
      vertex 1.089278e+01 -1.677341e+01 7.500000e+01
    endloop
  endfacet
  facet normal 5.555702e-01 -8.314696e-01 0.000000e+00
    outer loop
      vertex 1.089278e+01 -1.677341e+01 5.000000e-01
      vertex 1.132812e+01 -1.648252e+01 5.000000e-01
      vertex 1.132812e+01 -1.648252e+01 7.500000e+01
    endloop
  endfacet
  facet normal 5.771452e-01 -8.166416e-01 0.000000e+00
    outer loop
      vertex 1.132812e+01 -1.648252e+01 5.000000e-01
      vertex 1.175571e+01 -1.618034e+01 7.500000e+01
      vertex 1.132812e+01 -1.648252e+01 7.500000e+01
    endloop
  endfacet
  facet normal 5.771452e-01 -8.166416e-01 0.000000e+00
    outer loop
      vertex 1.132812e+01 -1.648252e+01 5.000000e-01
      vertex 1.175571e+01 -1.618034e+01 5.000000e-01
      vertex 1.175571e+01 -1.618034e+01 7.500000e+01
    endloop
  endfacet
  facet normal 5.983246e-01 -8.012538e-01 0.000000e+00
    outer loop
      vertex 1.175571e+01 -1.618034e+01 5.000000e-01
      vertex 1.217523e+01 -1.586707e+01 7.500000e+01
      vertex 1.175571e+01 -1.618034e+01 7.500000e+01
    endloop
  endfacet
  facet normal 5.983246e-01 -8.012538e-01 0.000000e+00
    outer loop
      vertex 1.175571e+01 -1.618034e+01 5.000000e-01
      vertex 1.217523e+01 -1.586707e+01 5.000000e-01
      vertex 1.217523e+01 -1.586707e+01 7.500000e+01
    endloop
  endfacet
  facet normal 6.190939e-01 -7.853169e-01 0.000000e+00
    outer loop
      vertex 1.217523e+01 -1.586707e+01 5.000000e-01
      vertex 1.258641e+01 -1.554292e+01 7.500000e+01
      vertex 1.217523e+01 -1.586707e+01 7.500000e+01
    endloop
  endfacet
  facet normal 6.190939e-01 -7.853169e-01 0.000000e+00
    outer loop
      vertex 1.217523e+01 -1.586707e+01 5.000000e-01
      vertex 1.258641e+01 -1.554292e+01 5.000000e-01
      vertex 1.258641e+01 -1.554292e+01 7.500000e+01
    endloop
  endfacet
  facet normal 6.394390e-01 -7.688418e-01 0.000000e+00
    outer loop
      vertex 1.258641e+01 -1.554292e+01 5.000000e-01
      vertex 1.298896e+01 -1.520812e+01 7.500000e+01
      vertex 1.258641e+01 -1.554292e+01 7.500000e+01
    endloop
  endfacet
  facet normal 6.394390e-01 -7.688418e-01 0.000000e+00
    outer loop
      vertex 1.258641e+01 -1.554292e+01 5.000000e-01
      vertex 1.298896e+01 -1.520812e+01 5.000000e-01
      vertex 1.298896e+01 -1.520812e+01 7.500000e+01
    endloop
  endfacet
  facet normal 6.593458e-01 -7.518398e-01 0.000000e+00
    outer loop
      vertex 1.298896e+01 -1.520812e+01 5.000000e-01
      vertex 1.338261e+01 -1.486290e+01 7.500000e+01
      vertex 1.298896e+01 -1.520812e+01 7.500000e+01
    endloop
  endfacet
  facet normal 6.593458e-01 -7.518398e-01 0.000000e+00
    outer loop
      vertex 1.298896e+01 -1.520812e+01 5.000000e-01
      vertex 1.338261e+01 -1.486290e+01 5.000000e-01
      vertex 1.338261e+01 -1.486290e+01 7.500000e+01
    endloop
  endfacet
  facet normal 6.788007e-01 -7.343225e-01 0.000000e+00
    outer loop
      vertex 1.338261e+01 -1.486290e+01 5.000000e-01
      vertex 1.376709e+01 -1.450749e+01 7.500000e+01
      vertex 1.338261e+01 -1.486290e+01 7.500000e+01
    endloop
  endfacet
  facet normal 6.788007e-01 -7.343225e-01 0.000000e+00
    outer loop
      vertex 1.338261e+01 -1.486290e+01 5.000000e-01
      vertex 1.376709e+01 -1.450749e+01 5.000000e-01
      vertex 1.376709e+01 -1.450749e+01 7.500000e+01
    endloop
  endfacet
  facet normal 6.977905e-01 -7.163019e-01 0.000000e+00
    outer loop
      vertex 1.376709e+01 -1.450749e+01 5.000000e-01
      vertex 1.414214e+01 -1.414214e+01 7.500000e+01
      vertex 1.376709e+01 -1.450749e+01 7.500000e+01
    endloop
  endfacet
  facet normal 6.977905e-01 -7.163019e-01 0.000000e+00
    outer loop
      vertex 1.376709e+01 -1.450749e+01 5.000000e-01
      vertex 1.414214e+01 -1.414214e+01 5.000000e-01
      vertex 1.414214e+01 -1.414214e+01 7.500000e+01
    endloop
  endfacet
  facet normal 7.163019e-01 -6.977905e-01 0.000000e+00
    outer loop
      vertex 1.414214e+01 -1.414214e+01 5.000000e-01
      vertex 1.450749e+01 -1.376709e+01 7.500000e+01
      vertex 1.414214e+01 -1.414214e+01 7.500000e+01
    endloop
  endfacet
  facet normal 7.163019e-01 -6.977905e-01 0.000000e+00
    outer loop
      vertex 1.414214e+01 -1.414214e+01 5.000000e-01
      vertex 1.450749e+01 -1.376709e+01 5.000000e-01
      vertex 1.450749e+01 -1.376709e+01 7.500000e+01
    endloop
  endfacet
  facet normal 7.343225e-01 -6.788007e-01 0.000000e+00
    outer loop
      vertex 1.450749e+01 -1.376709e+01 5.000000e-01
      vertex 1.486290e+01 -1.338261e+01 7.500000e+01
      vertex 1.450749e+01 -1.376709e+01 7.500000e+01
    endloop
  endfacet
  facet normal 7.343225e-01 -6.788007e-01 0.000000e+00
    outer loop
      vertex 1.450749e+01 -1.376709e+01 5.000000e-01
      vertex 1.486290e+01 -1.338261e+01 5.000000e-01
      vertex 1.486290e+01 -1.338261e+01 7.500000e+01
    endloop
  endfacet
  facet normal 7.518398e-01 -6.593458e-01 0.000000e+00
    outer loop
      vertex 1.486290e+01 -1.338261e+01 5.000000e-01
      vertex 1.520812e+01 -1.298896e+01 7.500000e+01
      vertex 1.486290e+01 -1.338261e+01 7.500000e+01
    endloop
  endfacet
  facet normal 7.518398e-01 -6.593458e-01 0.000000e+00
    outer loop
      vertex 1.486290e+01 -1.338261e+01 5.000000e-01
      vertex 1.520812e+01 -1.298896e+01 5.000000e-01
      vertex 1.520812e+01 -1.298896e+01 7.500000e+01
    endloop
  endfacet
  facet normal 7.688418e-01 -6.394390e-01 0.000000e+00
    outer loop
      vertex 1.520812e+01 -1.298896e+01 5.000000e-01
      vertex 1.554292e+01 -1.258641e+01 7.500000e+01
      vertex 1.520812e+01 -1.298896e+01 7.500000e+01
    endloop
  endfacet
  facet normal 7.688418e-01 -6.394390e-01 0.000000e+00
    outer loop
      vertex 1.520812e+01 -1.298896e+01 5.000000e-01
      vertex 1.554292e+01 -1.258641e+01 5.000000e-01
      vertex 1.554292e+01 -1.258641e+01 7.500000e+01
    endloop
  endfacet
  facet normal 7.853169e-01 -6.190939e-01 0.000000e+00
    outer loop
      vertex 1.554292e+01 -1.258641e+01 5.000000e-01
      vertex 1.586707e+01 -1.217523e+01 7.500000e+01
      vertex 1.554292e+01 -1.258641e+01 7.500000e+01
    endloop
  endfacet
  facet normal 7.853169e-01 -6.190939e-01 0.000000e+00
    outer loop
      vertex 1.554292e+01 -1.258641e+01 5.000000e-01
      vertex 1.586707e+01 -1.217523e+01 5.000000e-01
      vertex 1.586707e+01 -1.217523e+01 7.500000e+01
    endloop
  endfacet
  facet normal 8.012538e-01 -5.983246e-01 0.000000e+00
    outer loop
      vertex 1.586707e+01 -1.217523e+01 5.000000e-01
      vertex 1.618034e+01 -1.175571e+01 7.500000e+01
      vertex 1.586707e+01 -1.217523e+01 7.500000e+01
    endloop
  endfacet
  facet normal 8.012538e-01 -5.983246e-01 0.000000e+00
    outer loop
      vertex 1.586707e+01 -1.217523e+01 5.000000e-01
      vertex 1.618034e+01 -1.175571e+01 5.000000e-01
      vertex 1.618034e+01 -1.175571e+01 7.500000e+01
    endloop
  endfacet
  facet normal 8.166416e-01 -5.771452e-01 0.000000e+00
    outer loop
      vertex 1.618034e+01 -1.175571e+01 5.000000e-01
      vertex 1.648252e+01 -1.132812e+01 7.500000e+01
      vertex 1.618034e+01 -1.175571e+01 7.500000e+01
    endloop
  endfacet
  facet normal 8.166416e-01 -5.771452e-01 0.000000e+00
    outer loop
      vertex 1.618034e+01 -1.175571e+01 5.000000e-01
      vertex 1.648252e+01 -1.132812e+01 5.000000e-01
      vertex 1.648252e+01 -1.132812e+01 7.500000e+01
    endloop
  endfacet
  facet normal 8.314696e-01 -5.555702e-01 0.000000e+00
    outer loop
      vertex 1.648252e+01 -1.132812e+01 5.000000e-01
      vertex 1.677341e+01 -1.089278e+01 7.500000e+01
      vertex 1.648252e+01 -1.132812e+01 7.500000e+01
    endloop
  endfacet
  facet normal 8.314696e-01 -5.555702e-01 0.000000e+00
    outer loop
      vertex 1.648252e+01 -1.132812e+01 5.000000e-01
      vertex 1.677341e+01 -1.089278e+01 5.000000e-01
      vertex 1.677341e+01 -1.089278e+01 7.500000e+01
    endloop
  endfacet
  facet normal 8.457278e-01 -5.336145e-01 0.000000e+00
    outer loop
      vertex 1.677341e+01 -1.089278e+01 5.000000e-01
      vertex 1.705280e+01 -1.044997e+01 7.500000e+01
      vertex 1.677341e+01 -1.089278e+01 7.500000e+01
    endloop
  endfacet
  facet normal 8.457278e-01 -5.336145e-01 0.000000e+00
    outer loop
      vertex 1.677341e+01 -1.089278e+01 5.000000e-01
      vertex 1.705280e+01 -1.044997e+01 5.000000e-01
      vertex 1.705280e+01 -1.044997e+01 7.500000e+01
    endloop
  endfacet
  facet normal 8.594064e-01 -5.112931e-01 0.000000e+00
    outer loop
      vertex 1.705280e+01 -1.044997e+01 5.000000e-01
      vertex 1.732051e+01 -1.000000e+01 7.500000e+01
      vertex 1.705280e+01 -1.044997e+01 7.500000e+01
    endloop
  endfacet
  facet normal 8.594064e-01 -5.112931e-01 0.000000e+00
    outer loop
      vertex 1.705280e+01 -1.044997e+01 5.000000e-01
      vertex 1.732051e+01 -1.000000e+01 5.000000e-01
      vertex 1.732051e+01 -1.000000e+01 7.500000e+01
    endloop
  endfacet
  facet normal 8.724960e-01 -4.886212e-01 0.000000e+00
    outer loop
      vertex 1.732051e+01 -1.000000e+01 5.000000e-01
      vertex 1.757634e+01 -9.543175e+00 7.500000e+01
      vertex 1.732051e+01 -1.000000e+01 7.500000e+01
    endloop
  endfacet
  facet normal 8.724960e-01 -4.886212e-01 0.000000e+00
    outer loop
      vertex 1.732051e+01 -1.000000e+01 5.000000e-01
      vertex 1.757634e+01 -9.543175e+00 5.000000e-01
      vertex 1.757634e+01 -9.543175e+00 7.500000e+01
    endloop
  endfacet
  facet normal 8.849876e-01 -4.656145e-01 0.000000e+00
    outer loop
      vertex 1.757634e+01 -9.543175e+00 5.000000e-01
      vertex 1.782013e+01 -9.079810e+00 7.500000e+01
      vertex 1.757634e+01 -9.543175e+00 7.500000e+01
    endloop
  endfacet
  facet normal 8.849876e-01 -4.656145e-01 0.000000e+00
    outer loop
      vertex 1.757634e+01 -9.543175e+00 5.000000e-01
      vertex 1.782013e+01 -9.079810e+00 5.000000e-01
      vertex 1.782013e+01 -9.079810e+00 7.500000e+01
    endloop
  endfacet
  facet normal 8.968727e-01 -4.422887e-01 0.000000e+00
    outer loop
      vertex 1.782013e+01 -9.079810e+00 5.000000e-01
      vertex 1.805171e+01 -8.610222e+00 7.500000e+01
      vertex 1.782013e+01 -9.079810e+00 7.500000e+01
    endloop
  endfacet
  facet normal 8.968727e-01 -4.422887e-01 0.000000e+00
    outer loop
      vertex 1.782013e+01 -9.079810e+00 5.000000e-01
      vertex 1.805171e+01 -8.610222e+00 5.000000e-01
      vertex 1.805171e+01 -8.610222e+00 7.500000e+01
    endloop
  endfacet
  facet normal 9.081432e-01 -4.186597e-01 0.000000e+00
    outer loop
      vertex 1.805171e+01 -8.610222e+00 5.000000e-01
      vertex 1.827091e+01 -8.134733e+00 7.500000e+01
      vertex 1.805171e+01 -8.610222e+00 7.500000e+01
    endloop
  endfacet
  facet normal 9.081432e-01 -4.186597e-01 0.000000e+00
    outer loop
      vertex 1.805171e+01 -8.610222e+00 5.000000e-01
      vertex 1.827091e+01 -8.134733e+00 5.000000e-01
      vertex 1.827091e+01 -8.134733e+00 7.500000e+01
    endloop
  endfacet
  facet normal 9.187912e-01 -3.947439e-01 0.000000e+00
    outer loop
      vertex 1.827091e+01 -8.134733e+00 5.000000e-01
      vertex 1.847759e+01 -7.653669e+00 7.500000e+01
      vertex 1.827091e+01 -8.134733e+00 7.500000e+01
    endloop
  endfacet
  facet normal 9.187912e-01 -3.947439e-01 0.000000e+00
    outer loop
      vertex 1.827091e+01 -8.134733e+00 5.000000e-01
      vertex 1.847759e+01 -7.653669e+00 5.000000e-01
      vertex 1.847759e+01 -7.653669e+00 7.500000e+01
    endloop
  endfacet
  facet normal 9.288096e-01 -3.705574e-01 0.000000e+00
    outer loop
      vertex 1.847759e+01 -7.653669e+00 5.000000e-01
      vertex 1.867161e+01 -7.167359e+00 7.500000e+01
      vertex 1.847759e+01 -7.653669e+00 7.500000e+01
    endloop
  endfacet
  facet normal 9.288096e-01 -3.705574e-01 0.000000e+00
    outer loop
      vertex 1.847759e+01 -7.653669e+00 5.000000e-01
      vertex 1.867161e+01 -7.167359e+00 5.000000e-01
      vertex 1.867161e+01 -7.167359e+00 7.500000e+01
    endloop
  endfacet
  facet normal 9.381913e-01 -3.461171e-01 0.000000e+00
    outer loop
      vertex 1.867161e+01 -7.167359e+00 5.000000e-01
      vertex 1.885283e+01 -6.676137e+00 7.500000e+01
      vertex 1.867161e+01 -7.167359e+00 7.500000e+01
    endloop
  endfacet
  facet normal 9.381913e-01 -3.461171e-01 0.000000e+00
    outer loop
      vertex 1.867161e+01 -7.167359e+00 5.000000e-01
      vertex 1.885283e+01 -6.676137e+00 5.000000e-01
      vertex 1.885283e+01 -6.676137e+00 7.500000e+01
    endloop
  endfacet
  facet normal 9.469301e-01 -3.214395e-01 0.000000e+00
    outer loop
      vertex 1.885283e+01 -6.676137e+00 5.000000e-01
      vertex 1.902113e+01 -6.180340e+00 7.500000e+01
      vertex 1.885283e+01 -6.676137e+00 7.500000e+01
    endloop
  endfacet
  facet normal 9.469301e-01 -3.214395e-01 0.000000e+00
    outer loop
      vertex 1.885283e+01 -6.676137e+00 5.000000e-01
      vertex 1.902113e+01 -6.180340e+00 5.000000e-01
      vertex 1.902113e+01 -6.180340e+00 7.500000e+01
    endloop
  endfacet
  facet normal 9.550199e-01 -2.965416e-01 0.000000e+00
    outer loop
      vertex 1.902113e+01 -6.180340e+00 5.000000e-01
      vertex 1.917639e+01 -5.680307e+00 7.500000e+01
      vertex 1.902113e+01 -6.180340e+00 7.500000e+01
    endloop
  endfacet
  facet normal 9.550199e-01 -2.965416e-01 0.000000e+00
    outer loop
      vertex 1.902113e+01 -6.180340e+00 5.000000e-01
      vertex 1.917639e+01 -5.680307e+00 5.000000e-01
      vertex 1.917639e+01 -5.680307e+00 7.500000e+01
    endloop
  endfacet
  facet normal 9.624552e-01 -2.714404e-01 0.000000e+00
    outer loop
      vertex 1.917639e+01 -5.680307e+00 5.000000e-01
      vertex 1.931852e+01 -5.176381e+00 7.500000e+01
      vertex 1.917639e+01 -5.680307e+00 7.500000e+01
    endloop
  endfacet
  facet normal 9.624552e-01 -2.714404e-01 0.000000e+00
    outer loop
      vertex 1.917639e+01 -5.680307e+00 5.000000e-01
      vertex 1.931852e+01 -5.176381e+00 5.000000e-01
      vertex 1.931852e+01 -5.176381e+00 7.500000e+01
    endloop
  endfacet
  facet normal 9.692309e-01 -2.461533e-01 0.000000e+00
    outer loop
      vertex 1.931852e+01 -5.176381e+00 5.000000e-01
      vertex 1.944740e+01 -4.668907e+00 7.500000e+01
      vertex 1.931852e+01 -5.176381e+00 7.500000e+01
    endloop
  endfacet
  facet normal 9.692309e-01 -2.461533e-01 0.000000e+00
    outer loop
      vertex 1.931852e+01 -5.176381e+00 5.000000e-01
      vertex 1.944740e+01 -4.668907e+00 5.000000e-01
      vertex 1.944740e+01 -4.668907e+00 7.500000e+01
    endloop
  endfacet
  facet normal 9.753423e-01 -2.206974e-01 0.000000e+00
    outer loop
      vertex 1.944740e+01 -4.668907e+00 5.000000e-01
      vertex 1.956295e+01 -4.158234e+00 7.500000e+01
      vertex 1.944740e+01 -4.668907e+00 7.500000e+01
    endloop
  endfacet
  facet normal 9.753423e-01 -2.206974e-01 0.000000e+00
    outer loop
      vertex 1.944740e+01 -4.668907e+00 5.000000e-01
      vertex 1.956295e+01 -4.158234e+00 5.000000e-01
      vertex 1.956295e+01 -4.158234e+00 7.500000e+01
    endloop
  endfacet
  facet normal 9.807853e-01 -1.950903e-01 0.000000e+00
    outer loop
      vertex 1.956295e+01 -4.158234e+00 5.000000e-01
      vertex 1.966510e+01 -3.644711e+00 7.500000e+01
      vertex 1.956295e+01 -4.158234e+00 7.500000e+01
    endloop
  endfacet
  facet normal 9.807853e-01 -1.950903e-01 0.000000e+00
    outer loop
      vertex 1.956295e+01 -4.158234e+00 5.000000e-01
      vertex 1.966510e+01 -3.644711e+00 5.000000e-01
      vertex 1.966510e+01 -3.644711e+00 7.500000e+01
    endloop
  endfacet
  facet normal 9.855561e-01 -1.693495e-01 0.000000e+00
    outer loop
      vertex 1.966510e+01 -3.644711e+00 5.000000e-01
      vertex 1.975377e+01 -3.128689e+00 7.500000e+01
      vertex 1.966510e+01 -3.644711e+00 7.500000e+01
    endloop
  endfacet
  facet normal 9.855561e-01 -1.693495e-01 0.000000e+00
    outer loop
      vertex 1.966510e+01 -3.644711e+00 5.000000e-01
      vertex 1.975377e+01 -3.128689e+00 5.000000e-01
      vertex 1.975377e+01 -3.128689e+00 7.500000e+01
    endloop
  endfacet
  facet normal 9.896514e-01 -1.434926e-01 0.000000e+00
    outer loop
      vertex 1.975377e+01 -3.128689e+00 5.000000e-01
      vertex 1.982890e+01 -2.610524e+00 7.500000e+01
      vertex 1.975377e+01 -3.128689e+00 7.500000e+01
    endloop
  endfacet
  facet normal 9.896514e-01 -1.434926e-01 0.000000e+00
    outer loop
      vertex 1.975377e+01 -3.128689e+00 5.000000e-01
      vertex 1.982890e+01 -2.610524e+00 5.000000e-01
      vertex 1.982890e+01 -2.610524e+00 7.500000e+01
    endloop
  endfacet
  facet normal 9.930685e-01 -1.175374e-01 0.000000e+00
    outer loop
      vertex 1.982890e+01 -2.610524e+00 5.000000e-01
      vertex 1.989044e+01 -2.090569e+00 7.500000e+01
      vertex 1.982890e+01 -2.610524e+00 7.500000e+01
    endloop
  endfacet
  facet normal 9.930685e-01 -1.175374e-01 0.000000e+00
    outer loop
      vertex 1.982890e+01 -2.610524e+00 5.000000e-01
      vertex 1.989044e+01 -2.090569e+00 5.000000e-01
      vertex 1.989044e+01 -2.090569e+00 7.500000e+01
    endloop
  endfacet
  facet normal 9.958049e-01 -9.150162e-02 0.000000e+00
    outer loop
      vertex 1.989044e+01 -2.090569e+00 5.000000e-01
      vertex 1.993835e+01 -1.569182e+00 7.500000e+01
      vertex 1.989044e+01 -2.090569e+00 7.500000e+01
    endloop
  endfacet
  facet normal 9.958049e-01 -9.150162e-02 0.000000e+00
    outer loop
      vertex 1.989044e+01 -2.090569e+00 5.000000e-01
      vertex 1.993835e+01 -1.569182e+00 5.000000e-01
      vertex 1.993835e+01 -1.569182e+00 7.500000e+01
    endloop
  endfacet
  facet normal 9.978589e-01 -6.540313e-02 0.000000e+00
    outer loop
      vertex 1.993835e+01 -1.569182e+00 5.000000e-01
      vertex 1.997259e+01 -1.046719e+00 7.500000e+01
      vertex 1.993835e+01 -1.569182e+00 7.500000e+01
    endloop
  endfacet
  facet normal 9.978589e-01 -6.540313e-02 0.000000e+00
    outer loop
      vertex 1.993835e+01 -1.569182e+00 5.000000e-01
      vertex 1.997259e+01 -1.046719e+00 5.000000e-01
      vertex 1.997259e+01 -1.046719e+00 7.500000e+01
    endloop
  endfacet
  facet normal 9.992290e-01 -3.925982e-02 0.000000e+00
    outer loop
      vertex 1.997259e+01 -1.046719e+00 5.000000e-01
      vertex 1.999315e+01 -5.235390e-01 7.500000e+01
      vertex 1.997259e+01 -1.046719e+00 7.500000e+01
    endloop
  endfacet
  facet normal 9.992290e-01 -3.925982e-02 0.000000e+00
    outer loop
      vertex 1.997259e+01 -1.046719e+00 5.000000e-01
      vertex 1.999315e+01 -5.235390e-01 5.000000e-01
      vertex 1.999315e+01 -5.235390e-01 7.500000e+01
    endloop
  endfacet
  facet normal 9.999143e-01 -1.308960e-02 0.000000e+00
    outer loop
      vertex 1.999315e+01 -5.235390e-01 5.000000e-01
      vertex 2.000000e+01 0.000000e+00 7.500000e+01
      vertex 1.999315e+01 -5.235390e-01 7.500000e+01
    endloop
  endfacet
  facet normal 9.999143e-01 -1.308960e-02 0.000000e+00
    outer loop
      vertex 1.999315e+01 -5.235390e-01 5.000000e-01
      vertex 2.000000e+01 0.000000e+00 5.000000e-01
      vertex 2.000000e+01 0.000000e+00 7.500000e+01
    endloop
  endfacet
  facet normal 0.000000e+00 0.000000e+00 -1.000000e+00
    outer loop
      vertex 2.500000e+01 0.000000e+00 0.000000e+00
      vertex 0.000000e+00 0.000000e+00 0.000000e+00
      vertex 2.499143e+01 6.544237e-01 0.000000e+00
    endloop
  endfacet
  facet normal -0.000000e+00 0.000000e+00 -1.000000e+00
    outer loop
      vertex 2.499143e+01 6.544237e-01 0.000000e+00
      vertex 0.000000e+00 0.000000e+00 0.000000e+00
      vertex 2.496574e+01 1.308399e+00 0.000000e+00
    endloop
  endfacet
  facet normal -0.000000e+00 0.000000e+00 -1.000000e+00
    outer loop
      vertex 2.496574e+01 1.308399e+00 0.000000e+00
      vertex 0.000000e+00 0.000000e+00 0.000000e+00
      vertex 2.492293e+01 1.961477e+00 0.000000e+00
    endloop
  endfacet
  facet normal -0.000000e+00 0.000000e+00 -1.000000e+00
    outer loop
      vertex 2.492293e+01 1.961477e+00 0.000000e+00
      vertex 0.000000e+00 0.000000e+00 0.000000e+00
      vertex 2.486305e+01 2.613212e+00 0.000000e+00
    endloop
  endfacet
  facet normal -0.000000e+00 0.000000e+00 -1.000000e+00
    outer loop
      vertex 2.486305e+01 2.613212e+00 0.000000e+00
      vertex 0.000000e+00 0.000000e+00 0.000000e+00
      vertex 2.478612e+01 3.263155e+00 0.000000e+00
    endloop
  endfacet
  facet normal -0.000000e+00 0.000000e+00 -1.000000e+00
    outer loop
      vertex 2.478612e+01 3.263155e+00 0.000000e+00
      vertex 0.000000e+00 0.000000e+00 0.000000e+00
      vertex 2.469221e+01 3.910862e+00 0.000000e+00
    endloop
  endfacet
  facet normal -0.000000e+00 0.000000e+00 -1.000000e+00
    outer loop
      vertex 2.469221e+01 3.910862e+00 0.000000e+00
      vertex 0.000000e+00 0.000000e+00 0.000000e+00
      vertex 2.458137e+01 4.555888e+00 0.000000e+00
    endloop
  endfacet
  facet normal -0.000000e+00 0.000000e+00 -1.000000e+00
    outer loop
      vertex 2.458137e+01 4.555888e+00 0.000000e+00
      vertex 0.000000e+00 0.000000e+00 0.000000e+00
      vertex 2.445369e+01 5.197792e+00 0.000000e+00
    endloop
  endfacet
  facet normal -0.000000e+00 0.000000e+00 -1.000000e+00
    outer loop
      vertex 2.445369e+01 5.197792e+00 0.000000e+00
      vertex 0.000000e+00 0.000000e+00 0.000000e+00
      vertex 2.430925e+01 5.836134e+00 0.000000e+00
    endloop
  endfacet
  facet normal -0.000000e+00 0.000000e+00 -1.000000e+00
    outer loop
      vertex 2.430925e+01 5.836134e+00 0.000000e+00
      vertex 0.000000e+00 0.000000e+00 0.000000e+00
      vertex 2.414815e+01 6.470476e+00 0.000000e+00
    endloop
  endfacet
  facet normal -0.000000e+00 0.000000e+00 -1.000000e+00
    outer loop
      vertex 2.414815e+01 6.470476e+00 0.000000e+00
      vertex 0.000000e+00 0.000000e+00 0.000000e+00
      vertex 2.397049e+01 7.100384e+00 0.000000e+00
    endloop
  endfacet
  facet normal -0.000000e+00 0.000000e+00 -1.000000e+00
    outer loop
      vertex 2.397049e+01 7.100384e+00 0.000000e+00
      vertex 0.000000e+00 0.000000e+00 0.000000e+00
      vertex 2.377641e+01 7.725425e+00 0.000000e+00
    endloop
  endfacet
  facet normal -0.000000e+00 0.000000e+00 -1.000000e+00
    outer loop
      vertex 2.377641e+01 7.725425e+00 0.000000e+00
      vertex 0.000000e+00 0.000000e+00 0.000000e+00
      vertex 2.356604e+01 8.345171e+00 0.000000e+00
    endloop
  endfacet
  facet normal -0.000000e+00 0.000000e+00 -1.000000e+00
    outer loop
      vertex 2.356604e+01 8.345171e+00 0.000000e+00
      vertex 0.000000e+00 0.000000e+00 0.000000e+00
      vertex 2.333951e+01 8.959199e+00 0.000000e+00
    endloop
  endfacet
  facet normal -0.000000e+00 0.000000e+00 -1.000000e+00
    outer loop
      vertex 2.333951e+01 8.959199e+00 0.000000e+00
      vertex 0.000000e+00 0.000000e+00 0.000000e+00
      vertex 2.309699e+01 9.567086e+00 0.000000e+00
    endloop
  endfacet
  facet normal -0.000000e+00 0.000000e+00 -1.000000e+00
    outer loop
      vertex 2.309699e+01 9.567086e+00 0.000000e+00
      vertex 0.000000e+00 0.000000e+00 0.000000e+00
      vertex 2.283864e+01 1.016842e+01 0.000000e+00
    endloop
  endfacet
  facet normal -0.000000e+00 0.000000e+00 -1.000000e+00
    outer loop
      vertex 2.283864e+01 1.016842e+01 0.000000e+00
      vertex 0.000000e+00 0.000000e+00 0.000000e+00
      vertex 2.256463e+01 1.076278e+01 0.000000e+00
    endloop
  endfacet
  facet normal -0.000000e+00 0.000000e+00 -1.000000e+00
    outer loop
      vertex 2.256463e+01 1.076278e+01 0.000000e+00
      vertex 0.000000e+00 0.000000e+00 0.000000e+00
      vertex 2.227516e+01 1.134976e+01 0.000000e+00
    endloop
  endfacet
  facet normal -0.000000e+00 0.000000e+00 -1.000000e+00
    outer loop
      vertex 2.227516e+01 1.134976e+01 0.000000e+00
      vertex 0.000000e+00 0.000000e+00 0.000000e+00
      vertex 2.197043e+01 1.192897e+01 0.000000e+00
    endloop
  endfacet
  facet normal -0.000000e+00 0.000000e+00 -1.000000e+00
    outer loop
      vertex 2.197043e+01 1.192897e+01 0.000000e+00
      vertex 0.000000e+00 0.000000e+00 0.000000e+00
      vertex 2.165064e+01 1.250000e+01 0.000000e+00
    endloop
  endfacet
  facet normal -0.000000e+00 0.000000e+00 -1.000000e+00
    outer loop
      vertex 2.165064e+01 1.250000e+01 0.000000e+00
      vertex 0.000000e+00 0.000000e+00 0.000000e+00
      vertex 2.131600e+01 1.306246e+01 0.000000e+00
    endloop
  endfacet
  facet normal -0.000000e+00 0.000000e+00 -1.000000e+00
    outer loop
      vertex 2.131600e+01 1.306246e+01 0.000000e+00
      vertex 0.000000e+00 0.000000e+00 0.000000e+00
      vertex 2.096676e+01 1.361598e+01 0.000000e+00
    endloop
  endfacet
  facet normal -0.000000e+00 0.000000e+00 -1.000000e+00
    outer loop
      vertex 2.096676e+01 1.361598e+01 0.000000e+00
      vertex 0.000000e+00 0.000000e+00 0.000000e+00
      vertex 2.060315e+01 1.416016e+01 0.000000e+00
    endloop
  endfacet
  facet normal -0.000000e+00 0.000000e+00 -1.000000e+00
    outer loop
      vertex 2.060315e+01 1.416016e+01 0.000000e+00
      vertex 0.000000e+00 0.000000e+00 0.000000e+00
      vertex 2.022542e+01 1.469463e+01 0.000000e+00
    endloop
  endfacet
  facet normal -0.000000e+00 0.000000e+00 -1.000000e+00
    outer loop
      vertex 2.022542e+01 1.469463e+01 0.000000e+00
      vertex 0.000000e+00 0.000000e+00 0.000000e+00
      vertex 1.983383e+01 1.521904e+01 0.000000e+00
    endloop
  endfacet
  facet normal -0.000000e+00 0.000000e+00 -1.000000e+00
    outer loop
      vertex 1.983383e+01 1.521904e+01 0.000000e+00
      vertex 0.000000e+00 0.000000e+00 0.000000e+00
      vertex 1.942865e+01 1.573301e+01 0.000000e+00
    endloop
  endfacet
  facet normal -0.000000e+00 0.000000e+00 -1.000000e+00
    outer loop
      vertex 1.942865e+01 1.573301e+01 0.000000e+00
      vertex 0.000000e+00 0.000000e+00 0.000000e+00
      vertex 1.901015e+01 1.623620e+01 0.000000e+00
    endloop
  endfacet
  facet normal -0.000000e+00 0.000000e+00 -1.000000e+00
    outer loop
      vertex 1.901015e+01 1.623620e+01 0.000000e+00
      vertex 0.000000e+00 0.000000e+00 0.000000e+00
      vertex 1.857862e+01 1.672827e+01 0.000000e+00
    endloop
  endfacet
  facet normal -0.000000e+00 0.000000e+00 -1.000000e+00
    outer loop
      vertex 1.857862e+01 1.672827e+01 0.000000e+00
      vertex 0.000000e+00 0.000000e+00 0.000000e+00
      vertex 1.813436e+01 1.720886e+01 0.000000e+00
    endloop
  endfacet
  facet normal -0.000000e+00 0.000000e+00 -1.000000e+00
    outer loop
      vertex 1.813436e+01 1.720886e+01 0.000000e+00
      vertex 0.000000e+00 0.000000e+00 0.000000e+00
      vertex 1.767767e+01 1.767767e+01 0.000000e+00
    endloop
  endfacet
  facet normal -0.000000e+00 0.000000e+00 -1.000000e+00
    outer loop
      vertex 1.767767e+01 1.767767e+01 0.000000e+00
      vertex 0.000000e+00 0.000000e+00 0.000000e+00
      vertex 1.720886e+01 1.813436e+01 0.000000e+00
    endloop
  endfacet
  facet normal -0.000000e+00 0.000000e+00 -1.000000e+00
    outer loop
      vertex 1.720886e+01 1.813436e+01 0.000000e+00
      vertex 0.000000e+00 0.000000e+00 0.000000e+00
      vertex 1.672827e+01 1.857862e+01 0.000000e+00
    endloop
  endfacet
  facet normal -0.000000e+00 0.000000e+00 -1.000000e+00
    outer loop
      vertex 1.672827e+01 1.857862e+01 0.000000e+00
      vertex 0.000000e+00 0.000000e+00 0.000000e+00
      vertex 1.623620e+01 1.901015e+01 0.000000e+00
    endloop
  endfacet
  facet normal -0.000000e+00 0.000000e+00 -1.000000e+00
    outer loop
      vertex 1.623620e+01 1.901015e+01 0.000000e+00
      vertex 0.000000e+00 0.000000e+00 0.000000e+00
      vertex 1.573301e+01 1.942865e+01 0.000000e+00
    endloop
  endfacet
  facet normal -0.000000e+00 0.000000e+00 -1.000000e+00
    outer loop
      vertex 1.573301e+01 1.942865e+01 0.000000e+00
      vertex 0.000000e+00 0.000000e+00 0.000000e+00
      vertex 1.521904e+01 1.983383e+01 0.000000e+00
    endloop
  endfacet
  facet normal -0.000000e+00 0.000000e+00 -1.000000e+00
    outer loop
      vertex 1.521904e+01 1.983383e+01 0.000000e+00
      vertex 0.000000e+00 0.000000e+00 0.000000e+00
      vertex 1.469463e+01 2.022542e+01 0.000000e+00
    endloop
  endfacet
  facet normal -0.000000e+00 0.000000e+00 -1.000000e+00
    outer loop
      vertex 1.469463e+01 2.022542e+01 0.000000e+00
      vertex 0.000000e+00 0.000000e+00 0.000000e+00
      vertex 1.416016e+01 2.060315e+01 0.000000e+00
    endloop
  endfacet
  facet normal -0.000000e+00 0.000000e+00 -1.000000e+00
    outer loop
      vertex 1.416016e+01 2.060315e+01 0.000000e+00
      vertex 0.000000e+00 0.000000e+00 0.000000e+00
      vertex 1.361598e+01 2.096676e+01 0.000000e+00
    endloop
  endfacet
  facet normal -0.000000e+00 0.000000e+00 -1.000000e+00
    outer loop
      vertex 1.361598e+01 2.096676e+01 0.000000e+00
      vertex 0.000000e+00 0.000000e+00 0.000000e+00
      vertex 1.306246e+01 2.131600e+01 0.000000e+00
    endloop
  endfacet
  facet normal -0.000000e+00 0.000000e+00 -1.000000e+00
    outer loop
      vertex 1.306246e+01 2.131600e+01 0.000000e+00
      vertex 0.000000e+00 0.000000e+00 0.000000e+00
      vertex 1.250000e+01 2.165064e+01 0.000000e+00
    endloop
  endfacet
  facet normal -0.000000e+00 0.000000e+00 -1.000000e+00
    outer loop
      vertex 1.250000e+01 2.165064e+01 0.000000e+00
      vertex 0.000000e+00 0.000000e+00 0.000000e+00
      vertex 1.192897e+01 2.197043e+01 0.000000e+00
    endloop
  endfacet
  facet normal -0.000000e+00 0.000000e+00 -1.000000e+00
    outer loop
      vertex 1.192897e+01 2.197043e+01 0.000000e+00
      vertex 0.000000e+00 0.000000e+00 0.000000e+00
      vertex 1.134976e+01 2.227516e+01 0.000000e+00
    endloop
  endfacet
  facet normal -0.000000e+00 0.000000e+00 -1.000000e+00
    outer loop
      vertex 1.134976e+01 2.227516e+01 0.000000e+00
      vertex 0.000000e+00 0.000000e+00 0.000000e+00
      vertex 1.076278e+01 2.256463e+01 0.000000e+00
    endloop
  endfacet
  facet normal -0.000000e+00 0.000000e+00 -1.000000e+00
    outer loop
      vertex 1.076278e+01 2.256463e+01 0.000000e+00
      vertex 0.000000e+00 0.000000e+00 0.000000e+00
      vertex 1.016842e+01 2.283864e+01 0.000000e+00
    endloop
  endfacet
  facet normal -0.000000e+00 0.000000e+00 -1.000000e+00
    outer loop
      vertex 1.016842e+01 2.283864e+01 0.000000e+00
      vertex 0.000000e+00 0.000000e+00 0.000000e+00
      vertex 9.567086e+00 2.309699e+01 0.000000e+00
    endloop
  endfacet
  facet normal -0.000000e+00 0.000000e+00 -1.000000e+00
    outer loop
      vertex 9.567086e+00 2.309699e+01 0.000000e+00
      vertex 0.000000e+00 0.000000e+00 0.000000e+00
      vertex 8.959199e+00 2.333951e+01 0.000000e+00
    endloop
  endfacet
  facet normal -0.000000e+00 0.000000e+00 -1.000000e+00
    outer loop
      vertex 8.959199e+00 2.333951e+01 0.000000e+00
      vertex 0.000000e+00 0.000000e+00 0.000000e+00
      vertex 8.345171e+00 2.356604e+01 0.000000e+00
    endloop
  endfacet
  facet normal -0.000000e+00 0.000000e+00 -1.000000e+00
    outer loop
      vertex 8.345171e+00 2.356604e+01 0.000000e+00
      vertex 0.000000e+00 0.000000e+00 0.000000e+00
      vertex 7.725425e+00 2.377641e+01 0.000000e+00
    endloop
  endfacet
  facet normal -0.000000e+00 0.000000e+00 -1.000000e+00
    outer loop
      vertex 7.725425e+00 2.377641e+01 0.000000e+00
      vertex 0.000000e+00 0.000000e+00 0.000000e+00
      vertex 7.100384e+00 2.397049e+01 0.000000e+00
    endloop
  endfacet
  facet normal -0.000000e+00 0.000000e+00 -1.000000e+00
    outer loop
      vertex 7.100384e+00 2.397049e+01 0.000000e+00
      vertex 0.000000e+00 0.000000e+00 0.000000e+00
      vertex 6.470476e+00 2.414815e+01 0.000000e+00
    endloop
  endfacet
  facet normal -0.000000e+00 0.000000e+00 -1.000000e+00
    outer loop
      vertex 6.470476e+00 2.414815e+01 0.000000e+00
      vertex 0.000000e+00 0.000000e+00 0.000000e+00
      vertex 5.836134e+00 2.430925e+01 0.000000e+00
    endloop
  endfacet
  facet normal -0.000000e+00 0.000000e+00 -1.000000e+00
    outer loop
      vertex 5.836134e+00 2.430925e+01 0.000000e+00
      vertex 0.000000e+00 0.000000e+00 0.000000e+00
      vertex 5.197792e+00 2.445369e+01 0.000000e+00
    endloop
  endfacet
  facet normal -0.000000e+00 0.000000e+00 -1.000000e+00
    outer loop
      vertex 5.197792e+00 2.445369e+01 0.000000e+00
      vertex 0.000000e+00 0.000000e+00 0.000000e+00
      vertex 4.555888e+00 2.458137e+01 0.000000e+00
    endloop
  endfacet
  facet normal -0.000000e+00 0.000000e+00 -1.000000e+00
    outer loop
      vertex 4.555888e+00 2.458137e+01 0.000000e+00
      vertex 0.000000e+00 0.000000e+00 0.000000e+00
      vertex 3.910862e+00 2.469221e+01 0.000000e+00
    endloop
  endfacet
  facet normal -0.000000e+00 0.000000e+00 -1.000000e+00
    outer loop
      vertex 3.910862e+00 2.469221e+01 0.000000e+00
      vertex 0.000000e+00 0.000000e+00 0.000000e+00
      vertex 3.263155e+00 2.478612e+01 0.000000e+00
    endloop
  endfacet
  facet normal -0.000000e+00 0.000000e+00 -1.000000e+00
    outer loop
      vertex 3.263155e+00 2.478612e+01 0.000000e+00
      vertex 0.000000e+00 0.000000e+00 0.000000e+00
      vertex 2.613212e+00 2.486305e+01 0.000000e+00
    endloop
  endfacet
  facet normal -0.000000e+00 0.000000e+00 -1.000000e+00
    outer loop
      vertex 2.613212e+00 2.486305e+01 0.000000e+00
      vertex 0.000000e+00 0.000000e+00 0.000000e+00
      vertex 1.961477e+00 2.492293e+01 0.000000e+00
    endloop
  endfacet
  facet normal -0.000000e+00 0.000000e+00 -1.000000e+00
    outer loop
      vertex 1.961477e+00 2.492293e+01 0.000000e+00
      vertex 0.000000e+00 0.000000e+00 0.000000e+00
      vertex 1.308399e+00 2.496574e+01 0.000000e+00
    endloop
  endfacet
  facet normal -0.000000e+00 0.000000e+00 -1.000000e+00
    outer loop
      vertex 1.308399e+00 2.496574e+01 0.000000e+00
      vertex 0.000000e+00 0.000000e+00 0.000000e+00
      vertex 6.544237e-01 2.499143e+01 0.000000e+00
    endloop
  endfacet
  facet normal -0.000000e+00 0.000000e+00 -1.000000e+00
    outer loop
      vertex 6.544237e-01 2.499143e+01 0.000000e+00
      vertex 0.000000e+00 0.000000e+00 0.000000e+00
      vertex 1.530808e-15 2.500000e+01 0.000000e+00
    endloop
  endfacet
  facet normal 0.000000e+00 0.000000e+00 -1.000000e+00
    outer loop
      vertex 1.530808e-15 2.500000e+01 0.000000e+00
      vertex 0.000000e+00 0.000000e+00 0.000000e+00
      vertex -6.544237e-01 2.499143e+01 0.000000e+00
    endloop
  endfacet
  facet normal 0.000000e+00 -0.000000e+00 -1.000000e+00
    outer loop
      vertex -6.544237e-01 2.499143e+01 0.000000e+00
      vertex 0.000000e+00 0.000000e+00 0.000000e+00
      vertex -1.308399e+00 2.496574e+01 0.000000e+00
    endloop
  endfacet
  facet normal 0.000000e+00 -0.000000e+00 -1.000000e+00
    outer loop
      vertex -1.308399e+00 2.496574e+01 0.000000e+00
      vertex 0.000000e+00 0.000000e+00 0.000000e+00
      vertex -1.961477e+00 2.492293e+01 0.000000e+00
    endloop
  endfacet
  facet normal 0.000000e+00 -0.000000e+00 -1.000000e+00
    outer loop
      vertex -1.961477e+00 2.492293e+01 0.000000e+00
      vertex 0.000000e+00 0.000000e+00 0.000000e+00
      vertex -2.613212e+00 2.486305e+01 0.000000e+00
    endloop
  endfacet
  facet normal 0.000000e+00 -0.000000e+00 -1.000000e+00
    outer loop
      vertex -2.613212e+00 2.486305e+01 0.000000e+00
      vertex 0.000000e+00 0.000000e+00 0.000000e+00
      vertex -3.263155e+00 2.478612e+01 0.000000e+00
    endloop
  endfacet
  facet normal 0.000000e+00 -0.000000e+00 -1.000000e+00
    outer loop
      vertex -3.263155e+00 2.478612e+01 0.000000e+00
      vertex 0.000000e+00 0.000000e+00 0.000000e+00
      vertex -3.910862e+00 2.469221e+01 0.000000e+00
    endloop
  endfacet
  facet normal 0.000000e+00 -0.000000e+00 -1.000000e+00
    outer loop
      vertex -3.910862e+00 2.469221e+01 0.000000e+00
      vertex 0.000000e+00 0.000000e+00 0.000000e+00
      vertex -4.555888e+00 2.458137e+01 0.000000e+00
    endloop
  endfacet
  facet normal 0.000000e+00 -0.000000e+00 -1.000000e+00
    outer loop
      vertex -4.555888e+00 2.458137e+01 0.000000e+00
      vertex 0.000000e+00 0.000000e+00 0.000000e+00
      vertex -5.197792e+00 2.445369e+01 0.000000e+00
    endloop
  endfacet
  facet normal 0.000000e+00 -0.000000e+00 -1.000000e+00
    outer loop
      vertex -5.197792e+00 2.445369e+01 0.000000e+00
      vertex 0.000000e+00 0.000000e+00 0.000000e+00
      vertex -5.836134e+00 2.430925e+01 0.000000e+00
    endloop
  endfacet
  facet normal 0.000000e+00 -0.000000e+00 -1.000000e+00
    outer loop
      vertex -5.836134e+00 2.430925e+01 0.000000e+00
      vertex 0.000000e+00 0.000000e+00 0.000000e+00
      vertex -6.470476e+00 2.414815e+01 0.000000e+00
    endloop
  endfacet
  facet normal 0.000000e+00 -0.000000e+00 -1.000000e+00
    outer loop
      vertex -6.470476e+00 2.414815e+01 0.000000e+00
      vertex 0.000000e+00 0.000000e+00 0.000000e+00
      vertex -7.100384e+00 2.397049e+01 0.000000e+00
    endloop
  endfacet
  facet normal 0.000000e+00 -0.000000e+00 -1.000000e+00
    outer loop
      vertex -7.100384e+00 2.397049e+01 0.000000e+00
      vertex 0.000000e+00 0.000000e+00 0.000000e+00
      vertex -7.725425e+00 2.377641e+01 0.000000e+00
    endloop
  endfacet
  facet normal 0.000000e+00 -0.000000e+00 -1.000000e+00
    outer loop
      vertex -7.725425e+00 2.377641e+01 0.000000e+00
      vertex 0.000000e+00 0.000000e+00 0.000000e+00
      vertex -8.345171e+00 2.356604e+01 0.000000e+00
    endloop
  endfacet
  facet normal 0.000000e+00 -0.000000e+00 -1.000000e+00
    outer loop
      vertex -8.345171e+00 2.356604e+01 0.000000e+00
      vertex 0.000000e+00 0.000000e+00 0.000000e+00
      vertex -8.959199e+00 2.333951e+01 0.000000e+00
    endloop
  endfacet
  facet normal 0.000000e+00 -0.000000e+00 -1.000000e+00
    outer loop
      vertex -8.959199e+00 2.333951e+01 0.000000e+00
      vertex 0.000000e+00 0.000000e+00 0.000000e+00
      vertex -9.567086e+00 2.309699e+01 0.000000e+00
    endloop
  endfacet
  facet normal 0.000000e+00 -0.000000e+00 -1.000000e+00
    outer loop
      vertex -9.567086e+00 2.309699e+01 0.000000e+00
      vertex 0.000000e+00 0.000000e+00 0.000000e+00
      vertex -1.016842e+01 2.283864e+01 0.000000e+00
    endloop
  endfacet
  facet normal 0.000000e+00 -0.000000e+00 -1.000000e+00
    outer loop
      vertex -1.016842e+01 2.283864e+01 0.000000e+00
      vertex 0.000000e+00 0.000000e+00 0.000000e+00
      vertex -1.076278e+01 2.256463e+01 0.000000e+00
    endloop
  endfacet
  facet normal 0.000000e+00 -0.000000e+00 -1.000000e+00
    outer loop
      vertex -1.076278e+01 2.256463e+01 0.000000e+00
      vertex 0.000000e+00 0.000000e+00 0.000000e+00
      vertex -1.134976e+01 2.227516e+01 0.000000e+00
    endloop
  endfacet
  facet normal 0.000000e+00 -0.000000e+00 -1.000000e+00
    outer loop
      vertex -1.134976e+01 2.227516e+01 0.000000e+00
      vertex 0.000000e+00 0.000000e+00 0.000000e+00
      vertex -1.192897e+01 2.197043e+01 0.000000e+00
    endloop
  endfacet
  facet normal 0.000000e+00 -0.000000e+00 -1.000000e+00
    outer loop
      vertex -1.192897e+01 2.197043e+01 0.000000e+00
      vertex 0.000000e+00 0.000000e+00 0.000000e+00
      vertex -1.250000e+01 2.165064e+01 0.000000e+00
    endloop
  endfacet
  facet normal 0.000000e+00 -0.000000e+00 -1.000000e+00
    outer loop
      vertex -1.250000e+01 2.165064e+01 0.000000e+00
      vertex 0.000000e+00 0.000000e+00 0.000000e+00
      vertex -1.306246e+01 2.131600e+01 0.000000e+00
    endloop
  endfacet
  facet normal 0.000000e+00 -0.000000e+00 -1.000000e+00
    outer loop
      vertex -1.306246e+01 2.131600e+01 0.000000e+00
      vertex 0.000000e+00 0.000000e+00 0.000000e+00
      vertex -1.361598e+01 2.096676e+01 0.000000e+00
    endloop
  endfacet
  facet normal 0.000000e+00 -0.000000e+00 -1.000000e+00
    outer loop
      vertex -1.361598e+01 2.096676e+01 0.000000e+00
      vertex 0.000000e+00 0.000000e+00 0.000000e+00
      vertex -1.416016e+01 2.060315e+01 0.000000e+00
    endloop
  endfacet
  facet normal 0.000000e+00 -0.000000e+00 -1.000000e+00
    outer loop
      vertex -1.416016e+01 2.060315e+01 0.000000e+00
      vertex 0.000000e+00 0.000000e+00 0.000000e+00
      vertex -1.469463e+01 2.022542e+01 0.000000e+00
    endloop
  endfacet
  facet normal 0.000000e+00 -0.000000e+00 -1.000000e+00
    outer loop
      vertex -1.469463e+01 2.022542e+01 0.000000e+00
      vertex 0.000000e+00 0.000000e+00 0.000000e+00
      vertex -1.521904e+01 1.983383e+01 0.000000e+00
    endloop
  endfacet
  facet normal 0.000000e+00 -0.000000e+00 -1.000000e+00
    outer loop
      vertex -1.521904e+01 1.983383e+01 0.000000e+00
      vertex 0.000000e+00 0.000000e+00 0.000000e+00
      vertex -1.573301e+01 1.942865e+01 0.000000e+00
    endloop
  endfacet
  facet normal 0.000000e+00 -0.000000e+00 -1.000000e+00
    outer loop
      vertex -1.573301e+01 1.942865e+01 0.000000e+00
      vertex 0.000000e+00 0.000000e+00 0.000000e+00
      vertex -1.623620e+01 1.901015e+01 0.000000e+00
    endloop
  endfacet
  facet normal 0.000000e+00 -0.000000e+00 -1.000000e+00
    outer loop
      vertex -1.623620e+01 1.901015e+01 0.000000e+00
      vertex 0.000000e+00 0.000000e+00 0.000000e+00
      vertex -1.672827e+01 1.857862e+01 0.000000e+00
    endloop
  endfacet
  facet normal 0.000000e+00 -0.000000e+00 -1.000000e+00
    outer loop
      vertex -1.672827e+01 1.857862e+01 0.000000e+00
      vertex 0.000000e+00 0.000000e+00 0.000000e+00
      vertex -1.720886e+01 1.813436e+01 0.000000e+00
    endloop
  endfacet
  facet normal 0.000000e+00 -0.000000e+00 -1.000000e+00
    outer loop
      vertex -1.720886e+01 1.813436e+01 0.000000e+00
      vertex 0.000000e+00 0.000000e+00 0.000000e+00
      vertex -1.767767e+01 1.767767e+01 0.000000e+00
    endloop
  endfacet
  facet normal 0.000000e+00 -0.000000e+00 -1.000000e+00
    outer loop
      vertex -1.767767e+01 1.767767e+01 0.000000e+00
      vertex 0.000000e+00 0.000000e+00 0.000000e+00
      vertex -1.813436e+01 1.720886e+01 0.000000e+00
    endloop
  endfacet
  facet normal 0.000000e+00 -0.000000e+00 -1.000000e+00
    outer loop
      vertex -1.813436e+01 1.720886e+01 0.000000e+00
      vertex 0.000000e+00 0.000000e+00 0.000000e+00
      vertex -1.857862e+01 1.672827e+01 0.000000e+00
    endloop
  endfacet
  facet normal 0.000000e+00 -0.000000e+00 -1.000000e+00
    outer loop
      vertex -1.857862e+01 1.672827e+01 0.000000e+00
      vertex 0.000000e+00 0.000000e+00 0.000000e+00
      vertex -1.901015e+01 1.623620e+01 0.000000e+00
    endloop
  endfacet
  facet normal 0.000000e+00 -0.000000e+00 -1.000000e+00
    outer loop
      vertex -1.901015e+01 1.623620e+01 0.000000e+00
      vertex 0.000000e+00 0.000000e+00 0.000000e+00
      vertex -1.942865e+01 1.573301e+01 0.000000e+00
    endloop
  endfacet
  facet normal 0.000000e+00 -0.000000e+00 -1.000000e+00
    outer loop
      vertex -1.942865e+01 1.573301e+01 0.000000e+00
      vertex 0.000000e+00 0.000000e+00 0.000000e+00
      vertex -1.983383e+01 1.521904e+01 0.000000e+00
    endloop
  endfacet
  facet normal 0.000000e+00 -0.000000e+00 -1.000000e+00
    outer loop
      vertex -1.983383e+01 1.521904e+01 0.000000e+00
      vertex 0.000000e+00 0.000000e+00 0.000000e+00
      vertex -2.022542e+01 1.469463e+01 0.000000e+00
    endloop
  endfacet
  facet normal 0.000000e+00 -0.000000e+00 -1.000000e+00
    outer loop
      vertex -2.022542e+01 1.469463e+01 0.000000e+00
      vertex 0.000000e+00 0.000000e+00 0.000000e+00
      vertex -2.060315e+01 1.416016e+01 0.000000e+00
    endloop
  endfacet
  facet normal 0.000000e+00 -0.000000e+00 -1.000000e+00
    outer loop
      vertex -2.060315e+01 1.416016e+01 0.000000e+00
      vertex 0.000000e+00 0.000000e+00 0.000000e+00
      vertex -2.096676e+01 1.361598e+01 0.000000e+00
    endloop
  endfacet
  facet normal 0.000000e+00 -0.000000e+00 -1.000000e+00
    outer loop
      vertex -2.096676e+01 1.361598e+01 0.000000e+00
      vertex 0.000000e+00 0.000000e+00 0.000000e+00
      vertex -2.131600e+01 1.306246e+01 0.000000e+00
    endloop
  endfacet
  facet normal 0.000000e+00 -0.000000e+00 -1.000000e+00
    outer loop
      vertex -2.131600e+01 1.306246e+01 0.000000e+00
      vertex 0.000000e+00 0.000000e+00 0.000000e+00
      vertex -2.165064e+01 1.250000e+01 0.000000e+00
    endloop
  endfacet
  facet normal 0.000000e+00 -0.000000e+00 -1.000000e+00
    outer loop
      vertex -2.165064e+01 1.250000e+01 0.000000e+00
      vertex 0.000000e+00 0.000000e+00 0.000000e+00
      vertex -2.197043e+01 1.192897e+01 0.000000e+00
    endloop
  endfacet
  facet normal 0.000000e+00 -0.000000e+00 -1.000000e+00
    outer loop
      vertex -2.197043e+01 1.192897e+01 0.000000e+00
      vertex 0.000000e+00 0.000000e+00 0.000000e+00
      vertex -2.227516e+01 1.134976e+01 0.000000e+00
    endloop
  endfacet
  facet normal 0.000000e+00 -0.000000e+00 -1.000000e+00
    outer loop
      vertex -2.227516e+01 1.134976e+01 0.000000e+00
      vertex 0.000000e+00 0.000000e+00 0.000000e+00
      vertex -2.256463e+01 1.076278e+01 0.000000e+00
    endloop
  endfacet
  facet normal 0.000000e+00 -0.000000e+00 -1.000000e+00
    outer loop
      vertex -2.256463e+01 1.076278e+01 0.000000e+00
      vertex 0.000000e+00 0.000000e+00 0.000000e+00
      vertex -2.283864e+01 1.016842e+01 0.000000e+00
    endloop
  endfacet
  facet normal 0.000000e+00 -0.000000e+00 -1.000000e+00
    outer loop
      vertex -2.283864e+01 1.016842e+01 0.000000e+00
      vertex 0.000000e+00 0.000000e+00 0.000000e+00
      vertex -2.309699e+01 9.567086e+00 0.000000e+00
    endloop
  endfacet
  facet normal 0.000000e+00 -0.000000e+00 -1.000000e+00
    outer loop
      vertex -2.309699e+01 9.567086e+00 0.000000e+00
      vertex 0.000000e+00 0.000000e+00 0.000000e+00
      vertex -2.333951e+01 8.959199e+00 0.000000e+00
    endloop
  endfacet
  facet normal 0.000000e+00 -0.000000e+00 -1.000000e+00
    outer loop
      vertex -2.333951e+01 8.959199e+00 0.000000e+00
      vertex 0.000000e+00 0.000000e+00 0.000000e+00
      vertex -2.356604e+01 8.345171e+00 0.000000e+00
    endloop
  endfacet
  facet normal 0.000000e+00 -0.000000e+00 -1.000000e+00
    outer loop
      vertex -2.356604e+01 8.345171e+00 0.000000e+00
      vertex 0.000000e+00 0.000000e+00 0.000000e+00
      vertex -2.377641e+01 7.725425e+00 0.000000e+00
    endloop
  endfacet
  facet normal 0.000000e+00 -0.000000e+00 -1.000000e+00
    outer loop
      vertex -2.377641e+01 7.725425e+00 0.000000e+00
      vertex 0.000000e+00 0.000000e+00 0.000000e+00
      vertex -2.397049e+01 7.100384e+00 0.000000e+00
    endloop
  endfacet
  facet normal 0.000000e+00 -0.000000e+00 -1.000000e+00
    outer loop
      vertex -2.397049e+01 7.100384e+00 0.000000e+00
      vertex 0.000000e+00 0.000000e+00 0.000000e+00
      vertex -2.414815e+01 6.470476e+00 0.000000e+00
    endloop
  endfacet
  facet normal 0.000000e+00 -0.000000e+00 -1.000000e+00
    outer loop
      vertex -2.414815e+01 6.470476e+00 0.000000e+00
      vertex 0.000000e+00 0.000000e+00 0.000000e+00
      vertex -2.430925e+01 5.836134e+00 0.000000e+00
    endloop
  endfacet
  facet normal 0.000000e+00 -0.000000e+00 -1.000000e+00
    outer loop
      vertex -2.430925e+01 5.836134e+00 0.000000e+00
      vertex 0.000000e+00 0.000000e+00 0.000000e+00
      vertex -2.445369e+01 5.197792e+00 0.000000e+00
    endloop
  endfacet
  facet normal 0.000000e+00 -0.000000e+00 -1.000000e+00
    outer loop
      vertex -2.445369e+01 5.197792e+00 0.000000e+00
      vertex 0.000000e+00 0.000000e+00 0.000000e+00
      vertex -2.458137e+01 4.555888e+00 0.000000e+00
    endloop
  endfacet
  facet normal 0.000000e+00 -0.000000e+00 -1.000000e+00
    outer loop
      vertex -2.458137e+01 4.555888e+00 0.000000e+00
      vertex 0.000000e+00 0.000000e+00 0.000000e+00
      vertex -2.469221e+01 3.910862e+00 0.000000e+00
    endloop
  endfacet
  facet normal 0.000000e+00 -0.000000e+00 -1.000000e+00
    outer loop
      vertex -2.469221e+01 3.910862e+00 0.000000e+00
      vertex 0.000000e+00 0.000000e+00 0.000000e+00
      vertex -2.478612e+01 3.263155e+00 0.000000e+00
    endloop
  endfacet
  facet normal 0.000000e+00 -0.000000e+00 -1.000000e+00
    outer loop
      vertex -2.478612e+01 3.263155e+00 0.000000e+00
      vertex 0.000000e+00 0.000000e+00 0.000000e+00
      vertex -2.486305e+01 2.613212e+00 0.000000e+00
    endloop
  endfacet
  facet normal 0.000000e+00 -0.000000e+00 -1.000000e+00
    outer loop
      vertex -2.486305e+01 2.613212e+00 0.000000e+00
      vertex 0.000000e+00 0.000000e+00 0.000000e+00
      vertex -2.492293e+01 1.961477e+00 0.000000e+00
    endloop
  endfacet
  facet normal 0.000000e+00 -0.000000e+00 -1.000000e+00
    outer loop
      vertex -2.492293e+01 1.961477e+00 0.000000e+00
      vertex 0.000000e+00 0.000000e+00 0.000000e+00
      vertex -2.496574e+01 1.308399e+00 0.000000e+00
    endloop
  endfacet
  facet normal 0.000000e+00 -0.000000e+00 -1.000000e+00
    outer loop
      vertex -2.496574e+01 1.308399e+00 0.000000e+00
      vertex 0.000000e+00 0.000000e+00 0.000000e+00
      vertex -2.499143e+01 6.544237e-01 0.000000e+00
    endloop
  endfacet
  facet normal 0.000000e+00 -0.000000e+00 -1.000000e+00
    outer loop
      vertex -2.499143e+01 6.544237e-01 0.000000e+00
      vertex 0.000000e+00 0.000000e+00 0.000000e+00
      vertex -2.500000e+01 3.061617e-15 0.000000e+00
    endloop
  endfacet
  facet normal 0.000000e+00 0.000000e+00 -1.000000e+00
    outer loop
      vertex -2.500000e+01 3.061617e-15 0.000000e+00
      vertex 0.000000e+00 0.000000e+00 0.000000e+00
      vertex -2.499143e+01 -6.544237e-01 0.000000e+00
    endloop
  endfacet
  facet normal 0.000000e+00 0.000000e+00 -1.000000e+00
    outer loop
      vertex -2.499143e+01 -6.544237e-01 0.000000e+00
      vertex 0.000000e+00 0.000000e+00 0.000000e+00
      vertex -2.496574e+01 -1.308399e+00 0.000000e+00
    endloop
  endfacet
  facet normal 0.000000e+00 0.000000e+00 -1.000000e+00
    outer loop
      vertex -2.496574e+01 -1.308399e+00 0.000000e+00
      vertex 0.000000e+00 0.000000e+00 0.000000e+00
      vertex -2.492293e+01 -1.961477e+00 0.000000e+00
    endloop
  endfacet
  facet normal 0.000000e+00 0.000000e+00 -1.000000e+00
    outer loop
      vertex -2.492293e+01 -1.961477e+00 0.000000e+00
      vertex 0.000000e+00 0.000000e+00 0.000000e+00
      vertex -2.486305e+01 -2.613212e+00 0.000000e+00
    endloop
  endfacet
  facet normal 0.000000e+00 0.000000e+00 -1.000000e+00
    outer loop
      vertex -2.486305e+01 -2.613212e+00 0.000000e+00
      vertex 0.000000e+00 0.000000e+00 0.000000e+00
      vertex -2.478612e+01 -3.263155e+00 0.000000e+00
    endloop
  endfacet
  facet normal 0.000000e+00 0.000000e+00 -1.000000e+00
    outer loop
      vertex -2.478612e+01 -3.263155e+00 0.000000e+00
      vertex 0.000000e+00 0.000000e+00 0.000000e+00
      vertex -2.469221e+01 -3.910862e+00 0.000000e+00
    endloop
  endfacet
  facet normal 0.000000e+00 0.000000e+00 -1.000000e+00
    outer loop
      vertex -2.469221e+01 -3.910862e+00 0.000000e+00
      vertex 0.000000e+00 0.000000e+00 0.000000e+00
      vertex -2.458137e+01 -4.555888e+00 0.000000e+00
    endloop
  endfacet
  facet normal 0.000000e+00 0.000000e+00 -1.000000e+00
    outer loop
      vertex -2.458137e+01 -4.555888e+00 0.000000e+00
      vertex 0.000000e+00 0.000000e+00 0.000000e+00
      vertex -2.445369e+01 -5.197792e+00 0.000000e+00
    endloop
  endfacet
  facet normal 0.000000e+00 0.000000e+00 -1.000000e+00
    outer loop
      vertex -2.445369e+01 -5.197792e+00 0.000000e+00
      vertex 0.000000e+00 0.000000e+00 0.000000e+00
      vertex -2.430925e+01 -5.836134e+00 0.000000e+00
    endloop
  endfacet
  facet normal 0.000000e+00 0.000000e+00 -1.000000e+00
    outer loop
      vertex -2.430925e+01 -5.836134e+00 0.000000e+00
      vertex 0.000000e+00 0.000000e+00 0.000000e+00
      vertex -2.414815e+01 -6.470476e+00 0.000000e+00
    endloop
  endfacet
  facet normal 0.000000e+00 0.000000e+00 -1.000000e+00
    outer loop
      vertex -2.414815e+01 -6.470476e+00 0.000000e+00
      vertex 0.000000e+00 0.000000e+00 0.000000e+00
      vertex -2.397049e+01 -7.100384e+00 0.000000e+00
    endloop
  endfacet
  facet normal 0.000000e+00 0.000000e+00 -1.000000e+00
    outer loop
      vertex -2.397049e+01 -7.100384e+00 0.000000e+00
      vertex 0.000000e+00 0.000000e+00 0.000000e+00
      vertex -2.377641e+01 -7.725425e+00 0.000000e+00
    endloop
  endfacet
  facet normal 0.000000e+00 0.000000e+00 -1.000000e+00
    outer loop
      vertex -2.377641e+01 -7.725425e+00 0.000000e+00
      vertex 0.000000e+00 0.000000e+00 0.000000e+00
      vertex -2.356604e+01 -8.345171e+00 0.000000e+00
    endloop
  endfacet
  facet normal 0.000000e+00 0.000000e+00 -1.000000e+00
    outer loop
      vertex -2.356604e+01 -8.345171e+00 0.000000e+00
      vertex 0.000000e+00 0.000000e+00 0.000000e+00
      vertex -2.333951e+01 -8.959199e+00 0.000000e+00
    endloop
  endfacet
  facet normal 0.000000e+00 0.000000e+00 -1.000000e+00
    outer loop
      vertex -2.333951e+01 -8.959199e+00 0.000000e+00
      vertex 0.000000e+00 0.000000e+00 0.000000e+00
      vertex -2.309699e+01 -9.567086e+00 0.000000e+00
    endloop
  endfacet
  facet normal 0.000000e+00 0.000000e+00 -1.000000e+00
    outer loop
      vertex -2.309699e+01 -9.567086e+00 0.000000e+00
      vertex 0.000000e+00 0.000000e+00 0.000000e+00
      vertex -2.283864e+01 -1.016842e+01 0.000000e+00
    endloop
  endfacet
  facet normal 0.000000e+00 0.000000e+00 -1.000000e+00
    outer loop
      vertex -2.283864e+01 -1.016842e+01 0.000000e+00
      vertex 0.000000e+00 0.000000e+00 0.000000e+00
      vertex -2.256463e+01 -1.076278e+01 0.000000e+00
    endloop
  endfacet
  facet normal 0.000000e+00 0.000000e+00 -1.000000e+00
    outer loop
      vertex -2.256463e+01 -1.076278e+01 0.000000e+00
      vertex 0.000000e+00 0.000000e+00 0.000000e+00
      vertex -2.227516e+01 -1.134976e+01 0.000000e+00
    endloop
  endfacet
  facet normal 0.000000e+00 0.000000e+00 -1.000000e+00
    outer loop
      vertex -2.227516e+01 -1.134976e+01 0.000000e+00
      vertex 0.000000e+00 0.000000e+00 0.000000e+00
      vertex -2.197043e+01 -1.192897e+01 0.000000e+00
    endloop
  endfacet
  facet normal 0.000000e+00 0.000000e+00 -1.000000e+00
    outer loop
      vertex -2.197043e+01 -1.192897e+01 0.000000e+00
      vertex 0.000000e+00 0.000000e+00 0.000000e+00
      vertex -2.165064e+01 -1.250000e+01 0.000000e+00
    endloop
  endfacet
  facet normal 0.000000e+00 0.000000e+00 -1.000000e+00
    outer loop
      vertex -2.165064e+01 -1.250000e+01 0.000000e+00
      vertex 0.000000e+00 0.000000e+00 0.000000e+00
      vertex -2.131600e+01 -1.306246e+01 0.000000e+00
    endloop
  endfacet
  facet normal 0.000000e+00 0.000000e+00 -1.000000e+00
    outer loop
      vertex -2.131600e+01 -1.306246e+01 0.000000e+00
      vertex 0.000000e+00 0.000000e+00 0.000000e+00
      vertex -2.096676e+01 -1.361598e+01 0.000000e+00
    endloop
  endfacet
  facet normal 0.000000e+00 0.000000e+00 -1.000000e+00
    outer loop
      vertex -2.096676e+01 -1.361598e+01 0.000000e+00
      vertex 0.000000e+00 0.000000e+00 0.000000e+00
      vertex -2.060315e+01 -1.416016e+01 0.000000e+00
    endloop
  endfacet
  facet normal 0.000000e+00 0.000000e+00 -1.000000e+00
    outer loop
      vertex -2.060315e+01 -1.416016e+01 0.000000e+00
      vertex 0.000000e+00 0.000000e+00 0.000000e+00
      vertex -2.022542e+01 -1.469463e+01 0.000000e+00
    endloop
  endfacet
  facet normal 0.000000e+00 0.000000e+00 -1.000000e+00
    outer loop
      vertex -2.022542e+01 -1.469463e+01 0.000000e+00
      vertex 0.000000e+00 0.000000e+00 0.000000e+00
      vertex -1.983383e+01 -1.521904e+01 0.000000e+00
    endloop
  endfacet
  facet normal 0.000000e+00 0.000000e+00 -1.000000e+00
    outer loop
      vertex -1.983383e+01 -1.521904e+01 0.000000e+00
      vertex 0.000000e+00 0.000000e+00 0.000000e+00
      vertex -1.942865e+01 -1.573301e+01 0.000000e+00
    endloop
  endfacet
  facet normal 0.000000e+00 0.000000e+00 -1.000000e+00
    outer loop
      vertex -1.942865e+01 -1.573301e+01 0.000000e+00
      vertex 0.000000e+00 0.000000e+00 0.000000e+00
      vertex -1.901015e+01 -1.623620e+01 0.000000e+00
    endloop
  endfacet
  facet normal 0.000000e+00 0.000000e+00 -1.000000e+00
    outer loop
      vertex -1.901015e+01 -1.623620e+01 0.000000e+00
      vertex 0.000000e+00 0.000000e+00 0.000000e+00
      vertex -1.857862e+01 -1.672827e+01 0.000000e+00
    endloop
  endfacet
  facet normal 0.000000e+00 0.000000e+00 -1.000000e+00
    outer loop
      vertex -1.857862e+01 -1.672827e+01 0.000000e+00
      vertex 0.000000e+00 0.000000e+00 0.000000e+00
      vertex -1.813436e+01 -1.720886e+01 0.000000e+00
    endloop
  endfacet
  facet normal 0.000000e+00 0.000000e+00 -1.000000e+00
    outer loop
      vertex -1.813436e+01 -1.720886e+01 0.000000e+00
      vertex 0.000000e+00 0.000000e+00 0.000000e+00
      vertex -1.767767e+01 -1.767767e+01 0.000000e+00
    endloop
  endfacet
  facet normal 0.000000e+00 0.000000e+00 -1.000000e+00
    outer loop
      vertex -1.767767e+01 -1.767767e+01 0.000000e+00
      vertex 0.000000e+00 0.000000e+00 0.000000e+00
      vertex -1.720886e+01 -1.813436e+01 0.000000e+00
    endloop
  endfacet
  facet normal 0.000000e+00 0.000000e+00 -1.000000e+00
    outer loop
      vertex -1.720886e+01 -1.813436e+01 0.000000e+00
      vertex 0.000000e+00 0.000000e+00 0.000000e+00
      vertex -1.672827e+01 -1.857862e+01 0.000000e+00
    endloop
  endfacet
  facet normal 0.000000e+00 0.000000e+00 -1.000000e+00
    outer loop
      vertex -1.672827e+01 -1.857862e+01 0.000000e+00
      vertex 0.000000e+00 0.000000e+00 0.000000e+00
      vertex -1.623620e+01 -1.901015e+01 0.000000e+00
    endloop
  endfacet
  facet normal 0.000000e+00 0.000000e+00 -1.000000e+00
    outer loop
      vertex -1.623620e+01 -1.901015e+01 0.000000e+00
      vertex 0.000000e+00 0.000000e+00 0.000000e+00
      vertex -1.573301e+01 -1.942865e+01 0.000000e+00
    endloop
  endfacet
  facet normal 0.000000e+00 0.000000e+00 -1.000000e+00
    outer loop
      vertex -1.573301e+01 -1.942865e+01 0.000000e+00
      vertex 0.000000e+00 0.000000e+00 0.000000e+00
      vertex -1.521904e+01 -1.983383e+01 0.000000e+00
    endloop
  endfacet
  facet normal 0.000000e+00 0.000000e+00 -1.000000e+00
    outer loop
      vertex -1.521904e+01 -1.983383e+01 0.000000e+00
      vertex 0.000000e+00 0.000000e+00 0.000000e+00
      vertex -1.469463e+01 -2.022542e+01 0.000000e+00
    endloop
  endfacet
  facet normal 0.000000e+00 0.000000e+00 -1.000000e+00
    outer loop
      vertex -1.469463e+01 -2.022542e+01 0.000000e+00
      vertex 0.000000e+00 0.000000e+00 0.000000e+00
      vertex -1.416016e+01 -2.060315e+01 0.000000e+00
    endloop
  endfacet
  facet normal 0.000000e+00 0.000000e+00 -1.000000e+00
    outer loop
      vertex -1.416016e+01 -2.060315e+01 0.000000e+00
      vertex 0.000000e+00 0.000000e+00 0.000000e+00
      vertex -1.361598e+01 -2.096676e+01 0.000000e+00
    endloop
  endfacet
  facet normal 0.000000e+00 0.000000e+00 -1.000000e+00
    outer loop
      vertex -1.361598e+01 -2.096676e+01 0.000000e+00
      vertex 0.000000e+00 0.000000e+00 0.000000e+00
      vertex -1.306246e+01 -2.131600e+01 0.000000e+00
    endloop
  endfacet
  facet normal 0.000000e+00 0.000000e+00 -1.000000e+00
    outer loop
      vertex -1.306246e+01 -2.131600e+01 0.000000e+00
      vertex 0.000000e+00 0.000000e+00 0.000000e+00
      vertex -1.250000e+01 -2.165064e+01 0.000000e+00
    endloop
  endfacet
  facet normal 0.000000e+00 0.000000e+00 -1.000000e+00
    outer loop
      vertex -1.250000e+01 -2.165064e+01 0.000000e+00
      vertex 0.000000e+00 0.000000e+00 0.000000e+00
      vertex -1.192897e+01 -2.197043e+01 0.000000e+00
    endloop
  endfacet
  facet normal 0.000000e+00 0.000000e+00 -1.000000e+00
    outer loop
      vertex -1.192897e+01 -2.197043e+01 0.000000e+00
      vertex 0.000000e+00 0.000000e+00 0.000000e+00
      vertex -1.134976e+01 -2.227516e+01 0.000000e+00
    endloop
  endfacet
  facet normal 0.000000e+00 0.000000e+00 -1.000000e+00
    outer loop
      vertex -1.134976e+01 -2.227516e+01 0.000000e+00
      vertex 0.000000e+00 0.000000e+00 0.000000e+00
      vertex -1.076278e+01 -2.256463e+01 0.000000e+00
    endloop
  endfacet
  facet normal 0.000000e+00 0.000000e+00 -1.000000e+00
    outer loop
      vertex -1.076278e+01 -2.256463e+01 0.000000e+00
      vertex 0.000000e+00 0.000000e+00 0.000000e+00
      vertex -1.016842e+01 -2.283864e+01 0.000000e+00
    endloop
  endfacet
  facet normal 0.000000e+00 0.000000e+00 -1.000000e+00
    outer loop
      vertex -1.016842e+01 -2.283864e+01 0.000000e+00
      vertex 0.000000e+00 0.000000e+00 0.000000e+00
      vertex -9.567086e+00 -2.309699e+01 0.000000e+00
    endloop
  endfacet
  facet normal 0.000000e+00 0.000000e+00 -1.000000e+00
    outer loop
      vertex -9.567086e+00 -2.309699e+01 0.000000e+00
      vertex 0.000000e+00 0.000000e+00 0.000000e+00
      vertex -8.959199e+00 -2.333951e+01 0.000000e+00
    endloop
  endfacet
  facet normal 0.000000e+00 0.000000e+00 -1.000000e+00
    outer loop
      vertex -8.959199e+00 -2.333951e+01 0.000000e+00
      vertex 0.000000e+00 0.000000e+00 0.000000e+00
      vertex -8.345171e+00 -2.356604e+01 0.000000e+00
    endloop
  endfacet
  facet normal 0.000000e+00 0.000000e+00 -1.000000e+00
    outer loop
      vertex -8.345171e+00 -2.356604e+01 0.000000e+00
      vertex 0.000000e+00 0.000000e+00 0.000000e+00
      vertex -7.725425e+00 -2.377641e+01 0.000000e+00
    endloop
  endfacet
  facet normal 0.000000e+00 0.000000e+00 -1.000000e+00
    outer loop
      vertex -7.725425e+00 -2.377641e+01 0.000000e+00
      vertex 0.000000e+00 0.000000e+00 0.000000e+00
      vertex -7.100384e+00 -2.397049e+01 0.000000e+00
    endloop
  endfacet
  facet normal 0.000000e+00 0.000000e+00 -1.000000e+00
    outer loop
      vertex -7.100384e+00 -2.397049e+01 0.000000e+00
      vertex 0.000000e+00 0.000000e+00 0.000000e+00
      vertex -6.470476e+00 -2.414815e+01 0.000000e+00
    endloop
  endfacet
  facet normal 0.000000e+00 0.000000e+00 -1.000000e+00
    outer loop
      vertex -6.470476e+00 -2.414815e+01 0.000000e+00
      vertex 0.000000e+00 0.000000e+00 0.000000e+00
      vertex -5.836134e+00 -2.430925e+01 0.000000e+00
    endloop
  endfacet
  facet normal 0.000000e+00 0.000000e+00 -1.000000e+00
    outer loop
      vertex -5.836134e+00 -2.430925e+01 0.000000e+00
      vertex 0.000000e+00 0.000000e+00 0.000000e+00
      vertex -5.197792e+00 -2.445369e+01 0.000000e+00
    endloop
  endfacet
  facet normal 0.000000e+00 0.000000e+00 -1.000000e+00
    outer loop
      vertex -5.197792e+00 -2.445369e+01 0.000000e+00
      vertex 0.000000e+00 0.000000e+00 0.000000e+00
      vertex -4.555888e+00 -2.458137e+01 0.000000e+00
    endloop
  endfacet
  facet normal 0.000000e+00 0.000000e+00 -1.000000e+00
    outer loop
      vertex -4.555888e+00 -2.458137e+01 0.000000e+00
      vertex 0.000000e+00 0.000000e+00 0.000000e+00
      vertex -3.910862e+00 -2.469221e+01 0.000000e+00
    endloop
  endfacet
  facet normal 0.000000e+00 0.000000e+00 -1.000000e+00
    outer loop
      vertex -3.910862e+00 -2.469221e+01 0.000000e+00
      vertex 0.000000e+00 0.000000e+00 0.000000e+00
      vertex -3.263155e+00 -2.478612e+01 0.000000e+00
    endloop
  endfacet
  facet normal 0.000000e+00 0.000000e+00 -1.000000e+00
    outer loop
      vertex -3.263155e+00 -2.478612e+01 0.000000e+00
      vertex 0.000000e+00 0.000000e+00 0.000000e+00
      vertex -2.613212e+00 -2.486305e+01 0.000000e+00
    endloop
  endfacet
  facet normal 0.000000e+00 0.000000e+00 -1.000000e+00
    outer loop
      vertex -2.613212e+00 -2.486305e+01 0.000000e+00
      vertex 0.000000e+00 0.000000e+00 0.000000e+00
      vertex -1.961477e+00 -2.492293e+01 0.000000e+00
    endloop
  endfacet
  facet normal 0.000000e+00 0.000000e+00 -1.000000e+00
    outer loop
      vertex -1.961477e+00 -2.492293e+01 0.000000e+00
      vertex 0.000000e+00 0.000000e+00 0.000000e+00
      vertex -1.308399e+00 -2.496574e+01 0.000000e+00
    endloop
  endfacet
  facet normal 0.000000e+00 0.000000e+00 -1.000000e+00
    outer loop
      vertex -1.308399e+00 -2.496574e+01 0.000000e+00
      vertex 0.000000e+00 0.000000e+00 0.000000e+00
      vertex -6.544237e-01 -2.499143e+01 0.000000e+00
    endloop
  endfacet
  facet normal 0.000000e+00 0.000000e+00 -1.000000e+00
    outer loop
      vertex -6.544237e-01 -2.499143e+01 0.000000e+00
      vertex 0.000000e+00 0.000000e+00 0.000000e+00
      vertex -4.592425e-15 -2.500000e+01 0.000000e+00
    endloop
  endfacet
  facet normal 0.000000e+00 0.000000e+00 -1.000000e+00
    outer loop
      vertex -4.592425e-15 -2.500000e+01 0.000000e+00
      vertex 0.000000e+00 0.000000e+00 0.000000e+00
      vertex 6.544237e-01 -2.499143e+01 0.000000e+00
    endloop
  endfacet
  facet normal 0.000000e+00 0.000000e+00 -1.000000e+00
    outer loop
      vertex 6.544237e-01 -2.499143e+01 0.000000e+00
      vertex 0.000000e+00 0.000000e+00 0.000000e+00
      vertex 1.308399e+00 -2.496574e+01 0.000000e+00
    endloop
  endfacet
  facet normal 0.000000e+00 0.000000e+00 -1.000000e+00
    outer loop
      vertex 1.308399e+00 -2.496574e+01 0.000000e+00
      vertex 0.000000e+00 0.000000e+00 0.000000e+00
      vertex 1.961477e+00 -2.492293e+01 0.000000e+00
    endloop
  endfacet
  facet normal 0.000000e+00 0.000000e+00 -1.000000e+00
    outer loop
      vertex 1.961477e+00 -2.492293e+01 0.000000e+00
      vertex 0.000000e+00 0.000000e+00 0.000000e+00
      vertex 2.613212e+00 -2.486305e+01 0.000000e+00
    endloop
  endfacet
  facet normal 0.000000e+00 0.000000e+00 -1.000000e+00
    outer loop
      vertex 2.613212e+00 -2.486305e+01 0.000000e+00
      vertex 0.000000e+00 0.000000e+00 0.000000e+00
      vertex 3.263155e+00 -2.478612e+01 0.000000e+00
    endloop
  endfacet
  facet normal 0.000000e+00 0.000000e+00 -1.000000e+00
    outer loop
      vertex 3.263155e+00 -2.478612e+01 0.000000e+00
      vertex 0.000000e+00 0.000000e+00 0.000000e+00
      vertex 3.910862e+00 -2.469221e+01 0.000000e+00
    endloop
  endfacet
  facet normal 0.000000e+00 0.000000e+00 -1.000000e+00
    outer loop
      vertex 3.910862e+00 -2.469221e+01 0.000000e+00
      vertex 0.000000e+00 0.000000e+00 0.000000e+00
      vertex 4.555888e+00 -2.458137e+01 0.000000e+00
    endloop
  endfacet
  facet normal 0.000000e+00 0.000000e+00 -1.000000e+00
    outer loop
      vertex 4.555888e+00 -2.458137e+01 0.000000e+00
      vertex 0.000000e+00 0.000000e+00 0.000000e+00
      vertex 5.197792e+00 -2.445369e+01 0.000000e+00
    endloop
  endfacet
  facet normal 0.000000e+00 0.000000e+00 -1.000000e+00
    outer loop
      vertex 5.197792e+00 -2.445369e+01 0.000000e+00
      vertex 0.000000e+00 0.000000e+00 0.000000e+00
      vertex 5.836134e+00 -2.430925e+01 0.000000e+00
    endloop
  endfacet
  facet normal 0.000000e+00 0.000000e+00 -1.000000e+00
    outer loop
      vertex 5.836134e+00 -2.430925e+01 0.000000e+00
      vertex 0.000000e+00 0.000000e+00 0.000000e+00
      vertex 6.470476e+00 -2.414815e+01 0.000000e+00
    endloop
  endfacet
  facet normal 0.000000e+00 0.000000e+00 -1.000000e+00
    outer loop
      vertex 6.470476e+00 -2.414815e+01 0.000000e+00
      vertex 0.000000e+00 0.000000e+00 0.000000e+00
      vertex 7.100384e+00 -2.397049e+01 0.000000e+00
    endloop
  endfacet
  facet normal 0.000000e+00 0.000000e+00 -1.000000e+00
    outer loop
      vertex 7.100384e+00 -2.397049e+01 0.000000e+00
      vertex 0.000000e+00 0.000000e+00 0.000000e+00
      vertex 7.725425e+00 -2.377641e+01 0.000000e+00
    endloop
  endfacet
  facet normal 0.000000e+00 0.000000e+00 -1.000000e+00
    outer loop
      vertex 7.725425e+00 -2.377641e+01 0.000000e+00
      vertex 0.000000e+00 0.000000e+00 0.000000e+00
      vertex 8.345171e+00 -2.356604e+01 0.000000e+00
    endloop
  endfacet
  facet normal 0.000000e+00 0.000000e+00 -1.000000e+00
    outer loop
      vertex 8.345171e+00 -2.356604e+01 0.000000e+00
      vertex 0.000000e+00 0.000000e+00 0.000000e+00
      vertex 8.959199e+00 -2.333951e+01 0.000000e+00
    endloop
  endfacet
  facet normal 0.000000e+00 0.000000e+00 -1.000000e+00
    outer loop
      vertex 8.959199e+00 -2.333951e+01 0.000000e+00
      vertex 0.000000e+00 0.000000e+00 0.000000e+00
      vertex 9.567086e+00 -2.309699e+01 0.000000e+00
    endloop
  endfacet
  facet normal 0.000000e+00 0.000000e+00 -1.000000e+00
    outer loop
      vertex 9.567086e+00 -2.309699e+01 0.000000e+00
      vertex 0.000000e+00 0.000000e+00 0.000000e+00
      vertex 1.016842e+01 -2.283864e+01 0.000000e+00
    endloop
  endfacet
  facet normal 0.000000e+00 0.000000e+00 -1.000000e+00
    outer loop
      vertex 1.016842e+01 -2.283864e+01 0.000000e+00
      vertex 0.000000e+00 0.000000e+00 0.000000e+00
      vertex 1.076278e+01 -2.256463e+01 0.000000e+00
    endloop
  endfacet
  facet normal 0.000000e+00 0.000000e+00 -1.000000e+00
    outer loop
      vertex 1.076278e+01 -2.256463e+01 0.000000e+00
      vertex 0.000000e+00 0.000000e+00 0.000000e+00
      vertex 1.134976e+01 -2.227516e+01 0.000000e+00
    endloop
  endfacet
  facet normal 0.000000e+00 0.000000e+00 -1.000000e+00
    outer loop
      vertex 1.134976e+01 -2.227516e+01 0.000000e+00
      vertex 0.000000e+00 0.000000e+00 0.000000e+00
      vertex 1.192897e+01 -2.197043e+01 0.000000e+00
    endloop
  endfacet
  facet normal 0.000000e+00 0.000000e+00 -1.000000e+00
    outer loop
      vertex 1.192897e+01 -2.197043e+01 0.000000e+00
      vertex 0.000000e+00 0.000000e+00 0.000000e+00
      vertex 1.250000e+01 -2.165064e+01 0.000000e+00
    endloop
  endfacet
  facet normal 0.000000e+00 0.000000e+00 -1.000000e+00
    outer loop
      vertex 1.250000e+01 -2.165064e+01 0.000000e+00
      vertex 0.000000e+00 0.000000e+00 0.000000e+00
      vertex 1.306246e+01 -2.131600e+01 0.000000e+00
    endloop
  endfacet
  facet normal 0.000000e+00 0.000000e+00 -1.000000e+00
    outer loop
      vertex 1.306246e+01 -2.131600e+01 0.000000e+00
      vertex 0.000000e+00 0.000000e+00 0.000000e+00
      vertex 1.361598e+01 -2.096676e+01 0.000000e+00
    endloop
  endfacet
  facet normal 0.000000e+00 0.000000e+00 -1.000000e+00
    outer loop
      vertex 1.361598e+01 -2.096676e+01 0.000000e+00
      vertex 0.000000e+00 0.000000e+00 0.000000e+00
      vertex 1.416016e+01 -2.060315e+01 0.000000e+00
    endloop
  endfacet
  facet normal 0.000000e+00 0.000000e+00 -1.000000e+00
    outer loop
      vertex 1.416016e+01 -2.060315e+01 0.000000e+00
      vertex 0.000000e+00 0.000000e+00 0.000000e+00
      vertex 1.469463e+01 -2.022542e+01 0.000000e+00
    endloop
  endfacet
  facet normal 0.000000e+00 0.000000e+00 -1.000000e+00
    outer loop
      vertex 1.469463e+01 -2.022542e+01 0.000000e+00
      vertex 0.000000e+00 0.000000e+00 0.000000e+00
      vertex 1.521904e+01 -1.983383e+01 0.000000e+00
    endloop
  endfacet
  facet normal 0.000000e+00 0.000000e+00 -1.000000e+00
    outer loop
      vertex 1.521904e+01 -1.983383e+01 0.000000e+00
      vertex 0.000000e+00 0.000000e+00 0.000000e+00
      vertex 1.573301e+01 -1.942865e+01 0.000000e+00
    endloop
  endfacet
  facet normal 0.000000e+00 0.000000e+00 -1.000000e+00
    outer loop
      vertex 1.573301e+01 -1.942865e+01 0.000000e+00
      vertex 0.000000e+00 0.000000e+00 0.000000e+00
      vertex 1.623620e+01 -1.901015e+01 0.000000e+00
    endloop
  endfacet
  facet normal 0.000000e+00 0.000000e+00 -1.000000e+00
    outer loop
      vertex 1.623620e+01 -1.901015e+01 0.000000e+00
      vertex 0.000000e+00 0.000000e+00 0.000000e+00
      vertex 1.672827e+01 -1.857862e+01 0.000000e+00
    endloop
  endfacet
  facet normal 0.000000e+00 0.000000e+00 -1.000000e+00
    outer loop
      vertex 1.672827e+01 -1.857862e+01 0.000000e+00
      vertex 0.000000e+00 0.000000e+00 0.000000e+00
      vertex 1.720886e+01 -1.813436e+01 0.000000e+00
    endloop
  endfacet
  facet normal 0.000000e+00 0.000000e+00 -1.000000e+00
    outer loop
      vertex 1.720886e+01 -1.813436e+01 0.000000e+00
      vertex 0.000000e+00 0.000000e+00 0.000000e+00
      vertex 1.767767e+01 -1.767767e+01 0.000000e+00
    endloop
  endfacet
  facet normal 0.000000e+00 0.000000e+00 -1.000000e+00
    outer loop
      vertex 1.767767e+01 -1.767767e+01 0.000000e+00
      vertex 0.000000e+00 0.000000e+00 0.000000e+00
      vertex 1.813436e+01 -1.720886e+01 0.000000e+00
    endloop
  endfacet
  facet normal 0.000000e+00 0.000000e+00 -1.000000e+00
    outer loop
      vertex 1.813436e+01 -1.720886e+01 0.000000e+00
      vertex 0.000000e+00 0.000000e+00 0.000000e+00
      vertex 1.857862e+01 -1.672827e+01 0.000000e+00
    endloop
  endfacet
  facet normal 0.000000e+00 0.000000e+00 -1.000000e+00
    outer loop
      vertex 1.857862e+01 -1.672827e+01 0.000000e+00
      vertex 0.000000e+00 0.000000e+00 0.000000e+00
      vertex 1.901015e+01 -1.623620e+01 0.000000e+00
    endloop
  endfacet
  facet normal 0.000000e+00 0.000000e+00 -1.000000e+00
    outer loop
      vertex 1.901015e+01 -1.623620e+01 0.000000e+00
      vertex 0.000000e+00 0.000000e+00 0.000000e+00
      vertex 1.942865e+01 -1.573301e+01 0.000000e+00
    endloop
  endfacet
  facet normal 0.000000e+00 0.000000e+00 -1.000000e+00
    outer loop
      vertex 1.942865e+01 -1.573301e+01 0.000000e+00
      vertex 0.000000e+00 0.000000e+00 0.000000e+00
      vertex 1.983383e+01 -1.521904e+01 0.000000e+00
    endloop
  endfacet
  facet normal 0.000000e+00 0.000000e+00 -1.000000e+00
    outer loop
      vertex 1.983383e+01 -1.521904e+01 0.000000e+00
      vertex 0.000000e+00 0.000000e+00 0.000000e+00
      vertex 2.022542e+01 -1.469463e+01 0.000000e+00
    endloop
  endfacet
  facet normal 0.000000e+00 0.000000e+00 -1.000000e+00
    outer loop
      vertex 2.022542e+01 -1.469463e+01 0.000000e+00
      vertex 0.000000e+00 0.000000e+00 0.000000e+00
      vertex 2.060315e+01 -1.416016e+01 0.000000e+00
    endloop
  endfacet
  facet normal 0.000000e+00 0.000000e+00 -1.000000e+00
    outer loop
      vertex 2.060315e+01 -1.416016e+01 0.000000e+00
      vertex 0.000000e+00 0.000000e+00 0.000000e+00
      vertex 2.096676e+01 -1.361598e+01 0.000000e+00
    endloop
  endfacet
  facet normal 0.000000e+00 0.000000e+00 -1.000000e+00
    outer loop
      vertex 2.096676e+01 -1.361598e+01 0.000000e+00
      vertex 0.000000e+00 0.000000e+00 0.000000e+00
      vertex 2.131600e+01 -1.306246e+01 0.000000e+00
    endloop
  endfacet
  facet normal 0.000000e+00 0.000000e+00 -1.000000e+00
    outer loop
      vertex 2.131600e+01 -1.306246e+01 0.000000e+00
      vertex 0.000000e+00 0.000000e+00 0.000000e+00
      vertex 2.165064e+01 -1.250000e+01 0.000000e+00
    endloop
  endfacet
  facet normal 0.000000e+00 0.000000e+00 -1.000000e+00
    outer loop
      vertex 2.165064e+01 -1.250000e+01 0.000000e+00
      vertex 0.000000e+00 0.000000e+00 0.000000e+00
      vertex 2.197043e+01 -1.192897e+01 0.000000e+00
    endloop
  endfacet
  facet normal 0.000000e+00 0.000000e+00 -1.000000e+00
    outer loop
      vertex 2.197043e+01 -1.192897e+01 0.000000e+00
      vertex 0.000000e+00 0.000000e+00 0.000000e+00
      vertex 2.227516e+01 -1.134976e+01 0.000000e+00
    endloop
  endfacet
  facet normal 0.000000e+00 0.000000e+00 -1.000000e+00
    outer loop
      vertex 2.227516e+01 -1.134976e+01 0.000000e+00
      vertex 0.000000e+00 0.000000e+00 0.000000e+00
      vertex 2.256463e+01 -1.076278e+01 0.000000e+00
    endloop
  endfacet
  facet normal 0.000000e+00 0.000000e+00 -1.000000e+00
    outer loop
      vertex 2.256463e+01 -1.076278e+01 0.000000e+00
      vertex 0.000000e+00 0.000000e+00 0.000000e+00
      vertex 2.283864e+01 -1.016842e+01 0.000000e+00
    endloop
  endfacet
  facet normal 0.000000e+00 0.000000e+00 -1.000000e+00
    outer loop
      vertex 2.283864e+01 -1.016842e+01 0.000000e+00
      vertex 0.000000e+00 0.000000e+00 0.000000e+00
      vertex 2.309699e+01 -9.567086e+00 0.000000e+00
    endloop
  endfacet
  facet normal 0.000000e+00 0.000000e+00 -1.000000e+00
    outer loop
      vertex 2.309699e+01 -9.567086e+00 0.000000e+00
      vertex 0.000000e+00 0.000000e+00 0.000000e+00
      vertex 2.333951e+01 -8.959199e+00 0.000000e+00
    endloop
  endfacet
  facet normal 0.000000e+00 0.000000e+00 -1.000000e+00
    outer loop
      vertex 2.333951e+01 -8.959199e+00 0.000000e+00
      vertex 0.000000e+00 0.000000e+00 0.000000e+00
      vertex 2.356604e+01 -8.345171e+00 0.000000e+00
    endloop
  endfacet
  facet normal 0.000000e+00 0.000000e+00 -1.000000e+00
    outer loop
      vertex 2.356604e+01 -8.345171e+00 0.000000e+00
      vertex 0.000000e+00 0.000000e+00 0.000000e+00
      vertex 2.377641e+01 -7.725425e+00 0.000000e+00
    endloop
  endfacet
  facet normal 0.000000e+00 0.000000e+00 -1.000000e+00
    outer loop
      vertex 2.377641e+01 -7.725425e+00 0.000000e+00
      vertex 0.000000e+00 0.000000e+00 0.000000e+00
      vertex 2.397049e+01 -7.100384e+00 0.000000e+00
    endloop
  endfacet
  facet normal 0.000000e+00 0.000000e+00 -1.000000e+00
    outer loop
      vertex 2.397049e+01 -7.100384e+00 0.000000e+00
      vertex 0.000000e+00 0.000000e+00 0.000000e+00
      vertex 2.414815e+01 -6.470476e+00 0.000000e+00
    endloop
  endfacet
  facet normal 0.000000e+00 0.000000e+00 -1.000000e+00
    outer loop
      vertex 2.414815e+01 -6.470476e+00 0.000000e+00
      vertex 0.000000e+00 0.000000e+00 0.000000e+00
      vertex 2.430925e+01 -5.836134e+00 0.000000e+00
    endloop
  endfacet
  facet normal 0.000000e+00 0.000000e+00 -1.000000e+00
    outer loop
      vertex 2.430925e+01 -5.836134e+00 0.000000e+00
      vertex 0.000000e+00 0.000000e+00 0.000000e+00
      vertex 2.445369e+01 -5.197792e+00 0.000000e+00
    endloop
  endfacet
  facet normal 0.000000e+00 0.000000e+00 -1.000000e+00
    outer loop
      vertex 2.445369e+01 -5.197792e+00 0.000000e+00
      vertex 0.000000e+00 0.000000e+00 0.000000e+00
      vertex 2.458137e+01 -4.555888e+00 0.000000e+00
    endloop
  endfacet
  facet normal 0.000000e+00 0.000000e+00 -1.000000e+00
    outer loop
      vertex 2.458137e+01 -4.555888e+00 0.000000e+00
      vertex 0.000000e+00 0.000000e+00 0.000000e+00
      vertex 2.469221e+01 -3.910862e+00 0.000000e+00
    endloop
  endfacet
  facet normal 0.000000e+00 0.000000e+00 -1.000000e+00
    outer loop
      vertex 2.469221e+01 -3.910862e+00 0.000000e+00
      vertex 0.000000e+00 0.000000e+00 0.000000e+00
      vertex 2.478612e+01 -3.263155e+00 0.000000e+00
    endloop
  endfacet
  facet normal 0.000000e+00 0.000000e+00 -1.000000e+00
    outer loop
      vertex 2.478612e+01 -3.263155e+00 0.000000e+00
      vertex 0.000000e+00 0.000000e+00 0.000000e+00
      vertex 2.486305e+01 -2.613212e+00 0.000000e+00
    endloop
  endfacet
  facet normal 0.000000e+00 0.000000e+00 -1.000000e+00
    outer loop
      vertex 2.486305e+01 -2.613212e+00 0.000000e+00
      vertex 0.000000e+00 0.000000e+00 0.000000e+00
      vertex 2.492293e+01 -1.961477e+00 0.000000e+00
    endloop
  endfacet
  facet normal 0.000000e+00 0.000000e+00 -1.000000e+00
    outer loop
      vertex 2.492293e+01 -1.961477e+00 0.000000e+00
      vertex 0.000000e+00 0.000000e+00 0.000000e+00
      vertex 2.496574e+01 -1.308399e+00 0.000000e+00
    endloop
  endfacet
  facet normal 0.000000e+00 0.000000e+00 -1.000000e+00
    outer loop
      vertex 2.496574e+01 -1.308399e+00 0.000000e+00
      vertex 0.000000e+00 0.000000e+00 0.000000e+00
      vertex 2.499143e+01 -6.544237e-01 0.000000e+00
    endloop
  endfacet
  facet normal 0.000000e+00 0.000000e+00 -1.000000e+00
    outer loop
      vertex 2.499143e+01 -6.544237e-01 0.000000e+00
      vertex 0.000000e+00 0.000000e+00 0.000000e+00
      vertex 2.500000e+01 0.000000e+00 0.000000e+00
    endloop
  endfacet
  facet normal 0.000000e+00 0.000000e+00 1.000000e+00
    outer loop
      vertex 2.000000e+01 0.000000e+00 5.000000e-01
      vertex 1.999315e+01 5.235390e-01 5.000000e-01
      vertex 0.000000e+00 0.000000e+00 5.000000e-01
    endloop
  endfacet
  facet normal 0.000000e+00 0.000000e+00 1.000000e+00
    outer loop
      vertex 1.999315e+01 5.235390e-01 5.000000e-01
      vertex 1.997259e+01 1.046719e+00 5.000000e-01
      vertex 0.000000e+00 0.000000e+00 5.000000e-01
    endloop
  endfacet
  facet normal 0.000000e+00 0.000000e+00 1.000000e+00
    outer loop
      vertex 1.997259e+01 1.046719e+00 5.000000e-01
      vertex 1.993835e+01 1.569182e+00 5.000000e-01
      vertex 0.000000e+00 0.000000e+00 5.000000e-01
    endloop
  endfacet
  facet normal 0.000000e+00 0.000000e+00 1.000000e+00
    outer loop
      vertex 1.993835e+01 1.569182e+00 5.000000e-01
      vertex 1.989044e+01 2.090569e+00 5.000000e-01
      vertex 0.000000e+00 0.000000e+00 5.000000e-01
    endloop
  endfacet
  facet normal 0.000000e+00 0.000000e+00 1.000000e+00
    outer loop
      vertex 1.989044e+01 2.090569e+00 5.000000e-01
      vertex 1.982890e+01 2.610524e+00 5.000000e-01
      vertex 0.000000e+00 0.000000e+00 5.000000e-01
    endloop
  endfacet
  facet normal 0.000000e+00 0.000000e+00 1.000000e+00
    outer loop
      vertex 1.982890e+01 2.610524e+00 5.000000e-01
      vertex 1.975377e+01 3.128689e+00 5.000000e-01
      vertex 0.000000e+00 0.000000e+00 5.000000e-01
    endloop
  endfacet
  facet normal 0.000000e+00 0.000000e+00 1.000000e+00
    outer loop
      vertex 1.975377e+01 3.128689e+00 5.000000e-01
      vertex 1.966510e+01 3.644711e+00 5.000000e-01
      vertex 0.000000e+00 0.000000e+00 5.000000e-01
    endloop
  endfacet
  facet normal 0.000000e+00 0.000000e+00 1.000000e+00
    outer loop
      vertex 1.966510e+01 3.644711e+00 5.000000e-01
      vertex 1.956295e+01 4.158234e+00 5.000000e-01
      vertex 0.000000e+00 0.000000e+00 5.000000e-01
    endloop
  endfacet
  facet normal 0.000000e+00 0.000000e+00 1.000000e+00
    outer loop
      vertex 1.956295e+01 4.158234e+00 5.000000e-01
      vertex 1.944740e+01 4.668907e+00 5.000000e-01
      vertex 0.000000e+00 0.000000e+00 5.000000e-01
    endloop
  endfacet
  facet normal 0.000000e+00 0.000000e+00 1.000000e+00
    outer loop
      vertex 1.944740e+01 4.668907e+00 5.000000e-01
      vertex 1.931852e+01 5.176381e+00 5.000000e-01
      vertex 0.000000e+00 0.000000e+00 5.000000e-01
    endloop
  endfacet
  facet normal 0.000000e+00 0.000000e+00 1.000000e+00
    outer loop
      vertex 1.931852e+01 5.176381e+00 5.000000e-01
      vertex 1.917639e+01 5.680307e+00 5.000000e-01
      vertex 0.000000e+00 0.000000e+00 5.000000e-01
    endloop
  endfacet
  facet normal 0.000000e+00 0.000000e+00 1.000000e+00
    outer loop
      vertex 1.917639e+01 5.680307e+00 5.000000e-01
      vertex 1.902113e+01 6.180340e+00 5.000000e-01
      vertex 0.000000e+00 0.000000e+00 5.000000e-01
    endloop
  endfacet
  facet normal 0.000000e+00 0.000000e+00 1.000000e+00
    outer loop
      vertex 1.902113e+01 6.180340e+00 5.000000e-01
      vertex 1.885283e+01 6.676137e+00 5.000000e-01
      vertex 0.000000e+00 0.000000e+00 5.000000e-01
    endloop
  endfacet
  facet normal 0.000000e+00 0.000000e+00 1.000000e+00
    outer loop
      vertex 1.885283e+01 6.676137e+00 5.000000e-01
      vertex 1.867161e+01 7.167359e+00 5.000000e-01
      vertex 0.000000e+00 0.000000e+00 5.000000e-01
    endloop
  endfacet
  facet normal 0.000000e+00 0.000000e+00 1.000000e+00
    outer loop
      vertex 1.867161e+01 7.167359e+00 5.000000e-01
      vertex 1.847759e+01 7.653669e+00 5.000000e-01
      vertex 0.000000e+00 0.000000e+00 5.000000e-01
    endloop
  endfacet
  facet normal 0.000000e+00 0.000000e+00 1.000000e+00
    outer loop
      vertex 1.847759e+01 7.653669e+00 5.000000e-01
      vertex 1.827091e+01 8.134733e+00 5.000000e-01
      vertex 0.000000e+00 0.000000e+00 5.000000e-01
    endloop
  endfacet
  facet normal 0.000000e+00 0.000000e+00 1.000000e+00
    outer loop
      vertex 1.827091e+01 8.134733e+00 5.000000e-01
      vertex 1.805171e+01 8.610222e+00 5.000000e-01
      vertex 0.000000e+00 0.000000e+00 5.000000e-01
    endloop
  endfacet
  facet normal 0.000000e+00 0.000000e+00 1.000000e+00
    outer loop
      vertex 1.805171e+01 8.610222e+00 5.000000e-01
      vertex 1.782013e+01 9.079810e+00 5.000000e-01
      vertex 0.000000e+00 0.000000e+00 5.000000e-01
    endloop
  endfacet
  facet normal 0.000000e+00 0.000000e+00 1.000000e+00
    outer loop
      vertex 1.782013e+01 9.079810e+00 5.000000e-01
      vertex 1.757634e+01 9.543175e+00 5.000000e-01
      vertex 0.000000e+00 0.000000e+00 5.000000e-01
    endloop
  endfacet
  facet normal 0.000000e+00 0.000000e+00 1.000000e+00
    outer loop
      vertex 1.757634e+01 9.543175e+00 5.000000e-01
      vertex 1.732051e+01 1.000000e+01 5.000000e-01
      vertex 0.000000e+00 0.000000e+00 5.000000e-01
    endloop
  endfacet
  facet normal 0.000000e+00 0.000000e+00 1.000000e+00
    outer loop
      vertex 1.732051e+01 1.000000e+01 5.000000e-01
      vertex 1.705280e+01 1.044997e+01 5.000000e-01
      vertex 0.000000e+00 0.000000e+00 5.000000e-01
    endloop
  endfacet
  facet normal 0.000000e+00 0.000000e+00 1.000000e+00
    outer loop
      vertex 1.705280e+01 1.044997e+01 5.000000e-01
      vertex 1.677341e+01 1.089278e+01 5.000000e-01
      vertex 0.000000e+00 0.000000e+00 5.000000e-01
    endloop
  endfacet
  facet normal 0.000000e+00 0.000000e+00 1.000000e+00
    outer loop
      vertex 1.677341e+01 1.089278e+01 5.000000e-01
      vertex 1.648252e+01 1.132812e+01 5.000000e-01
      vertex 0.000000e+00 0.000000e+00 5.000000e-01
    endloop
  endfacet
  facet normal 0.000000e+00 0.000000e+00 1.000000e+00
    outer loop
      vertex 1.648252e+01 1.132812e+01 5.000000e-01
      vertex 1.618034e+01 1.175571e+01 5.000000e-01
      vertex 0.000000e+00 0.000000e+00 5.000000e-01
    endloop
  endfacet
  facet normal 0.000000e+00 0.000000e+00 1.000000e+00
    outer loop
      vertex 1.618034e+01 1.175571e+01 5.000000e-01
      vertex 1.586707e+01 1.217523e+01 5.000000e-01
      vertex 0.000000e+00 0.000000e+00 5.000000e-01
    endloop
  endfacet
  facet normal 0.000000e+00 0.000000e+00 1.000000e+00
    outer loop
      vertex 1.586707e+01 1.217523e+01 5.000000e-01
      vertex 1.554292e+01 1.258641e+01 5.000000e-01
      vertex 0.000000e+00 0.000000e+00 5.000000e-01
    endloop
  endfacet
  facet normal 0.000000e+00 0.000000e+00 1.000000e+00
    outer loop
      vertex 1.554292e+01 1.258641e+01 5.000000e-01
      vertex 1.520812e+01 1.298896e+01 5.000000e-01
      vertex 0.000000e+00 0.000000e+00 5.000000e-01
    endloop
  endfacet
  facet normal 0.000000e+00 0.000000e+00 1.000000e+00
    outer loop
      vertex 1.520812e+01 1.298896e+01 5.000000e-01
      vertex 1.486290e+01 1.338261e+01 5.000000e-01
      vertex 0.000000e+00 0.000000e+00 5.000000e-01
    endloop
  endfacet
  facet normal 0.000000e+00 0.000000e+00 1.000000e+00
    outer loop
      vertex 1.486290e+01 1.338261e+01 5.000000e-01
      vertex 1.450749e+01 1.376709e+01 5.000000e-01
      vertex 0.000000e+00 0.000000e+00 5.000000e-01
    endloop
  endfacet
  facet normal 0.000000e+00 0.000000e+00 1.000000e+00
    outer loop
      vertex 1.450749e+01 1.376709e+01 5.000000e-01
      vertex 1.414214e+01 1.414214e+01 5.000000e-01
      vertex 0.000000e+00 0.000000e+00 5.000000e-01
    endloop
  endfacet
  facet normal 0.000000e+00 0.000000e+00 1.000000e+00
    outer loop
      vertex 1.414214e+01 1.414214e+01 5.000000e-01
      vertex 1.376709e+01 1.450749e+01 5.000000e-01
      vertex 0.000000e+00 0.000000e+00 5.000000e-01
    endloop
  endfacet
  facet normal 0.000000e+00 0.000000e+00 1.000000e+00
    outer loop
      vertex 1.376709e+01 1.450749e+01 5.000000e-01
      vertex 1.338261e+01 1.486290e+01 5.000000e-01
      vertex 0.000000e+00 0.000000e+00 5.000000e-01
    endloop
  endfacet
  facet normal 0.000000e+00 0.000000e+00 1.000000e+00
    outer loop
      vertex 1.338261e+01 1.486290e+01 5.000000e-01
      vertex 1.298896e+01 1.520812e+01 5.000000e-01
      vertex 0.000000e+00 0.000000e+00 5.000000e-01
    endloop
  endfacet
  facet normal 0.000000e+00 0.000000e+00 1.000000e+00
    outer loop
      vertex 1.298896e+01 1.520812e+01 5.000000e-01
      vertex 1.258641e+01 1.554292e+01 5.000000e-01
      vertex 0.000000e+00 0.000000e+00 5.000000e-01
    endloop
  endfacet
  facet normal 0.000000e+00 0.000000e+00 1.000000e+00
    outer loop
      vertex 1.258641e+01 1.554292e+01 5.000000e-01
      vertex 1.217523e+01 1.586707e+01 5.000000e-01
      vertex 0.000000e+00 0.000000e+00 5.000000e-01
    endloop
  endfacet
  facet normal 0.000000e+00 0.000000e+00 1.000000e+00
    outer loop
      vertex 1.217523e+01 1.586707e+01 5.000000e-01
      vertex 1.175571e+01 1.618034e+01 5.000000e-01
      vertex 0.000000e+00 0.000000e+00 5.000000e-01
    endloop
  endfacet
  facet normal 0.000000e+00 0.000000e+00 1.000000e+00
    outer loop
      vertex 1.175571e+01 1.618034e+01 5.000000e-01
      vertex 1.132812e+01 1.648252e+01 5.000000e-01
      vertex 0.000000e+00 0.000000e+00 5.000000e-01
    endloop
  endfacet
  facet normal 0.000000e+00 0.000000e+00 1.000000e+00
    outer loop
      vertex 1.132812e+01 1.648252e+01 5.000000e-01
      vertex 1.089278e+01 1.677341e+01 5.000000e-01
      vertex 0.000000e+00 0.000000e+00 5.000000e-01
    endloop
  endfacet
  facet normal 0.000000e+00 0.000000e+00 1.000000e+00
    outer loop
      vertex 1.089278e+01 1.677341e+01 5.000000e-01
      vertex 1.044997e+01 1.705280e+01 5.000000e-01
      vertex 0.000000e+00 0.000000e+00 5.000000e-01
    endloop
  endfacet
  facet normal 0.000000e+00 0.000000e+00 1.000000e+00
    outer loop
      vertex 1.044997e+01 1.705280e+01 5.000000e-01
      vertex 1.000000e+01 1.732051e+01 5.000000e-01
      vertex 0.000000e+00 0.000000e+00 5.000000e-01
    endloop
  endfacet
  facet normal 0.000000e+00 0.000000e+00 1.000000e+00
    outer loop
      vertex 1.000000e+01 1.732051e+01 5.000000e-01
      vertex 9.543175e+00 1.757634e+01 5.000000e-01
      vertex 0.000000e+00 0.000000e+00 5.000000e-01
    endloop
  endfacet
  facet normal 0.000000e+00 0.000000e+00 1.000000e+00
    outer loop
      vertex 9.543175e+00 1.757634e+01 5.000000e-01
      vertex 9.079810e+00 1.782013e+01 5.000000e-01
      vertex 0.000000e+00 0.000000e+00 5.000000e-01
    endloop
  endfacet
  facet normal 0.000000e+00 0.000000e+00 1.000000e+00
    outer loop
      vertex 9.079810e+00 1.782013e+01 5.000000e-01
      vertex 8.610222e+00 1.805171e+01 5.000000e-01
      vertex 0.000000e+00 0.000000e+00 5.000000e-01
    endloop
  endfacet
  facet normal 0.000000e+00 0.000000e+00 1.000000e+00
    outer loop
      vertex 8.610222e+00 1.805171e+01 5.000000e-01
      vertex 8.134733e+00 1.827091e+01 5.000000e-01
      vertex 0.000000e+00 0.000000e+00 5.000000e-01
    endloop
  endfacet
  facet normal 0.000000e+00 0.000000e+00 1.000000e+00
    outer loop
      vertex 8.134733e+00 1.827091e+01 5.000000e-01
      vertex 7.653669e+00 1.847759e+01 5.000000e-01
      vertex 0.000000e+00 0.000000e+00 5.000000e-01
    endloop
  endfacet
  facet normal 0.000000e+00 0.000000e+00 1.000000e+00
    outer loop
      vertex 7.653669e+00 1.847759e+01 5.000000e-01
      vertex 7.167359e+00 1.867161e+01 5.000000e-01
      vertex 0.000000e+00 0.000000e+00 5.000000e-01
    endloop
  endfacet
  facet normal 0.000000e+00 0.000000e+00 1.000000e+00
    outer loop
      vertex 7.167359e+00 1.867161e+01 5.000000e-01
      vertex 6.676137e+00 1.885283e+01 5.000000e-01
      vertex 0.000000e+00 0.000000e+00 5.000000e-01
    endloop
  endfacet
  facet normal 0.000000e+00 0.000000e+00 1.000000e+00
    outer loop
      vertex 6.676137e+00 1.885283e+01 5.000000e-01
      vertex 6.180340e+00 1.902113e+01 5.000000e-01
      vertex 0.000000e+00 0.000000e+00 5.000000e-01
    endloop
  endfacet
  facet normal 0.000000e+00 0.000000e+00 1.000000e+00
    outer loop
      vertex 6.180340e+00 1.902113e+01 5.000000e-01
      vertex 5.680307e+00 1.917639e+01 5.000000e-01
      vertex 0.000000e+00 0.000000e+00 5.000000e-01
    endloop
  endfacet
  facet normal 0.000000e+00 0.000000e+00 1.000000e+00
    outer loop
      vertex 5.680307e+00 1.917639e+01 5.000000e-01
      vertex 5.176381e+00 1.931852e+01 5.000000e-01
      vertex 0.000000e+00 0.000000e+00 5.000000e-01
    endloop
  endfacet
  facet normal 0.000000e+00 0.000000e+00 1.000000e+00
    outer loop
      vertex 5.176381e+00 1.931852e+01 5.000000e-01
      vertex 4.668907e+00 1.944740e+01 5.000000e-01
      vertex 0.000000e+00 0.000000e+00 5.000000e-01
    endloop
  endfacet
  facet normal 0.000000e+00 0.000000e+00 1.000000e+00
    outer loop
      vertex 4.668907e+00 1.944740e+01 5.000000e-01
      vertex 4.158234e+00 1.956295e+01 5.000000e-01
      vertex 0.000000e+00 0.000000e+00 5.000000e-01
    endloop
  endfacet
  facet normal 0.000000e+00 0.000000e+00 1.000000e+00
    outer loop
      vertex 4.158234e+00 1.956295e+01 5.000000e-01
      vertex 3.644711e+00 1.966510e+01 5.000000e-01
      vertex 0.000000e+00 0.000000e+00 5.000000e-01
    endloop
  endfacet
  facet normal 0.000000e+00 0.000000e+00 1.000000e+00
    outer loop
      vertex 3.644711e+00 1.966510e+01 5.000000e-01
      vertex 3.128689e+00 1.975377e+01 5.000000e-01
      vertex 0.000000e+00 0.000000e+00 5.000000e-01
    endloop
  endfacet
  facet normal 0.000000e+00 0.000000e+00 1.000000e+00
    outer loop
      vertex 3.128689e+00 1.975377e+01 5.000000e-01
      vertex 2.610524e+00 1.982890e+01 5.000000e-01
      vertex 0.000000e+00 0.000000e+00 5.000000e-01
    endloop
  endfacet
  facet normal 0.000000e+00 0.000000e+00 1.000000e+00
    outer loop
      vertex 2.610524e+00 1.982890e+01 5.000000e-01
      vertex 2.090569e+00 1.989044e+01 5.000000e-01
      vertex 0.000000e+00 0.000000e+00 5.000000e-01
    endloop
  endfacet
  facet normal 0.000000e+00 0.000000e+00 1.000000e+00
    outer loop
      vertex 2.090569e+00 1.989044e+01 5.000000e-01
      vertex 1.569182e+00 1.993835e+01 5.000000e-01
      vertex 0.000000e+00 0.000000e+00 5.000000e-01
    endloop
  endfacet
  facet normal 0.000000e+00 0.000000e+00 1.000000e+00
    outer loop
      vertex 1.569182e+00 1.993835e+01 5.000000e-01
      vertex 1.046719e+00 1.997259e+01 5.000000e-01
      vertex 0.000000e+00 0.000000e+00 5.000000e-01
    endloop
  endfacet
  facet normal 0.000000e+00 0.000000e+00 1.000000e+00
    outer loop
      vertex 1.046719e+00 1.997259e+01 5.000000e-01
      vertex 5.235390e-01 1.999315e+01 5.000000e-01
      vertex 0.000000e+00 0.000000e+00 5.000000e-01
    endloop
  endfacet
  facet normal 0.000000e+00 0.000000e+00 1.000000e+00
    outer loop
      vertex 5.235390e-01 1.999315e+01 5.000000e-01
      vertex 1.224647e-15 2.000000e+01 5.000000e-01
      vertex 0.000000e+00 0.000000e+00 5.000000e-01
    endloop
  endfacet
  facet normal 0.000000e+00 0.000000e+00 1.000000e+00
    outer loop
      vertex 1.224647e-15 2.000000e+01 5.000000e-01
      vertex -5.235390e-01 1.999315e+01 5.000000e-01
      vertex 0.000000e+00 0.000000e+00 5.000000e-01
    endloop
  endfacet
  facet normal 0.000000e+00 0.000000e+00 1.000000e+00
    outer loop
      vertex -5.235390e-01 1.999315e+01 5.000000e-01
      vertex -1.046719e+00 1.997259e+01 5.000000e-01
      vertex 0.000000e+00 0.000000e+00 5.000000e-01
    endloop
  endfacet
  facet normal 0.000000e+00 0.000000e+00 1.000000e+00
    outer loop
      vertex -1.046719e+00 1.997259e+01 5.000000e-01
      vertex -1.569182e+00 1.993835e+01 5.000000e-01
      vertex 0.000000e+00 0.000000e+00 5.000000e-01
    endloop
  endfacet
  facet normal 0.000000e+00 0.000000e+00 1.000000e+00
    outer loop
      vertex -1.569182e+00 1.993835e+01 5.000000e-01
      vertex -2.090569e+00 1.989044e+01 5.000000e-01
      vertex 0.000000e+00 0.000000e+00 5.000000e-01
    endloop
  endfacet
  facet normal 0.000000e+00 0.000000e+00 1.000000e+00
    outer loop
      vertex -2.090569e+00 1.989044e+01 5.000000e-01
      vertex -2.610524e+00 1.982890e+01 5.000000e-01
      vertex 0.000000e+00 0.000000e+00 5.000000e-01
    endloop
  endfacet
  facet normal 0.000000e+00 0.000000e+00 1.000000e+00
    outer loop
      vertex -2.610524e+00 1.982890e+01 5.000000e-01
      vertex -3.128689e+00 1.975377e+01 5.000000e-01
      vertex 0.000000e+00 0.000000e+00 5.000000e-01
    endloop
  endfacet
  facet normal 0.000000e+00 0.000000e+00 1.000000e+00
    outer loop
      vertex -3.128689e+00 1.975377e+01 5.000000e-01
      vertex -3.644711e+00 1.966510e+01 5.000000e-01
      vertex 0.000000e+00 0.000000e+00 5.000000e-01
    endloop
  endfacet
  facet normal 0.000000e+00 0.000000e+00 1.000000e+00
    outer loop
      vertex -3.644711e+00 1.966510e+01 5.000000e-01
      vertex -4.158234e+00 1.956295e+01 5.000000e-01
      vertex 0.000000e+00 0.000000e+00 5.000000e-01
    endloop
  endfacet
  facet normal 0.000000e+00 0.000000e+00 1.000000e+00
    outer loop
      vertex -4.158234e+00 1.956295e+01 5.000000e-01
      vertex -4.668907e+00 1.944740e+01 5.000000e-01
      vertex 0.000000e+00 0.000000e+00 5.000000e-01
    endloop
  endfacet
  facet normal 0.000000e+00 0.000000e+00 1.000000e+00
    outer loop
      vertex -4.668907e+00 1.944740e+01 5.000000e-01
      vertex -5.176381e+00 1.931852e+01 5.000000e-01
      vertex 0.000000e+00 0.000000e+00 5.000000e-01
    endloop
  endfacet
  facet normal 0.000000e+00 0.000000e+00 1.000000e+00
    outer loop
      vertex -5.176381e+00 1.931852e+01 5.000000e-01
      vertex -5.680307e+00 1.917639e+01 5.000000e-01
      vertex 0.000000e+00 0.000000e+00 5.000000e-01
    endloop
  endfacet
  facet normal 0.000000e+00 0.000000e+00 1.000000e+00
    outer loop
      vertex -5.680307e+00 1.917639e+01 5.000000e-01
      vertex -6.180340e+00 1.902113e+01 5.000000e-01
      vertex 0.000000e+00 0.000000e+00 5.000000e-01
    endloop
  endfacet
  facet normal 0.000000e+00 0.000000e+00 1.000000e+00
    outer loop
      vertex -6.180340e+00 1.902113e+01 5.000000e-01
      vertex -6.676137e+00 1.885283e+01 5.000000e-01
      vertex 0.000000e+00 0.000000e+00 5.000000e-01
    endloop
  endfacet
  facet normal 0.000000e+00 0.000000e+00 1.000000e+00
    outer loop
      vertex -6.676137e+00 1.885283e+01 5.000000e-01
      vertex -7.167359e+00 1.867161e+01 5.000000e-01
      vertex 0.000000e+00 0.000000e+00 5.000000e-01
    endloop
  endfacet
  facet normal 0.000000e+00 0.000000e+00 1.000000e+00
    outer loop
      vertex -7.167359e+00 1.867161e+01 5.000000e-01
      vertex -7.653669e+00 1.847759e+01 5.000000e-01
      vertex 0.000000e+00 0.000000e+00 5.000000e-01
    endloop
  endfacet
  facet normal 0.000000e+00 0.000000e+00 1.000000e+00
    outer loop
      vertex -7.653669e+00 1.847759e+01 5.000000e-01
      vertex -8.134733e+00 1.827091e+01 5.000000e-01
      vertex 0.000000e+00 0.000000e+00 5.000000e-01
    endloop
  endfacet
  facet normal 0.000000e+00 0.000000e+00 1.000000e+00
    outer loop
      vertex -8.134733e+00 1.827091e+01 5.000000e-01
      vertex -8.610222e+00 1.805171e+01 5.000000e-01
      vertex 0.000000e+00 0.000000e+00 5.000000e-01
    endloop
  endfacet
  facet normal 0.000000e+00 0.000000e+00 1.000000e+00
    outer loop
      vertex -8.610222e+00 1.805171e+01 5.000000e-01
      vertex -9.079810e+00 1.782013e+01 5.000000e-01
      vertex 0.000000e+00 0.000000e+00 5.000000e-01
    endloop
  endfacet
  facet normal 0.000000e+00 0.000000e+00 1.000000e+00
    outer loop
      vertex -9.079810e+00 1.782013e+01 5.000000e-01
      vertex -9.543175e+00 1.757634e+01 5.000000e-01
      vertex 0.000000e+00 0.000000e+00 5.000000e-01
    endloop
  endfacet
  facet normal 0.000000e+00 0.000000e+00 1.000000e+00
    outer loop
      vertex -9.543175e+00 1.757634e+01 5.000000e-01
      vertex -1.000000e+01 1.732051e+01 5.000000e-01
      vertex 0.000000e+00 0.000000e+00 5.000000e-01
    endloop
  endfacet
  facet normal 0.000000e+00 0.000000e+00 1.000000e+00
    outer loop
      vertex -1.000000e+01 1.732051e+01 5.000000e-01
      vertex -1.044997e+01 1.705280e+01 5.000000e-01
      vertex 0.000000e+00 0.000000e+00 5.000000e-01
    endloop
  endfacet
  facet normal 0.000000e+00 0.000000e+00 1.000000e+00
    outer loop
      vertex -1.044997e+01 1.705280e+01 5.000000e-01
      vertex -1.089278e+01 1.677341e+01 5.000000e-01
      vertex 0.000000e+00 0.000000e+00 5.000000e-01
    endloop
  endfacet
  facet normal 0.000000e+00 0.000000e+00 1.000000e+00
    outer loop
      vertex -1.089278e+01 1.677341e+01 5.000000e-01
      vertex -1.132812e+01 1.648252e+01 5.000000e-01
      vertex 0.000000e+00 0.000000e+00 5.000000e-01
    endloop
  endfacet
  facet normal 0.000000e+00 0.000000e+00 1.000000e+00
    outer loop
      vertex -1.132812e+01 1.648252e+01 5.000000e-01
      vertex -1.175571e+01 1.618034e+01 5.000000e-01
      vertex 0.000000e+00 0.000000e+00 5.000000e-01
    endloop
  endfacet
  facet normal 0.000000e+00 0.000000e+00 1.000000e+00
    outer loop
      vertex -1.175571e+01 1.618034e+01 5.000000e-01
      vertex -1.217523e+01 1.586707e+01 5.000000e-01
      vertex 0.000000e+00 0.000000e+00 5.000000e-01
    endloop
  endfacet
  facet normal 0.000000e+00 0.000000e+00 1.000000e+00
    outer loop
      vertex -1.217523e+01 1.586707e+01 5.000000e-01
      vertex -1.258641e+01 1.554292e+01 5.000000e-01
      vertex 0.000000e+00 0.000000e+00 5.000000e-01
    endloop
  endfacet
  facet normal 0.000000e+00 0.000000e+00 1.000000e+00
    outer loop
      vertex -1.258641e+01 1.554292e+01 5.000000e-01
      vertex -1.298896e+01 1.520812e+01 5.000000e-01
      vertex 0.000000e+00 0.000000e+00 5.000000e-01
    endloop
  endfacet
  facet normal 0.000000e+00 0.000000e+00 1.000000e+00
    outer loop
      vertex -1.298896e+01 1.520812e+01 5.000000e-01
      vertex -1.338261e+01 1.486290e+01 5.000000e-01
      vertex 0.000000e+00 0.000000e+00 5.000000e-01
    endloop
  endfacet
  facet normal 0.000000e+00 0.000000e+00 1.000000e+00
    outer loop
      vertex -1.338261e+01 1.486290e+01 5.000000e-01
      vertex -1.376709e+01 1.450749e+01 5.000000e-01
      vertex 0.000000e+00 0.000000e+00 5.000000e-01
    endloop
  endfacet
  facet normal 0.000000e+00 0.000000e+00 1.000000e+00
    outer loop
      vertex -1.376709e+01 1.450749e+01 5.000000e-01
      vertex -1.414214e+01 1.414214e+01 5.000000e-01
      vertex 0.000000e+00 0.000000e+00 5.000000e-01
    endloop
  endfacet
  facet normal 0.000000e+00 0.000000e+00 1.000000e+00
    outer loop
      vertex -1.414214e+01 1.414214e+01 5.000000e-01
      vertex -1.450749e+01 1.376709e+01 5.000000e-01
      vertex 0.000000e+00 0.000000e+00 5.000000e-01
    endloop
  endfacet
  facet normal 0.000000e+00 0.000000e+00 1.000000e+00
    outer loop
      vertex -1.450749e+01 1.376709e+01 5.000000e-01
      vertex -1.486290e+01 1.338261e+01 5.000000e-01
      vertex 0.000000e+00 0.000000e+00 5.000000e-01
    endloop
  endfacet
  facet normal 0.000000e+00 0.000000e+00 1.000000e+00
    outer loop
      vertex -1.486290e+01 1.338261e+01 5.000000e-01
      vertex -1.520812e+01 1.298896e+01 5.000000e-01
      vertex 0.000000e+00 0.000000e+00 5.000000e-01
    endloop
  endfacet
  facet normal 0.000000e+00 0.000000e+00 1.000000e+00
    outer loop
      vertex -1.520812e+01 1.298896e+01 5.000000e-01
      vertex -1.554292e+01 1.258641e+01 5.000000e-01
      vertex 0.000000e+00 0.000000e+00 5.000000e-01
    endloop
  endfacet
  facet normal 0.000000e+00 0.000000e+00 1.000000e+00
    outer loop
      vertex -1.554292e+01 1.258641e+01 5.000000e-01
      vertex -1.586707e+01 1.217523e+01 5.000000e-01
      vertex 0.000000e+00 0.000000e+00 5.000000e-01
    endloop
  endfacet
  facet normal 0.000000e+00 0.000000e+00 1.000000e+00
    outer loop
      vertex -1.586707e+01 1.217523e+01 5.000000e-01
      vertex -1.618034e+01 1.175571e+01 5.000000e-01
      vertex 0.000000e+00 0.000000e+00 5.000000e-01
    endloop
  endfacet
  facet normal 0.000000e+00 0.000000e+00 1.000000e+00
    outer loop
      vertex -1.618034e+01 1.175571e+01 5.000000e-01
      vertex -1.648252e+01 1.132812e+01 5.000000e-01
      vertex 0.000000e+00 0.000000e+00 5.000000e-01
    endloop
  endfacet
  facet normal 0.000000e+00 0.000000e+00 1.000000e+00
    outer loop
      vertex -1.648252e+01 1.132812e+01 5.000000e-01
      vertex -1.677341e+01 1.089278e+01 5.000000e-01
      vertex 0.000000e+00 0.000000e+00 5.000000e-01
    endloop
  endfacet
  facet normal 0.000000e+00 0.000000e+00 1.000000e+00
    outer loop
      vertex -1.677341e+01 1.089278e+01 5.000000e-01
      vertex -1.705280e+01 1.044997e+01 5.000000e-01
      vertex 0.000000e+00 0.000000e+00 5.000000e-01
    endloop
  endfacet
  facet normal 0.000000e+00 0.000000e+00 1.000000e+00
    outer loop
      vertex -1.705280e+01 1.044997e+01 5.000000e-01
      vertex -1.732051e+01 1.000000e+01 5.000000e-01
      vertex 0.000000e+00 0.000000e+00 5.000000e-01
    endloop
  endfacet
  facet normal 0.000000e+00 0.000000e+00 1.000000e+00
    outer loop
      vertex -1.732051e+01 1.000000e+01 5.000000e-01
      vertex -1.757634e+01 9.543175e+00 5.000000e-01
      vertex 0.000000e+00 0.000000e+00 5.000000e-01
    endloop
  endfacet
  facet normal 0.000000e+00 0.000000e+00 1.000000e+00
    outer loop
      vertex -1.757634e+01 9.543175e+00 5.000000e-01
      vertex -1.782013e+01 9.079810e+00 5.000000e-01
      vertex 0.000000e+00 0.000000e+00 5.000000e-01
    endloop
  endfacet
  facet normal 0.000000e+00 0.000000e+00 1.000000e+00
    outer loop
      vertex -1.782013e+01 9.079810e+00 5.000000e-01
      vertex -1.805171e+01 8.610222e+00 5.000000e-01
      vertex 0.000000e+00 0.000000e+00 5.000000e-01
    endloop
  endfacet
  facet normal 0.000000e+00 0.000000e+00 1.000000e+00
    outer loop
      vertex -1.805171e+01 8.610222e+00 5.000000e-01
      vertex -1.827091e+01 8.134733e+00 5.000000e-01
      vertex 0.000000e+00 0.000000e+00 5.000000e-01
    endloop
  endfacet
  facet normal 0.000000e+00 0.000000e+00 1.000000e+00
    outer loop
      vertex -1.827091e+01 8.134733e+00 5.000000e-01
      vertex -1.847759e+01 7.653669e+00 5.000000e-01
      vertex 0.000000e+00 0.000000e+00 5.000000e-01
    endloop
  endfacet
  facet normal 0.000000e+00 0.000000e+00 1.000000e+00
    outer loop
      vertex -1.847759e+01 7.653669e+00 5.000000e-01
      vertex -1.867161e+01 7.167359e+00 5.000000e-01
      vertex 0.000000e+00 0.000000e+00 5.000000e-01
    endloop
  endfacet
  facet normal 0.000000e+00 0.000000e+00 1.000000e+00
    outer loop
      vertex -1.867161e+01 7.167359e+00 5.000000e-01
      vertex -1.885283e+01 6.676137e+00 5.000000e-01
      vertex 0.000000e+00 0.000000e+00 5.000000e-01
    endloop
  endfacet
  facet normal 0.000000e+00 0.000000e+00 1.000000e+00
    outer loop
      vertex -1.885283e+01 6.676137e+00 5.000000e-01
      vertex -1.902113e+01 6.180340e+00 5.000000e-01
      vertex 0.000000e+00 0.000000e+00 5.000000e-01
    endloop
  endfacet
  facet normal 0.000000e+00 0.000000e+00 1.000000e+00
    outer loop
      vertex -1.902113e+01 6.180340e+00 5.000000e-01
      vertex -1.917639e+01 5.680307e+00 5.000000e-01
      vertex 0.000000e+00 0.000000e+00 5.000000e-01
    endloop
  endfacet
  facet normal 0.000000e+00 0.000000e+00 1.000000e+00
    outer loop
      vertex -1.917639e+01 5.680307e+00 5.000000e-01
      vertex -1.931852e+01 5.176381e+00 5.000000e-01
      vertex 0.000000e+00 0.000000e+00 5.000000e-01
    endloop
  endfacet
  facet normal 0.000000e+00 0.000000e+00 1.000000e+00
    outer loop
      vertex -1.931852e+01 5.176381e+00 5.000000e-01
      vertex -1.944740e+01 4.668907e+00 5.000000e-01
      vertex 0.000000e+00 0.000000e+00 5.000000e-01
    endloop
  endfacet
  facet normal 0.000000e+00 0.000000e+00 1.000000e+00
    outer loop
      vertex -1.944740e+01 4.668907e+00 5.000000e-01
      vertex -1.956295e+01 4.158234e+00 5.000000e-01
      vertex 0.000000e+00 0.000000e+00 5.000000e-01
    endloop
  endfacet
  facet normal 0.000000e+00 0.000000e+00 1.000000e+00
    outer loop
      vertex -1.956295e+01 4.158234e+00 5.000000e-01
      vertex -1.966510e+01 3.644711e+00 5.000000e-01
      vertex 0.000000e+00 0.000000e+00 5.000000e-01
    endloop
  endfacet
  facet normal 0.000000e+00 0.000000e+00 1.000000e+00
    outer loop
      vertex -1.966510e+01 3.644711e+00 5.000000e-01
      vertex -1.975377e+01 3.128689e+00 5.000000e-01
      vertex 0.000000e+00 0.000000e+00 5.000000e-01
    endloop
  endfacet
  facet normal 0.000000e+00 0.000000e+00 1.000000e+00
    outer loop
      vertex -1.975377e+01 3.128689e+00 5.000000e-01
      vertex -1.982890e+01 2.610524e+00 5.000000e-01
      vertex 0.000000e+00 0.000000e+00 5.000000e-01
    endloop
  endfacet
  facet normal 0.000000e+00 0.000000e+00 1.000000e+00
    outer loop
      vertex -1.982890e+01 2.610524e+00 5.000000e-01
      vertex -1.989044e+01 2.090569e+00 5.000000e-01
      vertex 0.000000e+00 0.000000e+00 5.000000e-01
    endloop
  endfacet
  facet normal 0.000000e+00 0.000000e+00 1.000000e+00
    outer loop
      vertex -1.989044e+01 2.090569e+00 5.000000e-01
      vertex -1.993835e+01 1.569182e+00 5.000000e-01
      vertex 0.000000e+00 0.000000e+00 5.000000e-01
    endloop
  endfacet
  facet normal 0.000000e+00 0.000000e+00 1.000000e+00
    outer loop
      vertex -1.993835e+01 1.569182e+00 5.000000e-01
      vertex -1.997259e+01 1.046719e+00 5.000000e-01
      vertex 0.000000e+00 0.000000e+00 5.000000e-01
    endloop
  endfacet
  facet normal 0.000000e+00 0.000000e+00 1.000000e+00
    outer loop
      vertex -1.997259e+01 1.046719e+00 5.000000e-01
      vertex -1.999315e+01 5.235390e-01 5.000000e-01
      vertex 0.000000e+00 0.000000e+00 5.000000e-01
    endloop
  endfacet
  facet normal 0.000000e+00 0.000000e+00 1.000000e+00
    outer loop
      vertex -1.999315e+01 5.235390e-01 5.000000e-01
      vertex -2.000000e+01 2.449294e-15 5.000000e-01
      vertex 0.000000e+00 0.000000e+00 5.000000e-01
    endloop
  endfacet
  facet normal 0.000000e+00 0.000000e+00 1.000000e+00
    outer loop
      vertex -2.000000e+01 2.449294e-15 5.000000e-01
      vertex -1.999315e+01 -5.235390e-01 5.000000e-01
      vertex 0.000000e+00 0.000000e+00 5.000000e-01
    endloop
  endfacet
  facet normal -0.000000e+00 0.000000e+00 1.000000e+00
    outer loop
      vertex -1.999315e+01 -5.235390e-01 5.000000e-01
      vertex -1.997259e+01 -1.046719e+00 5.000000e-01
      vertex 0.000000e+00 0.000000e+00 5.000000e-01
    endloop
  endfacet
  facet normal -0.000000e+00 0.000000e+00 1.000000e+00
    outer loop
      vertex -1.997259e+01 -1.046719e+00 5.000000e-01
      vertex -1.993835e+01 -1.569182e+00 5.000000e-01
      vertex 0.000000e+00 0.000000e+00 5.000000e-01
    endloop
  endfacet
  facet normal -0.000000e+00 0.000000e+00 1.000000e+00
    outer loop
      vertex -1.993835e+01 -1.569182e+00 5.000000e-01
      vertex -1.989044e+01 -2.090569e+00 5.000000e-01
      vertex 0.000000e+00 0.000000e+00 5.000000e-01
    endloop
  endfacet
  facet normal -0.000000e+00 0.000000e+00 1.000000e+00
    outer loop
      vertex -1.989044e+01 -2.090569e+00 5.000000e-01
      vertex -1.982890e+01 -2.610524e+00 5.000000e-01
      vertex 0.000000e+00 0.000000e+00 5.000000e-01
    endloop
  endfacet
  facet normal -0.000000e+00 0.000000e+00 1.000000e+00
    outer loop
      vertex -1.982890e+01 -2.610524e+00 5.000000e-01
      vertex -1.975377e+01 -3.128689e+00 5.000000e-01
      vertex 0.000000e+00 0.000000e+00 5.000000e-01
    endloop
  endfacet
  facet normal -0.000000e+00 0.000000e+00 1.000000e+00
    outer loop
      vertex -1.975377e+01 -3.128689e+00 5.000000e-01
      vertex -1.966510e+01 -3.644711e+00 5.000000e-01
      vertex 0.000000e+00 0.000000e+00 5.000000e-01
    endloop
  endfacet
  facet normal -0.000000e+00 0.000000e+00 1.000000e+00
    outer loop
      vertex -1.966510e+01 -3.644711e+00 5.000000e-01
      vertex -1.956295e+01 -4.158234e+00 5.000000e-01
      vertex 0.000000e+00 0.000000e+00 5.000000e-01
    endloop
  endfacet
  facet normal -0.000000e+00 0.000000e+00 1.000000e+00
    outer loop
      vertex -1.956295e+01 -4.158234e+00 5.000000e-01
      vertex -1.944740e+01 -4.668907e+00 5.000000e-01
      vertex 0.000000e+00 0.000000e+00 5.000000e-01
    endloop
  endfacet
  facet normal -0.000000e+00 0.000000e+00 1.000000e+00
    outer loop
      vertex -1.944740e+01 -4.668907e+00 5.000000e-01
      vertex -1.931852e+01 -5.176381e+00 5.000000e-01
      vertex 0.000000e+00 0.000000e+00 5.000000e-01
    endloop
  endfacet
  facet normal -0.000000e+00 0.000000e+00 1.000000e+00
    outer loop
      vertex -1.931852e+01 -5.176381e+00 5.000000e-01
      vertex -1.917639e+01 -5.680307e+00 5.000000e-01
      vertex 0.000000e+00 0.000000e+00 5.000000e-01
    endloop
  endfacet
  facet normal -0.000000e+00 0.000000e+00 1.000000e+00
    outer loop
      vertex -1.917639e+01 -5.680307e+00 5.000000e-01
      vertex -1.902113e+01 -6.180340e+00 5.000000e-01
      vertex 0.000000e+00 0.000000e+00 5.000000e-01
    endloop
  endfacet
  facet normal -0.000000e+00 0.000000e+00 1.000000e+00
    outer loop
      vertex -1.902113e+01 -6.180340e+00 5.000000e-01
      vertex -1.885283e+01 -6.676137e+00 5.000000e-01
      vertex 0.000000e+00 0.000000e+00 5.000000e-01
    endloop
  endfacet
  facet normal -0.000000e+00 0.000000e+00 1.000000e+00
    outer loop
      vertex -1.885283e+01 -6.676137e+00 5.000000e-01
      vertex -1.867161e+01 -7.167359e+00 5.000000e-01
      vertex 0.000000e+00 0.000000e+00 5.000000e-01
    endloop
  endfacet
  facet normal -0.000000e+00 0.000000e+00 1.000000e+00
    outer loop
      vertex -1.867161e+01 -7.167359e+00 5.000000e-01
      vertex -1.847759e+01 -7.653669e+00 5.000000e-01
      vertex 0.000000e+00 0.000000e+00 5.000000e-01
    endloop
  endfacet
  facet normal -0.000000e+00 0.000000e+00 1.000000e+00
    outer loop
      vertex -1.847759e+01 -7.653669e+00 5.000000e-01
      vertex -1.827091e+01 -8.134733e+00 5.000000e-01
      vertex 0.000000e+00 0.000000e+00 5.000000e-01
    endloop
  endfacet
  facet normal -0.000000e+00 0.000000e+00 1.000000e+00
    outer loop
      vertex -1.827091e+01 -8.134733e+00 5.000000e-01
      vertex -1.805171e+01 -8.610222e+00 5.000000e-01
      vertex 0.000000e+00 0.000000e+00 5.000000e-01
    endloop
  endfacet
  facet normal -0.000000e+00 0.000000e+00 1.000000e+00
    outer loop
      vertex -1.805171e+01 -8.610222e+00 5.000000e-01
      vertex -1.782013e+01 -9.079810e+00 5.000000e-01
      vertex 0.000000e+00 0.000000e+00 5.000000e-01
    endloop
  endfacet
  facet normal -0.000000e+00 0.000000e+00 1.000000e+00
    outer loop
      vertex -1.782013e+01 -9.079810e+00 5.000000e-01
      vertex -1.757634e+01 -9.543175e+00 5.000000e-01
      vertex 0.000000e+00 0.000000e+00 5.000000e-01
    endloop
  endfacet
  facet normal -0.000000e+00 0.000000e+00 1.000000e+00
    outer loop
      vertex -1.757634e+01 -9.543175e+00 5.000000e-01
      vertex -1.732051e+01 -1.000000e+01 5.000000e-01
      vertex 0.000000e+00 0.000000e+00 5.000000e-01
    endloop
  endfacet
  facet normal -0.000000e+00 0.000000e+00 1.000000e+00
    outer loop
      vertex -1.732051e+01 -1.000000e+01 5.000000e-01
      vertex -1.705280e+01 -1.044997e+01 5.000000e-01
      vertex 0.000000e+00 0.000000e+00 5.000000e-01
    endloop
  endfacet
  facet normal -0.000000e+00 0.000000e+00 1.000000e+00
    outer loop
      vertex -1.705280e+01 -1.044997e+01 5.000000e-01
      vertex -1.677341e+01 -1.089278e+01 5.000000e-01
      vertex 0.000000e+00 0.000000e+00 5.000000e-01
    endloop
  endfacet
  facet normal -0.000000e+00 0.000000e+00 1.000000e+00
    outer loop
      vertex -1.677341e+01 -1.089278e+01 5.000000e-01
      vertex -1.648252e+01 -1.132812e+01 5.000000e-01
      vertex 0.000000e+00 0.000000e+00 5.000000e-01
    endloop
  endfacet
  facet normal -0.000000e+00 0.000000e+00 1.000000e+00
    outer loop
      vertex -1.648252e+01 -1.132812e+01 5.000000e-01
      vertex -1.618034e+01 -1.175571e+01 5.000000e-01
      vertex 0.000000e+00 0.000000e+00 5.000000e-01
    endloop
  endfacet
  facet normal -0.000000e+00 0.000000e+00 1.000000e+00
    outer loop
      vertex -1.618034e+01 -1.175571e+01 5.000000e-01
      vertex -1.586707e+01 -1.217523e+01 5.000000e-01
      vertex 0.000000e+00 0.000000e+00 5.000000e-01
    endloop
  endfacet
  facet normal -0.000000e+00 0.000000e+00 1.000000e+00
    outer loop
      vertex -1.586707e+01 -1.217523e+01 5.000000e-01
      vertex -1.554292e+01 -1.258641e+01 5.000000e-01
      vertex 0.000000e+00 0.000000e+00 5.000000e-01
    endloop
  endfacet
  facet normal -0.000000e+00 0.000000e+00 1.000000e+00
    outer loop
      vertex -1.554292e+01 -1.258641e+01 5.000000e-01
      vertex -1.520812e+01 -1.298896e+01 5.000000e-01
      vertex 0.000000e+00 0.000000e+00 5.000000e-01
    endloop
  endfacet
  facet normal -0.000000e+00 0.000000e+00 1.000000e+00
    outer loop
      vertex -1.520812e+01 -1.298896e+01 5.000000e-01
      vertex -1.486290e+01 -1.338261e+01 5.000000e-01
      vertex 0.000000e+00 0.000000e+00 5.000000e-01
    endloop
  endfacet
  facet normal -0.000000e+00 0.000000e+00 1.000000e+00
    outer loop
      vertex -1.486290e+01 -1.338261e+01 5.000000e-01
      vertex -1.450749e+01 -1.376709e+01 5.000000e-01
      vertex 0.000000e+00 0.000000e+00 5.000000e-01
    endloop
  endfacet
  facet normal -0.000000e+00 0.000000e+00 1.000000e+00
    outer loop
      vertex -1.450749e+01 -1.376709e+01 5.000000e-01
      vertex -1.414214e+01 -1.414214e+01 5.000000e-01
      vertex 0.000000e+00 0.000000e+00 5.000000e-01
    endloop
  endfacet
  facet normal -0.000000e+00 0.000000e+00 1.000000e+00
    outer loop
      vertex -1.414214e+01 -1.414214e+01 5.000000e-01
      vertex -1.376709e+01 -1.450749e+01 5.000000e-01
      vertex 0.000000e+00 0.000000e+00 5.000000e-01
    endloop
  endfacet
  facet normal -0.000000e+00 0.000000e+00 1.000000e+00
    outer loop
      vertex -1.376709e+01 -1.450749e+01 5.000000e-01
      vertex -1.338261e+01 -1.486290e+01 5.000000e-01
      vertex 0.000000e+00 0.000000e+00 5.000000e-01
    endloop
  endfacet
  facet normal -0.000000e+00 0.000000e+00 1.000000e+00
    outer loop
      vertex -1.338261e+01 -1.486290e+01 5.000000e-01
      vertex -1.298896e+01 -1.520812e+01 5.000000e-01
      vertex 0.000000e+00 0.000000e+00 5.000000e-01
    endloop
  endfacet
  facet normal -0.000000e+00 0.000000e+00 1.000000e+00
    outer loop
      vertex -1.298896e+01 -1.520812e+01 5.000000e-01
      vertex -1.258641e+01 -1.554292e+01 5.000000e-01
      vertex 0.000000e+00 0.000000e+00 5.000000e-01
    endloop
  endfacet
  facet normal -0.000000e+00 0.000000e+00 1.000000e+00
    outer loop
      vertex -1.258641e+01 -1.554292e+01 5.000000e-01
      vertex -1.217523e+01 -1.586707e+01 5.000000e-01
      vertex 0.000000e+00 0.000000e+00 5.000000e-01
    endloop
  endfacet
  facet normal -0.000000e+00 0.000000e+00 1.000000e+00
    outer loop
      vertex -1.217523e+01 -1.586707e+01 5.000000e-01
      vertex -1.175571e+01 -1.618034e+01 5.000000e-01
      vertex 0.000000e+00 0.000000e+00 5.000000e-01
    endloop
  endfacet
  facet normal -0.000000e+00 0.000000e+00 1.000000e+00
    outer loop
      vertex -1.175571e+01 -1.618034e+01 5.000000e-01
      vertex -1.132812e+01 -1.648252e+01 5.000000e-01
      vertex 0.000000e+00 0.000000e+00 5.000000e-01
    endloop
  endfacet
  facet normal -0.000000e+00 0.000000e+00 1.000000e+00
    outer loop
      vertex -1.132812e+01 -1.648252e+01 5.000000e-01
      vertex -1.089278e+01 -1.677341e+01 5.000000e-01
      vertex 0.000000e+00 0.000000e+00 5.000000e-01
    endloop
  endfacet
  facet normal -0.000000e+00 0.000000e+00 1.000000e+00
    outer loop
      vertex -1.089278e+01 -1.677341e+01 5.000000e-01
      vertex -1.044997e+01 -1.705280e+01 5.000000e-01
      vertex 0.000000e+00 0.000000e+00 5.000000e-01
    endloop
  endfacet
  facet normal -0.000000e+00 0.000000e+00 1.000000e+00
    outer loop
      vertex -1.044997e+01 -1.705280e+01 5.000000e-01
      vertex -1.000000e+01 -1.732051e+01 5.000000e-01
      vertex 0.000000e+00 0.000000e+00 5.000000e-01
    endloop
  endfacet
  facet normal -0.000000e+00 0.000000e+00 1.000000e+00
    outer loop
      vertex -1.000000e+01 -1.732051e+01 5.000000e-01
      vertex -9.543175e+00 -1.757634e+01 5.000000e-01
      vertex 0.000000e+00 0.000000e+00 5.000000e-01
    endloop
  endfacet
  facet normal -0.000000e+00 0.000000e+00 1.000000e+00
    outer loop
      vertex -9.543175e+00 -1.757634e+01 5.000000e-01
      vertex -9.079810e+00 -1.782013e+01 5.000000e-01
      vertex 0.000000e+00 0.000000e+00 5.000000e-01
    endloop
  endfacet
  facet normal -0.000000e+00 0.000000e+00 1.000000e+00
    outer loop
      vertex -9.079810e+00 -1.782013e+01 5.000000e-01
      vertex -8.610222e+00 -1.805171e+01 5.000000e-01
      vertex 0.000000e+00 0.000000e+00 5.000000e-01
    endloop
  endfacet
  facet normal -0.000000e+00 0.000000e+00 1.000000e+00
    outer loop
      vertex -8.610222e+00 -1.805171e+01 5.000000e-01
      vertex -8.134733e+00 -1.827091e+01 5.000000e-01
      vertex 0.000000e+00 0.000000e+00 5.000000e-01
    endloop
  endfacet
  facet normal -0.000000e+00 0.000000e+00 1.000000e+00
    outer loop
      vertex -8.134733e+00 -1.827091e+01 5.000000e-01
      vertex -7.653669e+00 -1.847759e+01 5.000000e-01
      vertex 0.000000e+00 0.000000e+00 5.000000e-01
    endloop
  endfacet
  facet normal -0.000000e+00 0.000000e+00 1.000000e+00
    outer loop
      vertex -7.653669e+00 -1.847759e+01 5.000000e-01
      vertex -7.167359e+00 -1.867161e+01 5.000000e-01
      vertex 0.000000e+00 0.000000e+00 5.000000e-01
    endloop
  endfacet
  facet normal -0.000000e+00 0.000000e+00 1.000000e+00
    outer loop
      vertex -7.167359e+00 -1.867161e+01 5.000000e-01
      vertex -6.676137e+00 -1.885283e+01 5.000000e-01
      vertex 0.000000e+00 0.000000e+00 5.000000e-01
    endloop
  endfacet
  facet normal -0.000000e+00 0.000000e+00 1.000000e+00
    outer loop
      vertex -6.676137e+00 -1.885283e+01 5.000000e-01
      vertex -6.180340e+00 -1.902113e+01 5.000000e-01
      vertex 0.000000e+00 0.000000e+00 5.000000e-01
    endloop
  endfacet
  facet normal -0.000000e+00 0.000000e+00 1.000000e+00
    outer loop
      vertex -6.180340e+00 -1.902113e+01 5.000000e-01
      vertex -5.680307e+00 -1.917639e+01 5.000000e-01
      vertex 0.000000e+00 0.000000e+00 5.000000e-01
    endloop
  endfacet
  facet normal -0.000000e+00 0.000000e+00 1.000000e+00
    outer loop
      vertex -5.680307e+00 -1.917639e+01 5.000000e-01
      vertex -5.176381e+00 -1.931852e+01 5.000000e-01
      vertex 0.000000e+00 0.000000e+00 5.000000e-01
    endloop
  endfacet
  facet normal -0.000000e+00 0.000000e+00 1.000000e+00
    outer loop
      vertex -5.176381e+00 -1.931852e+01 5.000000e-01
      vertex -4.668907e+00 -1.944740e+01 5.000000e-01
      vertex 0.000000e+00 0.000000e+00 5.000000e-01
    endloop
  endfacet
  facet normal -0.000000e+00 0.000000e+00 1.000000e+00
    outer loop
      vertex -4.668907e+00 -1.944740e+01 5.000000e-01
      vertex -4.158234e+00 -1.956295e+01 5.000000e-01
      vertex 0.000000e+00 0.000000e+00 5.000000e-01
    endloop
  endfacet
  facet normal -0.000000e+00 0.000000e+00 1.000000e+00
    outer loop
      vertex -4.158234e+00 -1.956295e+01 5.000000e-01
      vertex -3.644711e+00 -1.966510e+01 5.000000e-01
      vertex 0.000000e+00 0.000000e+00 5.000000e-01
    endloop
  endfacet
  facet normal -0.000000e+00 0.000000e+00 1.000000e+00
    outer loop
      vertex -3.644711e+00 -1.966510e+01 5.000000e-01
      vertex -3.128689e+00 -1.975377e+01 5.000000e-01
      vertex 0.000000e+00 0.000000e+00 5.000000e-01
    endloop
  endfacet
  facet normal -0.000000e+00 0.000000e+00 1.000000e+00
    outer loop
      vertex -3.128689e+00 -1.975377e+01 5.000000e-01
      vertex -2.610524e+00 -1.982890e+01 5.000000e-01
      vertex 0.000000e+00 0.000000e+00 5.000000e-01
    endloop
  endfacet
  facet normal -0.000000e+00 0.000000e+00 1.000000e+00
    outer loop
      vertex -2.610524e+00 -1.982890e+01 5.000000e-01
      vertex -2.090569e+00 -1.989044e+01 5.000000e-01
      vertex 0.000000e+00 0.000000e+00 5.000000e-01
    endloop
  endfacet
  facet normal -0.000000e+00 0.000000e+00 1.000000e+00
    outer loop
      vertex -2.090569e+00 -1.989044e+01 5.000000e-01
      vertex -1.569182e+00 -1.993835e+01 5.000000e-01
      vertex 0.000000e+00 0.000000e+00 5.000000e-01
    endloop
  endfacet
  facet normal -0.000000e+00 0.000000e+00 1.000000e+00
    outer loop
      vertex -1.569182e+00 -1.993835e+01 5.000000e-01
      vertex -1.046719e+00 -1.997259e+01 5.000000e-01
      vertex 0.000000e+00 0.000000e+00 5.000000e-01
    endloop
  endfacet
  facet normal -0.000000e+00 0.000000e+00 1.000000e+00
    outer loop
      vertex -1.046719e+00 -1.997259e+01 5.000000e-01
      vertex -5.235390e-01 -1.999315e+01 5.000000e-01
      vertex 0.000000e+00 0.000000e+00 5.000000e-01
    endloop
  endfacet
  facet normal -0.000000e+00 0.000000e+00 1.000000e+00
    outer loop
      vertex -5.235390e-01 -1.999315e+01 5.000000e-01
      vertex -3.673940e-15 -2.000000e+01 5.000000e-01
      vertex 0.000000e+00 0.000000e+00 5.000000e-01
    endloop
  endfacet
  facet normal 0.000000e+00 0.000000e+00 1.000000e+00
    outer loop
      vertex -3.673940e-15 -2.000000e+01 5.000000e-01
      vertex 5.235390e-01 -1.999315e+01 5.000000e-01
      vertex 0.000000e+00 0.000000e+00 5.000000e-01
    endloop
  endfacet
  facet normal 0.000000e+00 -0.000000e+00 1.000000e+00
    outer loop
      vertex 5.235390e-01 -1.999315e+01 5.000000e-01
      vertex 1.046719e+00 -1.997259e+01 5.000000e-01
      vertex 0.000000e+00 0.000000e+00 5.000000e-01
    endloop
  endfacet
  facet normal 0.000000e+00 -0.000000e+00 1.000000e+00
    outer loop
      vertex 1.046719e+00 -1.997259e+01 5.000000e-01
      vertex 1.569182e+00 -1.993835e+01 5.000000e-01
      vertex 0.000000e+00 0.000000e+00 5.000000e-01
    endloop
  endfacet
  facet normal 0.000000e+00 -0.000000e+00 1.000000e+00
    outer loop
      vertex 1.569182e+00 -1.993835e+01 5.000000e-01
      vertex 2.090569e+00 -1.989044e+01 5.000000e-01
      vertex 0.000000e+00 0.000000e+00 5.000000e-01
    endloop
  endfacet
  facet normal 0.000000e+00 -0.000000e+00 1.000000e+00
    outer loop
      vertex 2.090569e+00 -1.989044e+01 5.000000e-01
      vertex 2.610524e+00 -1.982890e+01 5.000000e-01
      vertex 0.000000e+00 0.000000e+00 5.000000e-01
    endloop
  endfacet
  facet normal 0.000000e+00 -0.000000e+00 1.000000e+00
    outer loop
      vertex 2.610524e+00 -1.982890e+01 5.000000e-01
      vertex 3.128689e+00 -1.975377e+01 5.000000e-01
      vertex 0.000000e+00 0.000000e+00 5.000000e-01
    endloop
  endfacet
  facet normal 0.000000e+00 -0.000000e+00 1.000000e+00
    outer loop
      vertex 3.128689e+00 -1.975377e+01 5.000000e-01
      vertex 3.644711e+00 -1.966510e+01 5.000000e-01
      vertex 0.000000e+00 0.000000e+00 5.000000e-01
    endloop
  endfacet
  facet normal 0.000000e+00 -0.000000e+00 1.000000e+00
    outer loop
      vertex 3.644711e+00 -1.966510e+01 5.000000e-01
      vertex 4.158234e+00 -1.956295e+01 5.000000e-01
      vertex 0.000000e+00 0.000000e+00 5.000000e-01
    endloop
  endfacet
  facet normal 0.000000e+00 -0.000000e+00 1.000000e+00
    outer loop
      vertex 4.158234e+00 -1.956295e+01 5.000000e-01
      vertex 4.668907e+00 -1.944740e+01 5.000000e-01
      vertex 0.000000e+00 0.000000e+00 5.000000e-01
    endloop
  endfacet
  facet normal 0.000000e+00 -0.000000e+00 1.000000e+00
    outer loop
      vertex 4.668907e+00 -1.944740e+01 5.000000e-01
      vertex 5.176381e+00 -1.931852e+01 5.000000e-01
      vertex 0.000000e+00 0.000000e+00 5.000000e-01
    endloop
  endfacet
  facet normal 0.000000e+00 -0.000000e+00 1.000000e+00
    outer loop
      vertex 5.176381e+00 -1.931852e+01 5.000000e-01
      vertex 5.680307e+00 -1.917639e+01 5.000000e-01
      vertex 0.000000e+00 0.000000e+00 5.000000e-01
    endloop
  endfacet
  facet normal 0.000000e+00 -0.000000e+00 1.000000e+00
    outer loop
      vertex 5.680307e+00 -1.917639e+01 5.000000e-01
      vertex 6.180340e+00 -1.902113e+01 5.000000e-01
      vertex 0.000000e+00 0.000000e+00 5.000000e-01
    endloop
  endfacet
  facet normal 0.000000e+00 -0.000000e+00 1.000000e+00
    outer loop
      vertex 6.180340e+00 -1.902113e+01 5.000000e-01
      vertex 6.676137e+00 -1.885283e+01 5.000000e-01
      vertex 0.000000e+00 0.000000e+00 5.000000e-01
    endloop
  endfacet
  facet normal 0.000000e+00 -0.000000e+00 1.000000e+00
    outer loop
      vertex 6.676137e+00 -1.885283e+01 5.000000e-01
      vertex 7.167359e+00 -1.867161e+01 5.000000e-01
      vertex 0.000000e+00 0.000000e+00 5.000000e-01
    endloop
  endfacet
  facet normal 0.000000e+00 -0.000000e+00 1.000000e+00
    outer loop
      vertex 7.167359e+00 -1.867161e+01 5.000000e-01
      vertex 7.653669e+00 -1.847759e+01 5.000000e-01
      vertex 0.000000e+00 0.000000e+00 5.000000e-01
    endloop
  endfacet
  facet normal 0.000000e+00 -0.000000e+00 1.000000e+00
    outer loop
      vertex 7.653669e+00 -1.847759e+01 5.000000e-01
      vertex 8.134733e+00 -1.827091e+01 5.000000e-01
      vertex 0.000000e+00 0.000000e+00 5.000000e-01
    endloop
  endfacet
  facet normal 0.000000e+00 -0.000000e+00 1.000000e+00
    outer loop
      vertex 8.134733e+00 -1.827091e+01 5.000000e-01
      vertex 8.610222e+00 -1.805171e+01 5.000000e-01
      vertex 0.000000e+00 0.000000e+00 5.000000e-01
    endloop
  endfacet
  facet normal 0.000000e+00 -0.000000e+00 1.000000e+00
    outer loop
      vertex 8.610222e+00 -1.805171e+01 5.000000e-01
      vertex 9.079810e+00 -1.782013e+01 5.000000e-01
      vertex 0.000000e+00 0.000000e+00 5.000000e-01
    endloop
  endfacet
  facet normal 0.000000e+00 -0.000000e+00 1.000000e+00
    outer loop
      vertex 9.079810e+00 -1.782013e+01 5.000000e-01
      vertex 9.543175e+00 -1.757634e+01 5.000000e-01
      vertex 0.000000e+00 0.000000e+00 5.000000e-01
    endloop
  endfacet
  facet normal 0.000000e+00 -0.000000e+00 1.000000e+00
    outer loop
      vertex 9.543175e+00 -1.757634e+01 5.000000e-01
      vertex 1.000000e+01 -1.732051e+01 5.000000e-01
      vertex 0.000000e+00 0.000000e+00 5.000000e-01
    endloop
  endfacet
  facet normal 0.000000e+00 -0.000000e+00 1.000000e+00
    outer loop
      vertex 1.000000e+01 -1.732051e+01 5.000000e-01
      vertex 1.044997e+01 -1.705280e+01 5.000000e-01
      vertex 0.000000e+00 0.000000e+00 5.000000e-01
    endloop
  endfacet
  facet normal 0.000000e+00 -0.000000e+00 1.000000e+00
    outer loop
      vertex 1.044997e+01 -1.705280e+01 5.000000e-01
      vertex 1.089278e+01 -1.677341e+01 5.000000e-01
      vertex 0.000000e+00 0.000000e+00 5.000000e-01
    endloop
  endfacet
  facet normal 0.000000e+00 -0.000000e+00 1.000000e+00
    outer loop
      vertex 1.089278e+01 -1.677341e+01 5.000000e-01
      vertex 1.132812e+01 -1.648252e+01 5.000000e-01
      vertex 0.000000e+00 0.000000e+00 5.000000e-01
    endloop
  endfacet
  facet normal 0.000000e+00 -0.000000e+00 1.000000e+00
    outer loop
      vertex 1.132812e+01 -1.648252e+01 5.000000e-01
      vertex 1.175571e+01 -1.618034e+01 5.000000e-01
      vertex 0.000000e+00 0.000000e+00 5.000000e-01
    endloop
  endfacet
  facet normal 0.000000e+00 -0.000000e+00 1.000000e+00
    outer loop
      vertex 1.175571e+01 -1.618034e+01 5.000000e-01
      vertex 1.217523e+01 -1.586707e+01 5.000000e-01
      vertex 0.000000e+00 0.000000e+00 5.000000e-01
    endloop
  endfacet
  facet normal 0.000000e+00 -0.000000e+00 1.000000e+00
    outer loop
      vertex 1.217523e+01 -1.586707e+01 5.000000e-01
      vertex 1.258641e+01 -1.554292e+01 5.000000e-01
      vertex 0.000000e+00 0.000000e+00 5.000000e-01
    endloop
  endfacet
  facet normal 0.000000e+00 -0.000000e+00 1.000000e+00
    outer loop
      vertex 1.258641e+01 -1.554292e+01 5.000000e-01
      vertex 1.298896e+01 -1.520812e+01 5.000000e-01
      vertex 0.000000e+00 0.000000e+00 5.000000e-01
    endloop
  endfacet
  facet normal 0.000000e+00 -0.000000e+00 1.000000e+00
    outer loop
      vertex 1.298896e+01 -1.520812e+01 5.000000e-01
      vertex 1.338261e+01 -1.486290e+01 5.000000e-01
      vertex 0.000000e+00 0.000000e+00 5.000000e-01
    endloop
  endfacet
  facet normal 0.000000e+00 -0.000000e+00 1.000000e+00
    outer loop
      vertex 1.338261e+01 -1.486290e+01 5.000000e-01
      vertex 1.376709e+01 -1.450749e+01 5.000000e-01
      vertex 0.000000e+00 0.000000e+00 5.000000e-01
    endloop
  endfacet
  facet normal 0.000000e+00 -0.000000e+00 1.000000e+00
    outer loop
      vertex 1.376709e+01 -1.450749e+01 5.000000e-01
      vertex 1.414214e+01 -1.414214e+01 5.000000e-01
      vertex 0.000000e+00 0.000000e+00 5.000000e-01
    endloop
  endfacet
  facet normal 0.000000e+00 -0.000000e+00 1.000000e+00
    outer loop
      vertex 1.414214e+01 -1.414214e+01 5.000000e-01
      vertex 1.450749e+01 -1.376709e+01 5.000000e-01
      vertex 0.000000e+00 0.000000e+00 5.000000e-01
    endloop
  endfacet
  facet normal 0.000000e+00 -0.000000e+00 1.000000e+00
    outer loop
      vertex 1.450749e+01 -1.376709e+01 5.000000e-01
      vertex 1.486290e+01 -1.338261e+01 5.000000e-01
      vertex 0.000000e+00 0.000000e+00 5.000000e-01
    endloop
  endfacet
  facet normal 0.000000e+00 -0.000000e+00 1.000000e+00
    outer loop
      vertex 1.486290e+01 -1.338261e+01 5.000000e-01
      vertex 1.520812e+01 -1.298896e+01 5.000000e-01
      vertex 0.000000e+00 0.000000e+00 5.000000e-01
    endloop
  endfacet
  facet normal 0.000000e+00 -0.000000e+00 1.000000e+00
    outer loop
      vertex 1.520812e+01 -1.298896e+01 5.000000e-01
      vertex 1.554292e+01 -1.258641e+01 5.000000e-01
      vertex 0.000000e+00 0.000000e+00 5.000000e-01
    endloop
  endfacet
  facet normal 0.000000e+00 -0.000000e+00 1.000000e+00
    outer loop
      vertex 1.554292e+01 -1.258641e+01 5.000000e-01
      vertex 1.586707e+01 -1.217523e+01 5.000000e-01
      vertex 0.000000e+00 0.000000e+00 5.000000e-01
    endloop
  endfacet
  facet normal 0.000000e+00 -0.000000e+00 1.000000e+00
    outer loop
      vertex 1.586707e+01 -1.217523e+01 5.000000e-01
      vertex 1.618034e+01 -1.175571e+01 5.000000e-01
      vertex 0.000000e+00 0.000000e+00 5.000000e-01
    endloop
  endfacet
  facet normal 0.000000e+00 -0.000000e+00 1.000000e+00
    outer loop
      vertex 1.618034e+01 -1.175571e+01 5.000000e-01
      vertex 1.648252e+01 -1.132812e+01 5.000000e-01
      vertex 0.000000e+00 0.000000e+00 5.000000e-01
    endloop
  endfacet
  facet normal 0.000000e+00 -0.000000e+00 1.000000e+00
    outer loop
      vertex 1.648252e+01 -1.132812e+01 5.000000e-01
      vertex 1.677341e+01 -1.089278e+01 5.000000e-01
      vertex 0.000000e+00 0.000000e+00 5.000000e-01
    endloop
  endfacet
  facet normal 0.000000e+00 -0.000000e+00 1.000000e+00
    outer loop
      vertex 1.677341e+01 -1.089278e+01 5.000000e-01
      vertex 1.705280e+01 -1.044997e+01 5.000000e-01
      vertex 0.000000e+00 0.000000e+00 5.000000e-01
    endloop
  endfacet
  facet normal 0.000000e+00 -0.000000e+00 1.000000e+00
    outer loop
      vertex 1.705280e+01 -1.044997e+01 5.000000e-01
      vertex 1.732051e+01 -1.000000e+01 5.000000e-01
      vertex 0.000000e+00 0.000000e+00 5.000000e-01
    endloop
  endfacet
  facet normal 0.000000e+00 -0.000000e+00 1.000000e+00
    outer loop
      vertex 1.732051e+01 -1.000000e+01 5.000000e-01
      vertex 1.757634e+01 -9.543175e+00 5.000000e-01
      vertex 0.000000e+00 0.000000e+00 5.000000e-01
    endloop
  endfacet
  facet normal 0.000000e+00 -0.000000e+00 1.000000e+00
    outer loop
      vertex 1.757634e+01 -9.543175e+00 5.000000e-01
      vertex 1.782013e+01 -9.079810e+00 5.000000e-01
      vertex 0.000000e+00 0.000000e+00 5.000000e-01
    endloop
  endfacet
  facet normal 0.000000e+00 -0.000000e+00 1.000000e+00
    outer loop
      vertex 1.782013e+01 -9.079810e+00 5.000000e-01
      vertex 1.805171e+01 -8.610222e+00 5.000000e-01
      vertex 0.000000e+00 0.000000e+00 5.000000e-01
    endloop
  endfacet
  facet normal 0.000000e+00 -0.000000e+00 1.000000e+00
    outer loop
      vertex 1.805171e+01 -8.610222e+00 5.000000e-01
      vertex 1.827091e+01 -8.134733e+00 5.000000e-01
      vertex 0.000000e+00 0.000000e+00 5.000000e-01
    endloop
  endfacet
  facet normal 0.000000e+00 -0.000000e+00 1.000000e+00
    outer loop
      vertex 1.827091e+01 -8.134733e+00 5.000000e-01
      vertex 1.847759e+01 -7.653669e+00 5.000000e-01
      vertex 0.000000e+00 0.000000e+00 5.000000e-01
    endloop
  endfacet
  facet normal 0.000000e+00 -0.000000e+00 1.000000e+00
    outer loop
      vertex 1.847759e+01 -7.653669e+00 5.000000e-01
      vertex 1.867161e+01 -7.167359e+00 5.000000e-01
      vertex 0.000000e+00 0.000000e+00 5.000000e-01
    endloop
  endfacet
  facet normal 0.000000e+00 -0.000000e+00 1.000000e+00
    outer loop
      vertex 1.867161e+01 -7.167359e+00 5.000000e-01
      vertex 1.885283e+01 -6.676137e+00 5.000000e-01
      vertex 0.000000e+00 0.000000e+00 5.000000e-01
    endloop
  endfacet
  facet normal 0.000000e+00 -0.000000e+00 1.000000e+00
    outer loop
      vertex 1.885283e+01 -6.676137e+00 5.000000e-01
      vertex 1.902113e+01 -6.180340e+00 5.000000e-01
      vertex 0.000000e+00 0.000000e+00 5.000000e-01
    endloop
  endfacet
  facet normal 0.000000e+00 -0.000000e+00 1.000000e+00
    outer loop
      vertex 1.902113e+01 -6.180340e+00 5.000000e-01
      vertex 1.917639e+01 -5.680307e+00 5.000000e-01
      vertex 0.000000e+00 0.000000e+00 5.000000e-01
    endloop
  endfacet
  facet normal 0.000000e+00 -0.000000e+00 1.000000e+00
    outer loop
      vertex 1.917639e+01 -5.680307e+00 5.000000e-01
      vertex 1.931852e+01 -5.176381e+00 5.000000e-01
      vertex 0.000000e+00 0.000000e+00 5.000000e-01
    endloop
  endfacet
  facet normal 0.000000e+00 -0.000000e+00 1.000000e+00
    outer loop
      vertex 1.931852e+01 -5.176381e+00 5.000000e-01
      vertex 1.944740e+01 -4.668907e+00 5.000000e-01
      vertex 0.000000e+00 0.000000e+00 5.000000e-01
    endloop
  endfacet
  facet normal 0.000000e+00 -0.000000e+00 1.000000e+00
    outer loop
      vertex 1.944740e+01 -4.668907e+00 5.000000e-01
      vertex 1.956295e+01 -4.158234e+00 5.000000e-01
      vertex 0.000000e+00 0.000000e+00 5.000000e-01
    endloop
  endfacet
  facet normal 0.000000e+00 -0.000000e+00 1.000000e+00
    outer loop
      vertex 1.956295e+01 -4.158234e+00 5.000000e-01
      vertex 1.966510e+01 -3.644711e+00 5.000000e-01
      vertex 0.000000e+00 0.000000e+00 5.000000e-01
    endloop
  endfacet
  facet normal 0.000000e+00 -0.000000e+00 1.000000e+00
    outer loop
      vertex 1.966510e+01 -3.644711e+00 5.000000e-01
      vertex 1.975377e+01 -3.128689e+00 5.000000e-01
      vertex 0.000000e+00 0.000000e+00 5.000000e-01
    endloop
  endfacet
  facet normal 0.000000e+00 -0.000000e+00 1.000000e+00
    outer loop
      vertex 1.975377e+01 -3.128689e+00 5.000000e-01
      vertex 1.982890e+01 -2.610524e+00 5.000000e-01
      vertex 0.000000e+00 0.000000e+00 5.000000e-01
    endloop
  endfacet
  facet normal 0.000000e+00 -0.000000e+00 1.000000e+00
    outer loop
      vertex 1.982890e+01 -2.610524e+00 5.000000e-01
      vertex 1.989044e+01 -2.090569e+00 5.000000e-01
      vertex 0.000000e+00 0.000000e+00 5.000000e-01
    endloop
  endfacet
  facet normal 0.000000e+00 -0.000000e+00 1.000000e+00
    outer loop
      vertex 1.989044e+01 -2.090569e+00 5.000000e-01
      vertex 1.993835e+01 -1.569182e+00 5.000000e-01
      vertex 0.000000e+00 0.000000e+00 5.000000e-01
    endloop
  endfacet
  facet normal 0.000000e+00 -0.000000e+00 1.000000e+00
    outer loop
      vertex 1.993835e+01 -1.569182e+00 5.000000e-01
      vertex 1.997259e+01 -1.046719e+00 5.000000e-01
      vertex 0.000000e+00 0.000000e+00 5.000000e-01
    endloop
  endfacet
  facet normal 0.000000e+00 -0.000000e+00 1.000000e+00
    outer loop
      vertex 1.997259e+01 -1.046719e+00 5.000000e-01
      vertex 1.999315e+01 -5.235390e-01 5.000000e-01
      vertex 0.000000e+00 0.000000e+00 5.000000e-01
    endloop
  endfacet
  facet normal 0.000000e+00 -0.000000e+00 1.000000e+00
    outer loop
      vertex 1.999315e+01 -5.235390e-01 5.000000e-01
      vertex 2.000000e+01 0.000000e+00 5.000000e-01
      vertex 0.000000e+00 0.000000e+00 5.000000e-01
    endloop
  endfacet
  facet normal 0.000000e+00 0.000000e+00 -1.000000e+00
    outer loop
      vertex 2.000000e+01 0.000000e+00 7.500000e+01
      vertex 1.999315e+01 5.235390e-01 7.500000e+01
      vertex 2.499143e+01 6.544237e-01 7.500000e+01
    endloop
  endfacet
  facet normal 0.000000e+00 0.000000e+00 -1.000000e+00
    outer loop
      vertex 2.000000e+01 0.000000e+00 7.500000e+01
      vertex 2.499143e+01 6.544237e-01 7.500000e+01
      vertex 2.500000e+01 0.000000e+00 7.500000e+01
    endloop
  endfacet
  facet normal 0.000000e+00 0.000000e+00 -1.000000e+00
    outer loop
      vertex 1.999315e+01 5.235390e-01 7.500000e+01
      vertex 1.997259e+01 1.046719e+00 7.500000e+01
      vertex 2.496574e+01 1.308399e+00 7.500000e+01
    endloop
  endfacet
  facet normal 0.000000e+00 0.000000e+00 -1.000000e+00
    outer loop
      vertex 1.999315e+01 5.235390e-01 7.500000e+01
      vertex 2.496574e+01 1.308399e+00 7.500000e+01
      vertex 2.499143e+01 6.544237e-01 7.500000e+01
    endloop
  endfacet
  facet normal 0.000000e+00 0.000000e+00 -1.000000e+00
    outer loop
      vertex 1.997259e+01 1.046719e+00 7.500000e+01
      vertex 1.993835e+01 1.569182e+00 7.500000e+01
      vertex 2.492293e+01 1.961477e+00 7.500000e+01
    endloop
  endfacet
  facet normal 0.000000e+00 0.000000e+00 -1.000000e+00
    outer loop
      vertex 1.997259e+01 1.046719e+00 7.500000e+01
      vertex 2.492293e+01 1.961477e+00 7.500000e+01
      vertex 2.496574e+01 1.308399e+00 7.500000e+01
    endloop
  endfacet
  facet normal 0.000000e+00 0.000000e+00 -1.000000e+00
    outer loop
      vertex 1.993835e+01 1.569182e+00 7.500000e+01
      vertex 1.989044e+01 2.090569e+00 7.500000e+01
      vertex 2.486305e+01 2.613212e+00 7.500000e+01
    endloop
  endfacet
  facet normal 0.000000e+00 0.000000e+00 -1.000000e+00
    outer loop
      vertex 1.993835e+01 1.569182e+00 7.500000e+01
      vertex 2.486305e+01 2.613212e+00 7.500000e+01
      vertex 2.492293e+01 1.961477e+00 7.500000e+01
    endloop
  endfacet
  facet normal 0.000000e+00 0.000000e+00 -1.000000e+00
    outer loop
      vertex 1.989044e+01 2.090569e+00 7.500000e+01
      vertex 1.982890e+01 2.610524e+00 7.500000e+01
      vertex 2.478612e+01 3.263155e+00 7.500000e+01
    endloop
  endfacet
  facet normal 0.000000e+00 0.000000e+00 -1.000000e+00
    outer loop
      vertex 1.989044e+01 2.090569e+00 7.500000e+01
      vertex 2.478612e+01 3.263155e+00 7.500000e+01
      vertex 2.486305e+01 2.613212e+00 7.500000e+01
    endloop
  endfacet
  facet normal 0.000000e+00 0.000000e+00 -1.000000e+00
    outer loop
      vertex 1.982890e+01 2.610524e+00 7.500000e+01
      vertex 1.975377e+01 3.128689e+00 7.500000e+01
      vertex 2.469221e+01 3.910862e+00 7.500000e+01
    endloop
  endfacet
  facet normal 0.000000e+00 0.000000e+00 -1.000000e+00
    outer loop
      vertex 1.982890e+01 2.610524e+00 7.500000e+01
      vertex 2.469221e+01 3.910862e+00 7.500000e+01
      vertex 2.478612e+01 3.263155e+00 7.500000e+01
    endloop
  endfacet
  facet normal 0.000000e+00 0.000000e+00 -1.000000e+00
    outer loop
      vertex 1.975377e+01 3.128689e+00 7.500000e+01
      vertex 1.966510e+01 3.644711e+00 7.500000e+01
      vertex 2.458137e+01 4.555888e+00 7.500000e+01
    endloop
  endfacet
  facet normal 0.000000e+00 0.000000e+00 -1.000000e+00
    outer loop
      vertex 1.975377e+01 3.128689e+00 7.500000e+01
      vertex 2.458137e+01 4.555888e+00 7.500000e+01
      vertex 2.469221e+01 3.910862e+00 7.500000e+01
    endloop
  endfacet
  facet normal 0.000000e+00 0.000000e+00 -1.000000e+00
    outer loop
      vertex 1.966510e+01 3.644711e+00 7.500000e+01
      vertex 1.956295e+01 4.158234e+00 7.500000e+01
      vertex 2.445369e+01 5.197792e+00 7.500000e+01
    endloop
  endfacet
  facet normal 0.000000e+00 0.000000e+00 -1.000000e+00
    outer loop
      vertex 1.966510e+01 3.644711e+00 7.500000e+01
      vertex 2.445369e+01 5.197792e+00 7.500000e+01
      vertex 2.458137e+01 4.555888e+00 7.500000e+01
    endloop
  endfacet
  facet normal 0.000000e+00 0.000000e+00 -1.000000e+00
    outer loop
      vertex 1.956295e+01 4.158234e+00 7.500000e+01
      vertex 1.944740e+01 4.668907e+00 7.500000e+01
      vertex 2.430925e+01 5.836134e+00 7.500000e+01
    endloop
  endfacet
  facet normal 0.000000e+00 0.000000e+00 -1.000000e+00
    outer loop
      vertex 1.956295e+01 4.158234e+00 7.500000e+01
      vertex 2.430925e+01 5.836134e+00 7.500000e+01
      vertex 2.445369e+01 5.197792e+00 7.500000e+01
    endloop
  endfacet
  facet normal 0.000000e+00 0.000000e+00 -1.000000e+00
    outer loop
      vertex 1.944740e+01 4.668907e+00 7.500000e+01
      vertex 1.931852e+01 5.176381e+00 7.500000e+01
      vertex 2.414815e+01 6.470476e+00 7.500000e+01
    endloop
  endfacet
  facet normal 0.000000e+00 0.000000e+00 -1.000000e+00
    outer loop
      vertex 1.944740e+01 4.668907e+00 7.500000e+01
      vertex 2.414815e+01 6.470476e+00 7.500000e+01
      vertex 2.430925e+01 5.836134e+00 7.500000e+01
    endloop
  endfacet
  facet normal 0.000000e+00 0.000000e+00 -1.000000e+00
    outer loop
      vertex 1.931852e+01 5.176381e+00 7.500000e+01
      vertex 1.917639e+01 5.680307e+00 7.500000e+01
      vertex 2.397049e+01 7.100384e+00 7.500000e+01
    endloop
  endfacet
  facet normal 0.000000e+00 0.000000e+00 -1.000000e+00
    outer loop
      vertex 1.931852e+01 5.176381e+00 7.500000e+01
      vertex 2.397049e+01 7.100384e+00 7.500000e+01
      vertex 2.414815e+01 6.470476e+00 7.500000e+01
    endloop
  endfacet
  facet normal 0.000000e+00 0.000000e+00 -1.000000e+00
    outer loop
      vertex 1.917639e+01 5.680307e+00 7.500000e+01
      vertex 1.902113e+01 6.180340e+00 7.500000e+01
      vertex 2.377641e+01 7.725425e+00 7.500000e+01
    endloop
  endfacet
  facet normal 0.000000e+00 0.000000e+00 -1.000000e+00
    outer loop
      vertex 1.917639e+01 5.680307e+00 7.500000e+01
      vertex 2.377641e+01 7.725425e+00 7.500000e+01
      vertex 2.397049e+01 7.100384e+00 7.500000e+01
    endloop
  endfacet
  facet normal 0.000000e+00 0.000000e+00 -1.000000e+00
    outer loop
      vertex 1.902113e+01 6.180340e+00 7.500000e+01
      vertex 1.885283e+01 6.676137e+00 7.500000e+01
      vertex 2.356604e+01 8.345171e+00 7.500000e+01
    endloop
  endfacet
  facet normal 0.000000e+00 0.000000e+00 -1.000000e+00
    outer loop
      vertex 1.902113e+01 6.180340e+00 7.500000e+01
      vertex 2.356604e+01 8.345171e+00 7.500000e+01
      vertex 2.377641e+01 7.725425e+00 7.500000e+01
    endloop
  endfacet
  facet normal 0.000000e+00 0.000000e+00 -1.000000e+00
    outer loop
      vertex 1.885283e+01 6.676137e+00 7.500000e+01
      vertex 1.867161e+01 7.167359e+00 7.500000e+01
      vertex 2.333951e+01 8.959199e+00 7.500000e+01
    endloop
  endfacet
  facet normal 0.000000e+00 0.000000e+00 -1.000000e+00
    outer loop
      vertex 1.885283e+01 6.676137e+00 7.500000e+01
      vertex 2.333951e+01 8.959199e+00 7.500000e+01
      vertex 2.356604e+01 8.345171e+00 7.500000e+01
    endloop
  endfacet
  facet normal 0.000000e+00 0.000000e+00 -1.000000e+00
    outer loop
      vertex 1.867161e+01 7.167359e+00 7.500000e+01
      vertex 1.847759e+01 7.653669e+00 7.500000e+01
      vertex 2.309699e+01 9.567086e+00 7.500000e+01
    endloop
  endfacet
  facet normal 0.000000e+00 0.000000e+00 -1.000000e+00
    outer loop
      vertex 1.867161e+01 7.167359e+00 7.500000e+01
      vertex 2.309699e+01 9.567086e+00 7.500000e+01
      vertex 2.333951e+01 8.959199e+00 7.500000e+01
    endloop
  endfacet
  facet normal 0.000000e+00 0.000000e+00 -1.000000e+00
    outer loop
      vertex 1.847759e+01 7.653669e+00 7.500000e+01
      vertex 1.827091e+01 8.134733e+00 7.500000e+01
      vertex 2.283864e+01 1.016842e+01 7.500000e+01
    endloop
  endfacet
  facet normal 0.000000e+00 0.000000e+00 -1.000000e+00
    outer loop
      vertex 1.847759e+01 7.653669e+00 7.500000e+01
      vertex 2.283864e+01 1.016842e+01 7.500000e+01
      vertex 2.309699e+01 9.567086e+00 7.500000e+01
    endloop
  endfacet
  facet normal 0.000000e+00 0.000000e+00 -1.000000e+00
    outer loop
      vertex 1.827091e+01 8.134733e+00 7.500000e+01
      vertex 1.805171e+01 8.610222e+00 7.500000e+01
      vertex 2.256463e+01 1.076278e+01 7.500000e+01
    endloop
  endfacet
  facet normal 0.000000e+00 0.000000e+00 -1.000000e+00
    outer loop
      vertex 1.827091e+01 8.134733e+00 7.500000e+01
      vertex 2.256463e+01 1.076278e+01 7.500000e+01
      vertex 2.283864e+01 1.016842e+01 7.500000e+01
    endloop
  endfacet
  facet normal 0.000000e+00 0.000000e+00 -1.000000e+00
    outer loop
      vertex 1.805171e+01 8.610222e+00 7.500000e+01
      vertex 1.782013e+01 9.079810e+00 7.500000e+01
      vertex 2.227516e+01 1.134976e+01 7.500000e+01
    endloop
  endfacet
  facet normal 0.000000e+00 0.000000e+00 -1.000000e+00
    outer loop
      vertex 1.805171e+01 8.610222e+00 7.500000e+01
      vertex 2.227516e+01 1.134976e+01 7.500000e+01
      vertex 2.256463e+01 1.076278e+01 7.500000e+01
    endloop
  endfacet
  facet normal 0.000000e+00 0.000000e+00 -1.000000e+00
    outer loop
      vertex 1.782013e+01 9.079810e+00 7.500000e+01
      vertex 1.757634e+01 9.543175e+00 7.500000e+01
      vertex 2.197043e+01 1.192897e+01 7.500000e+01
    endloop
  endfacet
  facet normal 0.000000e+00 0.000000e+00 -1.000000e+00
    outer loop
      vertex 1.782013e+01 9.079810e+00 7.500000e+01
      vertex 2.197043e+01 1.192897e+01 7.500000e+01
      vertex 2.227516e+01 1.134976e+01 7.500000e+01
    endloop
  endfacet
  facet normal 0.000000e+00 0.000000e+00 -1.000000e+00
    outer loop
      vertex 1.757634e+01 9.543175e+00 7.500000e+01
      vertex 1.732051e+01 1.000000e+01 7.500000e+01
      vertex 2.165064e+01 1.250000e+01 7.500000e+01
    endloop
  endfacet
  facet normal 0.000000e+00 0.000000e+00 -1.000000e+00
    outer loop
      vertex 1.757634e+01 9.543175e+00 7.500000e+01
      vertex 2.165064e+01 1.250000e+01 7.500000e+01
      vertex 2.197043e+01 1.192897e+01 7.500000e+01
    endloop
  endfacet
  facet normal 0.000000e+00 0.000000e+00 -1.000000e+00
    outer loop
      vertex 1.732051e+01 1.000000e+01 7.500000e+01
      vertex 1.705280e+01 1.044997e+01 7.500000e+01
      vertex 2.131600e+01 1.306246e+01 7.500000e+01
    endloop
  endfacet
  facet normal 0.000000e+00 0.000000e+00 -1.000000e+00
    outer loop
      vertex 1.732051e+01 1.000000e+01 7.500000e+01
      vertex 2.131600e+01 1.306246e+01 7.500000e+01
      vertex 2.165064e+01 1.250000e+01 7.500000e+01
    endloop
  endfacet
  facet normal 0.000000e+00 0.000000e+00 -1.000000e+00
    outer loop
      vertex 1.705280e+01 1.044997e+01 7.500000e+01
      vertex 1.677341e+01 1.089278e+01 7.500000e+01
      vertex 2.096676e+01 1.361598e+01 7.500000e+01
    endloop
  endfacet
  facet normal 0.000000e+00 0.000000e+00 -1.000000e+00
    outer loop
      vertex 1.705280e+01 1.044997e+01 7.500000e+01
      vertex 2.096676e+01 1.361598e+01 7.500000e+01
      vertex 2.131600e+01 1.306246e+01 7.500000e+01
    endloop
  endfacet
  facet normal 0.000000e+00 0.000000e+00 -1.000000e+00
    outer loop
      vertex 1.677341e+01 1.089278e+01 7.500000e+01
      vertex 1.648252e+01 1.132812e+01 7.500000e+01
      vertex 2.060315e+01 1.416016e+01 7.500000e+01
    endloop
  endfacet
  facet normal 0.000000e+00 0.000000e+00 -1.000000e+00
    outer loop
      vertex 1.677341e+01 1.089278e+01 7.500000e+01
      vertex 2.060315e+01 1.416016e+01 7.500000e+01
      vertex 2.096676e+01 1.361598e+01 7.500000e+01
    endloop
  endfacet
  facet normal 0.000000e+00 0.000000e+00 -1.000000e+00
    outer loop
      vertex 1.648252e+01 1.132812e+01 7.500000e+01
      vertex 1.618034e+01 1.175571e+01 7.500000e+01
      vertex 2.022542e+01 1.469463e+01 7.500000e+01
    endloop
  endfacet
  facet normal 0.000000e+00 0.000000e+00 -1.000000e+00
    outer loop
      vertex 1.648252e+01 1.132812e+01 7.500000e+01
      vertex 2.022542e+01 1.469463e+01 7.500000e+01
      vertex 2.060315e+01 1.416016e+01 7.500000e+01
    endloop
  endfacet
  facet normal 0.000000e+00 0.000000e+00 -1.000000e+00
    outer loop
      vertex 1.618034e+01 1.175571e+01 7.500000e+01
      vertex 1.586707e+01 1.217523e+01 7.500000e+01
      vertex 1.983383e+01 1.521904e+01 7.500000e+01
    endloop
  endfacet
  facet normal 0.000000e+00 0.000000e+00 -1.000000e+00
    outer loop
      vertex 1.618034e+01 1.175571e+01 7.500000e+01
      vertex 1.983383e+01 1.521904e+01 7.500000e+01
      vertex 2.022542e+01 1.469463e+01 7.500000e+01
    endloop
  endfacet
  facet normal 0.000000e+00 0.000000e+00 -1.000000e+00
    outer loop
      vertex 1.586707e+01 1.217523e+01 7.500000e+01
      vertex 1.554292e+01 1.258641e+01 7.500000e+01
      vertex 1.942865e+01 1.573301e+01 7.500000e+01
    endloop
  endfacet
  facet normal 0.000000e+00 0.000000e+00 -1.000000e+00
    outer loop
      vertex 1.586707e+01 1.217523e+01 7.500000e+01
      vertex 1.942865e+01 1.573301e+01 7.500000e+01
      vertex 1.983383e+01 1.521904e+01 7.500000e+01
    endloop
  endfacet
  facet normal 0.000000e+00 0.000000e+00 -1.000000e+00
    outer loop
      vertex 1.554292e+01 1.258641e+01 7.500000e+01
      vertex 1.520812e+01 1.298896e+01 7.500000e+01
      vertex 1.901015e+01 1.623620e+01 7.500000e+01
    endloop
  endfacet
  facet normal 0.000000e+00 0.000000e+00 -1.000000e+00
    outer loop
      vertex 1.554292e+01 1.258641e+01 7.500000e+01
      vertex 1.901015e+01 1.623620e+01 7.500000e+01
      vertex 1.942865e+01 1.573301e+01 7.500000e+01
    endloop
  endfacet
  facet normal 0.000000e+00 0.000000e+00 -1.000000e+00
    outer loop
      vertex 1.520812e+01 1.298896e+01 7.500000e+01
      vertex 1.486290e+01 1.338261e+01 7.500000e+01
      vertex 1.857862e+01 1.672827e+01 7.500000e+01
    endloop
  endfacet
  facet normal 0.000000e+00 0.000000e+00 -1.000000e+00
    outer loop
      vertex 1.520812e+01 1.298896e+01 7.500000e+01
      vertex 1.857862e+01 1.672827e+01 7.500000e+01
      vertex 1.901015e+01 1.623620e+01 7.500000e+01
    endloop
  endfacet
  facet normal 0.000000e+00 0.000000e+00 -1.000000e+00
    outer loop
      vertex 1.486290e+01 1.338261e+01 7.500000e+01
      vertex 1.450749e+01 1.376709e+01 7.500000e+01
      vertex 1.813436e+01 1.720886e+01 7.500000e+01
    endloop
  endfacet
  facet normal 0.000000e+00 0.000000e+00 -1.000000e+00
    outer loop
      vertex 1.486290e+01 1.338261e+01 7.500000e+01
      vertex 1.813436e+01 1.720886e+01 7.500000e+01
      vertex 1.857862e+01 1.672827e+01 7.500000e+01
    endloop
  endfacet
  facet normal 0.000000e+00 0.000000e+00 -1.000000e+00
    outer loop
      vertex 1.450749e+01 1.376709e+01 7.500000e+01
      vertex 1.414214e+01 1.414214e+01 7.500000e+01
      vertex 1.767767e+01 1.767767e+01 7.500000e+01
    endloop
  endfacet
  facet normal 0.000000e+00 0.000000e+00 -1.000000e+00
    outer loop
      vertex 1.450749e+01 1.376709e+01 7.500000e+01
      vertex 1.767767e+01 1.767767e+01 7.500000e+01
      vertex 1.813436e+01 1.720886e+01 7.500000e+01
    endloop
  endfacet
  facet normal 0.000000e+00 0.000000e+00 -1.000000e+00
    outer loop
      vertex 1.414214e+01 1.414214e+01 7.500000e+01
      vertex 1.376709e+01 1.450749e+01 7.500000e+01
      vertex 1.720886e+01 1.813436e+01 7.500000e+01
    endloop
  endfacet
  facet normal 0.000000e+00 0.000000e+00 -1.000000e+00
    outer loop
      vertex 1.414214e+01 1.414214e+01 7.500000e+01
      vertex 1.720886e+01 1.813436e+01 7.500000e+01
      vertex 1.767767e+01 1.767767e+01 7.500000e+01
    endloop
  endfacet
  facet normal 0.000000e+00 0.000000e+00 -1.000000e+00
    outer loop
      vertex 1.376709e+01 1.450749e+01 7.500000e+01
      vertex 1.338261e+01 1.486290e+01 7.500000e+01
      vertex 1.672827e+01 1.857862e+01 7.500000e+01
    endloop
  endfacet
  facet normal 0.000000e+00 0.000000e+00 -1.000000e+00
    outer loop
      vertex 1.376709e+01 1.450749e+01 7.500000e+01
      vertex 1.672827e+01 1.857862e+01 7.500000e+01
      vertex 1.720886e+01 1.813436e+01 7.500000e+01
    endloop
  endfacet
  facet normal 0.000000e+00 0.000000e+00 -1.000000e+00
    outer loop
      vertex 1.338261e+01 1.486290e+01 7.500000e+01
      vertex 1.298896e+01 1.520812e+01 7.500000e+01
      vertex 1.623620e+01 1.901015e+01 7.500000e+01
    endloop
  endfacet
  facet normal 0.000000e+00 0.000000e+00 -1.000000e+00
    outer loop
      vertex 1.338261e+01 1.486290e+01 7.500000e+01
      vertex 1.623620e+01 1.901015e+01 7.500000e+01
      vertex 1.672827e+01 1.857862e+01 7.500000e+01
    endloop
  endfacet
  facet normal 0.000000e+00 0.000000e+00 -1.000000e+00
    outer loop
      vertex 1.298896e+01 1.520812e+01 7.500000e+01
      vertex 1.258641e+01 1.554292e+01 7.500000e+01
      vertex 1.573301e+01 1.942865e+01 7.500000e+01
    endloop
  endfacet
  facet normal 0.000000e+00 0.000000e+00 -1.000000e+00
    outer loop
      vertex 1.298896e+01 1.520812e+01 7.500000e+01
      vertex 1.573301e+01 1.942865e+01 7.500000e+01
      vertex 1.623620e+01 1.901015e+01 7.500000e+01
    endloop
  endfacet
  facet normal 0.000000e+00 0.000000e+00 -1.000000e+00
    outer loop
      vertex 1.258641e+01 1.554292e+01 7.500000e+01
      vertex 1.217523e+01 1.586707e+01 7.500000e+01
      vertex 1.521904e+01 1.983383e+01 7.500000e+01
    endloop
  endfacet
  facet normal 0.000000e+00 0.000000e+00 -1.000000e+00
    outer loop
      vertex 1.258641e+01 1.554292e+01 7.500000e+01
      vertex 1.521904e+01 1.983383e+01 7.500000e+01
      vertex 1.573301e+01 1.942865e+01 7.500000e+01
    endloop
  endfacet
  facet normal 0.000000e+00 0.000000e+00 -1.000000e+00
    outer loop
      vertex 1.217523e+01 1.586707e+01 7.500000e+01
      vertex 1.175571e+01 1.618034e+01 7.500000e+01
      vertex 1.469463e+01 2.022542e+01 7.500000e+01
    endloop
  endfacet
  facet normal 0.000000e+00 0.000000e+00 -1.000000e+00
    outer loop
      vertex 1.217523e+01 1.586707e+01 7.500000e+01
      vertex 1.469463e+01 2.022542e+01 7.500000e+01
      vertex 1.521904e+01 1.983383e+01 7.500000e+01
    endloop
  endfacet
  facet normal 0.000000e+00 0.000000e+00 -1.000000e+00
    outer loop
      vertex 1.175571e+01 1.618034e+01 7.500000e+01
      vertex 1.132812e+01 1.648252e+01 7.500000e+01
      vertex 1.416016e+01 2.060315e+01 7.500000e+01
    endloop
  endfacet
  facet normal 0.000000e+00 0.000000e+00 -1.000000e+00
    outer loop
      vertex 1.175571e+01 1.618034e+01 7.500000e+01
      vertex 1.416016e+01 2.060315e+01 7.500000e+01
      vertex 1.469463e+01 2.022542e+01 7.500000e+01
    endloop
  endfacet
  facet normal 0.000000e+00 0.000000e+00 -1.000000e+00
    outer loop
      vertex 1.132812e+01 1.648252e+01 7.500000e+01
      vertex 1.089278e+01 1.677341e+01 7.500000e+01
      vertex 1.361598e+01 2.096676e+01 7.500000e+01
    endloop
  endfacet
  facet normal 0.000000e+00 0.000000e+00 -1.000000e+00
    outer loop
      vertex 1.132812e+01 1.648252e+01 7.500000e+01
      vertex 1.361598e+01 2.096676e+01 7.500000e+01
      vertex 1.416016e+01 2.060315e+01 7.500000e+01
    endloop
  endfacet
  facet normal 0.000000e+00 0.000000e+00 -1.000000e+00
    outer loop
      vertex 1.089278e+01 1.677341e+01 7.500000e+01
      vertex 1.044997e+01 1.705280e+01 7.500000e+01
      vertex 1.306246e+01 2.131600e+01 7.500000e+01
    endloop
  endfacet
  facet normal 0.000000e+00 0.000000e+00 -1.000000e+00
    outer loop
      vertex 1.089278e+01 1.677341e+01 7.500000e+01
      vertex 1.306246e+01 2.131600e+01 7.500000e+01
      vertex 1.361598e+01 2.096676e+01 7.500000e+01
    endloop
  endfacet
  facet normal 0.000000e+00 0.000000e+00 -1.000000e+00
    outer loop
      vertex 1.044997e+01 1.705280e+01 7.500000e+01
      vertex 1.000000e+01 1.732051e+01 7.500000e+01
      vertex 1.250000e+01 2.165064e+01 7.500000e+01
    endloop
  endfacet
  facet normal 0.000000e+00 0.000000e+00 -1.000000e+00
    outer loop
      vertex 1.044997e+01 1.705280e+01 7.500000e+01
      vertex 1.250000e+01 2.165064e+01 7.500000e+01
      vertex 1.306246e+01 2.131600e+01 7.500000e+01
    endloop
  endfacet
  facet normal 0.000000e+00 0.000000e+00 -1.000000e+00
    outer loop
      vertex 1.000000e+01 1.732051e+01 7.500000e+01
      vertex 9.543175e+00 1.757634e+01 7.500000e+01
      vertex 1.192897e+01 2.197043e+01 7.500000e+01
    endloop
  endfacet
  facet normal 0.000000e+00 0.000000e+00 -1.000000e+00
    outer loop
      vertex 1.000000e+01 1.732051e+01 7.500000e+01
      vertex 1.192897e+01 2.197043e+01 7.500000e+01
      vertex 1.250000e+01 2.165064e+01 7.500000e+01
    endloop
  endfacet
  facet normal 0.000000e+00 0.000000e+00 -1.000000e+00
    outer loop
      vertex 9.543175e+00 1.757634e+01 7.500000e+01
      vertex 9.079810e+00 1.782013e+01 7.500000e+01
      vertex 1.134976e+01 2.227516e+01 7.500000e+01
    endloop
  endfacet
  facet normal 0.000000e+00 0.000000e+00 -1.000000e+00
    outer loop
      vertex 9.543175e+00 1.757634e+01 7.500000e+01
      vertex 1.134976e+01 2.227516e+01 7.500000e+01
      vertex 1.192897e+01 2.197043e+01 7.500000e+01
    endloop
  endfacet
  facet normal 0.000000e+00 0.000000e+00 -1.000000e+00
    outer loop
      vertex 9.079810e+00 1.782013e+01 7.500000e+01
      vertex 8.610222e+00 1.805171e+01 7.500000e+01
      vertex 1.076278e+01 2.256463e+01 7.500000e+01
    endloop
  endfacet
  facet normal 0.000000e+00 0.000000e+00 -1.000000e+00
    outer loop
      vertex 9.079810e+00 1.782013e+01 7.500000e+01
      vertex 1.076278e+01 2.256463e+01 7.500000e+01
      vertex 1.134976e+01 2.227516e+01 7.500000e+01
    endloop
  endfacet
  facet normal 0.000000e+00 0.000000e+00 -1.000000e+00
    outer loop
      vertex 8.610222e+00 1.805171e+01 7.500000e+01
      vertex 8.134733e+00 1.827091e+01 7.500000e+01
      vertex 1.016842e+01 2.283864e+01 7.500000e+01
    endloop
  endfacet
  facet normal 0.000000e+00 0.000000e+00 -1.000000e+00
    outer loop
      vertex 8.610222e+00 1.805171e+01 7.500000e+01
      vertex 1.016842e+01 2.283864e+01 7.500000e+01
      vertex 1.076278e+01 2.256463e+01 7.500000e+01
    endloop
  endfacet
  facet normal 0.000000e+00 0.000000e+00 -1.000000e+00
    outer loop
      vertex 8.134733e+00 1.827091e+01 7.500000e+01
      vertex 7.653669e+00 1.847759e+01 7.500000e+01
      vertex 9.567086e+00 2.309699e+01 7.500000e+01
    endloop
  endfacet
  facet normal 0.000000e+00 0.000000e+00 -1.000000e+00
    outer loop
      vertex 8.134733e+00 1.827091e+01 7.500000e+01
      vertex 9.567086e+00 2.309699e+01 7.500000e+01
      vertex 1.016842e+01 2.283864e+01 7.500000e+01
    endloop
  endfacet
  facet normal 0.000000e+00 0.000000e+00 -1.000000e+00
    outer loop
      vertex 7.653669e+00 1.847759e+01 7.500000e+01
      vertex 7.167359e+00 1.867161e+01 7.500000e+01
      vertex 8.959199e+00 2.333951e+01 7.500000e+01
    endloop
  endfacet
  facet normal 0.000000e+00 0.000000e+00 -1.000000e+00
    outer loop
      vertex 7.653669e+00 1.847759e+01 7.500000e+01
      vertex 8.959199e+00 2.333951e+01 7.500000e+01
      vertex 9.567086e+00 2.309699e+01 7.500000e+01
    endloop
  endfacet
  facet normal 0.000000e+00 0.000000e+00 -1.000000e+00
    outer loop
      vertex 7.167359e+00 1.867161e+01 7.500000e+01
      vertex 6.676137e+00 1.885283e+01 7.500000e+01
      vertex 8.345171e+00 2.356604e+01 7.500000e+01
    endloop
  endfacet
  facet normal 0.000000e+00 0.000000e+00 -1.000000e+00
    outer loop
      vertex 7.167359e+00 1.867161e+01 7.500000e+01
      vertex 8.345171e+00 2.356604e+01 7.500000e+01
      vertex 8.959199e+00 2.333951e+01 7.500000e+01
    endloop
  endfacet
  facet normal 0.000000e+00 0.000000e+00 -1.000000e+00
    outer loop
      vertex 6.676137e+00 1.885283e+01 7.500000e+01
      vertex 6.180340e+00 1.902113e+01 7.500000e+01
      vertex 7.725425e+00 2.377641e+01 7.500000e+01
    endloop
  endfacet
  facet normal 0.000000e+00 0.000000e+00 -1.000000e+00
    outer loop
      vertex 6.676137e+00 1.885283e+01 7.500000e+01
      vertex 7.725425e+00 2.377641e+01 7.500000e+01
      vertex 8.345171e+00 2.356604e+01 7.500000e+01
    endloop
  endfacet
  facet normal 0.000000e+00 0.000000e+00 -1.000000e+00
    outer loop
      vertex 6.180340e+00 1.902113e+01 7.500000e+01
      vertex 5.680307e+00 1.917639e+01 7.500000e+01
      vertex 7.100384e+00 2.397049e+01 7.500000e+01
    endloop
  endfacet
  facet normal 0.000000e+00 0.000000e+00 -1.000000e+00
    outer loop
      vertex 6.180340e+00 1.902113e+01 7.500000e+01
      vertex 7.100384e+00 2.397049e+01 7.500000e+01
      vertex 7.725425e+00 2.377641e+01 7.500000e+01
    endloop
  endfacet
  facet normal 0.000000e+00 0.000000e+00 -1.000000e+00
    outer loop
      vertex 5.680307e+00 1.917639e+01 7.500000e+01
      vertex 5.176381e+00 1.931852e+01 7.500000e+01
      vertex 6.470476e+00 2.414815e+01 7.500000e+01
    endloop
  endfacet
  facet normal 0.000000e+00 0.000000e+00 -1.000000e+00
    outer loop
      vertex 5.680307e+00 1.917639e+01 7.500000e+01
      vertex 6.470476e+00 2.414815e+01 7.500000e+01
      vertex 7.100384e+00 2.397049e+01 7.500000e+01
    endloop
  endfacet
  facet normal 0.000000e+00 0.000000e+00 -1.000000e+00
    outer loop
      vertex 5.176381e+00 1.931852e+01 7.500000e+01
      vertex 4.668907e+00 1.944740e+01 7.500000e+01
      vertex 5.836134e+00 2.430925e+01 7.500000e+01
    endloop
  endfacet
  facet normal 0.000000e+00 0.000000e+00 -1.000000e+00
    outer loop
      vertex 5.176381e+00 1.931852e+01 7.500000e+01
      vertex 5.836134e+00 2.430925e+01 7.500000e+01
      vertex 6.470476e+00 2.414815e+01 7.500000e+01
    endloop
  endfacet
  facet normal 0.000000e+00 0.000000e+00 -1.000000e+00
    outer loop
      vertex 4.668907e+00 1.944740e+01 7.500000e+01
      vertex 4.158234e+00 1.956295e+01 7.500000e+01
      vertex 5.197792e+00 2.445369e+01 7.500000e+01
    endloop
  endfacet
  facet normal 0.000000e+00 0.000000e+00 -1.000000e+00
    outer loop
      vertex 4.668907e+00 1.944740e+01 7.500000e+01
      vertex 5.197792e+00 2.445369e+01 7.500000e+01
      vertex 5.836134e+00 2.430925e+01 7.500000e+01
    endloop
  endfacet
  facet normal 0.000000e+00 0.000000e+00 -1.000000e+00
    outer loop
      vertex 4.158234e+00 1.956295e+01 7.500000e+01
      vertex 3.644711e+00 1.966510e+01 7.500000e+01
      vertex 4.555888e+00 2.458137e+01 7.500000e+01
    endloop
  endfacet
  facet normal 0.000000e+00 0.000000e+00 -1.000000e+00
    outer loop
      vertex 4.158234e+00 1.956295e+01 7.500000e+01
      vertex 4.555888e+00 2.458137e+01 7.500000e+01
      vertex 5.197792e+00 2.445369e+01 7.500000e+01
    endloop
  endfacet
  facet normal 0.000000e+00 0.000000e+00 -1.000000e+00
    outer loop
      vertex 3.644711e+00 1.966510e+01 7.500000e+01
      vertex 3.128689e+00 1.975377e+01 7.500000e+01
      vertex 3.910862e+00 2.469221e+01 7.500000e+01
    endloop
  endfacet
  facet normal 0.000000e+00 0.000000e+00 -1.000000e+00
    outer loop
      vertex 3.644711e+00 1.966510e+01 7.500000e+01
      vertex 3.910862e+00 2.469221e+01 7.500000e+01
      vertex 4.555888e+00 2.458137e+01 7.500000e+01
    endloop
  endfacet
  facet normal 0.000000e+00 0.000000e+00 -1.000000e+00
    outer loop
      vertex 3.128689e+00 1.975377e+01 7.500000e+01
      vertex 2.610524e+00 1.982890e+01 7.500000e+01
      vertex 3.263155e+00 2.478612e+01 7.500000e+01
    endloop
  endfacet
  facet normal 0.000000e+00 0.000000e+00 -1.000000e+00
    outer loop
      vertex 3.128689e+00 1.975377e+01 7.500000e+01
      vertex 3.263155e+00 2.478612e+01 7.500000e+01
      vertex 3.910862e+00 2.469221e+01 7.500000e+01
    endloop
  endfacet
  facet normal 0.000000e+00 0.000000e+00 -1.000000e+00
    outer loop
      vertex 2.610524e+00 1.982890e+01 7.500000e+01
      vertex 2.090569e+00 1.989044e+01 7.500000e+01
      vertex 2.613212e+00 2.486305e+01 7.500000e+01
    endloop
  endfacet
  facet normal 0.000000e+00 0.000000e+00 -1.000000e+00
    outer loop
      vertex 2.610524e+00 1.982890e+01 7.500000e+01
      vertex 2.613212e+00 2.486305e+01 7.500000e+01
      vertex 3.263155e+00 2.478612e+01 7.500000e+01
    endloop
  endfacet
  facet normal 0.000000e+00 0.000000e+00 -1.000000e+00
    outer loop
      vertex 2.090569e+00 1.989044e+01 7.500000e+01
      vertex 1.569182e+00 1.993835e+01 7.500000e+01
      vertex 1.961477e+00 2.492293e+01 7.500000e+01
    endloop
  endfacet
  facet normal 0.000000e+00 0.000000e+00 -1.000000e+00
    outer loop
      vertex 2.090569e+00 1.989044e+01 7.500000e+01
      vertex 1.961477e+00 2.492293e+01 7.500000e+01
      vertex 2.613212e+00 2.486305e+01 7.500000e+01
    endloop
  endfacet
  facet normal 0.000000e+00 0.000000e+00 -1.000000e+00
    outer loop
      vertex 1.569182e+00 1.993835e+01 7.500000e+01
      vertex 1.046719e+00 1.997259e+01 7.500000e+01
      vertex 1.308399e+00 2.496574e+01 7.500000e+01
    endloop
  endfacet
  facet normal 0.000000e+00 0.000000e+00 -1.000000e+00
    outer loop
      vertex 1.569182e+00 1.993835e+01 7.500000e+01
      vertex 1.308399e+00 2.496574e+01 7.500000e+01
      vertex 1.961477e+00 2.492293e+01 7.500000e+01
    endloop
  endfacet
  facet normal 0.000000e+00 0.000000e+00 -1.000000e+00
    outer loop
      vertex 1.046719e+00 1.997259e+01 7.500000e+01
      vertex 5.235390e-01 1.999315e+01 7.500000e+01
      vertex 6.544237e-01 2.499143e+01 7.500000e+01
    endloop
  endfacet
  facet normal 0.000000e+00 0.000000e+00 -1.000000e+00
    outer loop
      vertex 1.046719e+00 1.997259e+01 7.500000e+01
      vertex 6.544237e-01 2.499143e+01 7.500000e+01
      vertex 1.308399e+00 2.496574e+01 7.500000e+01
    endloop
  endfacet
  facet normal 0.000000e+00 0.000000e+00 -1.000000e+00
    outer loop
      vertex 5.235390e-01 1.999315e+01 7.500000e+01
      vertex 1.224647e-15 2.000000e+01 7.500000e+01
      vertex 1.530808e-15 2.500000e+01 7.500000e+01
    endloop
  endfacet
  facet normal 0.000000e+00 0.000000e+00 -1.000000e+00
    outer loop
      vertex 5.235390e-01 1.999315e+01 7.500000e+01
      vertex 1.530808e-15 2.500000e+01 7.500000e+01
      vertex 6.544237e-01 2.499143e+01 7.500000e+01
    endloop
  endfacet
  facet normal -0.000000e+00 0.000000e+00 -1.000000e+00
    outer loop
      vertex 1.224647e-15 2.000000e+01 7.500000e+01
      vertex -5.235390e-01 1.999315e+01 7.500000e+01
      vertex -6.544237e-01 2.499143e+01 7.500000e+01
    endloop
  endfacet
  facet normal 0.000000e+00 0.000000e+00 -1.000000e+00
    outer loop
      vertex 1.224647e-15 2.000000e+01 7.500000e+01
      vertex -6.544237e-01 2.499143e+01 7.500000e+01
      vertex 1.530808e-15 2.500000e+01 7.500000e+01
    endloop
  endfacet
  facet normal -0.000000e+00 0.000000e+00 -1.000000e+00
    outer loop
      vertex -5.235390e-01 1.999315e+01 7.500000e+01
      vertex -1.046719e+00 1.997259e+01 7.500000e+01
      vertex -1.308399e+00 2.496574e+01 7.500000e+01
    endloop
  endfacet
  facet normal 0.000000e+00 0.000000e+00 -1.000000e+00
    outer loop
      vertex -5.235390e-01 1.999315e+01 7.500000e+01
      vertex -1.308399e+00 2.496574e+01 7.500000e+01
      vertex -6.544237e-01 2.499143e+01 7.500000e+01
    endloop
  endfacet
  facet normal -0.000000e+00 0.000000e+00 -1.000000e+00
    outer loop
      vertex -1.046719e+00 1.997259e+01 7.500000e+01
      vertex -1.569182e+00 1.993835e+01 7.500000e+01
      vertex -1.961477e+00 2.492293e+01 7.500000e+01
    endloop
  endfacet
  facet normal 0.000000e+00 0.000000e+00 -1.000000e+00
    outer loop
      vertex -1.046719e+00 1.997259e+01 7.500000e+01
      vertex -1.961477e+00 2.492293e+01 7.500000e+01
      vertex -1.308399e+00 2.496574e+01 7.500000e+01
    endloop
  endfacet
  facet normal -0.000000e+00 0.000000e+00 -1.000000e+00
    outer loop
      vertex -1.569182e+00 1.993835e+01 7.500000e+01
      vertex -2.090569e+00 1.989044e+01 7.500000e+01
      vertex -2.613212e+00 2.486305e+01 7.500000e+01
    endloop
  endfacet
  facet normal 0.000000e+00 0.000000e+00 -1.000000e+00
    outer loop
      vertex -1.569182e+00 1.993835e+01 7.500000e+01
      vertex -2.613212e+00 2.486305e+01 7.500000e+01
      vertex -1.961477e+00 2.492293e+01 7.500000e+01
    endloop
  endfacet
  facet normal -0.000000e+00 0.000000e+00 -1.000000e+00
    outer loop
      vertex -2.090569e+00 1.989044e+01 7.500000e+01
      vertex -2.610524e+00 1.982890e+01 7.500000e+01
      vertex -3.263155e+00 2.478612e+01 7.500000e+01
    endloop
  endfacet
  facet normal 0.000000e+00 0.000000e+00 -1.000000e+00
    outer loop
      vertex -2.090569e+00 1.989044e+01 7.500000e+01
      vertex -3.263155e+00 2.478612e+01 7.500000e+01
      vertex -2.613212e+00 2.486305e+01 7.500000e+01
    endloop
  endfacet
  facet normal -0.000000e+00 0.000000e+00 -1.000000e+00
    outer loop
      vertex -2.610524e+00 1.982890e+01 7.500000e+01
      vertex -3.128689e+00 1.975377e+01 7.500000e+01
      vertex -3.910862e+00 2.469221e+01 7.500000e+01
    endloop
  endfacet
  facet normal 0.000000e+00 0.000000e+00 -1.000000e+00
    outer loop
      vertex -2.610524e+00 1.982890e+01 7.500000e+01
      vertex -3.910862e+00 2.469221e+01 7.500000e+01
      vertex -3.263155e+00 2.478612e+01 7.500000e+01
    endloop
  endfacet
  facet normal -0.000000e+00 0.000000e+00 -1.000000e+00
    outer loop
      vertex -3.128689e+00 1.975377e+01 7.500000e+01
      vertex -3.644711e+00 1.966510e+01 7.500000e+01
      vertex -4.555888e+00 2.458137e+01 7.500000e+01
    endloop
  endfacet
  facet normal 0.000000e+00 0.000000e+00 -1.000000e+00
    outer loop
      vertex -3.128689e+00 1.975377e+01 7.500000e+01
      vertex -4.555888e+00 2.458137e+01 7.500000e+01
      vertex -3.910862e+00 2.469221e+01 7.500000e+01
    endloop
  endfacet
  facet normal -0.000000e+00 0.000000e+00 -1.000000e+00
    outer loop
      vertex -3.644711e+00 1.966510e+01 7.500000e+01
      vertex -4.158234e+00 1.956295e+01 7.500000e+01
      vertex -5.197792e+00 2.445369e+01 7.500000e+01
    endloop
  endfacet
  facet normal 0.000000e+00 0.000000e+00 -1.000000e+00
    outer loop
      vertex -3.644711e+00 1.966510e+01 7.500000e+01
      vertex -5.197792e+00 2.445369e+01 7.500000e+01
      vertex -4.555888e+00 2.458137e+01 7.500000e+01
    endloop
  endfacet
  facet normal -0.000000e+00 0.000000e+00 -1.000000e+00
    outer loop
      vertex -4.158234e+00 1.956295e+01 7.500000e+01
      vertex -4.668907e+00 1.944740e+01 7.500000e+01
      vertex -5.836134e+00 2.430925e+01 7.500000e+01
    endloop
  endfacet
  facet normal 0.000000e+00 0.000000e+00 -1.000000e+00
    outer loop
      vertex -4.158234e+00 1.956295e+01 7.500000e+01
      vertex -5.836134e+00 2.430925e+01 7.500000e+01
      vertex -5.197792e+00 2.445369e+01 7.500000e+01
    endloop
  endfacet
  facet normal -0.000000e+00 0.000000e+00 -1.000000e+00
    outer loop
      vertex -4.668907e+00 1.944740e+01 7.500000e+01
      vertex -5.176381e+00 1.931852e+01 7.500000e+01
      vertex -6.470476e+00 2.414815e+01 7.500000e+01
    endloop
  endfacet
  facet normal 0.000000e+00 0.000000e+00 -1.000000e+00
    outer loop
      vertex -4.668907e+00 1.944740e+01 7.500000e+01
      vertex -6.470476e+00 2.414815e+01 7.500000e+01
      vertex -5.836134e+00 2.430925e+01 7.500000e+01
    endloop
  endfacet
  facet normal -0.000000e+00 0.000000e+00 -1.000000e+00
    outer loop
      vertex -5.176381e+00 1.931852e+01 7.500000e+01
      vertex -5.680307e+00 1.917639e+01 7.500000e+01
      vertex -7.100384e+00 2.397049e+01 7.500000e+01
    endloop
  endfacet
  facet normal 0.000000e+00 0.000000e+00 -1.000000e+00
    outer loop
      vertex -5.176381e+00 1.931852e+01 7.500000e+01
      vertex -7.100384e+00 2.397049e+01 7.500000e+01
      vertex -6.470476e+00 2.414815e+01 7.500000e+01
    endloop
  endfacet
  facet normal -0.000000e+00 0.000000e+00 -1.000000e+00
    outer loop
      vertex -5.680307e+00 1.917639e+01 7.500000e+01
      vertex -6.180340e+00 1.902113e+01 7.500000e+01
      vertex -7.725425e+00 2.377641e+01 7.500000e+01
    endloop
  endfacet
  facet normal 0.000000e+00 0.000000e+00 -1.000000e+00
    outer loop
      vertex -5.680307e+00 1.917639e+01 7.500000e+01
      vertex -7.725425e+00 2.377641e+01 7.500000e+01
      vertex -7.100384e+00 2.397049e+01 7.500000e+01
    endloop
  endfacet
  facet normal -0.000000e+00 0.000000e+00 -1.000000e+00
    outer loop
      vertex -6.180340e+00 1.902113e+01 7.500000e+01
      vertex -6.676137e+00 1.885283e+01 7.500000e+01
      vertex -8.345171e+00 2.356604e+01 7.500000e+01
    endloop
  endfacet
  facet normal 0.000000e+00 0.000000e+00 -1.000000e+00
    outer loop
      vertex -6.180340e+00 1.902113e+01 7.500000e+01
      vertex -8.345171e+00 2.356604e+01 7.500000e+01
      vertex -7.725425e+00 2.377641e+01 7.500000e+01
    endloop
  endfacet
  facet normal -0.000000e+00 0.000000e+00 -1.000000e+00
    outer loop
      vertex -6.676137e+00 1.885283e+01 7.500000e+01
      vertex -7.167359e+00 1.867161e+01 7.500000e+01
      vertex -8.959199e+00 2.333951e+01 7.500000e+01
    endloop
  endfacet
  facet normal 0.000000e+00 0.000000e+00 -1.000000e+00
    outer loop
      vertex -6.676137e+00 1.885283e+01 7.500000e+01
      vertex -8.959199e+00 2.333951e+01 7.500000e+01
      vertex -8.345171e+00 2.356604e+01 7.500000e+01
    endloop
  endfacet
  facet normal -0.000000e+00 0.000000e+00 -1.000000e+00
    outer loop
      vertex -7.167359e+00 1.867161e+01 7.500000e+01
      vertex -7.653669e+00 1.847759e+01 7.500000e+01
      vertex -9.567086e+00 2.309699e+01 7.500000e+01
    endloop
  endfacet
  facet normal 0.000000e+00 0.000000e+00 -1.000000e+00
    outer loop
      vertex -7.167359e+00 1.867161e+01 7.500000e+01
      vertex -9.567086e+00 2.309699e+01 7.500000e+01
      vertex -8.959199e+00 2.333951e+01 7.500000e+01
    endloop
  endfacet
  facet normal -0.000000e+00 0.000000e+00 -1.000000e+00
    outer loop
      vertex -7.653669e+00 1.847759e+01 7.500000e+01
      vertex -8.134733e+00 1.827091e+01 7.500000e+01
      vertex -1.016842e+01 2.283864e+01 7.500000e+01
    endloop
  endfacet
  facet normal 0.000000e+00 0.000000e+00 -1.000000e+00
    outer loop
      vertex -7.653669e+00 1.847759e+01 7.500000e+01
      vertex -1.016842e+01 2.283864e+01 7.500000e+01
      vertex -9.567086e+00 2.309699e+01 7.500000e+01
    endloop
  endfacet
  facet normal -0.000000e+00 0.000000e+00 -1.000000e+00
    outer loop
      vertex -8.134733e+00 1.827091e+01 7.500000e+01
      vertex -8.610222e+00 1.805171e+01 7.500000e+01
      vertex -1.076278e+01 2.256463e+01 7.500000e+01
    endloop
  endfacet
  facet normal 0.000000e+00 0.000000e+00 -1.000000e+00
    outer loop
      vertex -8.134733e+00 1.827091e+01 7.500000e+01
      vertex -1.076278e+01 2.256463e+01 7.500000e+01
      vertex -1.016842e+01 2.283864e+01 7.500000e+01
    endloop
  endfacet
  facet normal -0.000000e+00 0.000000e+00 -1.000000e+00
    outer loop
      vertex -8.610222e+00 1.805171e+01 7.500000e+01
      vertex -9.079810e+00 1.782013e+01 7.500000e+01
      vertex -1.134976e+01 2.227516e+01 7.500000e+01
    endloop
  endfacet
  facet normal 0.000000e+00 0.000000e+00 -1.000000e+00
    outer loop
      vertex -8.610222e+00 1.805171e+01 7.500000e+01
      vertex -1.134976e+01 2.227516e+01 7.500000e+01
      vertex -1.076278e+01 2.256463e+01 7.500000e+01
    endloop
  endfacet
  facet normal -0.000000e+00 0.000000e+00 -1.000000e+00
    outer loop
      vertex -9.079810e+00 1.782013e+01 7.500000e+01
      vertex -9.543175e+00 1.757634e+01 7.500000e+01
      vertex -1.192897e+01 2.197043e+01 7.500000e+01
    endloop
  endfacet
  facet normal 0.000000e+00 0.000000e+00 -1.000000e+00
    outer loop
      vertex -9.079810e+00 1.782013e+01 7.500000e+01
      vertex -1.192897e+01 2.197043e+01 7.500000e+01
      vertex -1.134976e+01 2.227516e+01 7.500000e+01
    endloop
  endfacet
  facet normal -0.000000e+00 0.000000e+00 -1.000000e+00
    outer loop
      vertex -9.543175e+00 1.757634e+01 7.500000e+01
      vertex -1.000000e+01 1.732051e+01 7.500000e+01
      vertex -1.250000e+01 2.165064e+01 7.500000e+01
    endloop
  endfacet
  facet normal 0.000000e+00 0.000000e+00 -1.000000e+00
    outer loop
      vertex -9.543175e+00 1.757634e+01 7.500000e+01
      vertex -1.250000e+01 2.165064e+01 7.500000e+01
      vertex -1.192897e+01 2.197043e+01 7.500000e+01
    endloop
  endfacet
  facet normal -0.000000e+00 0.000000e+00 -1.000000e+00
    outer loop
      vertex -1.000000e+01 1.732051e+01 7.500000e+01
      vertex -1.044997e+01 1.705280e+01 7.500000e+01
      vertex -1.306246e+01 2.131600e+01 7.500000e+01
    endloop
  endfacet
  facet normal 0.000000e+00 0.000000e+00 -1.000000e+00
    outer loop
      vertex -1.000000e+01 1.732051e+01 7.500000e+01
      vertex -1.306246e+01 2.131600e+01 7.500000e+01
      vertex -1.250000e+01 2.165064e+01 7.500000e+01
    endloop
  endfacet
  facet normal -0.000000e+00 0.000000e+00 -1.000000e+00
    outer loop
      vertex -1.044997e+01 1.705280e+01 7.500000e+01
      vertex -1.089278e+01 1.677341e+01 7.500000e+01
      vertex -1.361598e+01 2.096676e+01 7.500000e+01
    endloop
  endfacet
  facet normal 0.000000e+00 0.000000e+00 -1.000000e+00
    outer loop
      vertex -1.044997e+01 1.705280e+01 7.500000e+01
      vertex -1.361598e+01 2.096676e+01 7.500000e+01
      vertex -1.306246e+01 2.131600e+01 7.500000e+01
    endloop
  endfacet
  facet normal -0.000000e+00 0.000000e+00 -1.000000e+00
    outer loop
      vertex -1.089278e+01 1.677341e+01 7.500000e+01
      vertex -1.132812e+01 1.648252e+01 7.500000e+01
      vertex -1.416016e+01 2.060315e+01 7.500000e+01
    endloop
  endfacet
  facet normal 0.000000e+00 0.000000e+00 -1.000000e+00
    outer loop
      vertex -1.089278e+01 1.677341e+01 7.500000e+01
      vertex -1.416016e+01 2.060315e+01 7.500000e+01
      vertex -1.361598e+01 2.096676e+01 7.500000e+01
    endloop
  endfacet
  facet normal -0.000000e+00 0.000000e+00 -1.000000e+00
    outer loop
      vertex -1.132812e+01 1.648252e+01 7.500000e+01
      vertex -1.175571e+01 1.618034e+01 7.500000e+01
      vertex -1.469463e+01 2.022542e+01 7.500000e+01
    endloop
  endfacet
  facet normal 0.000000e+00 0.000000e+00 -1.000000e+00
    outer loop
      vertex -1.132812e+01 1.648252e+01 7.500000e+01
      vertex -1.469463e+01 2.022542e+01 7.500000e+01
      vertex -1.416016e+01 2.060315e+01 7.500000e+01
    endloop
  endfacet
  facet normal -0.000000e+00 0.000000e+00 -1.000000e+00
    outer loop
      vertex -1.175571e+01 1.618034e+01 7.500000e+01
      vertex -1.217523e+01 1.586707e+01 7.500000e+01
      vertex -1.521904e+01 1.983383e+01 7.500000e+01
    endloop
  endfacet
  facet normal 0.000000e+00 0.000000e+00 -1.000000e+00
    outer loop
      vertex -1.175571e+01 1.618034e+01 7.500000e+01
      vertex -1.521904e+01 1.983383e+01 7.500000e+01
      vertex -1.469463e+01 2.022542e+01 7.500000e+01
    endloop
  endfacet
  facet normal -0.000000e+00 0.000000e+00 -1.000000e+00
    outer loop
      vertex -1.217523e+01 1.586707e+01 7.500000e+01
      vertex -1.258641e+01 1.554292e+01 7.500000e+01
      vertex -1.573301e+01 1.942865e+01 7.500000e+01
    endloop
  endfacet
  facet normal 0.000000e+00 0.000000e+00 -1.000000e+00
    outer loop
      vertex -1.217523e+01 1.586707e+01 7.500000e+01
      vertex -1.573301e+01 1.942865e+01 7.500000e+01
      vertex -1.521904e+01 1.983383e+01 7.500000e+01
    endloop
  endfacet
  facet normal -0.000000e+00 0.000000e+00 -1.000000e+00
    outer loop
      vertex -1.258641e+01 1.554292e+01 7.500000e+01
      vertex -1.298896e+01 1.520812e+01 7.500000e+01
      vertex -1.623620e+01 1.901015e+01 7.500000e+01
    endloop
  endfacet
  facet normal 0.000000e+00 0.000000e+00 -1.000000e+00
    outer loop
      vertex -1.258641e+01 1.554292e+01 7.500000e+01
      vertex -1.623620e+01 1.901015e+01 7.500000e+01
      vertex -1.573301e+01 1.942865e+01 7.500000e+01
    endloop
  endfacet
  facet normal -0.000000e+00 0.000000e+00 -1.000000e+00
    outer loop
      vertex -1.298896e+01 1.520812e+01 7.500000e+01
      vertex -1.338261e+01 1.486290e+01 7.500000e+01
      vertex -1.672827e+01 1.857862e+01 7.500000e+01
    endloop
  endfacet
  facet normal 0.000000e+00 0.000000e+00 -1.000000e+00
    outer loop
      vertex -1.298896e+01 1.520812e+01 7.500000e+01
      vertex -1.672827e+01 1.857862e+01 7.500000e+01
      vertex -1.623620e+01 1.901015e+01 7.500000e+01
    endloop
  endfacet
  facet normal -0.000000e+00 0.000000e+00 -1.000000e+00
    outer loop
      vertex -1.338261e+01 1.486290e+01 7.500000e+01
      vertex -1.376709e+01 1.450749e+01 7.500000e+01
      vertex -1.720886e+01 1.813436e+01 7.500000e+01
    endloop
  endfacet
  facet normal 0.000000e+00 0.000000e+00 -1.000000e+00
    outer loop
      vertex -1.338261e+01 1.486290e+01 7.500000e+01
      vertex -1.720886e+01 1.813436e+01 7.500000e+01
      vertex -1.672827e+01 1.857862e+01 7.500000e+01
    endloop
  endfacet
  facet normal -0.000000e+00 0.000000e+00 -1.000000e+00
    outer loop
      vertex -1.376709e+01 1.450749e+01 7.500000e+01
      vertex -1.414214e+01 1.414214e+01 7.500000e+01
      vertex -1.767767e+01 1.767767e+01 7.500000e+01
    endloop
  endfacet
  facet normal 0.000000e+00 0.000000e+00 -1.000000e+00
    outer loop
      vertex -1.376709e+01 1.450749e+01 7.500000e+01
      vertex -1.767767e+01 1.767767e+01 7.500000e+01
      vertex -1.720886e+01 1.813436e+01 7.500000e+01
    endloop
  endfacet
  facet normal -0.000000e+00 0.000000e+00 -1.000000e+00
    outer loop
      vertex -1.414214e+01 1.414214e+01 7.500000e+01
      vertex -1.450749e+01 1.376709e+01 7.500000e+01
      vertex -1.813436e+01 1.720886e+01 7.500000e+01
    endloop
  endfacet
  facet normal 0.000000e+00 0.000000e+00 -1.000000e+00
    outer loop
      vertex -1.414214e+01 1.414214e+01 7.500000e+01
      vertex -1.813436e+01 1.720886e+01 7.500000e+01
      vertex -1.767767e+01 1.767767e+01 7.500000e+01
    endloop
  endfacet
  facet normal -0.000000e+00 0.000000e+00 -1.000000e+00
    outer loop
      vertex -1.450749e+01 1.376709e+01 7.500000e+01
      vertex -1.486290e+01 1.338261e+01 7.500000e+01
      vertex -1.857862e+01 1.672827e+01 7.500000e+01
    endloop
  endfacet
  facet normal 0.000000e+00 0.000000e+00 -1.000000e+00
    outer loop
      vertex -1.450749e+01 1.376709e+01 7.500000e+01
      vertex -1.857862e+01 1.672827e+01 7.500000e+01
      vertex -1.813436e+01 1.720886e+01 7.500000e+01
    endloop
  endfacet
  facet normal -0.000000e+00 0.000000e+00 -1.000000e+00
    outer loop
      vertex -1.486290e+01 1.338261e+01 7.500000e+01
      vertex -1.520812e+01 1.298896e+01 7.500000e+01
      vertex -1.901015e+01 1.623620e+01 7.500000e+01
    endloop
  endfacet
  facet normal 0.000000e+00 0.000000e+00 -1.000000e+00
    outer loop
      vertex -1.486290e+01 1.338261e+01 7.500000e+01
      vertex -1.901015e+01 1.623620e+01 7.500000e+01
      vertex -1.857862e+01 1.672827e+01 7.500000e+01
    endloop
  endfacet
  facet normal -0.000000e+00 0.000000e+00 -1.000000e+00
    outer loop
      vertex -1.520812e+01 1.298896e+01 7.500000e+01
      vertex -1.554292e+01 1.258641e+01 7.500000e+01
      vertex -1.942865e+01 1.573301e+01 7.500000e+01
    endloop
  endfacet
  facet normal 0.000000e+00 0.000000e+00 -1.000000e+00
    outer loop
      vertex -1.520812e+01 1.298896e+01 7.500000e+01
      vertex -1.942865e+01 1.573301e+01 7.500000e+01
      vertex -1.901015e+01 1.623620e+01 7.500000e+01
    endloop
  endfacet
  facet normal -0.000000e+00 0.000000e+00 -1.000000e+00
    outer loop
      vertex -1.554292e+01 1.258641e+01 7.500000e+01
      vertex -1.586707e+01 1.217523e+01 7.500000e+01
      vertex -1.983383e+01 1.521904e+01 7.500000e+01
    endloop
  endfacet
  facet normal 0.000000e+00 0.000000e+00 -1.000000e+00
    outer loop
      vertex -1.554292e+01 1.258641e+01 7.500000e+01
      vertex -1.983383e+01 1.521904e+01 7.500000e+01
      vertex -1.942865e+01 1.573301e+01 7.500000e+01
    endloop
  endfacet
  facet normal -0.000000e+00 0.000000e+00 -1.000000e+00
    outer loop
      vertex -1.586707e+01 1.217523e+01 7.500000e+01
      vertex -1.618034e+01 1.175571e+01 7.500000e+01
      vertex -2.022542e+01 1.469463e+01 7.500000e+01
    endloop
  endfacet
  facet normal 0.000000e+00 0.000000e+00 -1.000000e+00
    outer loop
      vertex -1.586707e+01 1.217523e+01 7.500000e+01
      vertex -2.022542e+01 1.469463e+01 7.500000e+01
      vertex -1.983383e+01 1.521904e+01 7.500000e+01
    endloop
  endfacet
  facet normal -0.000000e+00 0.000000e+00 -1.000000e+00
    outer loop
      vertex -1.618034e+01 1.175571e+01 7.500000e+01
      vertex -1.648252e+01 1.132812e+01 7.500000e+01
      vertex -2.060315e+01 1.416016e+01 7.500000e+01
    endloop
  endfacet
  facet normal 0.000000e+00 0.000000e+00 -1.000000e+00
    outer loop
      vertex -1.618034e+01 1.175571e+01 7.500000e+01
      vertex -2.060315e+01 1.416016e+01 7.500000e+01
      vertex -2.022542e+01 1.469463e+01 7.500000e+01
    endloop
  endfacet
  facet normal -0.000000e+00 0.000000e+00 -1.000000e+00
    outer loop
      vertex -1.648252e+01 1.132812e+01 7.500000e+01
      vertex -1.677341e+01 1.089278e+01 7.500000e+01
      vertex -2.096676e+01 1.361598e+01 7.500000e+01
    endloop
  endfacet
  facet normal 0.000000e+00 0.000000e+00 -1.000000e+00
    outer loop
      vertex -1.648252e+01 1.132812e+01 7.500000e+01
      vertex -2.096676e+01 1.361598e+01 7.500000e+01
      vertex -2.060315e+01 1.416016e+01 7.500000e+01
    endloop
  endfacet
  facet normal -0.000000e+00 0.000000e+00 -1.000000e+00
    outer loop
      vertex -1.677341e+01 1.089278e+01 7.500000e+01
      vertex -1.705280e+01 1.044997e+01 7.500000e+01
      vertex -2.131600e+01 1.306246e+01 7.500000e+01
    endloop
  endfacet
  facet normal 0.000000e+00 0.000000e+00 -1.000000e+00
    outer loop
      vertex -1.677341e+01 1.089278e+01 7.500000e+01
      vertex -2.131600e+01 1.306246e+01 7.500000e+01
      vertex -2.096676e+01 1.361598e+01 7.500000e+01
    endloop
  endfacet
  facet normal -0.000000e+00 0.000000e+00 -1.000000e+00
    outer loop
      vertex -1.705280e+01 1.044997e+01 7.500000e+01
      vertex -1.732051e+01 1.000000e+01 7.500000e+01
      vertex -2.165064e+01 1.250000e+01 7.500000e+01
    endloop
  endfacet
  facet normal 0.000000e+00 0.000000e+00 -1.000000e+00
    outer loop
      vertex -1.705280e+01 1.044997e+01 7.500000e+01
      vertex -2.165064e+01 1.250000e+01 7.500000e+01
      vertex -2.131600e+01 1.306246e+01 7.500000e+01
    endloop
  endfacet
  facet normal -0.000000e+00 0.000000e+00 -1.000000e+00
    outer loop
      vertex -1.732051e+01 1.000000e+01 7.500000e+01
      vertex -1.757634e+01 9.543175e+00 7.500000e+01
      vertex -2.197043e+01 1.192897e+01 7.500000e+01
    endloop
  endfacet
  facet normal 0.000000e+00 0.000000e+00 -1.000000e+00
    outer loop
      vertex -1.732051e+01 1.000000e+01 7.500000e+01
      vertex -2.197043e+01 1.192897e+01 7.500000e+01
      vertex -2.165064e+01 1.250000e+01 7.500000e+01
    endloop
  endfacet
  facet normal -0.000000e+00 0.000000e+00 -1.000000e+00
    outer loop
      vertex -1.757634e+01 9.543175e+00 7.500000e+01
      vertex -1.782013e+01 9.079810e+00 7.500000e+01
      vertex -2.227516e+01 1.134976e+01 7.500000e+01
    endloop
  endfacet
  facet normal 0.000000e+00 0.000000e+00 -1.000000e+00
    outer loop
      vertex -1.757634e+01 9.543175e+00 7.500000e+01
      vertex -2.227516e+01 1.134976e+01 7.500000e+01
      vertex -2.197043e+01 1.192897e+01 7.500000e+01
    endloop
  endfacet
  facet normal -0.000000e+00 0.000000e+00 -1.000000e+00
    outer loop
      vertex -1.782013e+01 9.079810e+00 7.500000e+01
      vertex -1.805171e+01 8.610222e+00 7.500000e+01
      vertex -2.256463e+01 1.076278e+01 7.500000e+01
    endloop
  endfacet
  facet normal 0.000000e+00 0.000000e+00 -1.000000e+00
    outer loop
      vertex -1.782013e+01 9.079810e+00 7.500000e+01
      vertex -2.256463e+01 1.076278e+01 7.500000e+01
      vertex -2.227516e+01 1.134976e+01 7.500000e+01
    endloop
  endfacet
  facet normal -0.000000e+00 0.000000e+00 -1.000000e+00
    outer loop
      vertex -1.805171e+01 8.610222e+00 7.500000e+01
      vertex -1.827091e+01 8.134733e+00 7.500000e+01
      vertex -2.283864e+01 1.016842e+01 7.500000e+01
    endloop
  endfacet
  facet normal 0.000000e+00 0.000000e+00 -1.000000e+00
    outer loop
      vertex -1.805171e+01 8.610222e+00 7.500000e+01
      vertex -2.283864e+01 1.016842e+01 7.500000e+01
      vertex -2.256463e+01 1.076278e+01 7.500000e+01
    endloop
  endfacet
  facet normal -0.000000e+00 0.000000e+00 -1.000000e+00
    outer loop
      vertex -1.827091e+01 8.134733e+00 7.500000e+01
      vertex -1.847759e+01 7.653669e+00 7.500000e+01
      vertex -2.309699e+01 9.567086e+00 7.500000e+01
    endloop
  endfacet
  facet normal 0.000000e+00 0.000000e+00 -1.000000e+00
    outer loop
      vertex -1.827091e+01 8.134733e+00 7.500000e+01
      vertex -2.309699e+01 9.567086e+00 7.500000e+01
      vertex -2.283864e+01 1.016842e+01 7.500000e+01
    endloop
  endfacet
  facet normal -0.000000e+00 0.000000e+00 -1.000000e+00
    outer loop
      vertex -1.847759e+01 7.653669e+00 7.500000e+01
      vertex -1.867161e+01 7.167359e+00 7.500000e+01
      vertex -2.333951e+01 8.959199e+00 7.500000e+01
    endloop
  endfacet
  facet normal 0.000000e+00 0.000000e+00 -1.000000e+00
    outer loop
      vertex -1.847759e+01 7.653669e+00 7.500000e+01
      vertex -2.333951e+01 8.959199e+00 7.500000e+01
      vertex -2.309699e+01 9.567086e+00 7.500000e+01
    endloop
  endfacet
  facet normal -0.000000e+00 0.000000e+00 -1.000000e+00
    outer loop
      vertex -1.867161e+01 7.167359e+00 7.500000e+01
      vertex -1.885283e+01 6.676137e+00 7.500000e+01
      vertex -2.356604e+01 8.345171e+00 7.500000e+01
    endloop
  endfacet
  facet normal 0.000000e+00 0.000000e+00 -1.000000e+00
    outer loop
      vertex -1.867161e+01 7.167359e+00 7.500000e+01
      vertex -2.356604e+01 8.345171e+00 7.500000e+01
      vertex -2.333951e+01 8.959199e+00 7.500000e+01
    endloop
  endfacet
  facet normal -0.000000e+00 0.000000e+00 -1.000000e+00
    outer loop
      vertex -1.885283e+01 6.676137e+00 7.500000e+01
      vertex -1.902113e+01 6.180340e+00 7.500000e+01
      vertex -2.377641e+01 7.725425e+00 7.500000e+01
    endloop
  endfacet
  facet normal 0.000000e+00 0.000000e+00 -1.000000e+00
    outer loop
      vertex -1.885283e+01 6.676137e+00 7.500000e+01
      vertex -2.377641e+01 7.725425e+00 7.500000e+01
      vertex -2.356604e+01 8.345171e+00 7.500000e+01
    endloop
  endfacet
  facet normal -0.000000e+00 0.000000e+00 -1.000000e+00
    outer loop
      vertex -1.902113e+01 6.180340e+00 7.500000e+01
      vertex -1.917639e+01 5.680307e+00 7.500000e+01
      vertex -2.397049e+01 7.100384e+00 7.500000e+01
    endloop
  endfacet
  facet normal 0.000000e+00 0.000000e+00 -1.000000e+00
    outer loop
      vertex -1.902113e+01 6.180340e+00 7.500000e+01
      vertex -2.397049e+01 7.100384e+00 7.500000e+01
      vertex -2.377641e+01 7.725425e+00 7.500000e+01
    endloop
  endfacet
  facet normal -0.000000e+00 0.000000e+00 -1.000000e+00
    outer loop
      vertex -1.917639e+01 5.680307e+00 7.500000e+01
      vertex -1.931852e+01 5.176381e+00 7.500000e+01
      vertex -2.414815e+01 6.470476e+00 7.500000e+01
    endloop
  endfacet
  facet normal 0.000000e+00 0.000000e+00 -1.000000e+00
    outer loop
      vertex -1.917639e+01 5.680307e+00 7.500000e+01
      vertex -2.414815e+01 6.470476e+00 7.500000e+01
      vertex -2.397049e+01 7.100384e+00 7.500000e+01
    endloop
  endfacet
  facet normal -0.000000e+00 0.000000e+00 -1.000000e+00
    outer loop
      vertex -1.931852e+01 5.176381e+00 7.500000e+01
      vertex -1.944740e+01 4.668907e+00 7.500000e+01
      vertex -2.430925e+01 5.836134e+00 7.500000e+01
    endloop
  endfacet
  facet normal 0.000000e+00 0.000000e+00 -1.000000e+00
    outer loop
      vertex -1.931852e+01 5.176381e+00 7.500000e+01
      vertex -2.430925e+01 5.836134e+00 7.500000e+01
      vertex -2.414815e+01 6.470476e+00 7.500000e+01
    endloop
  endfacet
  facet normal -0.000000e+00 0.000000e+00 -1.000000e+00
    outer loop
      vertex -1.944740e+01 4.668907e+00 7.500000e+01
      vertex -1.956295e+01 4.158234e+00 7.500000e+01
      vertex -2.445369e+01 5.197792e+00 7.500000e+01
    endloop
  endfacet
  facet normal 0.000000e+00 0.000000e+00 -1.000000e+00
    outer loop
      vertex -1.944740e+01 4.668907e+00 7.500000e+01
      vertex -2.445369e+01 5.197792e+00 7.500000e+01
      vertex -2.430925e+01 5.836134e+00 7.500000e+01
    endloop
  endfacet
  facet normal -0.000000e+00 0.000000e+00 -1.000000e+00
    outer loop
      vertex -1.956295e+01 4.158234e+00 7.500000e+01
      vertex -1.966510e+01 3.644711e+00 7.500000e+01
      vertex -2.458137e+01 4.555888e+00 7.500000e+01
    endloop
  endfacet
  facet normal 0.000000e+00 0.000000e+00 -1.000000e+00
    outer loop
      vertex -1.956295e+01 4.158234e+00 7.500000e+01
      vertex -2.458137e+01 4.555888e+00 7.500000e+01
      vertex -2.445369e+01 5.197792e+00 7.500000e+01
    endloop
  endfacet
  facet normal -0.000000e+00 0.000000e+00 -1.000000e+00
    outer loop
      vertex -1.966510e+01 3.644711e+00 7.500000e+01
      vertex -1.975377e+01 3.128689e+00 7.500000e+01
      vertex -2.469221e+01 3.910862e+00 7.500000e+01
    endloop
  endfacet
  facet normal 0.000000e+00 0.000000e+00 -1.000000e+00
    outer loop
      vertex -1.966510e+01 3.644711e+00 7.500000e+01
      vertex -2.469221e+01 3.910862e+00 7.500000e+01
      vertex -2.458137e+01 4.555888e+00 7.500000e+01
    endloop
  endfacet
  facet normal -0.000000e+00 0.000000e+00 -1.000000e+00
    outer loop
      vertex -1.975377e+01 3.128689e+00 7.500000e+01
      vertex -1.982890e+01 2.610524e+00 7.500000e+01
      vertex -2.478612e+01 3.263155e+00 7.500000e+01
    endloop
  endfacet
  facet normal 0.000000e+00 0.000000e+00 -1.000000e+00
    outer loop
      vertex -1.975377e+01 3.128689e+00 7.500000e+01
      vertex -2.478612e+01 3.263155e+00 7.500000e+01
      vertex -2.469221e+01 3.910862e+00 7.500000e+01
    endloop
  endfacet
  facet normal -0.000000e+00 0.000000e+00 -1.000000e+00
    outer loop
      vertex -1.982890e+01 2.610524e+00 7.500000e+01
      vertex -1.989044e+01 2.090569e+00 7.500000e+01
      vertex -2.486305e+01 2.613212e+00 7.500000e+01
    endloop
  endfacet
  facet normal 0.000000e+00 0.000000e+00 -1.000000e+00
    outer loop
      vertex -1.982890e+01 2.610524e+00 7.500000e+01
      vertex -2.486305e+01 2.613212e+00 7.500000e+01
      vertex -2.478612e+01 3.263155e+00 7.500000e+01
    endloop
  endfacet
  facet normal 0.000000e+00 0.000000e+00 -1.000000e+00
    outer loop
      vertex -1.989044e+01 2.090569e+00 7.500000e+01
      vertex -1.993835e+01 1.569182e+00 7.500000e+01
      vertex -2.492293e+01 1.961477e+00 7.500000e+01
    endloop
  endfacet
  facet normal -0.000000e+00 0.000000e+00 -1.000000e+00
    outer loop
      vertex -1.989044e+01 2.090569e+00 7.500000e+01
      vertex -2.492293e+01 1.961477e+00 7.500000e+01
      vertex -2.486305e+01 2.613212e+00 7.500000e+01
    endloop
  endfacet
  facet normal 0.000000e+00 0.000000e+00 -1.000000e+00
    outer loop
      vertex -1.993835e+01 1.569182e+00 7.500000e+01
      vertex -1.997259e+01 1.046719e+00 7.500000e+01
      vertex -2.496574e+01 1.308399e+00 7.500000e+01
    endloop
  endfacet
  facet normal -0.000000e+00 0.000000e+00 -1.000000e+00
    outer loop
      vertex -1.993835e+01 1.569182e+00 7.500000e+01
      vertex -2.496574e+01 1.308399e+00 7.500000e+01
      vertex -2.492293e+01 1.961477e+00 7.500000e+01
    endloop
  endfacet
  facet normal 0.000000e+00 0.000000e+00 -1.000000e+00
    outer loop
      vertex -1.997259e+01 1.046719e+00 7.500000e+01
      vertex -1.999315e+01 5.235390e-01 7.500000e+01
      vertex -2.499143e+01 6.544237e-01 7.500000e+01
    endloop
  endfacet
  facet normal -0.000000e+00 0.000000e+00 -1.000000e+00
    outer loop
      vertex -1.997259e+01 1.046719e+00 7.500000e+01
      vertex -2.499143e+01 6.544237e-01 7.500000e+01
      vertex -2.496574e+01 1.308399e+00 7.500000e+01
    endloop
  endfacet
  facet normal 0.000000e+00 0.000000e+00 -1.000000e+00
    outer loop
      vertex -1.999315e+01 5.235390e-01 7.500000e+01
      vertex -2.000000e+01 2.449294e-15 7.500000e+01
      vertex -2.500000e+01 3.061617e-15 7.500000e+01
    endloop
  endfacet
  facet normal -0.000000e+00 0.000000e+00 -1.000000e+00
    outer loop
      vertex -1.999315e+01 5.235390e-01 7.500000e+01
      vertex -2.500000e+01 3.061617e-15 7.500000e+01
      vertex -2.499143e+01 6.544237e-01 7.500000e+01
    endloop
  endfacet
  facet normal 0.000000e+00 -0.000000e+00 -1.000000e+00
    outer loop
      vertex -2.000000e+01 2.449294e-15 7.500000e+01
      vertex -1.999315e+01 -5.235390e-01 7.500000e+01
      vertex -2.499143e+01 -6.544237e-01 7.500000e+01
    endloop
  endfacet
  facet normal -0.000000e+00 0.000000e+00 -1.000000e+00
    outer loop
      vertex -2.000000e+01 2.449294e-15 7.500000e+01
      vertex -2.499143e+01 -6.544237e-01 7.500000e+01
      vertex -2.500000e+01 3.061617e-15 7.500000e+01
    endloop
  endfacet
  facet normal 0.000000e+00 -0.000000e+00 -1.000000e+00
    outer loop
      vertex -1.999315e+01 -5.235390e-01 7.500000e+01
      vertex -1.997259e+01 -1.046719e+00 7.500000e+01
      vertex -2.496574e+01 -1.308399e+00 7.500000e+01
    endloop
  endfacet
  facet normal 0.000000e+00 0.000000e+00 -1.000000e+00
    outer loop
      vertex -1.999315e+01 -5.235390e-01 7.500000e+01
      vertex -2.496574e+01 -1.308399e+00 7.500000e+01
      vertex -2.499143e+01 -6.544237e-01 7.500000e+01
    endloop
  endfacet
  facet normal 0.000000e+00 -0.000000e+00 -1.000000e+00
    outer loop
      vertex -1.997259e+01 -1.046719e+00 7.500000e+01
      vertex -1.993835e+01 -1.569182e+00 7.500000e+01
      vertex -2.492293e+01 -1.961477e+00 7.500000e+01
    endloop
  endfacet
  facet normal 0.000000e+00 0.000000e+00 -1.000000e+00
    outer loop
      vertex -1.997259e+01 -1.046719e+00 7.500000e+01
      vertex -2.492293e+01 -1.961477e+00 7.500000e+01
      vertex -2.496574e+01 -1.308399e+00 7.500000e+01
    endloop
  endfacet
  facet normal 0.000000e+00 -0.000000e+00 -1.000000e+00
    outer loop
      vertex -1.993835e+01 -1.569182e+00 7.500000e+01
      vertex -1.989044e+01 -2.090569e+00 7.500000e+01
      vertex -2.486305e+01 -2.613212e+00 7.500000e+01
    endloop
  endfacet
  facet normal 0.000000e+00 0.000000e+00 -1.000000e+00
    outer loop
      vertex -1.993835e+01 -1.569182e+00 7.500000e+01
      vertex -2.486305e+01 -2.613212e+00 7.500000e+01
      vertex -2.492293e+01 -1.961477e+00 7.500000e+01
    endloop
  endfacet
  facet normal 0.000000e+00 -0.000000e+00 -1.000000e+00
    outer loop
      vertex -1.989044e+01 -2.090569e+00 7.500000e+01
      vertex -1.982890e+01 -2.610524e+00 7.500000e+01
      vertex -2.478612e+01 -3.263155e+00 7.500000e+01
    endloop
  endfacet
  facet normal 0.000000e+00 0.000000e+00 -1.000000e+00
    outer loop
      vertex -1.989044e+01 -2.090569e+00 7.500000e+01
      vertex -2.478612e+01 -3.263155e+00 7.500000e+01
      vertex -2.486305e+01 -2.613212e+00 7.500000e+01
    endloop
  endfacet
  facet normal 0.000000e+00 -0.000000e+00 -1.000000e+00
    outer loop
      vertex -1.982890e+01 -2.610524e+00 7.500000e+01
      vertex -1.975377e+01 -3.128689e+00 7.500000e+01
      vertex -2.469221e+01 -3.910862e+00 7.500000e+01
    endloop
  endfacet
  facet normal 0.000000e+00 0.000000e+00 -1.000000e+00
    outer loop
      vertex -1.982890e+01 -2.610524e+00 7.500000e+01
      vertex -2.469221e+01 -3.910862e+00 7.500000e+01
      vertex -2.478612e+01 -3.263155e+00 7.500000e+01
    endloop
  endfacet
  facet normal 0.000000e+00 -0.000000e+00 -1.000000e+00
    outer loop
      vertex -1.975377e+01 -3.128689e+00 7.500000e+01
      vertex -1.966510e+01 -3.644711e+00 7.500000e+01
      vertex -2.458137e+01 -4.555888e+00 7.500000e+01
    endloop
  endfacet
  facet normal 0.000000e+00 0.000000e+00 -1.000000e+00
    outer loop
      vertex -1.975377e+01 -3.128689e+00 7.500000e+01
      vertex -2.458137e+01 -4.555888e+00 7.500000e+01
      vertex -2.469221e+01 -3.910862e+00 7.500000e+01
    endloop
  endfacet
  facet normal 0.000000e+00 -0.000000e+00 -1.000000e+00
    outer loop
      vertex -1.966510e+01 -3.644711e+00 7.500000e+01
      vertex -1.956295e+01 -4.158234e+00 7.500000e+01
      vertex -2.445369e+01 -5.197792e+00 7.500000e+01
    endloop
  endfacet
  facet normal 0.000000e+00 0.000000e+00 -1.000000e+00
    outer loop
      vertex -1.966510e+01 -3.644711e+00 7.500000e+01
      vertex -2.445369e+01 -5.197792e+00 7.500000e+01
      vertex -2.458137e+01 -4.555888e+00 7.500000e+01
    endloop
  endfacet
  facet normal 0.000000e+00 -0.000000e+00 -1.000000e+00
    outer loop
      vertex -1.956295e+01 -4.158234e+00 7.500000e+01
      vertex -1.944740e+01 -4.668907e+00 7.500000e+01
      vertex -2.430925e+01 -5.836134e+00 7.500000e+01
    endloop
  endfacet
  facet normal 0.000000e+00 0.000000e+00 -1.000000e+00
    outer loop
      vertex -1.956295e+01 -4.158234e+00 7.500000e+01
      vertex -2.430925e+01 -5.836134e+00 7.500000e+01
      vertex -2.445369e+01 -5.197792e+00 7.500000e+01
    endloop
  endfacet
  facet normal 0.000000e+00 -0.000000e+00 -1.000000e+00
    outer loop
      vertex -1.944740e+01 -4.668907e+00 7.500000e+01
      vertex -1.931852e+01 -5.176381e+00 7.500000e+01
      vertex -2.414815e+01 -6.470476e+00 7.500000e+01
    endloop
  endfacet
  facet normal 0.000000e+00 0.000000e+00 -1.000000e+00
    outer loop
      vertex -1.944740e+01 -4.668907e+00 7.500000e+01
      vertex -2.414815e+01 -6.470476e+00 7.500000e+01
      vertex -2.430925e+01 -5.836134e+00 7.500000e+01
    endloop
  endfacet
  facet normal 0.000000e+00 -0.000000e+00 -1.000000e+00
    outer loop
      vertex -1.931852e+01 -5.176381e+00 7.500000e+01
      vertex -1.917639e+01 -5.680307e+00 7.500000e+01
      vertex -2.397049e+01 -7.100384e+00 7.500000e+01
    endloop
  endfacet
  facet normal 0.000000e+00 0.000000e+00 -1.000000e+00
    outer loop
      vertex -1.931852e+01 -5.176381e+00 7.500000e+01
      vertex -2.397049e+01 -7.100384e+00 7.500000e+01
      vertex -2.414815e+01 -6.470476e+00 7.500000e+01
    endloop
  endfacet
  facet normal 0.000000e+00 -0.000000e+00 -1.000000e+00
    outer loop
      vertex -1.917639e+01 -5.680307e+00 7.500000e+01
      vertex -1.902113e+01 -6.180340e+00 7.500000e+01
      vertex -2.377641e+01 -7.725425e+00 7.500000e+01
    endloop
  endfacet
  facet normal 0.000000e+00 0.000000e+00 -1.000000e+00
    outer loop
      vertex -1.917639e+01 -5.680307e+00 7.500000e+01
      vertex -2.377641e+01 -7.725425e+00 7.500000e+01
      vertex -2.397049e+01 -7.100384e+00 7.500000e+01
    endloop
  endfacet
  facet normal 0.000000e+00 -0.000000e+00 -1.000000e+00
    outer loop
      vertex -1.902113e+01 -6.180340e+00 7.500000e+01
      vertex -1.885283e+01 -6.676137e+00 7.500000e+01
      vertex -2.356604e+01 -8.345171e+00 7.500000e+01
    endloop
  endfacet
  facet normal 0.000000e+00 0.000000e+00 -1.000000e+00
    outer loop
      vertex -1.902113e+01 -6.180340e+00 7.500000e+01
      vertex -2.356604e+01 -8.345171e+00 7.500000e+01
      vertex -2.377641e+01 -7.725425e+00 7.500000e+01
    endloop
  endfacet
  facet normal 0.000000e+00 -0.000000e+00 -1.000000e+00
    outer loop
      vertex -1.885283e+01 -6.676137e+00 7.500000e+01
      vertex -1.867161e+01 -7.167359e+00 7.500000e+01
      vertex -2.333951e+01 -8.959199e+00 7.500000e+01
    endloop
  endfacet
  facet normal 0.000000e+00 0.000000e+00 -1.000000e+00
    outer loop
      vertex -1.885283e+01 -6.676137e+00 7.500000e+01
      vertex -2.333951e+01 -8.959199e+00 7.500000e+01
      vertex -2.356604e+01 -8.345171e+00 7.500000e+01
    endloop
  endfacet
  facet normal 0.000000e+00 -0.000000e+00 -1.000000e+00
    outer loop
      vertex -1.867161e+01 -7.167359e+00 7.500000e+01
      vertex -1.847759e+01 -7.653669e+00 7.500000e+01
      vertex -2.309699e+01 -9.567086e+00 7.500000e+01
    endloop
  endfacet
  facet normal 0.000000e+00 0.000000e+00 -1.000000e+00
    outer loop
      vertex -1.867161e+01 -7.167359e+00 7.500000e+01
      vertex -2.309699e+01 -9.567086e+00 7.500000e+01
      vertex -2.333951e+01 -8.959199e+00 7.500000e+01
    endloop
  endfacet
  facet normal 0.000000e+00 -0.000000e+00 -1.000000e+00
    outer loop
      vertex -1.847759e+01 -7.653669e+00 7.500000e+01
      vertex -1.827091e+01 -8.134733e+00 7.500000e+01
      vertex -2.283864e+01 -1.016842e+01 7.500000e+01
    endloop
  endfacet
  facet normal 0.000000e+00 0.000000e+00 -1.000000e+00
    outer loop
      vertex -1.847759e+01 -7.653669e+00 7.500000e+01
      vertex -2.283864e+01 -1.016842e+01 7.500000e+01
      vertex -2.309699e+01 -9.567086e+00 7.500000e+01
    endloop
  endfacet
  facet normal 0.000000e+00 -0.000000e+00 -1.000000e+00
    outer loop
      vertex -1.827091e+01 -8.134733e+00 7.500000e+01
      vertex -1.805171e+01 -8.610222e+00 7.500000e+01
      vertex -2.256463e+01 -1.076278e+01 7.500000e+01
    endloop
  endfacet
  facet normal 0.000000e+00 0.000000e+00 -1.000000e+00
    outer loop
      vertex -1.827091e+01 -8.134733e+00 7.500000e+01
      vertex -2.256463e+01 -1.076278e+01 7.500000e+01
      vertex -2.283864e+01 -1.016842e+01 7.500000e+01
    endloop
  endfacet
  facet normal 0.000000e+00 -0.000000e+00 -1.000000e+00
    outer loop
      vertex -1.805171e+01 -8.610222e+00 7.500000e+01
      vertex -1.782013e+01 -9.079810e+00 7.500000e+01
      vertex -2.227516e+01 -1.134976e+01 7.500000e+01
    endloop
  endfacet
  facet normal 0.000000e+00 0.000000e+00 -1.000000e+00
    outer loop
      vertex -1.805171e+01 -8.610222e+00 7.500000e+01
      vertex -2.227516e+01 -1.134976e+01 7.500000e+01
      vertex -2.256463e+01 -1.076278e+01 7.500000e+01
    endloop
  endfacet
  facet normal 0.000000e+00 -0.000000e+00 -1.000000e+00
    outer loop
      vertex -1.782013e+01 -9.079810e+00 7.500000e+01
      vertex -1.757634e+01 -9.543175e+00 7.500000e+01
      vertex -2.197043e+01 -1.192897e+01 7.500000e+01
    endloop
  endfacet
  facet normal 0.000000e+00 0.000000e+00 -1.000000e+00
    outer loop
      vertex -1.782013e+01 -9.079810e+00 7.500000e+01
      vertex -2.197043e+01 -1.192897e+01 7.500000e+01
      vertex -2.227516e+01 -1.134976e+01 7.500000e+01
    endloop
  endfacet
  facet normal 0.000000e+00 -0.000000e+00 -1.000000e+00
    outer loop
      vertex -1.757634e+01 -9.543175e+00 7.500000e+01
      vertex -1.732051e+01 -1.000000e+01 7.500000e+01
      vertex -2.165064e+01 -1.250000e+01 7.500000e+01
    endloop
  endfacet
  facet normal 0.000000e+00 0.000000e+00 -1.000000e+00
    outer loop
      vertex -1.757634e+01 -9.543175e+00 7.500000e+01
      vertex -2.165064e+01 -1.250000e+01 7.500000e+01
      vertex -2.197043e+01 -1.192897e+01 7.500000e+01
    endloop
  endfacet
  facet normal 0.000000e+00 -0.000000e+00 -1.000000e+00
    outer loop
      vertex -1.732051e+01 -1.000000e+01 7.500000e+01
      vertex -1.705280e+01 -1.044997e+01 7.500000e+01
      vertex -2.131600e+01 -1.306246e+01 7.500000e+01
    endloop
  endfacet
  facet normal 0.000000e+00 0.000000e+00 -1.000000e+00
    outer loop
      vertex -1.732051e+01 -1.000000e+01 7.500000e+01
      vertex -2.131600e+01 -1.306246e+01 7.500000e+01
      vertex -2.165064e+01 -1.250000e+01 7.500000e+01
    endloop
  endfacet
  facet normal 0.000000e+00 -0.000000e+00 -1.000000e+00
    outer loop
      vertex -1.705280e+01 -1.044997e+01 7.500000e+01
      vertex -1.677341e+01 -1.089278e+01 7.500000e+01
      vertex -2.096676e+01 -1.361598e+01 7.500000e+01
    endloop
  endfacet
  facet normal 0.000000e+00 0.000000e+00 -1.000000e+00
    outer loop
      vertex -1.705280e+01 -1.044997e+01 7.500000e+01
      vertex -2.096676e+01 -1.361598e+01 7.500000e+01
      vertex -2.131600e+01 -1.306246e+01 7.500000e+01
    endloop
  endfacet
  facet normal 0.000000e+00 -0.000000e+00 -1.000000e+00
    outer loop
      vertex -1.677341e+01 -1.089278e+01 7.500000e+01
      vertex -1.648252e+01 -1.132812e+01 7.500000e+01
      vertex -2.060315e+01 -1.416016e+01 7.500000e+01
    endloop
  endfacet
  facet normal 0.000000e+00 0.000000e+00 -1.000000e+00
    outer loop
      vertex -1.677341e+01 -1.089278e+01 7.500000e+01
      vertex -2.060315e+01 -1.416016e+01 7.500000e+01
      vertex -2.096676e+01 -1.361598e+01 7.500000e+01
    endloop
  endfacet
  facet normal 0.000000e+00 -0.000000e+00 -1.000000e+00
    outer loop
      vertex -1.648252e+01 -1.132812e+01 7.500000e+01
      vertex -1.618034e+01 -1.175571e+01 7.500000e+01
      vertex -2.022542e+01 -1.469463e+01 7.500000e+01
    endloop
  endfacet
  facet normal 0.000000e+00 0.000000e+00 -1.000000e+00
    outer loop
      vertex -1.648252e+01 -1.132812e+01 7.500000e+01
      vertex -2.022542e+01 -1.469463e+01 7.500000e+01
      vertex -2.060315e+01 -1.416016e+01 7.500000e+01
    endloop
  endfacet
  facet normal 0.000000e+00 -0.000000e+00 -1.000000e+00
    outer loop
      vertex -1.618034e+01 -1.175571e+01 7.500000e+01
      vertex -1.586707e+01 -1.217523e+01 7.500000e+01
      vertex -1.983383e+01 -1.521904e+01 7.500000e+01
    endloop
  endfacet
  facet normal 0.000000e+00 0.000000e+00 -1.000000e+00
    outer loop
      vertex -1.618034e+01 -1.175571e+01 7.500000e+01
      vertex -1.983383e+01 -1.521904e+01 7.500000e+01
      vertex -2.022542e+01 -1.469463e+01 7.500000e+01
    endloop
  endfacet
  facet normal 0.000000e+00 -0.000000e+00 -1.000000e+00
    outer loop
      vertex -1.586707e+01 -1.217523e+01 7.500000e+01
      vertex -1.554292e+01 -1.258641e+01 7.500000e+01
      vertex -1.942865e+01 -1.573301e+01 7.500000e+01
    endloop
  endfacet
  facet normal 0.000000e+00 0.000000e+00 -1.000000e+00
    outer loop
      vertex -1.586707e+01 -1.217523e+01 7.500000e+01
      vertex -1.942865e+01 -1.573301e+01 7.500000e+01
      vertex -1.983383e+01 -1.521904e+01 7.500000e+01
    endloop
  endfacet
  facet normal 0.000000e+00 -0.000000e+00 -1.000000e+00
    outer loop
      vertex -1.554292e+01 -1.258641e+01 7.500000e+01
      vertex -1.520812e+01 -1.298896e+01 7.500000e+01
      vertex -1.901015e+01 -1.623620e+01 7.500000e+01
    endloop
  endfacet
  facet normal 0.000000e+00 0.000000e+00 -1.000000e+00
    outer loop
      vertex -1.554292e+01 -1.258641e+01 7.500000e+01
      vertex -1.901015e+01 -1.623620e+01 7.500000e+01
      vertex -1.942865e+01 -1.573301e+01 7.500000e+01
    endloop
  endfacet
  facet normal 0.000000e+00 -0.000000e+00 -1.000000e+00
    outer loop
      vertex -1.520812e+01 -1.298896e+01 7.500000e+01
      vertex -1.486290e+01 -1.338261e+01 7.500000e+01
      vertex -1.857862e+01 -1.672827e+01 7.500000e+01
    endloop
  endfacet
  facet normal 0.000000e+00 0.000000e+00 -1.000000e+00
    outer loop
      vertex -1.520812e+01 -1.298896e+01 7.500000e+01
      vertex -1.857862e+01 -1.672827e+01 7.500000e+01
      vertex -1.901015e+01 -1.623620e+01 7.500000e+01
    endloop
  endfacet
  facet normal 0.000000e+00 -0.000000e+00 -1.000000e+00
    outer loop
      vertex -1.486290e+01 -1.338261e+01 7.500000e+01
      vertex -1.450749e+01 -1.376709e+01 7.500000e+01
      vertex -1.813436e+01 -1.720886e+01 7.500000e+01
    endloop
  endfacet
  facet normal 0.000000e+00 0.000000e+00 -1.000000e+00
    outer loop
      vertex -1.486290e+01 -1.338261e+01 7.500000e+01
      vertex -1.813436e+01 -1.720886e+01 7.500000e+01
      vertex -1.857862e+01 -1.672827e+01 7.500000e+01
    endloop
  endfacet
  facet normal 0.000000e+00 -0.000000e+00 -1.000000e+00
    outer loop
      vertex -1.450749e+01 -1.376709e+01 7.500000e+01
      vertex -1.414214e+01 -1.414214e+01 7.500000e+01
      vertex -1.767767e+01 -1.767767e+01 7.500000e+01
    endloop
  endfacet
  facet normal 0.000000e+00 0.000000e+00 -1.000000e+00
    outer loop
      vertex -1.450749e+01 -1.376709e+01 7.500000e+01
      vertex -1.767767e+01 -1.767767e+01 7.500000e+01
      vertex -1.813436e+01 -1.720886e+01 7.500000e+01
    endloop
  endfacet
  facet normal 0.000000e+00 -0.000000e+00 -1.000000e+00
    outer loop
      vertex -1.414214e+01 -1.414214e+01 7.500000e+01
      vertex -1.376709e+01 -1.450749e+01 7.500000e+01
      vertex -1.720886e+01 -1.813436e+01 7.500000e+01
    endloop
  endfacet
  facet normal 0.000000e+00 0.000000e+00 -1.000000e+00
    outer loop
      vertex -1.414214e+01 -1.414214e+01 7.500000e+01
      vertex -1.720886e+01 -1.813436e+01 7.500000e+01
      vertex -1.767767e+01 -1.767767e+01 7.500000e+01
    endloop
  endfacet
  facet normal 0.000000e+00 -0.000000e+00 -1.000000e+00
    outer loop
      vertex -1.376709e+01 -1.450749e+01 7.500000e+01
      vertex -1.338261e+01 -1.486290e+01 7.500000e+01
      vertex -1.672827e+01 -1.857862e+01 7.500000e+01
    endloop
  endfacet
  facet normal 0.000000e+00 0.000000e+00 -1.000000e+00
    outer loop
      vertex -1.376709e+01 -1.450749e+01 7.500000e+01
      vertex -1.672827e+01 -1.857862e+01 7.500000e+01
      vertex -1.720886e+01 -1.813436e+01 7.500000e+01
    endloop
  endfacet
  facet normal 0.000000e+00 -0.000000e+00 -1.000000e+00
    outer loop
      vertex -1.338261e+01 -1.486290e+01 7.500000e+01
      vertex -1.298896e+01 -1.520812e+01 7.500000e+01
      vertex -1.623620e+01 -1.901015e+01 7.500000e+01
    endloop
  endfacet
  facet normal 0.000000e+00 0.000000e+00 -1.000000e+00
    outer loop
      vertex -1.338261e+01 -1.486290e+01 7.500000e+01
      vertex -1.623620e+01 -1.901015e+01 7.500000e+01
      vertex -1.672827e+01 -1.857862e+01 7.500000e+01
    endloop
  endfacet
  facet normal 0.000000e+00 -0.000000e+00 -1.000000e+00
    outer loop
      vertex -1.298896e+01 -1.520812e+01 7.500000e+01
      vertex -1.258641e+01 -1.554292e+01 7.500000e+01
      vertex -1.573301e+01 -1.942865e+01 7.500000e+01
    endloop
  endfacet
  facet normal 0.000000e+00 0.000000e+00 -1.000000e+00
    outer loop
      vertex -1.298896e+01 -1.520812e+01 7.500000e+01
      vertex -1.573301e+01 -1.942865e+01 7.500000e+01
      vertex -1.623620e+01 -1.901015e+01 7.500000e+01
    endloop
  endfacet
  facet normal 0.000000e+00 -0.000000e+00 -1.000000e+00
    outer loop
      vertex -1.258641e+01 -1.554292e+01 7.500000e+01
      vertex -1.217523e+01 -1.586707e+01 7.500000e+01
      vertex -1.521904e+01 -1.983383e+01 7.500000e+01
    endloop
  endfacet
  facet normal 0.000000e+00 0.000000e+00 -1.000000e+00
    outer loop
      vertex -1.258641e+01 -1.554292e+01 7.500000e+01
      vertex -1.521904e+01 -1.983383e+01 7.500000e+01
      vertex -1.573301e+01 -1.942865e+01 7.500000e+01
    endloop
  endfacet
  facet normal 0.000000e+00 -0.000000e+00 -1.000000e+00
    outer loop
      vertex -1.217523e+01 -1.586707e+01 7.500000e+01
      vertex -1.175571e+01 -1.618034e+01 7.500000e+01
      vertex -1.469463e+01 -2.022542e+01 7.500000e+01
    endloop
  endfacet
  facet normal 0.000000e+00 0.000000e+00 -1.000000e+00
    outer loop
      vertex -1.217523e+01 -1.586707e+01 7.500000e+01
      vertex -1.469463e+01 -2.022542e+01 7.500000e+01
      vertex -1.521904e+01 -1.983383e+01 7.500000e+01
    endloop
  endfacet
  facet normal 0.000000e+00 -0.000000e+00 -1.000000e+00
    outer loop
      vertex -1.175571e+01 -1.618034e+01 7.500000e+01
      vertex -1.132812e+01 -1.648252e+01 7.500000e+01
      vertex -1.416016e+01 -2.060315e+01 7.500000e+01
    endloop
  endfacet
  facet normal 0.000000e+00 0.000000e+00 -1.000000e+00
    outer loop
      vertex -1.175571e+01 -1.618034e+01 7.500000e+01
      vertex -1.416016e+01 -2.060315e+01 7.500000e+01
      vertex -1.469463e+01 -2.022542e+01 7.500000e+01
    endloop
  endfacet
  facet normal 0.000000e+00 -0.000000e+00 -1.000000e+00
    outer loop
      vertex -1.132812e+01 -1.648252e+01 7.500000e+01
      vertex -1.089278e+01 -1.677341e+01 7.500000e+01
      vertex -1.361598e+01 -2.096676e+01 7.500000e+01
    endloop
  endfacet
  facet normal 0.000000e+00 0.000000e+00 -1.000000e+00
    outer loop
      vertex -1.132812e+01 -1.648252e+01 7.500000e+01
      vertex -1.361598e+01 -2.096676e+01 7.500000e+01
      vertex -1.416016e+01 -2.060315e+01 7.500000e+01
    endloop
  endfacet
  facet normal 0.000000e+00 -0.000000e+00 -1.000000e+00
    outer loop
      vertex -1.089278e+01 -1.677341e+01 7.500000e+01
      vertex -1.044997e+01 -1.705280e+01 7.500000e+01
      vertex -1.306246e+01 -2.131600e+01 7.500000e+01
    endloop
  endfacet
  facet normal 0.000000e+00 0.000000e+00 -1.000000e+00
    outer loop
      vertex -1.089278e+01 -1.677341e+01 7.500000e+01
      vertex -1.306246e+01 -2.131600e+01 7.500000e+01
      vertex -1.361598e+01 -2.096676e+01 7.500000e+01
    endloop
  endfacet
  facet normal 0.000000e+00 -0.000000e+00 -1.000000e+00
    outer loop
      vertex -1.044997e+01 -1.705280e+01 7.500000e+01
      vertex -1.000000e+01 -1.732051e+01 7.500000e+01
      vertex -1.250000e+01 -2.165064e+01 7.500000e+01
    endloop
  endfacet
  facet normal 0.000000e+00 0.000000e+00 -1.000000e+00
    outer loop
      vertex -1.044997e+01 -1.705280e+01 7.500000e+01
      vertex -1.250000e+01 -2.165064e+01 7.500000e+01
      vertex -1.306246e+01 -2.131600e+01 7.500000e+01
    endloop
  endfacet
  facet normal 0.000000e+00 -0.000000e+00 -1.000000e+00
    outer loop
      vertex -1.000000e+01 -1.732051e+01 7.500000e+01
      vertex -9.543175e+00 -1.757634e+01 7.500000e+01
      vertex -1.192897e+01 -2.197043e+01 7.500000e+01
    endloop
  endfacet
  facet normal 0.000000e+00 0.000000e+00 -1.000000e+00
    outer loop
      vertex -1.000000e+01 -1.732051e+01 7.500000e+01
      vertex -1.192897e+01 -2.197043e+01 7.500000e+01
      vertex -1.250000e+01 -2.165064e+01 7.500000e+01
    endloop
  endfacet
  facet normal 0.000000e+00 -0.000000e+00 -1.000000e+00
    outer loop
      vertex -9.543175e+00 -1.757634e+01 7.500000e+01
      vertex -9.079810e+00 -1.782013e+01 7.500000e+01
      vertex -1.134976e+01 -2.227516e+01 7.500000e+01
    endloop
  endfacet
  facet normal 0.000000e+00 0.000000e+00 -1.000000e+00
    outer loop
      vertex -9.543175e+00 -1.757634e+01 7.500000e+01
      vertex -1.134976e+01 -2.227516e+01 7.500000e+01
      vertex -1.192897e+01 -2.197043e+01 7.500000e+01
    endloop
  endfacet
  facet normal 0.000000e+00 -0.000000e+00 -1.000000e+00
    outer loop
      vertex -9.079810e+00 -1.782013e+01 7.500000e+01
      vertex -8.610222e+00 -1.805171e+01 7.500000e+01
      vertex -1.076278e+01 -2.256463e+01 7.500000e+01
    endloop
  endfacet
  facet normal 0.000000e+00 0.000000e+00 -1.000000e+00
    outer loop
      vertex -9.079810e+00 -1.782013e+01 7.500000e+01
      vertex -1.076278e+01 -2.256463e+01 7.500000e+01
      vertex -1.134976e+01 -2.227516e+01 7.500000e+01
    endloop
  endfacet
  facet normal 0.000000e+00 -0.000000e+00 -1.000000e+00
    outer loop
      vertex -8.610222e+00 -1.805171e+01 7.500000e+01
      vertex -8.134733e+00 -1.827091e+01 7.500000e+01
      vertex -1.016842e+01 -2.283864e+01 7.500000e+01
    endloop
  endfacet
  facet normal 0.000000e+00 0.000000e+00 -1.000000e+00
    outer loop
      vertex -8.610222e+00 -1.805171e+01 7.500000e+01
      vertex -1.016842e+01 -2.283864e+01 7.500000e+01
      vertex -1.076278e+01 -2.256463e+01 7.500000e+01
    endloop
  endfacet
  facet normal 0.000000e+00 -0.000000e+00 -1.000000e+00
    outer loop
      vertex -8.134733e+00 -1.827091e+01 7.500000e+01
      vertex -7.653669e+00 -1.847759e+01 7.500000e+01
      vertex -9.567086e+00 -2.309699e+01 7.500000e+01
    endloop
  endfacet
  facet normal 0.000000e+00 0.000000e+00 -1.000000e+00
    outer loop
      vertex -8.134733e+00 -1.827091e+01 7.500000e+01
      vertex -9.567086e+00 -2.309699e+01 7.500000e+01
      vertex -1.016842e+01 -2.283864e+01 7.500000e+01
    endloop
  endfacet
  facet normal 0.000000e+00 -0.000000e+00 -1.000000e+00
    outer loop
      vertex -7.653669e+00 -1.847759e+01 7.500000e+01
      vertex -7.167359e+00 -1.867161e+01 7.500000e+01
      vertex -8.959199e+00 -2.333951e+01 7.500000e+01
    endloop
  endfacet
  facet normal 0.000000e+00 0.000000e+00 -1.000000e+00
    outer loop
      vertex -7.653669e+00 -1.847759e+01 7.500000e+01
      vertex -8.959199e+00 -2.333951e+01 7.500000e+01
      vertex -9.567086e+00 -2.309699e+01 7.500000e+01
    endloop
  endfacet
  facet normal 0.000000e+00 -0.000000e+00 -1.000000e+00
    outer loop
      vertex -7.167359e+00 -1.867161e+01 7.500000e+01
      vertex -6.676137e+00 -1.885283e+01 7.500000e+01
      vertex -8.345171e+00 -2.356604e+01 7.500000e+01
    endloop
  endfacet
  facet normal 0.000000e+00 0.000000e+00 -1.000000e+00
    outer loop
      vertex -7.167359e+00 -1.867161e+01 7.500000e+01
      vertex -8.345171e+00 -2.356604e+01 7.500000e+01
      vertex -8.959199e+00 -2.333951e+01 7.500000e+01
    endloop
  endfacet
  facet normal 0.000000e+00 -0.000000e+00 -1.000000e+00
    outer loop
      vertex -6.676137e+00 -1.885283e+01 7.500000e+01
      vertex -6.180340e+00 -1.902113e+01 7.500000e+01
      vertex -7.725425e+00 -2.377641e+01 7.500000e+01
    endloop
  endfacet
  facet normal 0.000000e+00 0.000000e+00 -1.000000e+00
    outer loop
      vertex -6.676137e+00 -1.885283e+01 7.500000e+01
      vertex -7.725425e+00 -2.377641e+01 7.500000e+01
      vertex -8.345171e+00 -2.356604e+01 7.500000e+01
    endloop
  endfacet
  facet normal 0.000000e+00 -0.000000e+00 -1.000000e+00
    outer loop
      vertex -6.180340e+00 -1.902113e+01 7.500000e+01
      vertex -5.680307e+00 -1.917639e+01 7.500000e+01
      vertex -7.100384e+00 -2.397049e+01 7.500000e+01
    endloop
  endfacet
  facet normal 0.000000e+00 0.000000e+00 -1.000000e+00
    outer loop
      vertex -6.180340e+00 -1.902113e+01 7.500000e+01
      vertex -7.100384e+00 -2.397049e+01 7.500000e+01
      vertex -7.725425e+00 -2.377641e+01 7.500000e+01
    endloop
  endfacet
  facet normal 0.000000e+00 -0.000000e+00 -1.000000e+00
    outer loop
      vertex -5.680307e+00 -1.917639e+01 7.500000e+01
      vertex -5.176381e+00 -1.931852e+01 7.500000e+01
      vertex -6.470476e+00 -2.414815e+01 7.500000e+01
    endloop
  endfacet
  facet normal 0.000000e+00 0.000000e+00 -1.000000e+00
    outer loop
      vertex -5.680307e+00 -1.917639e+01 7.500000e+01
      vertex -6.470476e+00 -2.414815e+01 7.500000e+01
      vertex -7.100384e+00 -2.397049e+01 7.500000e+01
    endloop
  endfacet
  facet normal 0.000000e+00 -0.000000e+00 -1.000000e+00
    outer loop
      vertex -5.176381e+00 -1.931852e+01 7.500000e+01
      vertex -4.668907e+00 -1.944740e+01 7.500000e+01
      vertex -5.836134e+00 -2.430925e+01 7.500000e+01
    endloop
  endfacet
  facet normal 0.000000e+00 0.000000e+00 -1.000000e+00
    outer loop
      vertex -5.176381e+00 -1.931852e+01 7.500000e+01
      vertex -5.836134e+00 -2.430925e+01 7.500000e+01
      vertex -6.470476e+00 -2.414815e+01 7.500000e+01
    endloop
  endfacet
  facet normal 0.000000e+00 -0.000000e+00 -1.000000e+00
    outer loop
      vertex -4.668907e+00 -1.944740e+01 7.500000e+01
      vertex -4.158234e+00 -1.956295e+01 7.500000e+01
      vertex -5.197792e+00 -2.445369e+01 7.500000e+01
    endloop
  endfacet
  facet normal 0.000000e+00 0.000000e+00 -1.000000e+00
    outer loop
      vertex -4.668907e+00 -1.944740e+01 7.500000e+01
      vertex -5.197792e+00 -2.445369e+01 7.500000e+01
      vertex -5.836134e+00 -2.430925e+01 7.500000e+01
    endloop
  endfacet
  facet normal 0.000000e+00 -0.000000e+00 -1.000000e+00
    outer loop
      vertex -4.158234e+00 -1.956295e+01 7.500000e+01
      vertex -3.644711e+00 -1.966510e+01 7.500000e+01
      vertex -4.555888e+00 -2.458137e+01 7.500000e+01
    endloop
  endfacet
  facet normal 0.000000e+00 0.000000e+00 -1.000000e+00
    outer loop
      vertex -4.158234e+00 -1.956295e+01 7.500000e+01
      vertex -4.555888e+00 -2.458137e+01 7.500000e+01
      vertex -5.197792e+00 -2.445369e+01 7.500000e+01
    endloop
  endfacet
  facet normal 0.000000e+00 -0.000000e+00 -1.000000e+00
    outer loop
      vertex -3.644711e+00 -1.966510e+01 7.500000e+01
      vertex -3.128689e+00 -1.975377e+01 7.500000e+01
      vertex -3.910862e+00 -2.469221e+01 7.500000e+01
    endloop
  endfacet
  facet normal 0.000000e+00 0.000000e+00 -1.000000e+00
    outer loop
      vertex -3.644711e+00 -1.966510e+01 7.500000e+01
      vertex -3.910862e+00 -2.469221e+01 7.500000e+01
      vertex -4.555888e+00 -2.458137e+01 7.500000e+01
    endloop
  endfacet
  facet normal 0.000000e+00 -0.000000e+00 -1.000000e+00
    outer loop
      vertex -3.128689e+00 -1.975377e+01 7.500000e+01
      vertex -2.610524e+00 -1.982890e+01 7.500000e+01
      vertex -3.263155e+00 -2.478612e+01 7.500000e+01
    endloop
  endfacet
  facet normal 0.000000e+00 0.000000e+00 -1.000000e+00
    outer loop
      vertex -3.128689e+00 -1.975377e+01 7.500000e+01
      vertex -3.263155e+00 -2.478612e+01 7.500000e+01
      vertex -3.910862e+00 -2.469221e+01 7.500000e+01
    endloop
  endfacet
  facet normal 0.000000e+00 -0.000000e+00 -1.000000e+00
    outer loop
      vertex -2.610524e+00 -1.982890e+01 7.500000e+01
      vertex -2.090569e+00 -1.989044e+01 7.500000e+01
      vertex -2.613212e+00 -2.486305e+01 7.500000e+01
    endloop
  endfacet
  facet normal 0.000000e+00 0.000000e+00 -1.000000e+00
    outer loop
      vertex -2.610524e+00 -1.982890e+01 7.500000e+01
      vertex -2.613212e+00 -2.486305e+01 7.500000e+01
      vertex -3.263155e+00 -2.478612e+01 7.500000e+01
    endloop
  endfacet
  facet normal 0.000000e+00 0.000000e+00 -1.000000e+00
    outer loop
      vertex -2.090569e+00 -1.989044e+01 7.500000e+01
      vertex -1.569182e+00 -1.993835e+01 7.500000e+01
      vertex -1.961477e+00 -2.492293e+01 7.500000e+01
    endloop
  endfacet
  facet normal 0.000000e+00 -0.000000e+00 -1.000000e+00
    outer loop
      vertex -2.090569e+00 -1.989044e+01 7.500000e+01
      vertex -1.961477e+00 -2.492293e+01 7.500000e+01
      vertex -2.613212e+00 -2.486305e+01 7.500000e+01
    endloop
  endfacet
  facet normal 0.000000e+00 0.000000e+00 -1.000000e+00
    outer loop
      vertex -1.569182e+00 -1.993835e+01 7.500000e+01
      vertex -1.046719e+00 -1.997259e+01 7.500000e+01
      vertex -1.308399e+00 -2.496574e+01 7.500000e+01
    endloop
  endfacet
  facet normal 0.000000e+00 -0.000000e+00 -1.000000e+00
    outer loop
      vertex -1.569182e+00 -1.993835e+01 7.500000e+01
      vertex -1.308399e+00 -2.496574e+01 7.500000e+01
      vertex -1.961477e+00 -2.492293e+01 7.500000e+01
    endloop
  endfacet
  facet normal 0.000000e+00 0.000000e+00 -1.000000e+00
    outer loop
      vertex -1.046719e+00 -1.997259e+01 7.500000e+01
      vertex -5.235390e-01 -1.999315e+01 7.500000e+01
      vertex -6.544237e-01 -2.499143e+01 7.500000e+01
    endloop
  endfacet
  facet normal 0.000000e+00 -0.000000e+00 -1.000000e+00
    outer loop
      vertex -1.046719e+00 -1.997259e+01 7.500000e+01
      vertex -6.544237e-01 -2.499143e+01 7.500000e+01
      vertex -1.308399e+00 -2.496574e+01 7.500000e+01
    endloop
  endfacet
  facet normal 0.000000e+00 0.000000e+00 -1.000000e+00
    outer loop
      vertex -5.235390e-01 -1.999315e+01 7.500000e+01
      vertex -3.673940e-15 -2.000000e+01 7.500000e+01
      vertex -4.592425e-15 -2.500000e+01 7.500000e+01
    endloop
  endfacet
  facet normal 0.000000e+00 -0.000000e+00 -1.000000e+00
    outer loop
      vertex -5.235390e-01 -1.999315e+01 7.500000e+01
      vertex -4.592425e-15 -2.500000e+01 7.500000e+01
      vertex -6.544237e-01 -2.499143e+01 7.500000e+01
    endloop
  endfacet
  facet normal 0.000000e+00 0.000000e+00 -1.000000e+00
    outer loop
      vertex -3.673940e-15 -2.000000e+01 7.500000e+01
      vertex 5.235390e-01 -1.999315e+01 7.500000e+01
      vertex 6.544237e-01 -2.499143e+01 7.500000e+01
    endloop
  endfacet
  facet normal 0.000000e+00 -0.000000e+00 -1.000000e+00
    outer loop
      vertex -3.673940e-15 -2.000000e+01 7.500000e+01
      vertex 6.544237e-01 -2.499143e+01 7.500000e+01
      vertex -4.592425e-15 -2.500000e+01 7.500000e+01
    endloop
  endfacet
  facet normal 0.000000e+00 0.000000e+00 -1.000000e+00
    outer loop
      vertex 5.235390e-01 -1.999315e+01 7.500000e+01
      vertex 1.046719e+00 -1.997259e+01 7.500000e+01
      vertex 1.308399e+00 -2.496574e+01 7.500000e+01
    endloop
  endfacet
  facet normal 0.000000e+00 0.000000e+00 -1.000000e+00
    outer loop
      vertex 5.235390e-01 -1.999315e+01 7.500000e+01
      vertex 1.308399e+00 -2.496574e+01 7.500000e+01
      vertex 6.544237e-01 -2.499143e+01 7.500000e+01
    endloop
  endfacet
  facet normal 0.000000e+00 0.000000e+00 -1.000000e+00
    outer loop
      vertex 1.046719e+00 -1.997259e+01 7.500000e+01
      vertex 1.569182e+00 -1.993835e+01 7.500000e+01
      vertex 1.961477e+00 -2.492293e+01 7.500000e+01
    endloop
  endfacet
  facet normal 0.000000e+00 0.000000e+00 -1.000000e+00
    outer loop
      vertex 1.046719e+00 -1.997259e+01 7.500000e+01
      vertex 1.961477e+00 -2.492293e+01 7.500000e+01
      vertex 1.308399e+00 -2.496574e+01 7.500000e+01
    endloop
  endfacet
  facet normal 0.000000e+00 0.000000e+00 -1.000000e+00
    outer loop
      vertex 1.569182e+00 -1.993835e+01 7.500000e+01
      vertex 2.090569e+00 -1.989044e+01 7.500000e+01
      vertex 2.613212e+00 -2.486305e+01 7.500000e+01
    endloop
  endfacet
  facet normal 0.000000e+00 0.000000e+00 -1.000000e+00
    outer loop
      vertex 1.569182e+00 -1.993835e+01 7.500000e+01
      vertex 2.613212e+00 -2.486305e+01 7.500000e+01
      vertex 1.961477e+00 -2.492293e+01 7.500000e+01
    endloop
  endfacet
  facet normal 0.000000e+00 0.000000e+00 -1.000000e+00
    outer loop
      vertex 2.090569e+00 -1.989044e+01 7.500000e+01
      vertex 2.610524e+00 -1.982890e+01 7.500000e+01
      vertex 3.263155e+00 -2.478612e+01 7.500000e+01
    endloop
  endfacet
  facet normal 0.000000e+00 0.000000e+00 -1.000000e+00
    outer loop
      vertex 2.090569e+00 -1.989044e+01 7.500000e+01
      vertex 3.263155e+00 -2.478612e+01 7.500000e+01
      vertex 2.613212e+00 -2.486305e+01 7.500000e+01
    endloop
  endfacet
  facet normal 0.000000e+00 0.000000e+00 -1.000000e+00
    outer loop
      vertex 2.610524e+00 -1.982890e+01 7.500000e+01
      vertex 3.128689e+00 -1.975377e+01 7.500000e+01
      vertex 3.910862e+00 -2.469221e+01 7.500000e+01
    endloop
  endfacet
  facet normal 0.000000e+00 0.000000e+00 -1.000000e+00
    outer loop
      vertex 2.610524e+00 -1.982890e+01 7.500000e+01
      vertex 3.910862e+00 -2.469221e+01 7.500000e+01
      vertex 3.263155e+00 -2.478612e+01 7.500000e+01
    endloop
  endfacet
  facet normal 0.000000e+00 0.000000e+00 -1.000000e+00
    outer loop
      vertex 3.128689e+00 -1.975377e+01 7.500000e+01
      vertex 3.644711e+00 -1.966510e+01 7.500000e+01
      vertex 4.555888e+00 -2.458137e+01 7.500000e+01
    endloop
  endfacet
  facet normal 0.000000e+00 0.000000e+00 -1.000000e+00
    outer loop
      vertex 3.128689e+00 -1.975377e+01 7.500000e+01
      vertex 4.555888e+00 -2.458137e+01 7.500000e+01
      vertex 3.910862e+00 -2.469221e+01 7.500000e+01
    endloop
  endfacet
  facet normal 0.000000e+00 0.000000e+00 -1.000000e+00
    outer loop
      vertex 3.644711e+00 -1.966510e+01 7.500000e+01
      vertex 4.158234e+00 -1.956295e+01 7.500000e+01
      vertex 5.197792e+00 -2.445369e+01 7.500000e+01
    endloop
  endfacet
  facet normal 0.000000e+00 0.000000e+00 -1.000000e+00
    outer loop
      vertex 3.644711e+00 -1.966510e+01 7.500000e+01
      vertex 5.197792e+00 -2.445369e+01 7.500000e+01
      vertex 4.555888e+00 -2.458137e+01 7.500000e+01
    endloop
  endfacet
  facet normal 0.000000e+00 0.000000e+00 -1.000000e+00
    outer loop
      vertex 4.158234e+00 -1.956295e+01 7.500000e+01
      vertex 4.668907e+00 -1.944740e+01 7.500000e+01
      vertex 5.836134e+00 -2.430925e+01 7.500000e+01
    endloop
  endfacet
  facet normal 0.000000e+00 0.000000e+00 -1.000000e+00
    outer loop
      vertex 4.158234e+00 -1.956295e+01 7.500000e+01
      vertex 5.836134e+00 -2.430925e+01 7.500000e+01
      vertex 5.197792e+00 -2.445369e+01 7.500000e+01
    endloop
  endfacet
  facet normal 0.000000e+00 0.000000e+00 -1.000000e+00
    outer loop
      vertex 4.668907e+00 -1.944740e+01 7.500000e+01
      vertex 5.176381e+00 -1.931852e+01 7.500000e+01
      vertex 6.470476e+00 -2.414815e+01 7.500000e+01
    endloop
  endfacet
  facet normal 0.000000e+00 0.000000e+00 -1.000000e+00
    outer loop
      vertex 4.668907e+00 -1.944740e+01 7.500000e+01
      vertex 6.470476e+00 -2.414815e+01 7.500000e+01
      vertex 5.836134e+00 -2.430925e+01 7.500000e+01
    endloop
  endfacet
  facet normal 0.000000e+00 0.000000e+00 -1.000000e+00
    outer loop
      vertex 5.176381e+00 -1.931852e+01 7.500000e+01
      vertex 5.680307e+00 -1.917639e+01 7.500000e+01
      vertex 7.100384e+00 -2.397049e+01 7.500000e+01
    endloop
  endfacet
  facet normal 0.000000e+00 0.000000e+00 -1.000000e+00
    outer loop
      vertex 5.176381e+00 -1.931852e+01 7.500000e+01
      vertex 7.100384e+00 -2.397049e+01 7.500000e+01
      vertex 6.470476e+00 -2.414815e+01 7.500000e+01
    endloop
  endfacet
  facet normal 0.000000e+00 0.000000e+00 -1.000000e+00
    outer loop
      vertex 5.680307e+00 -1.917639e+01 7.500000e+01
      vertex 6.180340e+00 -1.902113e+01 7.500000e+01
      vertex 7.725425e+00 -2.377641e+01 7.500000e+01
    endloop
  endfacet
  facet normal 0.000000e+00 0.000000e+00 -1.000000e+00
    outer loop
      vertex 5.680307e+00 -1.917639e+01 7.500000e+01
      vertex 7.725425e+00 -2.377641e+01 7.500000e+01
      vertex 7.100384e+00 -2.397049e+01 7.500000e+01
    endloop
  endfacet
  facet normal 0.000000e+00 0.000000e+00 -1.000000e+00
    outer loop
      vertex 6.180340e+00 -1.902113e+01 7.500000e+01
      vertex 6.676137e+00 -1.885283e+01 7.500000e+01
      vertex 8.345171e+00 -2.356604e+01 7.500000e+01
    endloop
  endfacet
  facet normal 0.000000e+00 0.000000e+00 -1.000000e+00
    outer loop
      vertex 6.180340e+00 -1.902113e+01 7.500000e+01
      vertex 8.345171e+00 -2.356604e+01 7.500000e+01
      vertex 7.725425e+00 -2.377641e+01 7.500000e+01
    endloop
  endfacet
  facet normal 0.000000e+00 0.000000e+00 -1.000000e+00
    outer loop
      vertex 6.676137e+00 -1.885283e+01 7.500000e+01
      vertex 7.167359e+00 -1.867161e+01 7.500000e+01
      vertex 8.959199e+00 -2.333951e+01 7.500000e+01
    endloop
  endfacet
  facet normal 0.000000e+00 0.000000e+00 -1.000000e+00
    outer loop
      vertex 6.676137e+00 -1.885283e+01 7.500000e+01
      vertex 8.959199e+00 -2.333951e+01 7.500000e+01
      vertex 8.345171e+00 -2.356604e+01 7.500000e+01
    endloop
  endfacet
  facet normal 0.000000e+00 0.000000e+00 -1.000000e+00
    outer loop
      vertex 7.167359e+00 -1.867161e+01 7.500000e+01
      vertex 7.653669e+00 -1.847759e+01 7.500000e+01
      vertex 9.567086e+00 -2.309699e+01 7.500000e+01
    endloop
  endfacet
  facet normal 0.000000e+00 0.000000e+00 -1.000000e+00
    outer loop
      vertex 7.167359e+00 -1.867161e+01 7.500000e+01
      vertex 9.567086e+00 -2.309699e+01 7.500000e+01
      vertex 8.959199e+00 -2.333951e+01 7.500000e+01
    endloop
  endfacet
  facet normal 0.000000e+00 0.000000e+00 -1.000000e+00
    outer loop
      vertex 7.653669e+00 -1.847759e+01 7.500000e+01
      vertex 8.134733e+00 -1.827091e+01 7.500000e+01
      vertex 1.016842e+01 -2.283864e+01 7.500000e+01
    endloop
  endfacet
  facet normal 0.000000e+00 0.000000e+00 -1.000000e+00
    outer loop
      vertex 7.653669e+00 -1.847759e+01 7.500000e+01
      vertex 1.016842e+01 -2.283864e+01 7.500000e+01
      vertex 9.567086e+00 -2.309699e+01 7.500000e+01
    endloop
  endfacet
  facet normal 0.000000e+00 0.000000e+00 -1.000000e+00
    outer loop
      vertex 8.134733e+00 -1.827091e+01 7.500000e+01
      vertex 8.610222e+00 -1.805171e+01 7.500000e+01
      vertex 1.076278e+01 -2.256463e+01 7.500000e+01
    endloop
  endfacet
  facet normal 0.000000e+00 0.000000e+00 -1.000000e+00
    outer loop
      vertex 8.134733e+00 -1.827091e+01 7.500000e+01
      vertex 1.076278e+01 -2.256463e+01 7.500000e+01
      vertex 1.016842e+01 -2.283864e+01 7.500000e+01
    endloop
  endfacet
  facet normal 0.000000e+00 0.000000e+00 -1.000000e+00
    outer loop
      vertex 8.610222e+00 -1.805171e+01 7.500000e+01
      vertex 9.079810e+00 -1.782013e+01 7.500000e+01
      vertex 1.134976e+01 -2.227516e+01 7.500000e+01
    endloop
  endfacet
  facet normal 0.000000e+00 0.000000e+00 -1.000000e+00
    outer loop
      vertex 8.610222e+00 -1.805171e+01 7.500000e+01
      vertex 1.134976e+01 -2.227516e+01 7.500000e+01
      vertex 1.076278e+01 -2.256463e+01 7.500000e+01
    endloop
  endfacet
  facet normal 0.000000e+00 0.000000e+00 -1.000000e+00
    outer loop
      vertex 9.079810e+00 -1.782013e+01 7.500000e+01
      vertex 9.543175e+00 -1.757634e+01 7.500000e+01
      vertex 1.192897e+01 -2.197043e+01 7.500000e+01
    endloop
  endfacet
  facet normal 0.000000e+00 0.000000e+00 -1.000000e+00
    outer loop
      vertex 9.079810e+00 -1.782013e+01 7.500000e+01
      vertex 1.192897e+01 -2.197043e+01 7.500000e+01
      vertex 1.134976e+01 -2.227516e+01 7.500000e+01
    endloop
  endfacet
  facet normal 0.000000e+00 0.000000e+00 -1.000000e+00
    outer loop
      vertex 9.543175e+00 -1.757634e+01 7.500000e+01
      vertex 1.000000e+01 -1.732051e+01 7.500000e+01
      vertex 1.250000e+01 -2.165064e+01 7.500000e+01
    endloop
  endfacet
  facet normal 0.000000e+00 0.000000e+00 -1.000000e+00
    outer loop
      vertex 9.543175e+00 -1.757634e+01 7.500000e+01
      vertex 1.250000e+01 -2.165064e+01 7.500000e+01
      vertex 1.192897e+01 -2.197043e+01 7.500000e+01
    endloop
  endfacet
  facet normal 0.000000e+00 0.000000e+00 -1.000000e+00
    outer loop
      vertex 1.000000e+01 -1.732051e+01 7.500000e+01
      vertex 1.044997e+01 -1.705280e+01 7.500000e+01
      vertex 1.306246e+01 -2.131600e+01 7.500000e+01
    endloop
  endfacet
  facet normal 0.000000e+00 0.000000e+00 -1.000000e+00
    outer loop
      vertex 1.000000e+01 -1.732051e+01 7.500000e+01
      vertex 1.306246e+01 -2.131600e+01 7.500000e+01
      vertex 1.250000e+01 -2.165064e+01 7.500000e+01
    endloop
  endfacet
  facet normal 0.000000e+00 0.000000e+00 -1.000000e+00
    outer loop
      vertex 1.044997e+01 -1.705280e+01 7.500000e+01
      vertex 1.089278e+01 -1.677341e+01 7.500000e+01
      vertex 1.361598e+01 -2.096676e+01 7.500000e+01
    endloop
  endfacet
  facet normal 0.000000e+00 0.000000e+00 -1.000000e+00
    outer loop
      vertex 1.044997e+01 -1.705280e+01 7.500000e+01
      vertex 1.361598e+01 -2.096676e+01 7.500000e+01
      vertex 1.306246e+01 -2.131600e+01 7.500000e+01
    endloop
  endfacet
  facet normal 0.000000e+00 0.000000e+00 -1.000000e+00
    outer loop
      vertex 1.089278e+01 -1.677341e+01 7.500000e+01
      vertex 1.132812e+01 -1.648252e+01 7.500000e+01
      vertex 1.416016e+01 -2.060315e+01 7.500000e+01
    endloop
  endfacet
  facet normal 0.000000e+00 0.000000e+00 -1.000000e+00
    outer loop
      vertex 1.089278e+01 -1.677341e+01 7.500000e+01
      vertex 1.416016e+01 -2.060315e+01 7.500000e+01
      vertex 1.361598e+01 -2.096676e+01 7.500000e+01
    endloop
  endfacet
  facet normal 0.000000e+00 0.000000e+00 -1.000000e+00
    outer loop
      vertex 1.132812e+01 -1.648252e+01 7.500000e+01
      vertex 1.175571e+01 -1.618034e+01 7.500000e+01
      vertex 1.469463e+01 -2.022542e+01 7.500000e+01
    endloop
  endfacet
  facet normal 0.000000e+00 0.000000e+00 -1.000000e+00
    outer loop
      vertex 1.132812e+01 -1.648252e+01 7.500000e+01
      vertex 1.469463e+01 -2.022542e+01 7.500000e+01
      vertex 1.416016e+01 -2.060315e+01 7.500000e+01
    endloop
  endfacet
  facet normal 0.000000e+00 0.000000e+00 -1.000000e+00
    outer loop
      vertex 1.175571e+01 -1.618034e+01 7.500000e+01
      vertex 1.217523e+01 -1.586707e+01 7.500000e+01
      vertex 1.521904e+01 -1.983383e+01 7.500000e+01
    endloop
  endfacet
  facet normal 0.000000e+00 0.000000e+00 -1.000000e+00
    outer loop
      vertex 1.175571e+01 -1.618034e+01 7.500000e+01
      vertex 1.521904e+01 -1.983383e+01 7.500000e+01
      vertex 1.469463e+01 -2.022542e+01 7.500000e+01
    endloop
  endfacet
  facet normal 0.000000e+00 0.000000e+00 -1.000000e+00
    outer loop
      vertex 1.217523e+01 -1.586707e+01 7.500000e+01
      vertex 1.258641e+01 -1.554292e+01 7.500000e+01
      vertex 1.573301e+01 -1.942865e+01 7.500000e+01
    endloop
  endfacet
  facet normal 0.000000e+00 0.000000e+00 -1.000000e+00
    outer loop
      vertex 1.217523e+01 -1.586707e+01 7.500000e+01
      vertex 1.573301e+01 -1.942865e+01 7.500000e+01
      vertex 1.521904e+01 -1.983383e+01 7.500000e+01
    endloop
  endfacet
  facet normal 0.000000e+00 0.000000e+00 -1.000000e+00
    outer loop
      vertex 1.258641e+01 -1.554292e+01 7.500000e+01
      vertex 1.298896e+01 -1.520812e+01 7.500000e+01
      vertex 1.623620e+01 -1.901015e+01 7.500000e+01
    endloop
  endfacet
  facet normal 0.000000e+00 0.000000e+00 -1.000000e+00
    outer loop
      vertex 1.258641e+01 -1.554292e+01 7.500000e+01
      vertex 1.623620e+01 -1.901015e+01 7.500000e+01
      vertex 1.573301e+01 -1.942865e+01 7.500000e+01
    endloop
  endfacet
  facet normal 0.000000e+00 0.000000e+00 -1.000000e+00
    outer loop
      vertex 1.298896e+01 -1.520812e+01 7.500000e+01
      vertex 1.338261e+01 -1.486290e+01 7.500000e+01
      vertex 1.672827e+01 -1.857862e+01 7.500000e+01
    endloop
  endfacet
  facet normal 0.000000e+00 0.000000e+00 -1.000000e+00
    outer loop
      vertex 1.298896e+01 -1.520812e+01 7.500000e+01
      vertex 1.672827e+01 -1.857862e+01 7.500000e+01
      vertex 1.623620e+01 -1.901015e+01 7.500000e+01
    endloop
  endfacet
  facet normal 0.000000e+00 0.000000e+00 -1.000000e+00
    outer loop
      vertex 1.338261e+01 -1.486290e+01 7.500000e+01
      vertex 1.376709e+01 -1.450749e+01 7.500000e+01
      vertex 1.720886e+01 -1.813436e+01 7.500000e+01
    endloop
  endfacet
  facet normal 0.000000e+00 0.000000e+00 -1.000000e+00
    outer loop
      vertex 1.338261e+01 -1.486290e+01 7.500000e+01
      vertex 1.720886e+01 -1.813436e+01 7.500000e+01
      vertex 1.672827e+01 -1.857862e+01 7.500000e+01
    endloop
  endfacet
  facet normal 0.000000e+00 0.000000e+00 -1.000000e+00
    outer loop
      vertex 1.376709e+01 -1.450749e+01 7.500000e+01
      vertex 1.414214e+01 -1.414214e+01 7.500000e+01
      vertex 1.767767e+01 -1.767767e+01 7.500000e+01
    endloop
  endfacet
  facet normal 0.000000e+00 0.000000e+00 -1.000000e+00
    outer loop
      vertex 1.376709e+01 -1.450749e+01 7.500000e+01
      vertex 1.767767e+01 -1.767767e+01 7.500000e+01
      vertex 1.720886e+01 -1.813436e+01 7.500000e+01
    endloop
  endfacet
  facet normal 0.000000e+00 0.000000e+00 -1.000000e+00
    outer loop
      vertex 1.414214e+01 -1.414214e+01 7.500000e+01
      vertex 1.450749e+01 -1.376709e+01 7.500000e+01
      vertex 1.813436e+01 -1.720886e+01 7.500000e+01
    endloop
  endfacet
  facet normal 0.000000e+00 0.000000e+00 -1.000000e+00
    outer loop
      vertex 1.414214e+01 -1.414214e+01 7.500000e+01
      vertex 1.813436e+01 -1.720886e+01 7.500000e+01
      vertex 1.767767e+01 -1.767767e+01 7.500000e+01
    endloop
  endfacet
  facet normal 0.000000e+00 0.000000e+00 -1.000000e+00
    outer loop
      vertex 1.450749e+01 -1.376709e+01 7.500000e+01
      vertex 1.486290e+01 -1.338261e+01 7.500000e+01
      vertex 1.857862e+01 -1.672827e+01 7.500000e+01
    endloop
  endfacet
  facet normal 0.000000e+00 0.000000e+00 -1.000000e+00
    outer loop
      vertex 1.450749e+01 -1.376709e+01 7.500000e+01
      vertex 1.857862e+01 -1.672827e+01 7.500000e+01
      vertex 1.813436e+01 -1.720886e+01 7.500000e+01
    endloop
  endfacet
  facet normal 0.000000e+00 0.000000e+00 -1.000000e+00
    outer loop
      vertex 1.486290e+01 -1.338261e+01 7.500000e+01
      vertex 1.520812e+01 -1.298896e+01 7.500000e+01
      vertex 1.901015e+01 -1.623620e+01 7.500000e+01
    endloop
  endfacet
  facet normal 0.000000e+00 0.000000e+00 -1.000000e+00
    outer loop
      vertex 1.486290e+01 -1.338261e+01 7.500000e+01
      vertex 1.901015e+01 -1.623620e+01 7.500000e+01
      vertex 1.857862e+01 -1.672827e+01 7.500000e+01
    endloop
  endfacet
  facet normal 0.000000e+00 0.000000e+00 -1.000000e+00
    outer loop
      vertex 1.520812e+01 -1.298896e+01 7.500000e+01
      vertex 1.554292e+01 -1.258641e+01 7.500000e+01
      vertex 1.942865e+01 -1.573301e+01 7.500000e+01
    endloop
  endfacet
  facet normal 0.000000e+00 0.000000e+00 -1.000000e+00
    outer loop
      vertex 1.520812e+01 -1.298896e+01 7.500000e+01
      vertex 1.942865e+01 -1.573301e+01 7.500000e+01
      vertex 1.901015e+01 -1.623620e+01 7.500000e+01
    endloop
  endfacet
  facet normal 0.000000e+00 0.000000e+00 -1.000000e+00
    outer loop
      vertex 1.554292e+01 -1.258641e+01 7.500000e+01
      vertex 1.586707e+01 -1.217523e+01 7.500000e+01
      vertex 1.983383e+01 -1.521904e+01 7.500000e+01
    endloop
  endfacet
  facet normal 0.000000e+00 0.000000e+00 -1.000000e+00
    outer loop
      vertex 1.554292e+01 -1.258641e+01 7.500000e+01
      vertex 1.983383e+01 -1.521904e+01 7.500000e+01
      vertex 1.942865e+01 -1.573301e+01 7.500000e+01
    endloop
  endfacet
  facet normal 0.000000e+00 0.000000e+00 -1.000000e+00
    outer loop
      vertex 1.586707e+01 -1.217523e+01 7.500000e+01
      vertex 1.618034e+01 -1.175571e+01 7.500000e+01
      vertex 2.022542e+01 -1.469463e+01 7.500000e+01
    endloop
  endfacet
  facet normal 0.000000e+00 0.000000e+00 -1.000000e+00
    outer loop
      vertex 1.586707e+01 -1.217523e+01 7.500000e+01
      vertex 2.022542e+01 -1.469463e+01 7.500000e+01
      vertex 1.983383e+01 -1.521904e+01 7.500000e+01
    endloop
  endfacet
  facet normal 0.000000e+00 0.000000e+00 -1.000000e+00
    outer loop
      vertex 1.618034e+01 -1.175571e+01 7.500000e+01
      vertex 1.648252e+01 -1.132812e+01 7.500000e+01
      vertex 2.060315e+01 -1.416016e+01 7.500000e+01
    endloop
  endfacet
  facet normal 0.000000e+00 0.000000e+00 -1.000000e+00
    outer loop
      vertex 1.618034e+01 -1.175571e+01 7.500000e+01
      vertex 2.060315e+01 -1.416016e+01 7.500000e+01
      vertex 2.022542e+01 -1.469463e+01 7.500000e+01
    endloop
  endfacet
  facet normal 0.000000e+00 0.000000e+00 -1.000000e+00
    outer loop
      vertex 1.648252e+01 -1.132812e+01 7.500000e+01
      vertex 1.677341e+01 -1.089278e+01 7.500000e+01
      vertex 2.096676e+01 -1.361598e+01 7.500000e+01
    endloop
  endfacet
  facet normal 0.000000e+00 0.000000e+00 -1.000000e+00
    outer loop
      vertex 1.648252e+01 -1.132812e+01 7.500000e+01
      vertex 2.096676e+01 -1.361598e+01 7.500000e+01
      vertex 2.060315e+01 -1.416016e+01 7.500000e+01
    endloop
  endfacet
  facet normal 0.000000e+00 0.000000e+00 -1.000000e+00
    outer loop
      vertex 1.677341e+01 -1.089278e+01 7.500000e+01
      vertex 1.705280e+01 -1.044997e+01 7.500000e+01
      vertex 2.131600e+01 -1.306246e+01 7.500000e+01
    endloop
  endfacet
  facet normal 0.000000e+00 0.000000e+00 -1.000000e+00
    outer loop
      vertex 1.677341e+01 -1.089278e+01 7.500000e+01
      vertex 2.131600e+01 -1.306246e+01 7.500000e+01
      vertex 2.096676e+01 -1.361598e+01 7.500000e+01
    endloop
  endfacet
  facet normal 0.000000e+00 0.000000e+00 -1.000000e+00
    outer loop
      vertex 1.705280e+01 -1.044997e+01 7.500000e+01
      vertex 1.732051e+01 -1.000000e+01 7.500000e+01
      vertex 2.165064e+01 -1.250000e+01 7.500000e+01
    endloop
  endfacet
  facet normal 0.000000e+00 0.000000e+00 -1.000000e+00
    outer loop
      vertex 1.705280e+01 -1.044997e+01 7.500000e+01
      vertex 2.165064e+01 -1.250000e+01 7.500000e+01
      vertex 2.131600e+01 -1.306246e+01 7.500000e+01
    endloop
  endfacet
  facet normal 0.000000e+00 0.000000e+00 -1.000000e+00
    outer loop
      vertex 1.732051e+01 -1.000000e+01 7.500000e+01
      vertex 1.757634e+01 -9.543175e+00 7.500000e+01
      vertex 2.197043e+01 -1.192897e+01 7.500000e+01
    endloop
  endfacet
  facet normal 0.000000e+00 0.000000e+00 -1.000000e+00
    outer loop
      vertex 1.732051e+01 -1.000000e+01 7.500000e+01
      vertex 2.197043e+01 -1.192897e+01 7.500000e+01
      vertex 2.165064e+01 -1.250000e+01 7.500000e+01
    endloop
  endfacet
  facet normal 0.000000e+00 0.000000e+00 -1.000000e+00
    outer loop
      vertex 1.757634e+01 -9.543175e+00 7.500000e+01
      vertex 1.782013e+01 -9.079810e+00 7.500000e+01
      vertex 2.227516e+01 -1.134976e+01 7.500000e+01
    endloop
  endfacet
  facet normal 0.000000e+00 0.000000e+00 -1.000000e+00
    outer loop
      vertex 1.757634e+01 -9.543175e+00 7.500000e+01
      vertex 2.227516e+01 -1.134976e+01 7.500000e+01
      vertex 2.197043e+01 -1.192897e+01 7.500000e+01
    endloop
  endfacet
  facet normal 0.000000e+00 0.000000e+00 -1.000000e+00
    outer loop
      vertex 1.782013e+01 -9.079810e+00 7.500000e+01
      vertex 1.805171e+01 -8.610222e+00 7.500000e+01
      vertex 2.256463e+01 -1.076278e+01 7.500000e+01
    endloop
  endfacet
  facet normal 0.000000e+00 0.000000e+00 -1.000000e+00
    outer loop
      vertex 1.782013e+01 -9.079810e+00 7.500000e+01
      vertex 2.256463e+01 -1.076278e+01 7.500000e+01
      vertex 2.227516e+01 -1.134976e+01 7.500000e+01
    endloop
  endfacet
  facet normal 0.000000e+00 0.000000e+00 -1.000000e+00
    outer loop
      vertex 1.805171e+01 -8.610222e+00 7.500000e+01
      vertex 1.827091e+01 -8.134733e+00 7.500000e+01
      vertex 2.283864e+01 -1.016842e+01 7.500000e+01
    endloop
  endfacet
  facet normal 0.000000e+00 0.000000e+00 -1.000000e+00
    outer loop
      vertex 1.805171e+01 -8.610222e+00 7.500000e+01
      vertex 2.283864e+01 -1.016842e+01 7.500000e+01
      vertex 2.256463e+01 -1.076278e+01 7.500000e+01
    endloop
  endfacet
  facet normal 0.000000e+00 0.000000e+00 -1.000000e+00
    outer loop
      vertex 1.827091e+01 -8.134733e+00 7.500000e+01
      vertex 1.847759e+01 -7.653669e+00 7.500000e+01
      vertex 2.309699e+01 -9.567086e+00 7.500000e+01
    endloop
  endfacet
  facet normal 0.000000e+00 0.000000e+00 -1.000000e+00
    outer loop
      vertex 1.827091e+01 -8.134733e+00 7.500000e+01
      vertex 2.309699e+01 -9.567086e+00 7.500000e+01
      vertex 2.283864e+01 -1.016842e+01 7.500000e+01
    endloop
  endfacet
  facet normal 0.000000e+00 0.000000e+00 -1.000000e+00
    outer loop
      vertex 1.847759e+01 -7.653669e+00 7.500000e+01
      vertex 1.867161e+01 -7.167359e+00 7.500000e+01
      vertex 2.333951e+01 -8.959199e+00 7.500000e+01
    endloop
  endfacet
  facet normal 0.000000e+00 0.000000e+00 -1.000000e+00
    outer loop
      vertex 1.847759e+01 -7.653669e+00 7.500000e+01
      vertex 2.333951e+01 -8.959199e+00 7.500000e+01
      vertex 2.309699e+01 -9.567086e+00 7.500000e+01
    endloop
  endfacet
  facet normal 0.000000e+00 0.000000e+00 -1.000000e+00
    outer loop
      vertex 1.867161e+01 -7.167359e+00 7.500000e+01
      vertex 1.885283e+01 -6.676137e+00 7.500000e+01
      vertex 2.356604e+01 -8.345171e+00 7.500000e+01
    endloop
  endfacet
  facet normal 0.000000e+00 0.000000e+00 -1.000000e+00
    outer loop
      vertex 1.867161e+01 -7.167359e+00 7.500000e+01
      vertex 2.356604e+01 -8.345171e+00 7.500000e+01
      vertex 2.333951e+01 -8.959199e+00 7.500000e+01
    endloop
  endfacet
  facet normal 0.000000e+00 0.000000e+00 -1.000000e+00
    outer loop
      vertex 1.885283e+01 -6.676137e+00 7.500000e+01
      vertex 1.902113e+01 -6.180340e+00 7.500000e+01
      vertex 2.377641e+01 -7.725425e+00 7.500000e+01
    endloop
  endfacet
  facet normal 0.000000e+00 0.000000e+00 -1.000000e+00
    outer loop
      vertex 1.885283e+01 -6.676137e+00 7.500000e+01
      vertex 2.377641e+01 -7.725425e+00 7.500000e+01
      vertex 2.356604e+01 -8.345171e+00 7.500000e+01
    endloop
  endfacet
  facet normal 0.000000e+00 0.000000e+00 -1.000000e+00
    outer loop
      vertex 1.902113e+01 -6.180340e+00 7.500000e+01
      vertex 1.917639e+01 -5.680307e+00 7.500000e+01
      vertex 2.397049e+01 -7.100384e+00 7.500000e+01
    endloop
  endfacet
  facet normal 0.000000e+00 0.000000e+00 -1.000000e+00
    outer loop
      vertex 1.902113e+01 -6.180340e+00 7.500000e+01
      vertex 2.397049e+01 -7.100384e+00 7.500000e+01
      vertex 2.377641e+01 -7.725425e+00 7.500000e+01
    endloop
  endfacet
  facet normal 0.000000e+00 0.000000e+00 -1.000000e+00
    outer loop
      vertex 1.917639e+01 -5.680307e+00 7.500000e+01
      vertex 1.931852e+01 -5.176381e+00 7.500000e+01
      vertex 2.414815e+01 -6.470476e+00 7.500000e+01
    endloop
  endfacet
  facet normal 0.000000e+00 0.000000e+00 -1.000000e+00
    outer loop
      vertex 1.917639e+01 -5.680307e+00 7.500000e+01
      vertex 2.414815e+01 -6.470476e+00 7.500000e+01
      vertex 2.397049e+01 -7.100384e+00 7.500000e+01
    endloop
  endfacet
  facet normal 0.000000e+00 0.000000e+00 -1.000000e+00
    outer loop
      vertex 1.931852e+01 -5.176381e+00 7.500000e+01
      vertex 1.944740e+01 -4.668907e+00 7.500000e+01
      vertex 2.430925e+01 -5.836134e+00 7.500000e+01
    endloop
  endfacet
  facet normal 0.000000e+00 0.000000e+00 -1.000000e+00
    outer loop
      vertex 1.931852e+01 -5.176381e+00 7.500000e+01
      vertex 2.430925e+01 -5.836134e+00 7.500000e+01
      vertex 2.414815e+01 -6.470476e+00 7.500000e+01
    endloop
  endfacet
  facet normal 0.000000e+00 0.000000e+00 -1.000000e+00
    outer loop
      vertex 1.944740e+01 -4.668907e+00 7.500000e+01
      vertex 1.956295e+01 -4.158234e+00 7.500000e+01
      vertex 2.445369e+01 -5.197792e+00 7.500000e+01
    endloop
  endfacet
  facet normal 0.000000e+00 0.000000e+00 -1.000000e+00
    outer loop
      vertex 1.944740e+01 -4.668907e+00 7.500000e+01
      vertex 2.445369e+01 -5.197792e+00 7.500000e+01
      vertex 2.430925e+01 -5.836134e+00 7.500000e+01
    endloop
  endfacet
  facet normal 0.000000e+00 0.000000e+00 -1.000000e+00
    outer loop
      vertex 1.956295e+01 -4.158234e+00 7.500000e+01
      vertex 1.966510e+01 -3.644711e+00 7.500000e+01
      vertex 2.458137e+01 -4.555888e+00 7.500000e+01
    endloop
  endfacet
  facet normal 0.000000e+00 0.000000e+00 -1.000000e+00
    outer loop
      vertex 1.956295e+01 -4.158234e+00 7.500000e+01
      vertex 2.458137e+01 -4.555888e+00 7.500000e+01
      vertex 2.445369e+01 -5.197792e+00 7.500000e+01
    endloop
  endfacet
  facet normal 0.000000e+00 0.000000e+00 -1.000000e+00
    outer loop
      vertex 1.966510e+01 -3.644711e+00 7.500000e+01
      vertex 1.975377e+01 -3.128689e+00 7.500000e+01
      vertex 2.469221e+01 -3.910862e+00 7.500000e+01
    endloop
  endfacet
  facet normal 0.000000e+00 0.000000e+00 -1.000000e+00
    outer loop
      vertex 1.966510e+01 -3.644711e+00 7.500000e+01
      vertex 2.469221e+01 -3.910862e+00 7.500000e+01
      vertex 2.458137e+01 -4.555888e+00 7.500000e+01
    endloop
  endfacet
  facet normal 0.000000e+00 0.000000e+00 -1.000000e+00
    outer loop
      vertex 1.975377e+01 -3.128689e+00 7.500000e+01
      vertex 1.982890e+01 -2.610524e+00 7.500000e+01
      vertex 2.478612e+01 -3.263155e+00 7.500000e+01
    endloop
  endfacet
  facet normal 0.000000e+00 0.000000e+00 -1.000000e+00
    outer loop
      vertex 1.975377e+01 -3.128689e+00 7.500000e+01
      vertex 2.478612e+01 -3.263155e+00 7.500000e+01
      vertex 2.469221e+01 -3.910862e+00 7.500000e+01
    endloop
  endfacet
  facet normal 0.000000e+00 0.000000e+00 -1.000000e+00
    outer loop
      vertex 1.982890e+01 -2.610524e+00 7.500000e+01
      vertex 1.989044e+01 -2.090569e+00 7.500000e+01
      vertex 2.486305e+01 -2.613212e+00 7.500000e+01
    endloop
  endfacet
  facet normal 0.000000e+00 0.000000e+00 -1.000000e+00
    outer loop
      vertex 1.982890e+01 -2.610524e+00 7.500000e+01
      vertex 2.486305e+01 -2.613212e+00 7.500000e+01
      vertex 2.478612e+01 -3.263155e+00 7.500000e+01
    endloop
  endfacet
  facet normal 0.000000e+00 0.000000e+00 -1.000000e+00
    outer loop
      vertex 1.989044e+01 -2.090569e+00 7.500000e+01
      vertex 1.993835e+01 -1.569182e+00 7.500000e+01
      vertex 2.492293e+01 -1.961477e+00 7.500000e+01
    endloop
  endfacet
  facet normal 0.000000e+00 0.000000e+00 -1.000000e+00
    outer loop
      vertex 1.989044e+01 -2.090569e+00 7.500000e+01
      vertex 2.492293e+01 -1.961477e+00 7.500000e+01
      vertex 2.486305e+01 -2.613212e+00 7.500000e+01
    endloop
  endfacet
  facet normal 0.000000e+00 0.000000e+00 -1.000000e+00
    outer loop
      vertex 1.993835e+01 -1.569182e+00 7.500000e+01
      vertex 1.997259e+01 -1.046719e+00 7.500000e+01
      vertex 2.496574e+01 -1.308399e+00 7.500000e+01
    endloop
  endfacet
  facet normal 0.000000e+00 0.000000e+00 -1.000000e+00
    outer loop
      vertex 1.993835e+01 -1.569182e+00 7.500000e+01
      vertex 2.496574e+01 -1.308399e+00 7.500000e+01
      vertex 2.492293e+01 -1.961477e+00 7.500000e+01
    endloop
  endfacet
  facet normal 0.000000e+00 0.000000e+00 -1.000000e+00
    outer loop
      vertex 1.997259e+01 -1.046719e+00 7.500000e+01
      vertex 1.999315e+01 -5.235390e-01 7.500000e+01
      vertex 2.499143e+01 -6.544237e-01 7.500000e+01
    endloop
  endfacet
  facet normal 0.000000e+00 0.000000e+00 -1.000000e+00
    outer loop
      vertex 1.997259e+01 -1.046719e+00 7.500000e+01
      vertex 2.499143e+01 -6.544237e-01 7.500000e+01
      vertex 2.496574e+01 -1.308399e+00 7.500000e+01
    endloop
  endfacet
  facet normal 0.000000e+00 0.000000e+00 -1.000000e+00
    outer loop
      vertex 1.999315e+01 -5.235390e-01 7.500000e+01
      vertex 2.000000e+01 0.000000e+00 7.500000e+01
      vertex 2.500000e+01 0.000000e+00 7.500000e+01
    endloop
  endfacet
  facet normal 0.000000e+00 0.000000e+00 -1.000000e+00
    outer loop
      vertex 1.999315e+01 -5.235390e-01 7.500000e+01
      vertex 2.500000e+01 0.000000e+00 7.500000e+01
      vertex 2.499143e+01 -6.544237e-01 7.500000e+01
    endloop
  endfacet
endsolid cylinder_cup_5mm_wall
