solid sleeve_wall_2p5mm
  facet normal 9.999247e-01 1.227154e-02 0.000000e+00
    outer loop
      vertex 5.330000e+01 0.000000e+00 0.000000e+00
      vertex 5.328395e+01 1.308047e+00 0.000000e+00
      vertex 5.328395e+01 1.308047e+00 4.177500e+01
    endloop
  endfacet
  facet normal 9.999247e-01 1.227154e-02 -0.000000e+00
    outer loop
      vertex 5.330000e+01 0.000000e+00 0.000000e+00
      vertex 5.328395e+01 1.308047e+00 4.177500e+01
      vertex 5.330000e+01 0.000000e+00 4.177500e+01
    endloop
  endfacet
  facet normal 9.993224e-01 3.680722e-02 0.000000e+00
    outer loop
      vertex 5.328395e+01 1.308047e+00 0.000000e+00
      vertex 5.323580e+01 2.615307e+00 0.000000e+00
      vertex 5.323580e+01 2.615307e+00 4.177500e+01
    endloop
  endfacet
  facet normal 9.993224e-01 3.680722e-02 -0.000000e+00
    outer loop
      vertex 5.328395e+01 1.308047e+00 0.000000e+00
      vertex 5.323580e+01 2.615307e+00 4.177500e+01
      vertex 5.328395e+01 1.308047e+00 4.177500e+01
    endloop
  endfacet
  facet normal 9.981181e-01 6.132074e-02 0.000000e+00
    outer loop
      vertex 5.323580e+01 2.615307e+00 0.000000e+00
      vertex 5.315558e+01 3.920991e+00 0.000000e+00
      vertex 5.315558e+01 3.920991e+00 4.177500e+01
    endloop
  endfacet
  facet normal 9.981181e-01 6.132074e-02 -0.000000e+00
    outer loop
      vertex 5.323580e+01 2.615307e+00 0.000000e+00
      vertex 5.315558e+01 3.920991e+00 4.177500e+01
      vertex 5.323580e+01 2.615307e+00 4.177500e+01
    endloop
  endfacet
  facet normal 9.963126e-01 8.579731e-02 0.000000e+00
    outer loop
      vertex 5.315558e+01 3.920991e+00 0.000000e+00
      vertex 5.304335e+01 5.224314e+00 0.000000e+00
      vertex 5.304335e+01 5.224314e+00 4.177500e+01
    endloop
  endfacet
  facet normal 9.963126e-01 8.579731e-02 -0.000000e+00
    outer loop
      vertex 5.315558e+01 3.920991e+00 0.000000e+00
      vertex 5.304335e+01 5.224314e+00 4.177500e+01
      vertex 5.315558e+01 3.920991e+00 4.177500e+01
    endloop
  endfacet
  facet normal 9.939070e-01 1.102222e-01 0.000000e+00
    outer loop
      vertex 5.304335e+01 5.224314e+00 0.000000e+00
      vertex 5.289916e+01 6.524489e+00 0.000000e+00
      vertex 5.289916e+01 6.524489e+00 4.177500e+01
    endloop
  endfacet
  facet normal 9.939070e-01 1.102222e-01 -0.000000e+00
    outer loop
      vertex 5.304335e+01 5.224314e+00 0.000000e+00
      vertex 5.289916e+01 6.524489e+00 4.177500e+01
      vertex 5.304335e+01 5.224314e+00 4.177500e+01
    endloop
  endfacet
  facet normal 9.909026e-01 1.345807e-01 0.000000e+00
    outer loop
      vertex 5.289916e+01 6.524489e+00 0.000000e+00
      vertex 5.272311e+01 7.820734e+00 0.000000e+00
      vertex 5.272311e+01 7.820734e+00 4.177500e+01
    endloop
  endfacet
  facet normal 9.909026e-01 1.345807e-01 -0.000000e+00
    outer loop
      vertex 5.289916e+01 6.524489e+00 0.000000e+00
      vertex 5.272311e+01 7.820734e+00 4.177500e+01
      vertex 5.289916e+01 6.524489e+00 4.177500e+01
    endloop
  endfacet
  facet normal 9.873014e-01 1.588581e-01 0.000000e+00
    outer loop
      vertex 5.272311e+01 7.820734e+00 0.000000e+00
      vertex 5.251530e+01 9.112269e+00 0.000000e+00
      vertex 5.251530e+01 9.112269e+00 4.177500e+01
    endloop
  endfacet
  facet normal 9.873014e-01 1.588581e-01 -0.000000e+00
    outer loop
      vertex 5.272311e+01 7.820734e+00 0.000000e+00
      vertex 5.251530e+01 9.112269e+00 4.177500e+01
      vertex 5.272311e+01 7.820734e+00 4.177500e+01
    endloop
  endfacet
  facet normal 9.831055e-01 1.830399e-01 0.000000e+00
    outer loop
      vertex 5.251530e+01 9.112269e+00 0.000000e+00
      vertex 5.227586e+01 1.039831e+01 0.000000e+00
      vertex 5.227586e+01 1.039831e+01 4.177500e+01
    endloop
  endfacet
  facet normal 9.831055e-01 1.830399e-01 -0.000000e+00
    outer loop
      vertex 5.251530e+01 9.112269e+00 0.000000e+00
      vertex 5.227586e+01 1.039831e+01 4.177500e+01
      vertex 5.251530e+01 9.112269e+00 4.177500e+01
    endloop
  endfacet
  facet normal 9.783174e-01 2.071114e-01 0.000000e+00
    outer loop
      vertex 5.227586e+01 1.039831e+01 0.000000e+00
      vertex 5.200492e+01 1.167810e+01 0.000000e+00
      vertex 5.200492e+01 1.167810e+01 4.177500e+01
    endloop
  endfacet
  facet normal 9.783174e-01 2.071114e-01 -0.000000e+00
    outer loop
      vertex 5.227586e+01 1.039831e+01 0.000000e+00
      vertex 5.200492e+01 1.167810e+01 4.177500e+01
      vertex 5.227586e+01 1.039831e+01 4.177500e+01
    endloop
  endfacet
  facet normal 9.729400e-01 2.310581e-01 0.000000e+00
    outer loop
      vertex 5.200492e+01 1.167810e+01 0.000000e+00
      vertex 5.170267e+01 1.295084e+01 0.000000e+00
      vertex 5.170267e+01 1.295084e+01 4.177500e+01
    endloop
  endfacet
  facet normal 9.729400e-01 2.310581e-01 -0.000000e+00
    outer loop
      vertex 5.200492e+01 1.167810e+01 0.000000e+00
      vertex 5.170267e+01 1.295084e+01 4.177500e+01
      vertex 5.200492e+01 1.167810e+01 4.177500e+01
    endloop
  endfacet
  facet normal 9.669765e-01 2.548657e-01 0.000000e+00
    outer loop
      vertex 5.170267e+01 1.295084e+01 0.000000e+00
      vertex 5.136926e+01 1.421579e+01 0.000000e+00
      vertex 5.136926e+01 1.421579e+01 4.177500e+01
    endloop
  endfacet
  facet normal 9.669765e-01 2.548657e-01 -0.000000e+00
    outer loop
      vertex 5.170267e+01 1.295084e+01 0.000000e+00
      vertex 5.136926e+01 1.421579e+01 4.177500e+01
      vertex 5.170267e+01 1.295084e+01 4.177500e+01
    endloop
  endfacet
  facet normal 9.604305e-01 2.785197e-01 0.000000e+00
    outer loop
      vertex 5.136926e+01 1.421579e+01 0.000000e+00
      vertex 5.100492e+01 1.547217e+01 0.000000e+00
      vertex 5.100492e+01 1.547217e+01 4.177500e+01
    endloop
  endfacet
  facet normal 9.604305e-01 2.785197e-01 -0.000000e+00
    outer loop
      vertex 5.136926e+01 1.421579e+01 0.000000e+00
      vertex 5.100492e+01 1.547217e+01 4.177500e+01
      vertex 5.136926e+01 1.421579e+01 4.177500e+01
    endloop
  endfacet
  facet normal 9.533060e-01 3.020059e-01 0.000000e+00
    outer loop
      vertex 5.100492e+01 1.547217e+01 0.000000e+00
      vertex 5.060985e+01 1.671924e+01 0.000000e+00
      vertex 5.060985e+01 1.671924e+01 4.177500e+01
    endloop
  endfacet
  facet normal 9.533060e-01 3.020059e-01 -0.000000e+00
    outer loop
      vertex 5.100492e+01 1.547217e+01 0.000000e+00
      vertex 5.060985e+01 1.671924e+01 4.177500e+01
      vertex 5.100492e+01 1.547217e+01 4.177500e+01
    endloop
  endfacet
  facet normal 9.456073e-01 3.253103e-01 0.000000e+00
    outer loop
      vertex 5.060985e+01 1.671924e+01 0.000000e+00
      vertex 5.018430e+01 1.795623e+01 0.000000e+00
      vertex 5.018430e+01 1.795623e+01 4.177500e+01
    endloop
  endfacet
  facet normal 9.456073e-01 3.253103e-01 -0.000000e+00
    outer loop
      vertex 5.060985e+01 1.671924e+01 0.000000e+00
      vertex 5.018430e+01 1.795623e+01 4.177500e+01
      vertex 5.060985e+01 1.671924e+01 4.177500e+01
    endloop
  endfacet
  facet normal 9.373390e-01 3.484187e-01 0.000000e+00
    outer loop
      vertex 5.018430e+01 1.795623e+01 0.000000e+00
      vertex 4.972852e+01 1.918241e+01 0.000000e+00
      vertex 4.972852e+01 1.918241e+01 4.177500e+01
    endloop
  endfacet
  facet normal 9.373390e-01 3.484187e-01 -0.000000e+00
    outer loop
      vertex 5.018430e+01 1.795623e+01 0.000000e+00
      vertex 4.972852e+01 1.918241e+01 4.177500e+01
      vertex 5.018430e+01 1.795623e+01 4.177500e+01
    endloop
  endfacet
  facet normal 9.285061e-01 3.713172e-01 0.000000e+00
    outer loop
      vertex 4.972852e+01 1.918241e+01 0.000000e+00
      vertex 4.924278e+01 2.039703e+01 0.000000e+00
      vertex 4.924278e+01 2.039703e+01 4.177500e+01
    endloop
  endfacet
  facet normal 9.285061e-01 3.713172e-01 -0.000000e+00
    outer loop
      vertex 4.972852e+01 1.918241e+01 0.000000e+00
      vertex 4.924278e+01 2.039703e+01 4.177500e+01
      vertex 4.972852e+01 1.918241e+01 4.177500e+01
    endloop
  endfacet
  facet normal 9.191139e-01 3.939920e-01 0.000000e+00
    outer loop
      vertex 4.924278e+01 2.039703e+01 0.000000e+00
      vertex 4.872738e+01 2.159936e+01 0.000000e+00
      vertex 4.872738e+01 2.159936e+01 4.177500e+01
    endloop
  endfacet
  facet normal 9.191139e-01 3.939920e-01 -0.000000e+00
    outer loop
      vertex 4.924278e+01 2.039703e+01 0.000000e+00
      vertex 4.872738e+01 2.159936e+01 4.177500e+01
      vertex 4.924278e+01 2.039703e+01 4.177500e+01
    endloop
  endfacet
  facet normal 9.091680e-01 4.164296e-01 0.000000e+00
    outer loop
      vertex 4.872738e+01 2.159936e+01 0.000000e+00
      vertex 4.818263e+01 2.278869e+01 0.000000e+00
      vertex 4.818263e+01 2.278869e+01 4.177500e+01
    endloop
  endfacet
  facet normal 9.091680e-01 4.164296e-01 -0.000000e+00
    outer loop
      vertex 4.872738e+01 2.159936e+01 0.000000e+00
      vertex 4.818263e+01 2.278869e+01 4.177500e+01
      vertex 4.872738e+01 2.159936e+01 4.177500e+01
    endloop
  endfacet
  facet normal 8.986745e-01 4.386162e-01 0.000000e+00
    outer loop
      vertex 4.818263e+01 2.278869e+01 0.000000e+00
      vertex 4.760886e+01 2.396428e+01 0.000000e+00
      vertex 4.760886e+01 2.396428e+01 4.177500e+01
    endloop
  endfacet
  facet normal 8.986745e-01 4.386162e-01 -0.000000e+00
    outer loop
      vertex 4.818263e+01 2.278869e+01 0.000000e+00
      vertex 4.760886e+01 2.396428e+01 4.177500e+01
      vertex 4.818263e+01 2.278869e+01 4.177500e+01
    endloop
  endfacet
  facet normal 8.876396e-01 4.605387e-01 0.000000e+00
    outer loop
      vertex 4.760886e+01 2.396428e+01 0.000000e+00
      vertex 4.700640e+01 2.512545e+01 0.000000e+00
      vertex 4.700640e+01 2.512545e+01 4.177500e+01
    endloop
  endfacet
  facet normal 8.876396e-01 4.605387e-01 -0.000000e+00
    outer loop
      vertex 4.760886e+01 2.396428e+01 0.000000e+00
      vertex 4.700640e+01 2.512545e+01 4.177500e+01
      vertex 4.760886e+01 2.396428e+01 4.177500e+01
    endloop
  endfacet
  facet normal 8.760701e-01 4.821838e-01 0.000000e+00
    outer loop
      vertex 4.700640e+01 2.512545e+01 0.000000e+00
      vertex 4.637564e+01 2.627147e+01 0.000000e+00
      vertex 4.637564e+01 2.627147e+01 4.177500e+01
    endloop
  endfacet
  facet normal 8.760701e-01 4.821838e-01 -0.000000e+00
    outer loop
      vertex 4.700640e+01 2.512545e+01 0.000000e+00
      vertex 4.637564e+01 2.627147e+01 4.177500e+01
      vertex 4.700640e+01 2.512545e+01 4.177500e+01
    endloop
  endfacet
  facet normal 8.639729e-01 5.035384e-01 0.000000e+00
    outer loop
      vertex 4.637564e+01 2.627147e+01 0.000000e+00
      vertex 4.571693e+01 2.740168e+01 0.000000e+00
      vertex 4.571693e+01 2.740168e+01 4.177500e+01
    endloop
  endfacet
  facet normal 8.639729e-01 5.035384e-01 -0.000000e+00
    outer loop
      vertex 4.637564e+01 2.627147e+01 0.000000e+00
      vertex 4.571693e+01 2.740168e+01 4.177500e+01
      vertex 4.637564e+01 2.627147e+01 4.177500e+01
    endloop
  endfacet
  facet normal 8.513552e-01 5.245897e-01 0.000000e+00
    outer loop
      vertex 4.571693e+01 2.740168e+01 0.000000e+00
      vertex 4.503070e+01 2.851537e+01 0.000000e+00
      vertex 4.503070e+01 2.851537e+01 4.177500e+01
    endloop
  endfacet
  facet normal 8.513552e-01 5.245897e-01 -0.000000e+00
    outer loop
      vertex 4.571693e+01 2.740168e+01 0.000000e+00
      vertex 4.503070e+01 2.851537e+01 4.177500e+01
      vertex 4.571693e+01 2.740168e+01 4.177500e+01
    endloop
  endfacet
  facet normal 8.382247e-01 5.453250e-01 0.000000e+00
    outer loop
      vertex 4.503070e+01 2.851537e+01 0.000000e+00
      vertex 4.431733e+01 2.961189e+01 0.000000e+00
      vertex 4.431733e+01 2.961189e+01 4.177500e+01
    endloop
  endfacet
  facet normal 8.382247e-01 5.453250e-01 -0.000000e+00
    outer loop
      vertex 4.503070e+01 2.851537e+01 0.000000e+00
      vertex 4.431733e+01 2.961189e+01 4.177500e+01
      vertex 4.503070e+01 2.851537e+01 4.177500e+01
    endloop
  endfacet
  facet normal 8.245893e-01 5.657318e-01 0.000000e+00
    outer loop
      vertex 4.431733e+01 2.961189e+01 0.000000e+00
      vertex 4.357727e+01 3.069058e+01 0.000000e+00
      vertex 4.357727e+01 3.069058e+01 4.177500e+01
    endloop
  endfacet
  facet normal 8.245893e-01 5.657318e-01 -0.000000e+00
    outer loop
      vertex 4.431733e+01 2.961189e+01 0.000000e+00
      vertex 4.357727e+01 3.069058e+01 4.177500e+01
      vertex 4.431733e+01 2.961189e+01 4.177500e+01
    endloop
  endfacet
  facet normal 8.104572e-01 5.857979e-01 0.000000e+00
    outer loop
      vertex 4.357727e+01 3.069058e+01 0.000000e+00
      vertex 4.281096e+01 3.175077e+01 0.000000e+00
      vertex 4.281096e+01 3.175077e+01 4.177500e+01
    endloop
  endfacet
  facet normal 8.104572e-01 5.857979e-01 -0.000000e+00
    outer loop
      vertex 4.357727e+01 3.069058e+01 0.000000e+00
      vertex 4.281096e+01 3.175077e+01 4.177500e+01
      vertex 4.357727e+01 3.069058e+01 4.177500e+01
    endloop
  endfacet
  facet normal 7.958369e-01 6.055110e-01 0.000000e+00
    outer loop
      vertex 4.281096e+01 3.175077e+01 0.000000e+00
      vertex 4.201886e+01 3.279184e+01 0.000000e+00
      vertex 4.201886e+01 3.279184e+01 4.177500e+01
    endloop
  endfacet
  facet normal 7.958369e-01 6.055110e-01 -0.000000e+00
    outer loop
      vertex 4.281096e+01 3.175077e+01 0.000000e+00
      vertex 4.201886e+01 3.279184e+01 4.177500e+01
      vertex 4.281096e+01 3.175077e+01 4.177500e+01
    endloop
  endfacet
  facet normal 7.807372e-01 6.248595e-01 0.000000e+00
    outer loop
      vertex 4.201886e+01 3.279184e+01 0.000000e+00
      vertex 4.120146e+01 3.381316e+01 0.000000e+00
      vertex 4.120146e+01 3.381316e+01 4.177500e+01
    endloop
  endfacet
  facet normal 7.807372e-01 6.248595e-01 -0.000000e+00
    outer loop
      vertex 4.201886e+01 3.279184e+01 0.000000e+00
      vertex 4.120146e+01 3.381316e+01 4.177500e+01
      vertex 4.201886e+01 3.279184e+01 4.177500e+01
    endloop
  endfacet
  facet normal 7.651673e-01 6.438315e-01 0.000000e+00
    outer loop
      vertex 4.120146e+01 3.381316e+01 0.000000e+00
      vertex 4.035923e+01 3.481411e+01 0.000000e+00
      vertex 4.035923e+01 3.481411e+01 4.177500e+01
    endloop
  endfacet
  facet normal 7.651673e-01 6.438315e-01 -0.000000e+00
    outer loop
      vertex 4.120146e+01 3.381316e+01 0.000000e+00
      vertex 4.035923e+01 3.481411e+01 4.177500e+01
      vertex 4.120146e+01 3.381316e+01 4.177500e+01
    endloop
  endfacet
  facet normal 7.491364e-01 6.624158e-01 0.000000e+00
    outer loop
      vertex 4.035923e+01 3.481411e+01 0.000000e+00
      vertex 3.949269e+01 3.579409e+01 0.000000e+00
      vertex 3.949269e+01 3.579409e+01 4.177500e+01
    endloop
  endfacet
  facet normal 7.491364e-01 6.624158e-01 -0.000000e+00
    outer loop
      vertex 4.035923e+01 3.481411e+01 0.000000e+00
      vertex 3.949269e+01 3.579409e+01 4.177500e+01
      vertex 4.035923e+01 3.481411e+01 4.177500e+01
    endloop
  endfacet
  facet normal 7.326543e-01 6.806010e-01 0.000000e+00
    outer loop
      vertex 3.949269e+01 3.579409e+01 0.000000e+00
      vertex 3.860237e+01 3.675251e+01 0.000000e+00
      vertex 3.860237e+01 3.675251e+01 4.177500e+01
    endloop
  endfacet
  facet normal 7.326543e-01 6.806010e-01 -0.000000e+00
    outer loop
      vertex 3.949269e+01 3.579409e+01 0.000000e+00
      vertex 3.860237e+01 3.675251e+01 4.177500e+01
      vertex 3.949269e+01 3.579409e+01 4.177500e+01
    endloop
  endfacet
  facet normal 7.157308e-01 6.983762e-01 0.000000e+00
    outer loop
      vertex 3.860237e+01 3.675251e+01 0.000000e+00
      vertex 3.768879e+01 3.768879e+01 0.000000e+00
      vertex 3.768879e+01 3.768879e+01 4.177500e+01
    endloop
  endfacet
  facet normal 7.157308e-01 6.983762e-01 -0.000000e+00
    outer loop
      vertex 3.860237e+01 3.675251e+01 0.000000e+00
      vertex 3.768879e+01 3.768879e+01 4.177500e+01
      vertex 3.860237e+01 3.675251e+01 4.177500e+01
    endloop
  endfacet
  facet normal 6.983762e-01 7.157308e-01 0.000000e+00
    outer loop
      vertex 3.768879e+01 3.768879e+01 0.000000e+00
      vertex 3.675251e+01 3.860237e+01 0.000000e+00
      vertex 3.675251e+01 3.860237e+01 4.177500e+01
    endloop
  endfacet
  facet normal 6.983762e-01 7.157308e-01 -0.000000e+00
    outer loop
      vertex 3.768879e+01 3.768879e+01 0.000000e+00
      vertex 3.675251e+01 3.860237e+01 4.177500e+01
      vertex 3.768879e+01 3.768879e+01 4.177500e+01
    endloop
  endfacet
  facet normal 6.806010e-01 7.326543e-01 0.000000e+00
    outer loop
      vertex 3.675251e+01 3.860237e+01 0.000000e+00
      vertex 3.579409e+01 3.949269e+01 0.000000e+00
      vertex 3.579409e+01 3.949269e+01 4.177500e+01
    endloop
  endfacet
  facet normal 6.806010e-01 7.326543e-01 -0.000000e+00
    outer loop
      vertex 3.675251e+01 3.860237e+01 0.000000e+00
      vertex 3.579409e+01 3.949269e+01 4.177500e+01
      vertex 3.675251e+01 3.860237e+01 4.177500e+01
    endloop
  endfacet
  facet normal 6.624158e-01 7.491364e-01 0.000000e+00
    outer loop
      vertex 3.579409e+01 3.949269e+01 0.000000e+00
      vertex 3.481411e+01 4.035923e+01 0.000000e+00
      vertex 3.481411e+01 4.035923e+01 4.177500e+01
    endloop
  endfacet
  facet normal 6.624158e-01 7.491364e-01 -0.000000e+00
    outer loop
      vertex 3.579409e+01 3.949269e+01 0.000000e+00
      vertex 3.481411e+01 4.035923e+01 4.177500e+01
      vertex 3.579409e+01 3.949269e+01 4.177500e+01
    endloop
  endfacet
  facet normal 6.438315e-01 7.651673e-01 0.000000e+00
    outer loop
      vertex 3.481411e+01 4.035923e+01 0.000000e+00
      vertex 3.381316e+01 4.120146e+01 0.000000e+00
      vertex 3.381316e+01 4.120146e+01 4.177500e+01
    endloop
  endfacet
  facet normal 6.438315e-01 7.651673e-01 -0.000000e+00
    outer loop
      vertex 3.481411e+01 4.035923e+01 0.000000e+00
      vertex 3.381316e+01 4.120146e+01 4.177500e+01
      vertex 3.481411e+01 4.035923e+01 4.177500e+01
    endloop
  endfacet
  facet normal 6.248595e-01 7.807372e-01 0.000000e+00
    outer loop
      vertex 3.381316e+01 4.120146e+01 0.000000e+00
      vertex 3.279184e+01 4.201886e+01 0.000000e+00
      vertex 3.279184e+01 4.201886e+01 4.177500e+01
    endloop
  endfacet
  facet normal 6.248595e-01 7.807372e-01 -0.000000e+00
    outer loop
      vertex 3.381316e+01 4.120146e+01 0.000000e+00
      vertex 3.279184e+01 4.201886e+01 4.177500e+01
      vertex 3.381316e+01 4.120146e+01 4.177500e+01
    endloop
  endfacet
  facet normal 6.055110e-01 7.958369e-01 0.000000e+00
    outer loop
      vertex 3.279184e+01 4.201886e+01 0.000000e+00
      vertex 3.175077e+01 4.281096e+01 0.000000e+00
      vertex 3.175077e+01 4.281096e+01 4.177500e+01
    endloop
  endfacet
  facet normal 6.055110e-01 7.958369e-01 -0.000000e+00
    outer loop
      vertex 3.279184e+01 4.201886e+01 0.000000e+00
      vertex 3.175077e+01 4.281096e+01 4.177500e+01
      vertex 3.279184e+01 4.201886e+01 4.177500e+01
    endloop
  endfacet
  facet normal 5.857979e-01 8.104572e-01 0.000000e+00
    outer loop
      vertex 3.175077e+01 4.281096e+01 0.000000e+00
      vertex 3.069058e+01 4.357727e+01 0.000000e+00
      vertex 3.069058e+01 4.357727e+01 4.177500e+01
    endloop
  endfacet
  facet normal 5.857979e-01 8.104572e-01 -0.000000e+00
    outer loop
      vertex 3.175077e+01 4.281096e+01 0.000000e+00
      vertex 3.069058e+01 4.357727e+01 4.177500e+01
      vertex 3.175077e+01 4.281096e+01 4.177500e+01
    endloop
  endfacet
  facet normal 5.657318e-01 8.245893e-01 0.000000e+00
    outer loop
      vertex 3.069058e+01 4.357727e+01 0.000000e+00
      vertex 2.961189e+01 4.431733e+01 0.000000e+00
      vertex 2.961189e+01 4.431733e+01 4.177500e+01
    endloop
  endfacet
  facet normal 5.657318e-01 8.245893e-01 -0.000000e+00
    outer loop
      vertex 3.069058e+01 4.357727e+01 0.000000e+00
      vertex 2.961189e+01 4.431733e+01 4.177500e+01
      vertex 3.069058e+01 4.357727e+01 4.177500e+01
    endloop
  endfacet
  facet normal 5.453250e-01 8.382247e-01 0.000000e+00
    outer loop
      vertex 2.961189e+01 4.431733e+01 0.000000e+00
      vertex 2.851537e+01 4.503070e+01 0.000000e+00
      vertex 2.851537e+01 4.503070e+01 4.177500e+01
    endloop
  endfacet
  facet normal 5.453250e-01 8.382247e-01 -0.000000e+00
    outer loop
      vertex 2.961189e+01 4.431733e+01 0.000000e+00
      vertex 2.851537e+01 4.503070e+01 4.177500e+01
      vertex 2.961189e+01 4.431733e+01 4.177500e+01
    endloop
  endfacet
  facet normal 5.245897e-01 8.513552e-01 0.000000e+00
    outer loop
      vertex 2.851537e+01 4.503070e+01 0.000000e+00
      vertex 2.740168e+01 4.571693e+01 0.000000e+00
      vertex 2.740168e+01 4.571693e+01 4.177500e+01
    endloop
  endfacet
  facet normal 5.245897e-01 8.513552e-01 -0.000000e+00
    outer loop
      vertex 2.851537e+01 4.503070e+01 0.000000e+00
      vertex 2.740168e+01 4.571693e+01 4.177500e+01
      vertex 2.851537e+01 4.503070e+01 4.177500e+01
    endloop
  endfacet
  facet normal 5.035384e-01 8.639729e-01 0.000000e+00
    outer loop
      vertex 2.740168e+01 4.571693e+01 0.000000e+00
      vertex 2.627147e+01 4.637564e+01 0.000000e+00
      vertex 2.627147e+01 4.637564e+01 4.177500e+01
    endloop
  endfacet
  facet normal 5.035384e-01 8.639729e-01 -0.000000e+00
    outer loop
      vertex 2.740168e+01 4.571693e+01 0.000000e+00
      vertex 2.627147e+01 4.637564e+01 4.177500e+01
      vertex 2.740168e+01 4.571693e+01 4.177500e+01
    endloop
  endfacet
  facet normal 4.821838e-01 8.760701e-01 0.000000e+00
    outer loop
      vertex 2.627147e+01 4.637564e+01 0.000000e+00
      vertex 2.512545e+01 4.700640e+01 0.000000e+00
      vertex 2.512545e+01 4.700640e+01 4.177500e+01
    endloop
  endfacet
  facet normal 4.821838e-01 8.760701e-01 -0.000000e+00
    outer loop
      vertex 2.627147e+01 4.637564e+01 0.000000e+00
      vertex 2.512545e+01 4.700640e+01 4.177500e+01
      vertex 2.627147e+01 4.637564e+01 4.177500e+01
    endloop
  endfacet
  facet normal 4.605387e-01 8.876396e-01 0.000000e+00
    outer loop
      vertex 2.512545e+01 4.700640e+01 0.000000e+00
      vertex 2.396428e+01 4.760886e+01 0.000000e+00
      vertex 2.396428e+01 4.760886e+01 4.177500e+01
    endloop
  endfacet
  facet normal 4.605387e-01 8.876396e-01 -0.000000e+00
    outer loop
      vertex 2.512545e+01 4.700640e+01 0.000000e+00
      vertex 2.396428e+01 4.760886e+01 4.177500e+01
      vertex 2.512545e+01 4.700640e+01 4.177500e+01
    endloop
  endfacet
  facet normal 4.386162e-01 8.986745e-01 0.000000e+00
    outer loop
      vertex 2.396428e+01 4.760886e+01 0.000000e+00
      vertex 2.278869e+01 4.818263e+01 0.000000e+00
      vertex 2.278869e+01 4.818263e+01 4.177500e+01
    endloop
  endfacet
  facet normal 4.386162e-01 8.986745e-01 -0.000000e+00
    outer loop
      vertex 2.396428e+01 4.760886e+01 0.000000e+00
      vertex 2.278869e+01 4.818263e+01 4.177500e+01
      vertex 2.396428e+01 4.760886e+01 4.177500e+01
    endloop
  endfacet
  facet normal 4.164296e-01 9.091680e-01 0.000000e+00
    outer loop
      vertex 2.278869e+01 4.818263e+01 0.000000e+00
      vertex 2.159936e+01 4.872738e+01 0.000000e+00
      vertex 2.159936e+01 4.872738e+01 4.177500e+01
    endloop
  endfacet
  facet normal 4.164296e-01 9.091680e-01 -0.000000e+00
    outer loop
      vertex 2.278869e+01 4.818263e+01 0.000000e+00
      vertex 2.159936e+01 4.872738e+01 4.177500e+01
      vertex 2.278869e+01 4.818263e+01 4.177500e+01
    endloop
  endfacet
  facet normal 3.939920e-01 9.191139e-01 0.000000e+00
    outer loop
      vertex 2.159936e+01 4.872738e+01 0.000000e+00
      vertex 2.039703e+01 4.924278e+01 0.000000e+00
      vertex 2.039703e+01 4.924278e+01 4.177500e+01
    endloop
  endfacet
  facet normal 3.939920e-01 9.191139e-01 -0.000000e+00
    outer loop
      vertex 2.159936e+01 4.872738e+01 0.000000e+00
      vertex 2.039703e+01 4.924278e+01 4.177500e+01
      vertex 2.159936e+01 4.872738e+01 4.177500e+01
    endloop
  endfacet
  facet normal 3.713172e-01 9.285061e-01 0.000000e+00
    outer loop
      vertex 2.039703e+01 4.924278e+01 0.000000e+00
      vertex 1.918241e+01 4.972852e+01 0.000000e+00
      vertex 1.918241e+01 4.972852e+01 4.177500e+01
    endloop
  endfacet
  facet normal 3.713172e-01 9.285061e-01 -0.000000e+00
    outer loop
      vertex 2.039703e+01 4.924278e+01 0.000000e+00
      vertex 1.918241e+01 4.972852e+01 4.177500e+01
      vertex 2.039703e+01 4.924278e+01 4.177500e+01
    endloop
  endfacet
  facet normal 3.484187e-01 9.373390e-01 0.000000e+00
    outer loop
      vertex 1.918241e+01 4.972852e+01 0.000000e+00
      vertex 1.795623e+01 5.018430e+01 0.000000e+00
      vertex 1.795623e+01 5.018430e+01 4.177500e+01
    endloop
  endfacet
  facet normal 3.484187e-01 9.373390e-01 -0.000000e+00
    outer loop
      vertex 1.918241e+01 4.972852e+01 0.000000e+00
      vertex 1.795623e+01 5.018430e+01 4.177500e+01
      vertex 1.918241e+01 4.972852e+01 4.177500e+01
    endloop
  endfacet
  facet normal 3.253103e-01 9.456073e-01 0.000000e+00
    outer loop
      vertex 1.795623e+01 5.018430e+01 0.000000e+00
      vertex 1.671924e+01 5.060985e+01 0.000000e+00
      vertex 1.671924e+01 5.060985e+01 4.177500e+01
    endloop
  endfacet
  facet normal 3.253103e-01 9.456073e-01 -0.000000e+00
    outer loop
      vertex 1.795623e+01 5.018430e+01 0.000000e+00
      vertex 1.671924e+01 5.060985e+01 4.177500e+01
      vertex 1.795623e+01 5.018430e+01 4.177500e+01
    endloop
  endfacet
  facet normal 3.020059e-01 9.533060e-01 0.000000e+00
    outer loop
      vertex 1.671924e+01 5.060985e+01 0.000000e+00
      vertex 1.547217e+01 5.100492e+01 0.000000e+00
      vertex 1.547217e+01 5.100492e+01 4.177500e+01
    endloop
  endfacet
  facet normal 3.020059e-01 9.533060e-01 -0.000000e+00
    outer loop
      vertex 1.671924e+01 5.060985e+01 0.000000e+00
      vertex 1.547217e+01 5.100492e+01 4.177500e+01
      vertex 1.671924e+01 5.060985e+01 4.177500e+01
    endloop
  endfacet
  facet normal 2.785197e-01 9.604305e-01 0.000000e+00
    outer loop
      vertex 1.547217e+01 5.100492e+01 0.000000e+00
      vertex 1.421579e+01 5.136926e+01 0.000000e+00
      vertex 1.421579e+01 5.136926e+01 4.177500e+01
    endloop
  endfacet
  facet normal 2.785197e-01 9.604305e-01 -0.000000e+00
    outer loop
      vertex 1.547217e+01 5.100492e+01 0.000000e+00
      vertex 1.421579e+01 5.136926e+01 4.177500e+01
      vertex 1.547217e+01 5.100492e+01 4.177500e+01
    endloop
  endfacet
  facet normal 2.548657e-01 9.669765e-01 0.000000e+00
    outer loop
      vertex 1.421579e+01 5.136926e+01 0.000000e+00
      vertex 1.295084e+01 5.170267e+01 0.000000e+00
      vertex 1.295084e+01 5.170267e+01 4.177500e+01
    endloop
  endfacet
  facet normal 2.548657e-01 9.669765e-01 -0.000000e+00
    outer loop
      vertex 1.421579e+01 5.136926e+01 0.000000e+00
      vertex 1.295084e+01 5.170267e+01 4.177500e+01
      vertex 1.421579e+01 5.136926e+01 4.177500e+01
    endloop
  endfacet
  facet normal 2.310581e-01 9.729400e-01 0.000000e+00
    outer loop
      vertex 1.295084e+01 5.170267e+01 0.000000e+00
      vertex 1.167810e+01 5.200492e+01 0.000000e+00
      vertex 1.167810e+01 5.200492e+01 4.177500e+01
    endloop
  endfacet
  facet normal 2.310581e-01 9.729400e-01 -0.000000e+00
    outer loop
      vertex 1.295084e+01 5.170267e+01 0.000000e+00
      vertex 1.167810e+01 5.200492e+01 4.177500e+01
      vertex 1.295084e+01 5.170267e+01 4.177500e+01
    endloop
  endfacet
  facet normal 2.071114e-01 9.783174e-01 0.000000e+00
    outer loop
      vertex 1.167810e+01 5.200492e+01 0.000000e+00
      vertex 1.039831e+01 5.227586e+01 0.000000e+00
      vertex 1.039831e+01 5.227586e+01 4.177500e+01
    endloop
  endfacet
  facet normal 2.071114e-01 9.783174e-01 -0.000000e+00
    outer loop
      vertex 1.167810e+01 5.200492e+01 0.000000e+00
      vertex 1.039831e+01 5.227586e+01 4.177500e+01
      vertex 1.167810e+01 5.200492e+01 4.177500e+01
    endloop
  endfacet
  facet normal 1.830399e-01 9.831055e-01 0.000000e+00
    outer loop
      vertex 1.039831e+01 5.227586e+01 0.000000e+00
      vertex 9.112269e+00 5.251530e+01 0.000000e+00
      vertex 9.112269e+00 5.251530e+01 4.177500e+01
    endloop
  endfacet
  facet normal 1.830399e-01 9.831055e-01 -0.000000e+00
    outer loop
      vertex 1.039831e+01 5.227586e+01 0.000000e+00
      vertex 9.112269e+00 5.251530e+01 4.177500e+01
      vertex 1.039831e+01 5.227586e+01 4.177500e+01
    endloop
  endfacet
  facet normal 1.588581e-01 9.873014e-01 0.000000e+00
    outer loop
      vertex 9.112269e+00 5.251530e+01 0.000000e+00
      vertex 7.820734e+00 5.272311e+01 0.000000e+00
      vertex 7.820734e+00 5.272311e+01 4.177500e+01
    endloop
  endfacet
  facet normal 1.588581e-01 9.873014e-01 -0.000000e+00
    outer loop
      vertex 9.112269e+00 5.251530e+01 0.000000e+00
      vertex 7.820734e+00 5.272311e+01 4.177500e+01
      vertex 9.112269e+00 5.251530e+01 4.177500e+01
    endloop
  endfacet
  facet normal 1.345807e-01 9.909026e-01 0.000000e+00
    outer loop
      vertex 7.820734e+00 5.272311e+01 0.000000e+00
      vertex 6.524489e+00 5.289916e+01 0.000000e+00
      vertex 6.524489e+00 5.289916e+01 4.177500e+01
    endloop
  endfacet
  facet normal 1.345807e-01 9.909026e-01 -0.000000e+00
    outer loop
      vertex 7.820734e+00 5.272311e+01 0.000000e+00
      vertex 6.524489e+00 5.289916e+01 4.177500e+01
      vertex 7.820734e+00 5.272311e+01 4.177500e+01
    endloop
  endfacet
  facet normal 1.102222e-01 9.939070e-01 0.000000e+00
    outer loop
      vertex 6.524489e+00 5.289916e+01 0.000000e+00
      vertex 5.224314e+00 5.304335e+01 0.000000e+00
      vertex 5.224314e+00 5.304335e+01 4.177500e+01
    endloop
  endfacet
  facet normal 1.102222e-01 9.939070e-01 -0.000000e+00
    outer loop
      vertex 6.524489e+00 5.289916e+01 0.000000e+00
      vertex 5.224314e+00 5.304335e+01 4.177500e+01
      vertex 6.524489e+00 5.289916e+01 4.177500e+01
    endloop
  endfacet
  facet normal 8.579731e-02 9.963126e-01 0.000000e+00
    outer loop
      vertex 5.224314e+00 5.304335e+01 0.000000e+00
      vertex 3.920991e+00 5.315558e+01 0.000000e+00
      vertex 3.920991e+00 5.315558e+01 4.177500e+01
    endloop
  endfacet
  facet normal 8.579731e-02 9.963126e-01 -0.000000e+00
    outer loop
      vertex 5.224314e+00 5.304335e+01 0.000000e+00
      vertex 3.920991e+00 5.315558e+01 4.177500e+01
      vertex 5.224314e+00 5.304335e+01 4.177500e+01
    endloop
  endfacet
  facet normal 6.132074e-02 9.981181e-01 0.000000e+00
    outer loop
      vertex 3.920991e+00 5.315558e+01 0.000000e+00
      vertex 2.615307e+00 5.323580e+01 0.000000e+00
      vertex 2.615307e+00 5.323580e+01 4.177500e+01
    endloop
  endfacet
  facet normal 6.132074e-02 9.981181e-01 -0.000000e+00
    outer loop
      vertex 3.920991e+00 5.315558e+01 0.000000e+00
      vertex 2.615307e+00 5.323580e+01 4.177500e+01
      vertex 3.920991e+00 5.315558e+01 4.177500e+01
    endloop
  endfacet
  facet normal 3.680722e-02 9.993224e-01 0.000000e+00
    outer loop
      vertex 2.615307e+00 5.323580e+01 0.000000e+00
      vertex 1.308047e+00 5.328395e+01 0.000000e+00
      vertex 1.308047e+00 5.328395e+01 4.177500e+01
    endloop
  endfacet
  facet normal 3.680722e-02 9.993224e-01 -0.000000e+00
    outer loop
      vertex 2.615307e+00 5.323580e+01 0.000000e+00
      vertex 1.308047e+00 5.328395e+01 4.177500e+01
      vertex 2.615307e+00 5.323580e+01 4.177500e+01
    endloop
  endfacet
  facet normal 1.227154e-02 9.999247e-01 0.000000e+00
    outer loop
      vertex 1.308047e+00 5.328395e+01 0.000000e+00
      vertex 3.263684e-15 5.330000e+01 0.000000e+00
      vertex 3.263684e-15 5.330000e+01 4.177500e+01
    endloop
  endfacet
  facet normal 1.227154e-02 9.999247e-01 -0.000000e+00
    outer loop
      vertex 1.308047e+00 5.328395e+01 0.000000e+00
      vertex 3.263684e-15 5.330000e+01 4.177500e+01
      vertex 1.308047e+00 5.328395e+01 4.177500e+01
    endloop
  endfacet
  facet normal -1.227154e-02 9.999247e-01 0.000000e+00
    outer loop
      vertex 3.263684e-15 5.330000e+01 0.000000e+00
      vertex -1.308047e+00 5.328395e+01 0.000000e+00
      vertex -1.308047e+00 5.328395e+01 4.177500e+01
    endloop
  endfacet
  facet normal -1.227154e-02 9.999247e-01 0.000000e+00
    outer loop
      vertex 3.263684e-15 5.330000e+01 0.000000e+00
      vertex -1.308047e+00 5.328395e+01 4.177500e+01
      vertex 3.263684e-15 5.330000e+01 4.177500e+01
    endloop
  endfacet
  facet normal -3.680722e-02 9.993224e-01 0.000000e+00
    outer loop
      vertex -1.308047e+00 5.328395e+01 0.000000e+00
      vertex -2.615307e+00 5.323580e+01 0.000000e+00
      vertex -2.615307e+00 5.323580e+01 4.177500e+01
    endloop
  endfacet
  facet normal -3.680722e-02 9.993224e-01 0.000000e+00
    outer loop
      vertex -1.308047e+00 5.328395e+01 0.000000e+00
      vertex -2.615307e+00 5.323580e+01 4.177500e+01
      vertex -1.308047e+00 5.328395e+01 4.177500e+01
    endloop
  endfacet
  facet normal -6.132074e-02 9.981181e-01 0.000000e+00
    outer loop
      vertex -2.615307e+00 5.323580e+01 0.000000e+00
      vertex -3.920991e+00 5.315558e+01 0.000000e+00
      vertex -3.920991e+00 5.315558e+01 4.177500e+01
    endloop
  endfacet
  facet normal -6.132074e-02 9.981181e-01 0.000000e+00
    outer loop
      vertex -2.615307e+00 5.323580e+01 0.000000e+00
      vertex -3.920991e+00 5.315558e+01 4.177500e+01
      vertex -2.615307e+00 5.323580e+01 4.177500e+01
    endloop
  endfacet
  facet normal -8.579731e-02 9.963126e-01 0.000000e+00
    outer loop
      vertex -3.920991e+00 5.315558e+01 0.000000e+00
      vertex -5.224314e+00 5.304335e+01 0.000000e+00
      vertex -5.224314e+00 5.304335e+01 4.177500e+01
    endloop
  endfacet
  facet normal -8.579731e-02 9.963126e-01 0.000000e+00
    outer loop
      vertex -3.920991e+00 5.315558e+01 0.000000e+00
      vertex -5.224314e+00 5.304335e+01 4.177500e+01
      vertex -3.920991e+00 5.315558e+01 4.177500e+01
    endloop
  endfacet
  facet normal -1.102222e-01 9.939070e-01 0.000000e+00
    outer loop
      vertex -5.224314e+00 5.304335e+01 0.000000e+00
      vertex -6.524489e+00 5.289916e+01 0.000000e+00
      vertex -6.524489e+00 5.289916e+01 4.177500e+01
    endloop
  endfacet
  facet normal -1.102222e-01 9.939070e-01 0.000000e+00
    outer loop
      vertex -5.224314e+00 5.304335e+01 0.000000e+00
      vertex -6.524489e+00 5.289916e+01 4.177500e+01
      vertex -5.224314e+00 5.304335e+01 4.177500e+01
    endloop
  endfacet
  facet normal -1.345807e-01 9.909026e-01 0.000000e+00
    outer loop
      vertex -6.524489e+00 5.289916e+01 0.000000e+00
      vertex -7.820734e+00 5.272311e+01 0.000000e+00
      vertex -7.820734e+00 5.272311e+01 4.177500e+01
    endloop
  endfacet
  facet normal -1.345807e-01 9.909026e-01 0.000000e+00
    outer loop
      vertex -6.524489e+00 5.289916e+01 0.000000e+00
      vertex -7.820734e+00 5.272311e+01 4.177500e+01
      vertex -6.524489e+00 5.289916e+01 4.177500e+01
    endloop
  endfacet
  facet normal -1.588581e-01 9.873014e-01 0.000000e+00
    outer loop
      vertex -7.820734e+00 5.272311e+01 0.000000e+00
      vertex -9.112269e+00 5.251530e+01 0.000000e+00
      vertex -9.112269e+00 5.251530e+01 4.177500e+01
    endloop
  endfacet
  facet normal -1.588581e-01 9.873014e-01 0.000000e+00
    outer loop
      vertex -7.820734e+00 5.272311e+01 0.000000e+00
      vertex -9.112269e+00 5.251530e+01 4.177500e+01
      vertex -7.820734e+00 5.272311e+01 4.177500e+01
    endloop
  endfacet
  facet normal -1.830399e-01 9.831055e-01 0.000000e+00
    outer loop
      vertex -9.112269e+00 5.251530e+01 0.000000e+00
      vertex -1.039831e+01 5.227586e+01 0.000000e+00
      vertex -1.039831e+01 5.227586e+01 4.177500e+01
    endloop
  endfacet
  facet normal -1.830399e-01 9.831055e-01 0.000000e+00
    outer loop
      vertex -9.112269e+00 5.251530e+01 0.000000e+00
      vertex -1.039831e+01 5.227586e+01 4.177500e+01
      vertex -9.112269e+00 5.251530e+01 4.177500e+01
    endloop
  endfacet
  facet normal -2.071114e-01 9.783174e-01 0.000000e+00
    outer loop
      vertex -1.039831e+01 5.227586e+01 0.000000e+00
      vertex -1.167810e+01 5.200492e+01 0.000000e+00
      vertex -1.167810e+01 5.200492e+01 4.177500e+01
    endloop
  endfacet
  facet normal -2.071114e-01 9.783174e-01 0.000000e+00
    outer loop
      vertex -1.039831e+01 5.227586e+01 0.000000e+00
      vertex -1.167810e+01 5.200492e+01 4.177500e+01
      vertex -1.039831e+01 5.227586e+01 4.177500e+01
    endloop
  endfacet
  facet normal -2.310581e-01 9.729400e-01 0.000000e+00
    outer loop
      vertex -1.167810e+01 5.200492e+01 0.000000e+00
      vertex -1.295084e+01 5.170267e+01 0.000000e+00
      vertex -1.295084e+01 5.170267e+01 4.177500e+01
    endloop
  endfacet
  facet normal -2.310581e-01 9.729400e-01 0.000000e+00
    outer loop
      vertex -1.167810e+01 5.200492e+01 0.000000e+00
      vertex -1.295084e+01 5.170267e+01 4.177500e+01
      vertex -1.167810e+01 5.200492e+01 4.177500e+01
    endloop
  endfacet
  facet normal -2.548657e-01 9.669765e-01 0.000000e+00
    outer loop
      vertex -1.295084e+01 5.170267e+01 0.000000e+00
      vertex -1.421579e+01 5.136926e+01 0.000000e+00
      vertex -1.421579e+01 5.136926e+01 4.177500e+01
    endloop
  endfacet
  facet normal -2.548657e-01 9.669765e-01 0.000000e+00
    outer loop
      vertex -1.295084e+01 5.170267e+01 0.000000e+00
      vertex -1.421579e+01 5.136926e+01 4.177500e+01
      vertex -1.295084e+01 5.170267e+01 4.177500e+01
    endloop
  endfacet
  facet normal -2.785197e-01 9.604305e-01 0.000000e+00
    outer loop
      vertex -1.421579e+01 5.136926e+01 0.000000e+00
      vertex -1.547217e+01 5.100492e+01 0.000000e+00
      vertex -1.547217e+01 5.100492e+01 4.177500e+01
    endloop
  endfacet
  facet normal -2.785197e-01 9.604305e-01 0.000000e+00
    outer loop
      vertex -1.421579e+01 5.136926e+01 0.000000e+00
      vertex -1.547217e+01 5.100492e+01 4.177500e+01
      vertex -1.421579e+01 5.136926e+01 4.177500e+01
    endloop
  endfacet
  facet normal -3.020059e-01 9.533060e-01 0.000000e+00
    outer loop
      vertex -1.547217e+01 5.100492e+01 0.000000e+00
      vertex -1.671924e+01 5.060985e+01 0.000000e+00
      vertex -1.671924e+01 5.060985e+01 4.177500e+01
    endloop
  endfacet
  facet normal -3.020059e-01 9.533060e-01 0.000000e+00
    outer loop
      vertex -1.547217e+01 5.100492e+01 0.000000e+00
      vertex -1.671924e+01 5.060985e+01 4.177500e+01
      vertex -1.547217e+01 5.100492e+01 4.177500e+01
    endloop
  endfacet
  facet normal -3.253103e-01 9.456073e-01 0.000000e+00
    outer loop
      vertex -1.671924e+01 5.060985e+01 0.000000e+00
      vertex -1.795623e+01 5.018430e+01 0.000000e+00
      vertex -1.795623e+01 5.018430e+01 4.177500e+01
    endloop
  endfacet
  facet normal -3.253103e-01 9.456073e-01 0.000000e+00
    outer loop
      vertex -1.671924e+01 5.060985e+01 0.000000e+00
      vertex -1.795623e+01 5.018430e+01 4.177500e+01
      vertex -1.671924e+01 5.060985e+01 4.177500e+01
    endloop
  endfacet
  facet normal -3.484187e-01 9.373390e-01 0.000000e+00
    outer loop
      vertex -1.795623e+01 5.018430e+01 0.000000e+00
      vertex -1.918241e+01 4.972852e+01 0.000000e+00
      vertex -1.918241e+01 4.972852e+01 4.177500e+01
    endloop
  endfacet
  facet normal -3.484187e-01 9.373390e-01 0.000000e+00
    outer loop
      vertex -1.795623e+01 5.018430e+01 0.000000e+00
      vertex -1.918241e+01 4.972852e+01 4.177500e+01
      vertex -1.795623e+01 5.018430e+01 4.177500e+01
    endloop
  endfacet
  facet normal -3.713172e-01 9.285061e-01 0.000000e+00
    outer loop
      vertex -1.918241e+01 4.972852e+01 0.000000e+00
      vertex -2.039703e+01 4.924278e+01 0.000000e+00
      vertex -2.039703e+01 4.924278e+01 4.177500e+01
    endloop
  endfacet
  facet normal -3.713172e-01 9.285061e-01 0.000000e+00
    outer loop
      vertex -1.918241e+01 4.972852e+01 0.000000e+00
      vertex -2.039703e+01 4.924278e+01 4.177500e+01
      vertex -1.918241e+01 4.972852e+01 4.177500e+01
    endloop
  endfacet
  facet normal -3.939920e-01 9.191139e-01 0.000000e+00
    outer loop
      vertex -2.039703e+01 4.924278e+01 0.000000e+00
      vertex -2.159936e+01 4.872738e+01 0.000000e+00
      vertex -2.159936e+01 4.872738e+01 4.177500e+01
    endloop
  endfacet
  facet normal -3.939920e-01 9.191139e-01 0.000000e+00
    outer loop
      vertex -2.039703e+01 4.924278e+01 0.000000e+00
      vertex -2.159936e+01 4.872738e+01 4.177500e+01
      vertex -2.039703e+01 4.924278e+01 4.177500e+01
    endloop
  endfacet
  facet normal -4.164296e-01 9.091680e-01 0.000000e+00
    outer loop
      vertex -2.159936e+01 4.872738e+01 0.000000e+00
      vertex -2.278869e+01 4.818263e+01 0.000000e+00
      vertex -2.278869e+01 4.818263e+01 4.177500e+01
    endloop
  endfacet
  facet normal -4.164296e-01 9.091680e-01 0.000000e+00
    outer loop
      vertex -2.159936e+01 4.872738e+01 0.000000e+00
      vertex -2.278869e+01 4.818263e+01 4.177500e+01
      vertex -2.159936e+01 4.872738e+01 4.177500e+01
    endloop
  endfacet
  facet normal -4.386162e-01 8.986745e-01 0.000000e+00
    outer loop
      vertex -2.278869e+01 4.818263e+01 0.000000e+00
      vertex -2.396428e+01 4.760886e+01 0.000000e+00
      vertex -2.396428e+01 4.760886e+01 4.177500e+01
    endloop
  endfacet
  facet normal -4.386162e-01 8.986745e-01 0.000000e+00
    outer loop
      vertex -2.278869e+01 4.818263e+01 0.000000e+00
      vertex -2.396428e+01 4.760886e+01 4.177500e+01
      vertex -2.278869e+01 4.818263e+01 4.177500e+01
    endloop
  endfacet
  facet normal -4.605387e-01 8.876396e-01 0.000000e+00
    outer loop
      vertex -2.396428e+01 4.760886e+01 0.000000e+00
      vertex -2.512545e+01 4.700640e+01 0.000000e+00
      vertex -2.512545e+01 4.700640e+01 4.177500e+01
    endloop
  endfacet
  facet normal -4.605387e-01 8.876396e-01 0.000000e+00
    outer loop
      vertex -2.396428e+01 4.760886e+01 0.000000e+00
      vertex -2.512545e+01 4.700640e+01 4.177500e+01
      vertex -2.396428e+01 4.760886e+01 4.177500e+01
    endloop
  endfacet
  facet normal -4.821838e-01 8.760701e-01 0.000000e+00
    outer loop
      vertex -2.512545e+01 4.700640e+01 0.000000e+00
      vertex -2.627147e+01 4.637564e+01 0.000000e+00
      vertex -2.627147e+01 4.637564e+01 4.177500e+01
    endloop
  endfacet
  facet normal -4.821838e-01 8.760701e-01 0.000000e+00
    outer loop
      vertex -2.512545e+01 4.700640e+01 0.000000e+00
      vertex -2.627147e+01 4.637564e+01 4.177500e+01
      vertex -2.512545e+01 4.700640e+01 4.177500e+01
    endloop
  endfacet
  facet normal -5.035384e-01 8.639729e-01 0.000000e+00
    outer loop
      vertex -2.627147e+01 4.637564e+01 0.000000e+00
      vertex -2.740168e+01 4.571693e+01 0.000000e+00
      vertex -2.740168e+01 4.571693e+01 4.177500e+01
    endloop
  endfacet
  facet normal -5.035384e-01 8.639729e-01 0.000000e+00
    outer loop
      vertex -2.627147e+01 4.637564e+01 0.000000e+00
      vertex -2.740168e+01 4.571693e+01 4.177500e+01
      vertex -2.627147e+01 4.637564e+01 4.177500e+01
    endloop
  endfacet
  facet normal -5.245897e-01 8.513552e-01 0.000000e+00
    outer loop
      vertex -2.740168e+01 4.571693e+01 0.000000e+00
      vertex -2.851537e+01 4.503070e+01 0.000000e+00
      vertex -2.851537e+01 4.503070e+01 4.177500e+01
    endloop
  endfacet
  facet normal -5.245897e-01 8.513552e-01 0.000000e+00
    outer loop
      vertex -2.740168e+01 4.571693e+01 0.000000e+00
      vertex -2.851537e+01 4.503070e+01 4.177500e+01
      vertex -2.740168e+01 4.571693e+01 4.177500e+01
    endloop
  endfacet
  facet normal -5.453250e-01 8.382247e-01 0.000000e+00
    outer loop
      vertex -2.851537e+01 4.503070e+01 0.000000e+00
      vertex -2.961189e+01 4.431733e+01 0.000000e+00
      vertex -2.961189e+01 4.431733e+01 4.177500e+01
    endloop
  endfacet
  facet normal -5.453250e-01 8.382247e-01 0.000000e+00
    outer loop
      vertex -2.851537e+01 4.503070e+01 0.000000e+00
      vertex -2.961189e+01 4.431733e+01 4.177500e+01
      vertex -2.851537e+01 4.503070e+01 4.177500e+01
    endloop
  endfacet
  facet normal -5.657318e-01 8.245893e-01 0.000000e+00
    outer loop
      vertex -2.961189e+01 4.431733e+01 0.000000e+00
      vertex -3.069058e+01 4.357727e+01 0.000000e+00
      vertex -3.069058e+01 4.357727e+01 4.177500e+01
    endloop
  endfacet
  facet normal -5.657318e-01 8.245893e-01 0.000000e+00
    outer loop
      vertex -2.961189e+01 4.431733e+01 0.000000e+00
      vertex -3.069058e+01 4.357727e+01 4.177500e+01
      vertex -2.961189e+01 4.431733e+01 4.177500e+01
    endloop
  endfacet
  facet normal -5.857979e-01 8.104572e-01 0.000000e+00
    outer loop
      vertex -3.069058e+01 4.357727e+01 0.000000e+00
      vertex -3.175077e+01 4.281096e+01 0.000000e+00
      vertex -3.175077e+01 4.281096e+01 4.177500e+01
    endloop
  endfacet
  facet normal -5.857979e-01 8.104572e-01 0.000000e+00
    outer loop
      vertex -3.069058e+01 4.357727e+01 0.000000e+00
      vertex -3.175077e+01 4.281096e+01 4.177500e+01
      vertex -3.069058e+01 4.357727e+01 4.177500e+01
    endloop
  endfacet
  facet normal -6.055110e-01 7.958369e-01 0.000000e+00
    outer loop
      vertex -3.175077e+01 4.281096e+01 0.000000e+00
      vertex -3.279184e+01 4.201886e+01 0.000000e+00
      vertex -3.279184e+01 4.201886e+01 4.177500e+01
    endloop
  endfacet
  facet normal -6.055110e-01 7.958369e-01 0.000000e+00
    outer loop
      vertex -3.175077e+01 4.281096e+01 0.000000e+00
      vertex -3.279184e+01 4.201886e+01 4.177500e+01
      vertex -3.175077e+01 4.281096e+01 4.177500e+01
    endloop
  endfacet
  facet normal -6.248595e-01 7.807372e-01 0.000000e+00
    outer loop
      vertex -3.279184e+01 4.201886e+01 0.000000e+00
      vertex -3.381316e+01 4.120146e+01 0.000000e+00
      vertex -3.381316e+01 4.120146e+01 4.177500e+01
    endloop
  endfacet
  facet normal -6.248595e-01 7.807372e-01 0.000000e+00
    outer loop
      vertex -3.279184e+01 4.201886e+01 0.000000e+00
      vertex -3.381316e+01 4.120146e+01 4.177500e+01
      vertex -3.279184e+01 4.201886e+01 4.177500e+01
    endloop
  endfacet
  facet normal -6.438315e-01 7.651673e-01 0.000000e+00
    outer loop
      vertex -3.381316e+01 4.120146e+01 0.000000e+00
      vertex -3.481411e+01 4.035923e+01 0.000000e+00
      vertex -3.481411e+01 4.035923e+01 4.177500e+01
    endloop
  endfacet
  facet normal -6.438315e-01 7.651673e-01 0.000000e+00
    outer loop
      vertex -3.381316e+01 4.120146e+01 0.000000e+00
      vertex -3.481411e+01 4.035923e+01 4.177500e+01
      vertex -3.381316e+01 4.120146e+01 4.177500e+01
    endloop
  endfacet
  facet normal -6.624158e-01 7.491364e-01 0.000000e+00
    outer loop
      vertex -3.481411e+01 4.035923e+01 0.000000e+00
      vertex -3.579409e+01 3.949269e+01 0.000000e+00
      vertex -3.579409e+01 3.949269e+01 4.177500e+01
    endloop
  endfacet
  facet normal -6.624158e-01 7.491364e-01 0.000000e+00
    outer loop
      vertex -3.481411e+01 4.035923e+01 0.000000e+00
      vertex -3.579409e+01 3.949269e+01 4.177500e+01
      vertex -3.481411e+01 4.035923e+01 4.177500e+01
    endloop
  endfacet
  facet normal -6.806010e-01 7.326543e-01 0.000000e+00
    outer loop
      vertex -3.579409e+01 3.949269e+01 0.000000e+00
      vertex -3.675251e+01 3.860237e+01 0.000000e+00
      vertex -3.675251e+01 3.860237e+01 4.177500e+01
    endloop
  endfacet
  facet normal -6.806010e-01 7.326543e-01 0.000000e+00
    outer loop
      vertex -3.579409e+01 3.949269e+01 0.000000e+00
      vertex -3.675251e+01 3.860237e+01 4.177500e+01
      vertex -3.579409e+01 3.949269e+01 4.177500e+01
    endloop
  endfacet
  facet normal -6.983762e-01 7.157308e-01 0.000000e+00
    outer loop
      vertex -3.675251e+01 3.860237e+01 0.000000e+00
      vertex -3.768879e+01 3.768879e+01 0.000000e+00
      vertex -3.768879e+01 3.768879e+01 4.177500e+01
    endloop
  endfacet
  facet normal -6.983762e-01 7.157308e-01 0.000000e+00
    outer loop
      vertex -3.675251e+01 3.860237e+01 0.000000e+00
      vertex -3.768879e+01 3.768879e+01 4.177500e+01
      vertex -3.675251e+01 3.860237e+01 4.177500e+01
    endloop
  endfacet
  facet normal -7.157308e-01 6.983762e-01 0.000000e+00
    outer loop
      vertex -3.768879e+01 3.768879e+01 0.000000e+00
      vertex -3.860237e+01 3.675251e+01 0.000000e+00
      vertex -3.860237e+01 3.675251e+01 4.177500e+01
    endloop
  endfacet
  facet normal -7.157308e-01 6.983762e-01 0.000000e+00
    outer loop
      vertex -3.768879e+01 3.768879e+01 0.000000e+00
      vertex -3.860237e+01 3.675251e+01 4.177500e+01
      vertex -3.768879e+01 3.768879e+01 4.177500e+01
    endloop
  endfacet
  facet normal -7.326543e-01 6.806010e-01 0.000000e+00
    outer loop
      vertex -3.860237e+01 3.675251e+01 0.000000e+00
      vertex -3.949269e+01 3.579409e+01 0.000000e+00
      vertex -3.949269e+01 3.579409e+01 4.177500e+01
    endloop
  endfacet
  facet normal -7.326543e-01 6.806010e-01 0.000000e+00
    outer loop
      vertex -3.860237e+01 3.675251e+01 0.000000e+00
      vertex -3.949269e+01 3.579409e+01 4.177500e+01
      vertex -3.860237e+01 3.675251e+01 4.177500e+01
    endloop
  endfacet
  facet normal -7.491364e-01 6.624158e-01 0.000000e+00
    outer loop
      vertex -3.949269e+01 3.579409e+01 0.000000e+00
      vertex -4.035923e+01 3.481411e+01 0.000000e+00
      vertex -4.035923e+01 3.481411e+01 4.177500e+01
    endloop
  endfacet
  facet normal -7.491364e-01 6.624158e-01 0.000000e+00
    outer loop
      vertex -3.949269e+01 3.579409e+01 0.000000e+00
      vertex -4.035923e+01 3.481411e+01 4.177500e+01
      vertex -3.949269e+01 3.579409e+01 4.177500e+01
    endloop
  endfacet
  facet normal -7.651673e-01 6.438315e-01 0.000000e+00
    outer loop
      vertex -4.035923e+01 3.481411e+01 0.000000e+00
      vertex -4.120146e+01 3.381316e+01 0.000000e+00
      vertex -4.120146e+01 3.381316e+01 4.177500e+01
    endloop
  endfacet
  facet normal -7.651673e-01 6.438315e-01 0.000000e+00
    outer loop
      vertex -4.035923e+01 3.481411e+01 0.000000e+00
      vertex -4.120146e+01 3.381316e+01 4.177500e+01
      vertex -4.035923e+01 3.481411e+01 4.177500e+01
    endloop
  endfacet
  facet normal -7.807372e-01 6.248595e-01 0.000000e+00
    outer loop
      vertex -4.120146e+01 3.381316e+01 0.000000e+00
      vertex -4.201886e+01 3.279184e+01 0.000000e+00
      vertex -4.201886e+01 3.279184e+01 4.177500e+01
    endloop
  endfacet
  facet normal -7.807372e-01 6.248595e-01 0.000000e+00
    outer loop
      vertex -4.120146e+01 3.381316e+01 0.000000e+00
      vertex -4.201886e+01 3.279184e+01 4.177500e+01
      vertex -4.120146e+01 3.381316e+01 4.177500e+01
    endloop
  endfacet
  facet normal -7.958369e-01 6.055110e-01 0.000000e+00
    outer loop
      vertex -4.201886e+01 3.279184e+01 0.000000e+00
      vertex -4.281096e+01 3.175077e+01 0.000000e+00
      vertex -4.281096e+01 3.175077e+01 4.177500e+01
    endloop
  endfacet
  facet normal -7.958369e-01 6.055110e-01 0.000000e+00
    outer loop
      vertex -4.201886e+01 3.279184e+01 0.000000e+00
      vertex -4.281096e+01 3.175077e+01 4.177500e+01
      vertex -4.201886e+01 3.279184e+01 4.177500e+01
    endloop
  endfacet
  facet normal -8.104572e-01 5.857979e-01 0.000000e+00
    outer loop
      vertex -4.281096e+01 3.175077e+01 0.000000e+00
      vertex -4.357727e+01 3.069058e+01 0.000000e+00
      vertex -4.357727e+01 3.069058e+01 4.177500e+01
    endloop
  endfacet
  facet normal -8.104572e-01 5.857979e-01 0.000000e+00
    outer loop
      vertex -4.281096e+01 3.175077e+01 0.000000e+00
      vertex -4.357727e+01 3.069058e+01 4.177500e+01
      vertex -4.281096e+01 3.175077e+01 4.177500e+01
    endloop
  endfacet
  facet normal -8.245893e-01 5.657318e-01 0.000000e+00
    outer loop
      vertex -4.357727e+01 3.069058e+01 0.000000e+00
      vertex -4.431733e+01 2.961189e+01 0.000000e+00
      vertex -4.431733e+01 2.961189e+01 4.177500e+01
    endloop
  endfacet
  facet normal -8.245893e-01 5.657318e-01 0.000000e+00
    outer loop
      vertex -4.357727e+01 3.069058e+01 0.000000e+00
      vertex -4.431733e+01 2.961189e+01 4.177500e+01
      vertex -4.357727e+01 3.069058e+01 4.177500e+01
    endloop
  endfacet
  facet normal -8.382247e-01 5.453250e-01 0.000000e+00
    outer loop
      vertex -4.431733e+01 2.961189e+01 0.000000e+00
      vertex -4.503070e+01 2.851537e+01 0.000000e+00
      vertex -4.503070e+01 2.851537e+01 4.177500e+01
    endloop
  endfacet
  facet normal -8.382247e-01 5.453250e-01 0.000000e+00
    outer loop
      vertex -4.431733e+01 2.961189e+01 0.000000e+00
      vertex -4.503070e+01 2.851537e+01 4.177500e+01
      vertex -4.431733e+01 2.961189e+01 4.177500e+01
    endloop
  endfacet
  facet normal -8.513552e-01 5.245897e-01 0.000000e+00
    outer loop
      vertex -4.503070e+01 2.851537e+01 0.000000e+00
      vertex -4.571693e+01 2.740168e+01 0.000000e+00
      vertex -4.571693e+01 2.740168e+01 4.177500e+01
    endloop
  endfacet
  facet normal -8.513552e-01 5.245897e-01 0.000000e+00
    outer loop
      vertex -4.503070e+01 2.851537e+01 0.000000e+00
      vertex -4.571693e+01 2.740168e+01 4.177500e+01
      vertex -4.503070e+01 2.851537e+01 4.177500e+01
    endloop
  endfacet
  facet normal -8.639729e-01 5.035384e-01 0.000000e+00
    outer loop
      vertex -4.571693e+01 2.740168e+01 0.000000e+00
      vertex -4.637564e+01 2.627147e+01 0.000000e+00
      vertex -4.637564e+01 2.627147e+01 4.177500e+01
    endloop
  endfacet
  facet normal -8.639729e-01 5.035384e-01 0.000000e+00
    outer loop
      vertex -4.571693e+01 2.740168e+01 0.000000e+00
      vertex -4.637564e+01 2.627147e+01 4.177500e+01
      vertex -4.571693e+01 2.740168e+01 4.177500e+01
    endloop
  endfacet
  facet normal -8.760701e-01 4.821838e-01 0.000000e+00
    outer loop
      vertex -4.637564e+01 2.627147e+01 0.000000e+00
      vertex -4.700640e+01 2.512545e+01 0.000000e+00
      vertex -4.700640e+01 2.512545e+01 4.177500e+01
    endloop
  endfacet
  facet normal -8.760701e-01 4.821838e-01 0.000000e+00
    outer loop
      vertex -4.637564e+01 2.627147e+01 0.000000e+00
      vertex -4.700640e+01 2.512545e+01 4.177500e+01
      vertex -4.637564e+01 2.627147e+01 4.177500e+01
    endloop
  endfacet
  facet normal -8.876396e-01 4.605387e-01 0.000000e+00
    outer loop
      vertex -4.700640e+01 2.512545e+01 0.000000e+00
      vertex -4.760886e+01 2.396428e+01 0.000000e+00
      vertex -4.760886e+01 2.396428e+01 4.177500e+01
    endloop
  endfacet
  facet normal -8.876396e-01 4.605387e-01 0.000000e+00
    outer loop
      vertex -4.700640e+01 2.512545e+01 0.000000e+00
      vertex -4.760886e+01 2.396428e+01 4.177500e+01
      vertex -4.700640e+01 2.512545e+01 4.177500e+01
    endloop
  endfacet
  facet normal -8.986745e-01 4.386162e-01 0.000000e+00
    outer loop
      vertex -4.760886e+01 2.396428e+01 0.000000e+00
      vertex -4.818263e+01 2.278869e+01 0.000000e+00
      vertex -4.818263e+01 2.278869e+01 4.177500e+01
    endloop
  endfacet
  facet normal -8.986745e-01 4.386162e-01 0.000000e+00
    outer loop
      vertex -4.760886e+01 2.396428e+01 0.000000e+00
      vertex -4.818263e+01 2.278869e+01 4.177500e+01
      vertex -4.760886e+01 2.396428e+01 4.177500e+01
    endloop
  endfacet
  facet normal -9.091680e-01 4.164296e-01 0.000000e+00
    outer loop
      vertex -4.818263e+01 2.278869e+01 0.000000e+00
      vertex -4.872738e+01 2.159936e+01 0.000000e+00
      vertex -4.872738e+01 2.159936e+01 4.177500e+01
    endloop
  endfacet
  facet normal -9.091680e-01 4.164296e-01 0.000000e+00
    outer loop
      vertex -4.818263e+01 2.278869e+01 0.000000e+00
      vertex -4.872738e+01 2.159936e+01 4.177500e+01
      vertex -4.818263e+01 2.278869e+01 4.177500e+01
    endloop
  endfacet
  facet normal -9.191139e-01 3.939920e-01 0.000000e+00
    outer loop
      vertex -4.872738e+01 2.159936e+01 0.000000e+00
      vertex -4.924278e+01 2.039703e+01 0.000000e+00
      vertex -4.924278e+01 2.039703e+01 4.177500e+01
    endloop
  endfacet
  facet normal -9.191139e-01 3.939920e-01 0.000000e+00
    outer loop
      vertex -4.872738e+01 2.159936e+01 0.000000e+00
      vertex -4.924278e+01 2.039703e+01 4.177500e+01
      vertex -4.872738e+01 2.159936e+01 4.177500e+01
    endloop
  endfacet
  facet normal -9.285061e-01 3.713172e-01 0.000000e+00
    outer loop
      vertex -4.924278e+01 2.039703e+01 0.000000e+00
      vertex -4.972852e+01 1.918241e+01 0.000000e+00
      vertex -4.972852e+01 1.918241e+01 4.177500e+01
    endloop
  endfacet
  facet normal -9.285061e-01 3.713172e-01 0.000000e+00
    outer loop
      vertex -4.924278e+01 2.039703e+01 0.000000e+00
      vertex -4.972852e+01 1.918241e+01 4.177500e+01
      vertex -4.924278e+01 2.039703e+01 4.177500e+01
    endloop
  endfacet
  facet normal -9.373390e-01 3.484187e-01 0.000000e+00
    outer loop
      vertex -4.972852e+01 1.918241e+01 0.000000e+00
      vertex -5.018430e+01 1.795623e+01 0.000000e+00
      vertex -5.018430e+01 1.795623e+01 4.177500e+01
    endloop
  endfacet
  facet normal -9.373390e-01 3.484187e-01 0.000000e+00
    outer loop
      vertex -4.972852e+01 1.918241e+01 0.000000e+00
      vertex -5.018430e+01 1.795623e+01 4.177500e+01
      vertex -4.972852e+01 1.918241e+01 4.177500e+01
    endloop
  endfacet
  facet normal -9.456073e-01 3.253103e-01 0.000000e+00
    outer loop
      vertex -5.018430e+01 1.795623e+01 0.000000e+00
      vertex -5.060985e+01 1.671924e+01 0.000000e+00
      vertex -5.060985e+01 1.671924e+01 4.177500e+01
    endloop
  endfacet
  facet normal -9.456073e-01 3.253103e-01 0.000000e+00
    outer loop
      vertex -5.018430e+01 1.795623e+01 0.000000e+00
      vertex -5.060985e+01 1.671924e+01 4.177500e+01
      vertex -5.018430e+01 1.795623e+01 4.177500e+01
    endloop
  endfacet
  facet normal -9.533060e-01 3.020059e-01 0.000000e+00
    outer loop
      vertex -5.060985e+01 1.671924e+01 0.000000e+00
      vertex -5.100492e+01 1.547217e+01 0.000000e+00
      vertex -5.100492e+01 1.547217e+01 4.177500e+01
    endloop
  endfacet
  facet normal -9.533060e-01 3.020059e-01 0.000000e+00
    outer loop
      vertex -5.060985e+01 1.671924e+01 0.000000e+00
      vertex -5.100492e+01 1.547217e+01 4.177500e+01
      vertex -5.060985e+01 1.671924e+01 4.177500e+01
    endloop
  endfacet
  facet normal -9.604305e-01 2.785197e-01 0.000000e+00
    outer loop
      vertex -5.100492e+01 1.547217e+01 0.000000e+00
      vertex -5.136926e+01 1.421579e+01 0.000000e+00
      vertex -5.136926e+01 1.421579e+01 4.177500e+01
    endloop
  endfacet
  facet normal -9.604305e-01 2.785197e-01 0.000000e+00
    outer loop
      vertex -5.100492e+01 1.547217e+01 0.000000e+00
      vertex -5.136926e+01 1.421579e+01 4.177500e+01
      vertex -5.100492e+01 1.547217e+01 4.177500e+01
    endloop
  endfacet
  facet normal -9.669765e-01 2.548657e-01 0.000000e+00
    outer loop
      vertex -5.136926e+01 1.421579e+01 0.000000e+00
      vertex -5.170267e+01 1.295084e+01 0.000000e+00
      vertex -5.170267e+01 1.295084e+01 4.177500e+01
    endloop
  endfacet
  facet normal -9.669765e-01 2.548657e-01 0.000000e+00
    outer loop
      vertex -5.136926e+01 1.421579e+01 0.000000e+00
      vertex -5.170267e+01 1.295084e+01 4.177500e+01
      vertex -5.136926e+01 1.421579e+01 4.177500e+01
    endloop
  endfacet
  facet normal -9.729400e-01 2.310581e-01 0.000000e+00
    outer loop
      vertex -5.170267e+01 1.295084e+01 0.000000e+00
      vertex -5.200492e+01 1.167810e+01 0.000000e+00
      vertex -5.200492e+01 1.167810e+01 4.177500e+01
    endloop
  endfacet
  facet normal -9.729400e-01 2.310581e-01 0.000000e+00
    outer loop
      vertex -5.170267e+01 1.295084e+01 0.000000e+00
      vertex -5.200492e+01 1.167810e+01 4.177500e+01
      vertex -5.170267e+01 1.295084e+01 4.177500e+01
    endloop
  endfacet
  facet normal -9.783174e-01 2.071114e-01 0.000000e+00
    outer loop
      vertex -5.200492e+01 1.167810e+01 0.000000e+00
      vertex -5.227586e+01 1.039831e+01 0.000000e+00
      vertex -5.227586e+01 1.039831e+01 4.177500e+01
    endloop
  endfacet
  facet normal -9.783174e-01 2.071114e-01 0.000000e+00
    outer loop
      vertex -5.200492e+01 1.167810e+01 0.000000e+00
      vertex -5.227586e+01 1.039831e+01 4.177500e+01
      vertex -5.200492e+01 1.167810e+01 4.177500e+01
    endloop
  endfacet
  facet normal -9.831055e-01 1.830399e-01 0.000000e+00
    outer loop
      vertex -5.227586e+01 1.039831e+01 0.000000e+00
      vertex -5.251530e+01 9.112269e+00 0.000000e+00
      vertex -5.251530e+01 9.112269e+00 4.177500e+01
    endloop
  endfacet
  facet normal -9.831055e-01 1.830399e-01 0.000000e+00
    outer loop
      vertex -5.227586e+01 1.039831e+01 0.000000e+00
      vertex -5.251530e+01 9.112269e+00 4.177500e+01
      vertex -5.227586e+01 1.039831e+01 4.177500e+01
    endloop
  endfacet
  facet normal -9.873014e-01 1.588581e-01 0.000000e+00
    outer loop
      vertex -5.251530e+01 9.112269e+00 0.000000e+00
      vertex -5.272311e+01 7.820734e+00 0.000000e+00
      vertex -5.272311e+01 7.820734e+00 4.177500e+01
    endloop
  endfacet
  facet normal -9.873014e-01 1.588581e-01 0.000000e+00
    outer loop
      vertex -5.251530e+01 9.112269e+00 0.000000e+00
      vertex -5.272311e+01 7.820734e+00 4.177500e+01
      vertex -5.251530e+01 9.112269e+00 4.177500e+01
    endloop
  endfacet
  facet normal -9.909026e-01 1.345807e-01 0.000000e+00
    outer loop
      vertex -5.272311e+01 7.820734e+00 0.000000e+00
      vertex -5.289916e+01 6.524489e+00 0.000000e+00
      vertex -5.289916e+01 6.524489e+00 4.177500e+01
    endloop
  endfacet
  facet normal -9.909026e-01 1.345807e-01 0.000000e+00
    outer loop
      vertex -5.272311e+01 7.820734e+00 0.000000e+00
      vertex -5.289916e+01 6.524489e+00 4.177500e+01
      vertex -5.272311e+01 7.820734e+00 4.177500e+01
    endloop
  endfacet
  facet normal -9.939070e-01 1.102222e-01 0.000000e+00
    outer loop
      vertex -5.289916e+01 6.524489e+00 0.000000e+00
      vertex -5.304335e+01 5.224314e+00 0.000000e+00
      vertex -5.304335e+01 5.224314e+00 4.177500e+01
    endloop
  endfacet
  facet normal -9.939070e-01 1.102222e-01 0.000000e+00
    outer loop
      vertex -5.289916e+01 6.524489e+00 0.000000e+00
      vertex -5.304335e+01 5.224314e+00 4.177500e+01
      vertex -5.289916e+01 6.524489e+00 4.177500e+01
    endloop
  endfacet
  facet normal -9.963126e-01 8.579731e-02 0.000000e+00
    outer loop
      vertex -5.304335e+01 5.224314e+00 0.000000e+00
      vertex -5.315558e+01 3.920991e+00 0.000000e+00
      vertex -5.315558e+01 3.920991e+00 4.177500e+01
    endloop
  endfacet
  facet normal -9.963126e-01 8.579731e-02 0.000000e+00
    outer loop
      vertex -5.304335e+01 5.224314e+00 0.000000e+00
      vertex -5.315558e+01 3.920991e+00 4.177500e+01
      vertex -5.304335e+01 5.224314e+00 4.177500e+01
    endloop
  endfacet
  facet normal -9.981181e-01 6.132074e-02 0.000000e+00
    outer loop
      vertex -5.315558e+01 3.920991e+00 0.000000e+00
      vertex -5.323580e+01 2.615307e+00 0.000000e+00
      vertex -5.323580e+01 2.615307e+00 4.177500e+01
    endloop
  endfacet
  facet normal -9.981181e-01 6.132074e-02 0.000000e+00
    outer loop
      vertex -5.315558e+01 3.920991e+00 0.000000e+00
      vertex -5.323580e+01 2.615307e+00 4.177500e+01
      vertex -5.315558e+01 3.920991e+00 4.177500e+01
    endloop
  endfacet
  facet normal -9.993224e-01 3.680722e-02 0.000000e+00
    outer loop
      vertex -5.323580e+01 2.615307e+00 0.000000e+00
      vertex -5.328395e+01 1.308047e+00 0.000000e+00
      vertex -5.328395e+01 1.308047e+00 4.177500e+01
    endloop
  endfacet
  facet normal -9.993224e-01 3.680722e-02 0.000000e+00
    outer loop
      vertex -5.323580e+01 2.615307e+00 0.000000e+00
      vertex -5.328395e+01 1.308047e+00 4.177500e+01
      vertex -5.323580e+01 2.615307e+00 4.177500e+01
    endloop
  endfacet
  facet normal -9.999247e-01 1.227154e-02 0.000000e+00
    outer loop
      vertex -5.328395e+01 1.308047e+00 0.000000e+00
      vertex -5.330000e+01 6.527367e-15 0.000000e+00
      vertex -5.330000e+01 6.527367e-15 4.177500e+01
    endloop
  endfacet
  facet normal -9.999247e-01 1.227154e-02 0.000000e+00
    outer loop
      vertex -5.328395e+01 1.308047e+00 0.000000e+00
      vertex -5.330000e+01 6.527367e-15 4.177500e+01
      vertex -5.328395e+01 1.308047e+00 4.177500e+01
    endloop
  endfacet
  facet normal -9.999247e-01 -1.227154e-02 0.000000e+00
    outer loop
      vertex -5.330000e+01 6.527367e-15 0.000000e+00
      vertex -5.328395e+01 -1.308047e+00 0.000000e+00
      vertex -5.328395e+01 -1.308047e+00 4.177500e+01
    endloop
  endfacet
  facet normal -9.999247e-01 -1.227154e-02 0.000000e+00
    outer loop
      vertex -5.330000e+01 6.527367e-15 0.000000e+00
      vertex -5.328395e+01 -1.308047e+00 4.177500e+01
      vertex -5.330000e+01 6.527367e-15 4.177500e+01
    endloop
  endfacet
  facet normal -9.993224e-01 -3.680722e-02 0.000000e+00
    outer loop
      vertex -5.328395e+01 -1.308047e+00 0.000000e+00
      vertex -5.323580e+01 -2.615307e+00 0.000000e+00
      vertex -5.323580e+01 -2.615307e+00 4.177500e+01
    endloop
  endfacet
  facet normal -9.993224e-01 -3.680722e-02 0.000000e+00
    outer loop
      vertex -5.328395e+01 -1.308047e+00 0.000000e+00
      vertex -5.323580e+01 -2.615307e+00 4.177500e+01
      vertex -5.328395e+01 -1.308047e+00 4.177500e+01
    endloop
  endfacet
  facet normal -9.981181e-01 -6.132074e-02 0.000000e+00
    outer loop
      vertex -5.323580e+01 -2.615307e+00 0.000000e+00
      vertex -5.315558e+01 -3.920991e+00 0.000000e+00
      vertex -5.315558e+01 -3.920991e+00 4.177500e+01
    endloop
  endfacet
  facet normal -9.981181e-01 -6.132074e-02 0.000000e+00
    outer loop
      vertex -5.323580e+01 -2.615307e+00 0.000000e+00
      vertex -5.315558e+01 -3.920991e+00 4.177500e+01
      vertex -5.323580e+01 -2.615307e+00 4.177500e+01
    endloop
  endfacet
  facet normal -9.963126e-01 -8.579731e-02 0.000000e+00
    outer loop
      vertex -5.315558e+01 -3.920991e+00 0.000000e+00
      vertex -5.304335e+01 -5.224314e+00 0.000000e+00
      vertex -5.304335e+01 -5.224314e+00 4.177500e+01
    endloop
  endfacet
  facet normal -9.963126e-01 -8.579731e-02 0.000000e+00
    outer loop
      vertex -5.315558e+01 -3.920991e+00 0.000000e+00
      vertex -5.304335e+01 -5.224314e+00 4.177500e+01
      vertex -5.315558e+01 -3.920991e+00 4.177500e+01
    endloop
  endfacet
  facet normal -9.939070e-01 -1.102222e-01 0.000000e+00
    outer loop
      vertex -5.304335e+01 -5.224314e+00 0.000000e+00
      vertex -5.289916e+01 -6.524489e+00 0.000000e+00
      vertex -5.289916e+01 -6.524489e+00 4.177500e+01
    endloop
  endfacet
  facet normal -9.939070e-01 -1.102222e-01 0.000000e+00
    outer loop
      vertex -5.304335e+01 -5.224314e+00 0.000000e+00
      vertex -5.289916e+01 -6.524489e+00 4.177500e+01
      vertex -5.304335e+01 -5.224314e+00 4.177500e+01
    endloop
  endfacet
  facet normal -9.909026e-01 -1.345807e-01 0.000000e+00
    outer loop
      vertex -5.289916e+01 -6.524489e+00 0.000000e+00
      vertex -5.272311e+01 -7.820734e+00 0.000000e+00
      vertex -5.272311e+01 -7.820734e+00 4.177500e+01
    endloop
  endfacet
  facet normal -9.909026e-01 -1.345807e-01 0.000000e+00
    outer loop
      vertex -5.289916e+01 -6.524489e+00 0.000000e+00
      vertex -5.272311e+01 -7.820734e+00 4.177500e+01
      vertex -5.289916e+01 -6.524489e+00 4.177500e+01
    endloop
  endfacet
  facet normal -9.873014e-01 -1.588581e-01 0.000000e+00
    outer loop
      vertex -5.272311e+01 -7.820734e+00 0.000000e+00
      vertex -5.251530e+01 -9.112269e+00 0.000000e+00
      vertex -5.251530e+01 -9.112269e+00 4.177500e+01
    endloop
  endfacet
  facet normal -9.873014e-01 -1.588581e-01 0.000000e+00
    outer loop
      vertex -5.272311e+01 -7.820734e+00 0.000000e+00
      vertex -5.251530e+01 -9.112269e+00 4.177500e+01
      vertex -5.272311e+01 -7.820734e+00 4.177500e+01
    endloop
  endfacet
  facet normal -9.831055e-01 -1.830399e-01 0.000000e+00
    outer loop
      vertex -5.251530e+01 -9.112269e+00 0.000000e+00
      vertex -5.227586e+01 -1.039831e+01 0.000000e+00
      vertex -5.227586e+01 -1.039831e+01 4.177500e+01
    endloop
  endfacet
  facet normal -9.831055e-01 -1.830399e-01 0.000000e+00
    outer loop
      vertex -5.251530e+01 -9.112269e+00 0.000000e+00
      vertex -5.227586e+01 -1.039831e+01 4.177500e+01
      vertex -5.251530e+01 -9.112269e+00 4.177500e+01
    endloop
  endfacet
  facet normal -9.783174e-01 -2.071114e-01 0.000000e+00
    outer loop
      vertex -5.227586e+01 -1.039831e+01 0.000000e+00
      vertex -5.200492e+01 -1.167810e+01 0.000000e+00
      vertex -5.200492e+01 -1.167810e+01 4.177500e+01
    endloop
  endfacet
  facet normal -9.783174e-01 -2.071114e-01 0.000000e+00
    outer loop
      vertex -5.227586e+01 -1.039831e+01 0.000000e+00
      vertex -5.200492e+01 -1.167810e+01 4.177500e+01
      vertex -5.227586e+01 -1.039831e+01 4.177500e+01
    endloop
  endfacet
  facet normal -9.729400e-01 -2.310581e-01 0.000000e+00
    outer loop
      vertex -5.200492e+01 -1.167810e+01 0.000000e+00
      vertex -5.170267e+01 -1.295084e+01 0.000000e+00
      vertex -5.170267e+01 -1.295084e+01 4.177500e+01
    endloop
  endfacet
  facet normal -9.729400e-01 -2.310581e-01 0.000000e+00
    outer loop
      vertex -5.200492e+01 -1.167810e+01 0.000000e+00
      vertex -5.170267e+01 -1.295084e+01 4.177500e+01
      vertex -5.200492e+01 -1.167810e+01 4.177500e+01
    endloop
  endfacet
  facet normal -9.669765e-01 -2.548657e-01 0.000000e+00
    outer loop
      vertex -5.170267e+01 -1.295084e+01 0.000000e+00
      vertex -5.136926e+01 -1.421579e+01 0.000000e+00
      vertex -5.136926e+01 -1.421579e+01 4.177500e+01
    endloop
  endfacet
  facet normal -9.669765e-01 -2.548657e-01 0.000000e+00
    outer loop
      vertex -5.170267e+01 -1.295084e+01 0.000000e+00
      vertex -5.136926e+01 -1.421579e+01 4.177500e+01
      vertex -5.170267e+01 -1.295084e+01 4.177500e+01
    endloop
  endfacet
  facet normal -9.604305e-01 -2.785197e-01 0.000000e+00
    outer loop
      vertex -5.136926e+01 -1.421579e+01 0.000000e+00
      vertex -5.100492e+01 -1.547217e+01 0.000000e+00
      vertex -5.100492e+01 -1.547217e+01 4.177500e+01
    endloop
  endfacet
  facet normal -9.604305e-01 -2.785197e-01 0.000000e+00
    outer loop
      vertex -5.136926e+01 -1.421579e+01 0.000000e+00
      vertex -5.100492e+01 -1.547217e+01 4.177500e+01
      vertex -5.136926e+01 -1.421579e+01 4.177500e+01
    endloop
  endfacet
  facet normal -9.533060e-01 -3.020059e-01 0.000000e+00
    outer loop
      vertex -5.100492e+01 -1.547217e+01 0.000000e+00
      vertex -5.060985e+01 -1.671924e+01 0.000000e+00
      vertex -5.060985e+01 -1.671924e+01 4.177500e+01
    endloop
  endfacet
  facet normal -9.533060e-01 -3.020059e-01 0.000000e+00
    outer loop
      vertex -5.100492e+01 -1.547217e+01 0.000000e+00
      vertex -5.060985e+01 -1.671924e+01 4.177500e+01
      vertex -5.100492e+01 -1.547217e+01 4.177500e+01
    endloop
  endfacet
  facet normal -9.456073e-01 -3.253103e-01 0.000000e+00
    outer loop
      vertex -5.060985e+01 -1.671924e+01 0.000000e+00
      vertex -5.018430e+01 -1.795623e+01 0.000000e+00
      vertex -5.018430e+01 -1.795623e+01 4.177500e+01
    endloop
  endfacet
  facet normal -9.456073e-01 -3.253103e-01 0.000000e+00
    outer loop
      vertex -5.060985e+01 -1.671924e+01 0.000000e+00
      vertex -5.018430e+01 -1.795623e+01 4.177500e+01
      vertex -5.060985e+01 -1.671924e+01 4.177500e+01
    endloop
  endfacet
  facet normal -9.373390e-01 -3.484187e-01 0.000000e+00
    outer loop
      vertex -5.018430e+01 -1.795623e+01 0.000000e+00
      vertex -4.972852e+01 -1.918241e+01 0.000000e+00
      vertex -4.972852e+01 -1.918241e+01 4.177500e+01
    endloop
  endfacet
  facet normal -9.373390e-01 -3.484187e-01 0.000000e+00
    outer loop
      vertex -5.018430e+01 -1.795623e+01 0.000000e+00
      vertex -4.972852e+01 -1.918241e+01 4.177500e+01
      vertex -5.018430e+01 -1.795623e+01 4.177500e+01
    endloop
  endfacet
  facet normal -9.285061e-01 -3.713172e-01 0.000000e+00
    outer loop
      vertex -4.972852e+01 -1.918241e+01 0.000000e+00
      vertex -4.924278e+01 -2.039703e+01 0.000000e+00
      vertex -4.924278e+01 -2.039703e+01 4.177500e+01
    endloop
  endfacet
  facet normal -9.285061e-01 -3.713172e-01 0.000000e+00
    outer loop
      vertex -4.972852e+01 -1.918241e+01 0.000000e+00
      vertex -4.924278e+01 -2.039703e+01 4.177500e+01
      vertex -4.972852e+01 -1.918241e+01 4.177500e+01
    endloop
  endfacet
  facet normal -9.191139e-01 -3.939920e-01 0.000000e+00
    outer loop
      vertex -4.924278e+01 -2.039703e+01 0.000000e+00
      vertex -4.872738e+01 -2.159936e+01 0.000000e+00
      vertex -4.872738e+01 -2.159936e+01 4.177500e+01
    endloop
  endfacet
  facet normal -9.191139e-01 -3.939920e-01 0.000000e+00
    outer loop
      vertex -4.924278e+01 -2.039703e+01 0.000000e+00
      vertex -4.872738e+01 -2.159936e+01 4.177500e+01
      vertex -4.924278e+01 -2.039703e+01 4.177500e+01
    endloop
  endfacet
  facet normal -9.091680e-01 -4.164296e-01 0.000000e+00
    outer loop
      vertex -4.872738e+01 -2.159936e+01 0.000000e+00
      vertex -4.818263e+01 -2.278869e+01 0.000000e+00
      vertex -4.818263e+01 -2.278869e+01 4.177500e+01
    endloop
  endfacet
  facet normal -9.091680e-01 -4.164296e-01 0.000000e+00
    outer loop
      vertex -4.872738e+01 -2.159936e+01 0.000000e+00
      vertex -4.818263e+01 -2.278869e+01 4.177500e+01
      vertex -4.872738e+01 -2.159936e+01 4.177500e+01
    endloop
  endfacet
  facet normal -8.986745e-01 -4.386162e-01 0.000000e+00
    outer loop
      vertex -4.818263e+01 -2.278869e+01 0.000000e+00
      vertex -4.760886e+01 -2.396428e+01 0.000000e+00
      vertex -4.760886e+01 -2.396428e+01 4.177500e+01
    endloop
  endfacet
  facet normal -8.986745e-01 -4.386162e-01 0.000000e+00
    outer loop
      vertex -4.818263e+01 -2.278869e+01 0.000000e+00
      vertex -4.760886e+01 -2.396428e+01 4.177500e+01
      vertex -4.818263e+01 -2.278869e+01 4.177500e+01
    endloop
  endfacet
  facet normal -8.876396e-01 -4.605387e-01 0.000000e+00
    outer loop
      vertex -4.760886e+01 -2.396428e+01 0.000000e+00
      vertex -4.700640e+01 -2.512545e+01 0.000000e+00
      vertex -4.700640e+01 -2.512545e+01 4.177500e+01
    endloop
  endfacet
  facet normal -8.876396e-01 -4.605387e-01 0.000000e+00
    outer loop
      vertex -4.760886e+01 -2.396428e+01 0.000000e+00
      vertex -4.700640e+01 -2.512545e+01 4.177500e+01
      vertex -4.760886e+01 -2.396428e+01 4.177500e+01
    endloop
  endfacet
  facet normal -8.760701e-01 -4.821838e-01 0.000000e+00
    outer loop
      vertex -4.700640e+01 -2.512545e+01 0.000000e+00
      vertex -4.637564e+01 -2.627147e+01 0.000000e+00
      vertex -4.637564e+01 -2.627147e+01 4.177500e+01
    endloop
  endfacet
  facet normal -8.760701e-01 -4.821838e-01 0.000000e+00
    outer loop
      vertex -4.700640e+01 -2.512545e+01 0.000000e+00
      vertex -4.637564e+01 -2.627147e+01 4.177500e+01
      vertex -4.700640e+01 -2.512545e+01 4.177500e+01
    endloop
  endfacet
  facet normal -8.639729e-01 -5.035384e-01 0.000000e+00
    outer loop
      vertex -4.637564e+01 -2.627147e+01 0.000000e+00
      vertex -4.571693e+01 -2.740168e+01 0.000000e+00
      vertex -4.571693e+01 -2.740168e+01 4.177500e+01
    endloop
  endfacet
  facet normal -8.639729e-01 -5.035384e-01 0.000000e+00
    outer loop
      vertex -4.637564e+01 -2.627147e+01 0.000000e+00
      vertex -4.571693e+01 -2.740168e+01 4.177500e+01
      vertex -4.637564e+01 -2.627147e+01 4.177500e+01
    endloop
  endfacet
  facet normal -8.513552e-01 -5.245897e-01 0.000000e+00
    outer loop
      vertex -4.571693e+01 -2.740168e+01 0.000000e+00
      vertex -4.503070e+01 -2.851537e+01 0.000000e+00
      vertex -4.503070e+01 -2.851537e+01 4.177500e+01
    endloop
  endfacet
  facet normal -8.513552e-01 -5.245897e-01 0.000000e+00
    outer loop
      vertex -4.571693e+01 -2.740168e+01 0.000000e+00
      vertex -4.503070e+01 -2.851537e+01 4.177500e+01
      vertex -4.571693e+01 -2.740168e+01 4.177500e+01
    endloop
  endfacet
  facet normal -8.382247e-01 -5.453250e-01 0.000000e+00
    outer loop
      vertex -4.503070e+01 -2.851537e+01 0.000000e+00
      vertex -4.431733e+01 -2.961189e+01 0.000000e+00
      vertex -4.431733e+01 -2.961189e+01 4.177500e+01
    endloop
  endfacet
  facet normal -8.382247e-01 -5.453250e-01 0.000000e+00
    outer loop
      vertex -4.503070e+01 -2.851537e+01 0.000000e+00
      vertex -4.431733e+01 -2.961189e+01 4.177500e+01
      vertex -4.503070e+01 -2.851537e+01 4.177500e+01
    endloop
  endfacet
  facet normal -8.245893e-01 -5.657318e-01 0.000000e+00
    outer loop
      vertex -4.431733e+01 -2.961189e+01 0.000000e+00
      vertex -4.357727e+01 -3.069058e+01 0.000000e+00
      vertex -4.357727e+01 -3.069058e+01 4.177500e+01
    endloop
  endfacet
  facet normal -8.245893e-01 -5.657318e-01 0.000000e+00
    outer loop
      vertex -4.431733e+01 -2.961189e+01 0.000000e+00
      vertex -4.357727e+01 -3.069058e+01 4.177500e+01
      vertex -4.431733e+01 -2.961189e+01 4.177500e+01
    endloop
  endfacet
  facet normal -8.104572e-01 -5.857979e-01 0.000000e+00
    outer loop
      vertex -4.357727e+01 -3.069058e+01 0.000000e+00
      vertex -4.281096e+01 -3.175077e+01 0.000000e+00
      vertex -4.281096e+01 -3.175077e+01 4.177500e+01
    endloop
  endfacet
  facet normal -8.104572e-01 -5.857979e-01 0.000000e+00
    outer loop
      vertex -4.357727e+01 -3.069058e+01 0.000000e+00
      vertex -4.281096e+01 -3.175077e+01 4.177500e+01
      vertex -4.357727e+01 -3.069058e+01 4.177500e+01
    endloop
  endfacet
  facet normal -7.958369e-01 -6.055110e-01 0.000000e+00
    outer loop
      vertex -4.281096e+01 -3.175077e+01 0.000000e+00
      vertex -4.201886e+01 -3.279184e+01 0.000000e+00
      vertex -4.201886e+01 -3.279184e+01 4.177500e+01
    endloop
  endfacet
  facet normal -7.958369e-01 -6.055110e-01 0.000000e+00
    outer loop
      vertex -4.281096e+01 -3.175077e+01 0.000000e+00
      vertex -4.201886e+01 -3.279184e+01 4.177500e+01
      vertex -4.281096e+01 -3.175077e+01 4.177500e+01
    endloop
  endfacet
  facet normal -7.807372e-01 -6.248595e-01 0.000000e+00
    outer loop
      vertex -4.201886e+01 -3.279184e+01 0.000000e+00
      vertex -4.120146e+01 -3.381316e+01 0.000000e+00
      vertex -4.120146e+01 -3.381316e+01 4.177500e+01
    endloop
  endfacet
  facet normal -7.807372e-01 -6.248595e-01 0.000000e+00
    outer loop
      vertex -4.201886e+01 -3.279184e+01 0.000000e+00
      vertex -4.120146e+01 -3.381316e+01 4.177500e+01
      vertex -4.201886e+01 -3.279184e+01 4.177500e+01
    endloop
  endfacet
  facet normal -7.651673e-01 -6.438315e-01 0.000000e+00
    outer loop
      vertex -4.120146e+01 -3.381316e+01 0.000000e+00
      vertex -4.035923e+01 -3.481411e+01 0.000000e+00
      vertex -4.035923e+01 -3.481411e+01 4.177500e+01
    endloop
  endfacet
  facet normal -7.651673e-01 -6.438315e-01 0.000000e+00
    outer loop
      vertex -4.120146e+01 -3.381316e+01 0.000000e+00
      vertex -4.035923e+01 -3.481411e+01 4.177500e+01
      vertex -4.120146e+01 -3.381316e+01 4.177500e+01
    endloop
  endfacet
  facet normal -7.491364e-01 -6.624158e-01 0.000000e+00
    outer loop
      vertex -4.035923e+01 -3.481411e+01 0.000000e+00
      vertex -3.949269e+01 -3.579409e+01 0.000000e+00
      vertex -3.949269e+01 -3.579409e+01 4.177500e+01
    endloop
  endfacet
  facet normal -7.491364e-01 -6.624158e-01 0.000000e+00
    outer loop
      vertex -4.035923e+01 -3.481411e+01 0.000000e+00
      vertex -3.949269e+01 -3.579409e+01 4.177500e+01
      vertex -4.035923e+01 -3.481411e+01 4.177500e+01
    endloop
  endfacet
  facet normal -7.326543e-01 -6.806010e-01 0.000000e+00
    outer loop
      vertex -3.949269e+01 -3.579409e+01 0.000000e+00
      vertex -3.860237e+01 -3.675251e+01 0.000000e+00
      vertex -3.860237e+01 -3.675251e+01 4.177500e+01
    endloop
  endfacet
  facet normal -7.326543e-01 -6.806010e-01 0.000000e+00
    outer loop
      vertex -3.949269e+01 -3.579409e+01 0.000000e+00
      vertex -3.860237e+01 -3.675251e+01 4.177500e+01
      vertex -3.949269e+01 -3.579409e+01 4.177500e+01
    endloop
  endfacet
  facet normal -7.157308e-01 -6.983762e-01 0.000000e+00
    outer loop
      vertex -3.860237e+01 -3.675251e+01 0.000000e+00
      vertex -3.768879e+01 -3.768879e+01 0.000000e+00
      vertex -3.768879e+01 -3.768879e+01 4.177500e+01
    endloop
  endfacet
  facet normal -7.157308e-01 -6.983762e-01 0.000000e+00
    outer loop
      vertex -3.860237e+01 -3.675251e+01 0.000000e+00
      vertex -3.768879e+01 -3.768879e+01 4.177500e+01
      vertex -3.860237e+01 -3.675251e+01 4.177500e+01
    endloop
  endfacet
  facet normal -6.983762e-01 -7.157308e-01 0.000000e+00
    outer loop
      vertex -3.768879e+01 -3.768879e+01 0.000000e+00
      vertex -3.675251e+01 -3.860237e+01 0.000000e+00
      vertex -3.675251e+01 -3.860237e+01 4.177500e+01
    endloop
  endfacet
  facet normal -6.983762e-01 -7.157308e-01 0.000000e+00
    outer loop
      vertex -3.768879e+01 -3.768879e+01 0.000000e+00
      vertex -3.675251e+01 -3.860237e+01 4.177500e+01
      vertex -3.768879e+01 -3.768879e+01 4.177500e+01
    endloop
  endfacet
  facet normal -6.806010e-01 -7.326543e-01 0.000000e+00
    outer loop
      vertex -3.675251e+01 -3.860237e+01 0.000000e+00
      vertex -3.579409e+01 -3.949269e+01 0.000000e+00
      vertex -3.579409e+01 -3.949269e+01 4.177500e+01
    endloop
  endfacet
  facet normal -6.806010e-01 -7.326543e-01 0.000000e+00
    outer loop
      vertex -3.675251e+01 -3.860237e+01 0.000000e+00
      vertex -3.579409e+01 -3.949269e+01 4.177500e+01
      vertex -3.675251e+01 -3.860237e+01 4.177500e+01
    endloop
  endfacet
  facet normal -6.624158e-01 -7.491364e-01 0.000000e+00
    outer loop
      vertex -3.579409e+01 -3.949269e+01 0.000000e+00
      vertex -3.481411e+01 -4.035923e+01 0.000000e+00
      vertex -3.481411e+01 -4.035923e+01 4.177500e+01
    endloop
  endfacet
  facet normal -6.624158e-01 -7.491364e-01 0.000000e+00
    outer loop
      vertex -3.579409e+01 -3.949269e+01 0.000000e+00
      vertex -3.481411e+01 -4.035923e+01 4.177500e+01
      vertex -3.579409e+01 -3.949269e+01 4.177500e+01
    endloop
  endfacet
  facet normal -6.438315e-01 -7.651673e-01 0.000000e+00
    outer loop
      vertex -3.481411e+01 -4.035923e+01 0.000000e+00
      vertex -3.381316e+01 -4.120146e+01 0.000000e+00
      vertex -3.381316e+01 -4.120146e+01 4.177500e+01
    endloop
  endfacet
  facet normal -6.438315e-01 -7.651673e-01 0.000000e+00
    outer loop
      vertex -3.481411e+01 -4.035923e+01 0.000000e+00
      vertex -3.381316e+01 -4.120146e+01 4.177500e+01
      vertex -3.481411e+01 -4.035923e+01 4.177500e+01
    endloop
  endfacet
  facet normal -6.248595e-01 -7.807372e-01 0.000000e+00
    outer loop
      vertex -3.381316e+01 -4.120146e+01 0.000000e+00
      vertex -3.279184e+01 -4.201886e+01 0.000000e+00
      vertex -3.279184e+01 -4.201886e+01 4.177500e+01
    endloop
  endfacet
  facet normal -6.248595e-01 -7.807372e-01 0.000000e+00
    outer loop
      vertex -3.381316e+01 -4.120146e+01 0.000000e+00
      vertex -3.279184e+01 -4.201886e+01 4.177500e+01
      vertex -3.381316e+01 -4.120146e+01 4.177500e+01
    endloop
  endfacet
  facet normal -6.055110e-01 -7.958369e-01 0.000000e+00
    outer loop
      vertex -3.279184e+01 -4.201886e+01 0.000000e+00
      vertex -3.175077e+01 -4.281096e+01 0.000000e+00
      vertex -3.175077e+01 -4.281096e+01 4.177500e+01
    endloop
  endfacet
  facet normal -6.055110e-01 -7.958369e-01 0.000000e+00
    outer loop
      vertex -3.279184e+01 -4.201886e+01 0.000000e+00
      vertex -3.175077e+01 -4.281096e+01 4.177500e+01
      vertex -3.279184e+01 -4.201886e+01 4.177500e+01
    endloop
  endfacet
  facet normal -5.857979e-01 -8.104572e-01 0.000000e+00
    outer loop
      vertex -3.175077e+01 -4.281096e+01 0.000000e+00
      vertex -3.069058e+01 -4.357727e+01 0.000000e+00
      vertex -3.069058e+01 -4.357727e+01 4.177500e+01
    endloop
  endfacet
  facet normal -5.857979e-01 -8.104572e-01 0.000000e+00
    outer loop
      vertex -3.175077e+01 -4.281096e+01 0.000000e+00
      vertex -3.069058e+01 -4.357727e+01 4.177500e+01
      vertex -3.175077e+01 -4.281096e+01 4.177500e+01
    endloop
  endfacet
  facet normal -5.657318e-01 -8.245893e-01 0.000000e+00
    outer loop
      vertex -3.069058e+01 -4.357727e+01 0.000000e+00
      vertex -2.961189e+01 -4.431733e+01 0.000000e+00
      vertex -2.961189e+01 -4.431733e+01 4.177500e+01
    endloop
  endfacet
  facet normal -5.657318e-01 -8.245893e-01 0.000000e+00
    outer loop
      vertex -3.069058e+01 -4.357727e+01 0.000000e+00
      vertex -2.961189e+01 -4.431733e+01 4.177500e+01
      vertex -3.069058e+01 -4.357727e+01 4.177500e+01
    endloop
  endfacet
  facet normal -5.453250e-01 -8.382247e-01 0.000000e+00
    outer loop
      vertex -2.961189e+01 -4.431733e+01 0.000000e+00
      vertex -2.851537e+01 -4.503070e+01 0.000000e+00
      vertex -2.851537e+01 -4.503070e+01 4.177500e+01
    endloop
  endfacet
  facet normal -5.453250e-01 -8.382247e-01 0.000000e+00
    outer loop
      vertex -2.961189e+01 -4.431733e+01 0.000000e+00
      vertex -2.851537e+01 -4.503070e+01 4.177500e+01
      vertex -2.961189e+01 -4.431733e+01 4.177500e+01
    endloop
  endfacet
  facet normal -5.245897e-01 -8.513552e-01 0.000000e+00
    outer loop
      vertex -2.851537e+01 -4.503070e+01 0.000000e+00
      vertex -2.740168e+01 -4.571693e+01 0.000000e+00
      vertex -2.740168e+01 -4.571693e+01 4.177500e+01
    endloop
  endfacet
  facet normal -5.245897e-01 -8.513552e-01 0.000000e+00
    outer loop
      vertex -2.851537e+01 -4.503070e+01 0.000000e+00
      vertex -2.740168e+01 -4.571693e+01 4.177500e+01
      vertex -2.851537e+01 -4.503070e+01 4.177500e+01
    endloop
  endfacet
  facet normal -5.035384e-01 -8.639729e-01 0.000000e+00
    outer loop
      vertex -2.740168e+01 -4.571693e+01 0.000000e+00
      vertex -2.627147e+01 -4.637564e+01 0.000000e+00
      vertex -2.627147e+01 -4.637564e+01 4.177500e+01
    endloop
  endfacet
  facet normal -5.035384e-01 -8.639729e-01 0.000000e+00
    outer loop
      vertex -2.740168e+01 -4.571693e+01 0.000000e+00
      vertex -2.627147e+01 -4.637564e+01 4.177500e+01
      vertex -2.740168e+01 -4.571693e+01 4.177500e+01
    endloop
  endfacet
  facet normal -4.821838e-01 -8.760701e-01 0.000000e+00
    outer loop
      vertex -2.627147e+01 -4.637564e+01 0.000000e+00
      vertex -2.512545e+01 -4.700640e+01 0.000000e+00
      vertex -2.512545e+01 -4.700640e+01 4.177500e+01
    endloop
  endfacet
  facet normal -4.821838e-01 -8.760701e-01 0.000000e+00
    outer loop
      vertex -2.627147e+01 -4.637564e+01 0.000000e+00
      vertex -2.512545e+01 -4.700640e+01 4.177500e+01
      vertex -2.627147e+01 -4.637564e+01 4.177500e+01
    endloop
  endfacet
  facet normal -4.605387e-01 -8.876396e-01 0.000000e+00
    outer loop
      vertex -2.512545e+01 -4.700640e+01 0.000000e+00
      vertex -2.396428e+01 -4.760886e+01 0.000000e+00
      vertex -2.396428e+01 -4.760886e+01 4.177500e+01
    endloop
  endfacet
  facet normal -4.605387e-01 -8.876396e-01 0.000000e+00
    outer loop
      vertex -2.512545e+01 -4.700640e+01 0.000000e+00
      vertex -2.396428e+01 -4.760886e+01 4.177500e+01
      vertex -2.512545e+01 -4.700640e+01 4.177500e+01
    endloop
  endfacet
  facet normal -4.386162e-01 -8.986745e-01 0.000000e+00
    outer loop
      vertex -2.396428e+01 -4.760886e+01 0.000000e+00
      vertex -2.278869e+01 -4.818263e+01 0.000000e+00
      vertex -2.278869e+01 -4.818263e+01 4.177500e+01
    endloop
  endfacet
  facet normal -4.386162e-01 -8.986745e-01 0.000000e+00
    outer loop
      vertex -2.396428e+01 -4.760886e+01 0.000000e+00
      vertex -2.278869e+01 -4.818263e+01 4.177500e+01
      vertex -2.396428e+01 -4.760886e+01 4.177500e+01
    endloop
  endfacet
  facet normal -4.164296e-01 -9.091680e-01 0.000000e+00
    outer loop
      vertex -2.278869e+01 -4.818263e+01 0.000000e+00
      vertex -2.159936e+01 -4.872738e+01 0.000000e+00
      vertex -2.159936e+01 -4.872738e+01 4.177500e+01
    endloop
  endfacet
  facet normal -4.164296e-01 -9.091680e-01 0.000000e+00
    outer loop
      vertex -2.278869e+01 -4.818263e+01 0.000000e+00
      vertex -2.159936e+01 -4.872738e+01 4.177500e+01
      vertex -2.278869e+01 -4.818263e+01 4.177500e+01
    endloop
  endfacet
  facet normal -3.939920e-01 -9.191139e-01 0.000000e+00
    outer loop
      vertex -2.159936e+01 -4.872738e+01 0.000000e+00
      vertex -2.039703e+01 -4.924278e+01 0.000000e+00
      vertex -2.039703e+01 -4.924278e+01 4.177500e+01
    endloop
  endfacet
  facet normal -3.939920e-01 -9.191139e-01 0.000000e+00
    outer loop
      vertex -2.159936e+01 -4.872738e+01 0.000000e+00
      vertex -2.039703e+01 -4.924278e+01 4.177500e+01
      vertex -2.159936e+01 -4.872738e+01 4.177500e+01
    endloop
  endfacet
  facet normal -3.713172e-01 -9.285061e-01 0.000000e+00
    outer loop
      vertex -2.039703e+01 -4.924278e+01 0.000000e+00
      vertex -1.918241e+01 -4.972852e+01 0.000000e+00
      vertex -1.918241e+01 -4.972852e+01 4.177500e+01
    endloop
  endfacet
  facet normal -3.713172e-01 -9.285061e-01 0.000000e+00
    outer loop
      vertex -2.039703e+01 -4.924278e+01 0.000000e+00
      vertex -1.918241e+01 -4.972852e+01 4.177500e+01
      vertex -2.039703e+01 -4.924278e+01 4.177500e+01
    endloop
  endfacet
  facet normal -3.484187e-01 -9.373390e-01 0.000000e+00
    outer loop
      vertex -1.918241e+01 -4.972852e+01 0.000000e+00
      vertex -1.795623e+01 -5.018430e+01 0.000000e+00
      vertex -1.795623e+01 -5.018430e+01 4.177500e+01
    endloop
  endfacet
  facet normal -3.484187e-01 -9.373390e-01 0.000000e+00
    outer loop
      vertex -1.918241e+01 -4.972852e+01 0.000000e+00
      vertex -1.795623e+01 -5.018430e+01 4.177500e+01
      vertex -1.918241e+01 -4.972852e+01 4.177500e+01
    endloop
  endfacet
  facet normal -3.253103e-01 -9.456073e-01 0.000000e+00
    outer loop
      vertex -1.795623e+01 -5.018430e+01 0.000000e+00
      vertex -1.671924e+01 -5.060985e+01 0.000000e+00
      vertex -1.671924e+01 -5.060985e+01 4.177500e+01
    endloop
  endfacet
  facet normal -3.253103e-01 -9.456073e-01 0.000000e+00
    outer loop
      vertex -1.795623e+01 -5.018430e+01 0.000000e+00
      vertex -1.671924e+01 -5.060985e+01 4.177500e+01
      vertex -1.795623e+01 -5.018430e+01 4.177500e+01
    endloop
  endfacet
  facet normal -3.020059e-01 -9.533060e-01 0.000000e+00
    outer loop
      vertex -1.671924e+01 -5.060985e+01 0.000000e+00
      vertex -1.547217e+01 -5.100492e+01 0.000000e+00
      vertex -1.547217e+01 -5.100492e+01 4.177500e+01
    endloop
  endfacet
  facet normal -3.020059e-01 -9.533060e-01 0.000000e+00
    outer loop
      vertex -1.671924e+01 -5.060985e+01 0.000000e+00
      vertex -1.547217e+01 -5.100492e+01 4.177500e+01
      vertex -1.671924e+01 -5.060985e+01 4.177500e+01
    endloop
  endfacet
  facet normal -2.785197e-01 -9.604305e-01 0.000000e+00
    outer loop
      vertex -1.547217e+01 -5.100492e+01 0.000000e+00
      vertex -1.421579e+01 -5.136926e+01 0.000000e+00
      vertex -1.421579e+01 -5.136926e+01 4.177500e+01
    endloop
  endfacet
  facet normal -2.785197e-01 -9.604305e-01 0.000000e+00
    outer loop
      vertex -1.547217e+01 -5.100492e+01 0.000000e+00
      vertex -1.421579e+01 -5.136926e+01 4.177500e+01
      vertex -1.547217e+01 -5.100492e+01 4.177500e+01
    endloop
  endfacet
  facet normal -2.548657e-01 -9.669765e-01 0.000000e+00
    outer loop
      vertex -1.421579e+01 -5.136926e+01 0.000000e+00
      vertex -1.295084e+01 -5.170267e+01 0.000000e+00
      vertex -1.295084e+01 -5.170267e+01 4.177500e+01
    endloop
  endfacet
  facet normal -2.548657e-01 -9.669765e-01 0.000000e+00
    outer loop
      vertex -1.421579e+01 -5.136926e+01 0.000000e+00
      vertex -1.295084e+01 -5.170267e+01 4.177500e+01
      vertex -1.421579e+01 -5.136926e+01 4.177500e+01
    endloop
  endfacet
  facet normal -2.310581e-01 -9.729400e-01 0.000000e+00
    outer loop
      vertex -1.295084e+01 -5.170267e+01 0.000000e+00
      vertex -1.167810e+01 -5.200492e+01 0.000000e+00
      vertex -1.167810e+01 -5.200492e+01 4.177500e+01
    endloop
  endfacet
  facet normal -2.310581e-01 -9.729400e-01 0.000000e+00
    outer loop
      vertex -1.295084e+01 -5.170267e+01 0.000000e+00
      vertex -1.167810e+01 -5.200492e+01 4.177500e+01
      vertex -1.295084e+01 -5.170267e+01 4.177500e+01
    endloop
  endfacet
  facet normal -2.071114e-01 -9.783174e-01 0.000000e+00
    outer loop
      vertex -1.167810e+01 -5.200492e+01 0.000000e+00
      vertex -1.039831e+01 -5.227586e+01 0.000000e+00
      vertex -1.039831e+01 -5.227586e+01 4.177500e+01
    endloop
  endfacet
  facet normal -2.071114e-01 -9.783174e-01 0.000000e+00
    outer loop
      vertex -1.167810e+01 -5.200492e+01 0.000000e+00
      vertex -1.039831e+01 -5.227586e+01 4.177500e+01
      vertex -1.167810e+01 -5.200492e+01 4.177500e+01
    endloop
  endfacet
  facet normal -1.830399e-01 -9.831055e-01 0.000000e+00
    outer loop
      vertex -1.039831e+01 -5.227586e+01 0.000000e+00
      vertex -9.112269e+00 -5.251530e+01 0.000000e+00
      vertex -9.112269e+00 -5.251530e+01 4.177500e+01
    endloop
  endfacet
  facet normal -1.830399e-01 -9.831055e-01 0.000000e+00
    outer loop
      vertex -1.039831e+01 -5.227586e+01 0.000000e+00
      vertex -9.112269e+00 -5.251530e+01 4.177500e+01
      vertex -1.039831e+01 -5.227586e+01 4.177500e+01
    endloop
  endfacet
  facet normal -1.588581e-01 -9.873014e-01 0.000000e+00
    outer loop
      vertex -9.112269e+00 -5.251530e+01 0.000000e+00
      vertex -7.820734e+00 -5.272311e+01 0.000000e+00
      vertex -7.820734e+00 -5.272311e+01 4.177500e+01
    endloop
  endfacet
  facet normal -1.588581e-01 -9.873014e-01 0.000000e+00
    outer loop
      vertex -9.112269e+00 -5.251530e+01 0.000000e+00
      vertex -7.820734e+00 -5.272311e+01 4.177500e+01
      vertex -9.112269e+00 -5.251530e+01 4.177500e+01
    endloop
  endfacet
  facet normal -1.345807e-01 -9.909026e-01 0.000000e+00
    outer loop
      vertex -7.820734e+00 -5.272311e+01 0.000000e+00
      vertex -6.524489e+00 -5.289916e+01 0.000000e+00
      vertex -6.524489e+00 -5.289916e+01 4.177500e+01
    endloop
  endfacet
  facet normal -1.345807e-01 -9.909026e-01 0.000000e+00
    outer loop
      vertex -7.820734e+00 -5.272311e+01 0.000000e+00
      vertex -6.524489e+00 -5.289916e+01 4.177500e+01
      vertex -7.820734e+00 -5.272311e+01 4.177500e+01
    endloop
  endfacet
  facet normal -1.102222e-01 -9.939070e-01 0.000000e+00
    outer loop
      vertex -6.524489e+00 -5.289916e+01 0.000000e+00
      vertex -5.224314e+00 -5.304335e+01 0.000000e+00
      vertex -5.224314e+00 -5.304335e+01 4.177500e+01
    endloop
  endfacet
  facet normal -1.102222e-01 -9.939070e-01 0.000000e+00
    outer loop
      vertex -6.524489e+00 -5.289916e+01 0.000000e+00
      vertex -5.224314e+00 -5.304335e+01 4.177500e+01
      vertex -6.524489e+00 -5.289916e+01 4.177500e+01
    endloop
  endfacet
  facet normal -8.579731e-02 -9.963126e-01 0.000000e+00
    outer loop
      vertex -5.224314e+00 -5.304335e+01 0.000000e+00
      vertex -3.920991e+00 -5.315558e+01 0.000000e+00
      vertex -3.920991e+00 -5.315558e+01 4.177500e+01
    endloop
  endfacet
  facet normal -8.579731e-02 -9.963126e-01 0.000000e+00
    outer loop
      vertex -5.224314e+00 -5.304335e+01 0.000000e+00
      vertex -3.920991e+00 -5.315558e+01 4.177500e+01
      vertex -5.224314e+00 -5.304335e+01 4.177500e+01
    endloop
  endfacet
  facet normal -6.132074e-02 -9.981181e-01 0.000000e+00
    outer loop
      vertex -3.920991e+00 -5.315558e+01 0.000000e+00
      vertex -2.615307e+00 -5.323580e+01 0.000000e+00
      vertex -2.615307e+00 -5.323580e+01 4.177500e+01
    endloop
  endfacet
  facet normal -6.132074e-02 -9.981181e-01 0.000000e+00
    outer loop
      vertex -3.920991e+00 -5.315558e+01 0.000000e+00
      vertex -2.615307e+00 -5.323580e+01 4.177500e+01
      vertex -3.920991e+00 -5.315558e+01 4.177500e+01
    endloop
  endfacet
  facet normal -3.680722e-02 -9.993224e-01 0.000000e+00
    outer loop
      vertex -2.615307e+00 -5.323580e+01 0.000000e+00
      vertex -1.308047e+00 -5.328395e+01 0.000000e+00
      vertex -1.308047e+00 -5.328395e+01 4.177500e+01
    endloop
  endfacet
  facet normal -3.680722e-02 -9.993224e-01 0.000000e+00
    outer loop
      vertex -2.615307e+00 -5.323580e+01 0.000000e+00
      vertex -1.308047e+00 -5.328395e+01 4.177500e+01
      vertex -2.615307e+00 -5.323580e+01 4.177500e+01
    endloop
  endfacet
  facet normal -1.227154e-02 -9.999247e-01 0.000000e+00
    outer loop
      vertex -1.308047e+00 -5.328395e+01 0.000000e+00
      vertex -9.791051e-15 -5.330000e+01 0.000000e+00
      vertex -9.791051e-15 -5.330000e+01 4.177500e+01
    endloop
  endfacet
  facet normal -1.227154e-02 -9.999247e-01 0.000000e+00
    outer loop
      vertex -1.308047e+00 -5.328395e+01 0.000000e+00
      vertex -9.791051e-15 -5.330000e+01 4.177500e+01
      vertex -1.308047e+00 -5.328395e+01 4.177500e+01
    endloop
  endfacet
  facet normal 1.227154e-02 -9.999247e-01 0.000000e+00
    outer loop
      vertex -9.791051e-15 -5.330000e+01 0.000000e+00
      vertex 1.308047e+00 -5.328395e+01 0.000000e+00
      vertex 1.308047e+00 -5.328395e+01 4.177500e+01
    endloop
  endfacet
  facet normal 1.227154e-02 -9.999247e-01 0.000000e+00
    outer loop
      vertex -9.791051e-15 -5.330000e+01 0.000000e+00
      vertex 1.308047e+00 -5.328395e+01 4.177500e+01
      vertex -9.791051e-15 -5.330000e+01 4.177500e+01
    endloop
  endfacet
  facet normal 3.680722e-02 -9.993224e-01 0.000000e+00
    outer loop
      vertex 1.308047e+00 -5.328395e+01 0.000000e+00
      vertex 2.615307e+00 -5.323580e+01 0.000000e+00
      vertex 2.615307e+00 -5.323580e+01 4.177500e+01
    endloop
  endfacet
  facet normal 3.680722e-02 -9.993224e-01 0.000000e+00
    outer loop
      vertex 1.308047e+00 -5.328395e+01 0.000000e+00
      vertex 2.615307e+00 -5.323580e+01 4.177500e+01
      vertex 1.308047e+00 -5.328395e+01 4.177500e+01
    endloop
  endfacet
  facet normal 6.132074e-02 -9.981181e-01 0.000000e+00
    outer loop
      vertex 2.615307e+00 -5.323580e+01 0.000000e+00
      vertex 3.920991e+00 -5.315558e+01 0.000000e+00
      vertex 3.920991e+00 -5.315558e+01 4.177500e+01
    endloop
  endfacet
  facet normal 6.132074e-02 -9.981181e-01 0.000000e+00
    outer loop
      vertex 2.615307e+00 -5.323580e+01 0.000000e+00
      vertex 3.920991e+00 -5.315558e+01 4.177500e+01
      vertex 2.615307e+00 -5.323580e+01 4.177500e+01
    endloop
  endfacet
  facet normal 8.579731e-02 -9.963126e-01 0.000000e+00
    outer loop
      vertex 3.920991e+00 -5.315558e+01 0.000000e+00
      vertex 5.224314e+00 -5.304335e+01 0.000000e+00
      vertex 5.224314e+00 -5.304335e+01 4.177500e+01
    endloop
  endfacet
  facet normal 8.579731e-02 -9.963126e-01 0.000000e+00
    outer loop
      vertex 3.920991e+00 -5.315558e+01 0.000000e+00
      vertex 5.224314e+00 -5.304335e+01 4.177500e+01
      vertex 3.920991e+00 -5.315558e+01 4.177500e+01
    endloop
  endfacet
  facet normal 1.102222e-01 -9.939070e-01 0.000000e+00
    outer loop
      vertex 5.224314e+00 -5.304335e+01 0.000000e+00
      vertex 6.524489e+00 -5.289916e+01 0.000000e+00
      vertex 6.524489e+00 -5.289916e+01 4.177500e+01
    endloop
  endfacet
  facet normal 1.102222e-01 -9.939070e-01 0.000000e+00
    outer loop
      vertex 5.224314e+00 -5.304335e+01 0.000000e+00
      vertex 6.524489e+00 -5.289916e+01 4.177500e+01
      vertex 5.224314e+00 -5.304335e+01 4.177500e+01
    endloop
  endfacet
  facet normal 1.345807e-01 -9.909026e-01 0.000000e+00
    outer loop
      vertex 6.524489e+00 -5.289916e+01 0.000000e+00
      vertex 7.820734e+00 -5.272311e+01 0.000000e+00
      vertex 7.820734e+00 -5.272311e+01 4.177500e+01
    endloop
  endfacet
  facet normal 1.345807e-01 -9.909026e-01 0.000000e+00
    outer loop
      vertex 6.524489e+00 -5.289916e+01 0.000000e+00
      vertex 7.820734e+00 -5.272311e+01 4.177500e+01
      vertex 6.524489e+00 -5.289916e+01 4.177500e+01
    endloop
  endfacet
  facet normal 1.588581e-01 -9.873014e-01 0.000000e+00
    outer loop
      vertex 7.820734e+00 -5.272311e+01 0.000000e+00
      vertex 9.112269e+00 -5.251530e+01 0.000000e+00
      vertex 9.112269e+00 -5.251530e+01 4.177500e+01
    endloop
  endfacet
  facet normal 1.588581e-01 -9.873014e-01 0.000000e+00
    outer loop
      vertex 7.820734e+00 -5.272311e+01 0.000000e+00
      vertex 9.112269e+00 -5.251530e+01 4.177500e+01
      vertex 7.820734e+00 -5.272311e+01 4.177500e+01
    endloop
  endfacet
  facet normal 1.830399e-01 -9.831055e-01 0.000000e+00
    outer loop
      vertex 9.112269e+00 -5.251530e+01 0.000000e+00
      vertex 1.039831e+01 -5.227586e+01 0.000000e+00
      vertex 1.039831e+01 -5.227586e+01 4.177500e+01
    endloop
  endfacet
  facet normal 1.830399e-01 -9.831055e-01 0.000000e+00
    outer loop
      vertex 9.112269e+00 -5.251530e+01 0.000000e+00
      vertex 1.039831e+01 -5.227586e+01 4.177500e+01
      vertex 9.112269e+00 -5.251530e+01 4.177500e+01
    endloop
  endfacet
  facet normal 2.071114e-01 -9.783174e-01 0.000000e+00
    outer loop
      vertex 1.039831e+01 -5.227586e+01 0.000000e+00
      vertex 1.167810e+01 -5.200492e+01 0.000000e+00
      vertex 1.167810e+01 -5.200492e+01 4.177500e+01
    endloop
  endfacet
  facet normal 2.071114e-01 -9.783174e-01 0.000000e+00
    outer loop
      vertex 1.039831e+01 -5.227586e+01 0.000000e+00
      vertex 1.167810e+01 -5.200492e+01 4.177500e+01
      vertex 1.039831e+01 -5.227586e+01 4.177500e+01
    endloop
  endfacet
  facet normal 2.310581e-01 -9.729400e-01 0.000000e+00
    outer loop
      vertex 1.167810e+01 -5.200492e+01 0.000000e+00
      vertex 1.295084e+01 -5.170267e+01 0.000000e+00
      vertex 1.295084e+01 -5.170267e+01 4.177500e+01
    endloop
  endfacet
  facet normal 2.310581e-01 -9.729400e-01 0.000000e+00
    outer loop
      vertex 1.167810e+01 -5.200492e+01 0.000000e+00
      vertex 1.295084e+01 -5.170267e+01 4.177500e+01
      vertex 1.167810e+01 -5.200492e+01 4.177500e+01
    endloop
  endfacet
  facet normal 2.548657e-01 -9.669765e-01 0.000000e+00
    outer loop
      vertex 1.295084e+01 -5.170267e+01 0.000000e+00
      vertex 1.421579e+01 -5.136926e+01 0.000000e+00
      vertex 1.421579e+01 -5.136926e+01 4.177500e+01
    endloop
  endfacet
  facet normal 2.548657e-01 -9.669765e-01 0.000000e+00
    outer loop
      vertex 1.295084e+01 -5.170267e+01 0.000000e+00
      vertex 1.421579e+01 -5.136926e+01 4.177500e+01
      vertex 1.295084e+01 -5.170267e+01 4.177500e+01
    endloop
  endfacet
  facet normal 2.785197e-01 -9.604305e-01 0.000000e+00
    outer loop
      vertex 1.421579e+01 -5.136926e+01 0.000000e+00
      vertex 1.547217e+01 -5.100492e+01 0.000000e+00
      vertex 1.547217e+01 -5.100492e+01 4.177500e+01
    endloop
  endfacet
  facet normal 2.785197e-01 -9.604305e-01 0.000000e+00
    outer loop
      vertex 1.421579e+01 -5.136926e+01 0.000000e+00
      vertex 1.547217e+01 -5.100492e+01 4.177500e+01
      vertex 1.421579e+01 -5.136926e+01 4.177500e+01
    endloop
  endfacet
  facet normal 3.020059e-01 -9.533060e-01 0.000000e+00
    outer loop
      vertex 1.547217e+01 -5.100492e+01 0.000000e+00
      vertex 1.671924e+01 -5.060985e+01 0.000000e+00
      vertex 1.671924e+01 -5.060985e+01 4.177500e+01
    endloop
  endfacet
  facet normal 3.020059e-01 -9.533060e-01 0.000000e+00
    outer loop
      vertex 1.547217e+01 -5.100492e+01 0.000000e+00
      vertex 1.671924e+01 -5.060985e+01 4.177500e+01
      vertex 1.547217e+01 -5.100492e+01 4.177500e+01
    endloop
  endfacet
  facet normal 3.253103e-01 -9.456073e-01 0.000000e+00
    outer loop
      vertex 1.671924e+01 -5.060985e+01 0.000000e+00
      vertex 1.795623e+01 -5.018430e+01 0.000000e+00
      vertex 1.795623e+01 -5.018430e+01 4.177500e+01
    endloop
  endfacet
  facet normal 3.253103e-01 -9.456073e-01 0.000000e+00
    outer loop
      vertex 1.671924e+01 -5.060985e+01 0.000000e+00
      vertex 1.795623e+01 -5.018430e+01 4.177500e+01
      vertex 1.671924e+01 -5.060985e+01 4.177500e+01
    endloop
  endfacet
  facet normal 3.484187e-01 -9.373390e-01 0.000000e+00
    outer loop
      vertex 1.795623e+01 -5.018430e+01 0.000000e+00
      vertex 1.918241e+01 -4.972852e+01 0.000000e+00
      vertex 1.918241e+01 -4.972852e+01 4.177500e+01
    endloop
  endfacet
  facet normal 3.484187e-01 -9.373390e-01 0.000000e+00
    outer loop
      vertex 1.795623e+01 -5.018430e+01 0.000000e+00
      vertex 1.918241e+01 -4.972852e+01 4.177500e+01
      vertex 1.795623e+01 -5.018430e+01 4.177500e+01
    endloop
  endfacet
  facet normal 3.713172e-01 -9.285061e-01 0.000000e+00
    outer loop
      vertex 1.918241e+01 -4.972852e+01 0.000000e+00
      vertex 2.039703e+01 -4.924278e+01 0.000000e+00
      vertex 2.039703e+01 -4.924278e+01 4.177500e+01
    endloop
  endfacet
  facet normal 3.713172e-01 -9.285061e-01 0.000000e+00
    outer loop
      vertex 1.918241e+01 -4.972852e+01 0.000000e+00
      vertex 2.039703e+01 -4.924278e+01 4.177500e+01
      vertex 1.918241e+01 -4.972852e+01 4.177500e+01
    endloop
  endfacet
  facet normal 3.939920e-01 -9.191139e-01 0.000000e+00
    outer loop
      vertex 2.039703e+01 -4.924278e+01 0.000000e+00
      vertex 2.159936e+01 -4.872738e+01 0.000000e+00
      vertex 2.159936e+01 -4.872738e+01 4.177500e+01
    endloop
  endfacet
  facet normal 3.939920e-01 -9.191139e-01 0.000000e+00
    outer loop
      vertex 2.039703e+01 -4.924278e+01 0.000000e+00
      vertex 2.159936e+01 -4.872738e+01 4.177500e+01
      vertex 2.039703e+01 -4.924278e+01 4.177500e+01
    endloop
  endfacet
  facet normal 4.164296e-01 -9.091680e-01 0.000000e+00
    outer loop
      vertex 2.159936e+01 -4.872738e+01 0.000000e+00
      vertex 2.278869e+01 -4.818263e+01 0.000000e+00
      vertex 2.278869e+01 -4.818263e+01 4.177500e+01
    endloop
  endfacet
  facet normal 4.164296e-01 -9.091680e-01 0.000000e+00
    outer loop
      vertex 2.159936e+01 -4.872738e+01 0.000000e+00
      vertex 2.278869e+01 -4.818263e+01 4.177500e+01
      vertex 2.159936e+01 -4.872738e+01 4.177500e+01
    endloop
  endfacet
  facet normal 4.386162e-01 -8.986745e-01 0.000000e+00
    outer loop
      vertex 2.278869e+01 -4.818263e+01 0.000000e+00
      vertex 2.396428e+01 -4.760886e+01 0.000000e+00
      vertex 2.396428e+01 -4.760886e+01 4.177500e+01
    endloop
  endfacet
  facet normal 4.386162e-01 -8.986745e-01 0.000000e+00
    outer loop
      vertex 2.278869e+01 -4.818263e+01 0.000000e+00
      vertex 2.396428e+01 -4.760886e+01 4.177500e+01
      vertex 2.278869e+01 -4.818263e+01 4.177500e+01
    endloop
  endfacet
  facet normal 4.605387e-01 -8.876396e-01 0.000000e+00
    outer loop
      vertex 2.396428e+01 -4.760886e+01 0.000000e+00
      vertex 2.512545e+01 -4.700640e+01 0.000000e+00
      vertex 2.512545e+01 -4.700640e+01 4.177500e+01
    endloop
  endfacet
  facet normal 4.605387e-01 -8.876396e-01 0.000000e+00
    outer loop
      vertex 2.396428e+01 -4.760886e+01 0.000000e+00
      vertex 2.512545e+01 -4.700640e+01 4.177500e+01
      vertex 2.396428e+01 -4.760886e+01 4.177500e+01
    endloop
  endfacet
  facet normal 4.821838e-01 -8.760701e-01 0.000000e+00
    outer loop
      vertex 2.512545e+01 -4.700640e+01 0.000000e+00
      vertex 2.627147e+01 -4.637564e+01 0.000000e+00
      vertex 2.627147e+01 -4.637564e+01 4.177500e+01
    endloop
  endfacet
  facet normal 4.821838e-01 -8.760701e-01 0.000000e+00
    outer loop
      vertex 2.512545e+01 -4.700640e+01 0.000000e+00
      vertex 2.627147e+01 -4.637564e+01 4.177500e+01
      vertex 2.512545e+01 -4.700640e+01 4.177500e+01
    endloop
  endfacet
  facet normal 5.035384e-01 -8.639729e-01 0.000000e+00
    outer loop
      vertex 2.627147e+01 -4.637564e+01 0.000000e+00
      vertex 2.740168e+01 -4.571693e+01 0.000000e+00
      vertex 2.740168e+01 -4.571693e+01 4.177500e+01
    endloop
  endfacet
  facet normal 5.035384e-01 -8.639729e-01 0.000000e+00
    outer loop
      vertex 2.627147e+01 -4.637564e+01 0.000000e+00
      vertex 2.740168e+01 -4.571693e+01 4.177500e+01
      vertex 2.627147e+01 -4.637564e+01 4.177500e+01
    endloop
  endfacet
  facet normal 5.245897e-01 -8.513552e-01 0.000000e+00
    outer loop
      vertex 2.740168e+01 -4.571693e+01 0.000000e+00
      vertex 2.851537e+01 -4.503070e+01 0.000000e+00
      vertex 2.851537e+01 -4.503070e+01 4.177500e+01
    endloop
  endfacet
  facet normal 5.245897e-01 -8.513552e-01 0.000000e+00
    outer loop
      vertex 2.740168e+01 -4.571693e+01 0.000000e+00
      vertex 2.851537e+01 -4.503070e+01 4.177500e+01
      vertex 2.740168e+01 -4.571693e+01 4.177500e+01
    endloop
  endfacet
  facet normal 5.453250e-01 -8.382247e-01 0.000000e+00
    outer loop
      vertex 2.851537e+01 -4.503070e+01 0.000000e+00
      vertex 2.961189e+01 -4.431733e+01 0.000000e+00
      vertex 2.961189e+01 -4.431733e+01 4.177500e+01
    endloop
  endfacet
  facet normal 5.453250e-01 -8.382247e-01 0.000000e+00
    outer loop
      vertex 2.851537e+01 -4.503070e+01 0.000000e+00
      vertex 2.961189e+01 -4.431733e+01 4.177500e+01
      vertex 2.851537e+01 -4.503070e+01 4.177500e+01
    endloop
  endfacet
  facet normal 5.657318e-01 -8.245893e-01 0.000000e+00
    outer loop
      vertex 2.961189e+01 -4.431733e+01 0.000000e+00
      vertex 3.069058e+01 -4.357727e+01 0.000000e+00
      vertex 3.069058e+01 -4.357727e+01 4.177500e+01
    endloop
  endfacet
  facet normal 5.657318e-01 -8.245893e-01 0.000000e+00
    outer loop
      vertex 2.961189e+01 -4.431733e+01 0.000000e+00
      vertex 3.069058e+01 -4.357727e+01 4.177500e+01
      vertex 2.961189e+01 -4.431733e+01 4.177500e+01
    endloop
  endfacet
  facet normal 5.857979e-01 -8.104572e-01 0.000000e+00
    outer loop
      vertex 3.069058e+01 -4.357727e+01 0.000000e+00
      vertex 3.175077e+01 -4.281096e+01 0.000000e+00
      vertex 3.175077e+01 -4.281096e+01 4.177500e+01
    endloop
  endfacet
  facet normal 5.857979e-01 -8.104572e-01 0.000000e+00
    outer loop
      vertex 3.069058e+01 -4.357727e+01 0.000000e+00
      vertex 3.175077e+01 -4.281096e+01 4.177500e+01
      vertex 3.069058e+01 -4.357727e+01 4.177500e+01
    endloop
  endfacet
  facet normal 6.055110e-01 -7.958369e-01 0.000000e+00
    outer loop
      vertex 3.175077e+01 -4.281096e+01 0.000000e+00
      vertex 3.279184e+01 -4.201886e+01 0.000000e+00
      vertex 3.279184e+01 -4.201886e+01 4.177500e+01
    endloop
  endfacet
  facet normal 6.055110e-01 -7.958369e-01 0.000000e+00
    outer loop
      vertex 3.175077e+01 -4.281096e+01 0.000000e+00
      vertex 3.279184e+01 -4.201886e+01 4.177500e+01
      vertex 3.175077e+01 -4.281096e+01 4.177500e+01
    endloop
  endfacet
  facet normal 6.248595e-01 -7.807372e-01 0.000000e+00
    outer loop
      vertex 3.279184e+01 -4.201886e+01 0.000000e+00
      vertex 3.381316e+01 -4.120146e+01 0.000000e+00
      vertex 3.381316e+01 -4.120146e+01 4.177500e+01
    endloop
  endfacet
  facet normal 6.248595e-01 -7.807372e-01 0.000000e+00
    outer loop
      vertex 3.279184e+01 -4.201886e+01 0.000000e+00
      vertex 3.381316e+01 -4.120146e+01 4.177500e+01
      vertex 3.279184e+01 -4.201886e+01 4.177500e+01
    endloop
  endfacet
  facet normal 6.438315e-01 -7.651673e-01 0.000000e+00
    outer loop
      vertex 3.381316e+01 -4.120146e+01 0.000000e+00
      vertex 3.481411e+01 -4.035923e+01 0.000000e+00
      vertex 3.481411e+01 -4.035923e+01 4.177500e+01
    endloop
  endfacet
  facet normal 6.438315e-01 -7.651673e-01 0.000000e+00
    outer loop
      vertex 3.381316e+01 -4.120146e+01 0.000000e+00
      vertex 3.481411e+01 -4.035923e+01 4.177500e+01
      vertex 3.381316e+01 -4.120146e+01 4.177500e+01
    endloop
  endfacet
  facet normal 6.624158e-01 -7.491364e-01 0.000000e+00
    outer loop
      vertex 3.481411e+01 -4.035923e+01 0.000000e+00
      vertex 3.579409e+01 -3.949269e+01 0.000000e+00
      vertex 3.579409e+01 -3.949269e+01 4.177500e+01
    endloop
  endfacet
  facet normal 6.624158e-01 -7.491364e-01 0.000000e+00
    outer loop
      vertex 3.481411e+01 -4.035923e+01 0.000000e+00
      vertex 3.579409e+01 -3.949269e+01 4.177500e+01
      vertex 3.481411e+01 -4.035923e+01 4.177500e+01
    endloop
  endfacet
  facet normal 6.806010e-01 -7.326543e-01 0.000000e+00
    outer loop
      vertex 3.579409e+01 -3.949269e+01 0.000000e+00
      vertex 3.675251e+01 -3.860237e+01 0.000000e+00
      vertex 3.675251e+01 -3.860237e+01 4.177500e+01
    endloop
  endfacet
  facet normal 6.806010e-01 -7.326543e-01 0.000000e+00
    outer loop
      vertex 3.579409e+01 -3.949269e+01 0.000000e+00
      vertex 3.675251e+01 -3.860237e+01 4.177500e+01
      vertex 3.579409e+01 -3.949269e+01 4.177500e+01
    endloop
  endfacet
  facet normal 6.983762e-01 -7.157308e-01 0.000000e+00
    outer loop
      vertex 3.675251e+01 -3.860237e+01 0.000000e+00
      vertex 3.768879e+01 -3.768879e+01 0.000000e+00
      vertex 3.768879e+01 -3.768879e+01 4.177500e+01
    endloop
  endfacet
  facet normal 6.983762e-01 -7.157308e-01 0.000000e+00
    outer loop
      vertex 3.675251e+01 -3.860237e+01 0.000000e+00
      vertex 3.768879e+01 -3.768879e+01 4.177500e+01
      vertex 3.675251e+01 -3.860237e+01 4.177500e+01
    endloop
  endfacet
  facet normal 7.157308e-01 -6.983762e-01 0.000000e+00
    outer loop
      vertex 3.768879e+01 -3.768879e+01 0.000000e+00
      vertex 3.860237e+01 -3.675251e+01 0.000000e+00
      vertex 3.860237e+01 -3.675251e+01 4.177500e+01
    endloop
  endfacet
  facet normal 7.157308e-01 -6.983762e-01 0.000000e+00
    outer loop
      vertex 3.768879e+01 -3.768879e+01 0.000000e+00
      vertex 3.860237e+01 -3.675251e+01 4.177500e+01
      vertex 3.768879e+01 -3.768879e+01 4.177500e+01
    endloop
  endfacet
  facet normal 7.326543e-01 -6.806010e-01 0.000000e+00
    outer loop
      vertex 3.860237e+01 -3.675251e+01 0.000000e+00
      vertex 3.949269e+01 -3.579409e+01 0.000000e+00
      vertex 3.949269e+01 -3.579409e+01 4.177500e+01
    endloop
  endfacet
  facet normal 7.326543e-01 -6.806010e-01 0.000000e+00
    outer loop
      vertex 3.860237e+01 -3.675251e+01 0.000000e+00
      vertex 3.949269e+01 -3.579409e+01 4.177500e+01
      vertex 3.860237e+01 -3.675251e+01 4.177500e+01
    endloop
  endfacet
  facet normal 7.491364e-01 -6.624158e-01 0.000000e+00
    outer loop
      vertex 3.949269e+01 -3.579409e+01 0.000000e+00
      vertex 4.035923e+01 -3.481411e+01 0.000000e+00
      vertex 4.035923e+01 -3.481411e+01 4.177500e+01
    endloop
  endfacet
  facet normal 7.491364e-01 -6.624158e-01 0.000000e+00
    outer loop
      vertex 3.949269e+01 -3.579409e+01 0.000000e+00
      vertex 4.035923e+01 -3.481411e+01 4.177500e+01
      vertex 3.949269e+01 -3.579409e+01 4.177500e+01
    endloop
  endfacet
  facet normal 7.651673e-01 -6.438315e-01 0.000000e+00
    outer loop
      vertex 4.035923e+01 -3.481411e+01 0.000000e+00
      vertex 4.120146e+01 -3.381316e+01 0.000000e+00
      vertex 4.120146e+01 -3.381316e+01 4.177500e+01
    endloop
  endfacet
  facet normal 7.651673e-01 -6.438315e-01 0.000000e+00
    outer loop
      vertex 4.035923e+01 -3.481411e+01 0.000000e+00
      vertex 4.120146e+01 -3.381316e+01 4.177500e+01
      vertex 4.035923e+01 -3.481411e+01 4.177500e+01
    endloop
  endfacet
  facet normal 7.807372e-01 -6.248595e-01 0.000000e+00
    outer loop
      vertex 4.120146e+01 -3.381316e+01 0.000000e+00
      vertex 4.201886e+01 -3.279184e+01 0.000000e+00
      vertex 4.201886e+01 -3.279184e+01 4.177500e+01
    endloop
  endfacet
  facet normal 7.807372e-01 -6.248595e-01 0.000000e+00
    outer loop
      vertex 4.120146e+01 -3.381316e+01 0.000000e+00
      vertex 4.201886e+01 -3.279184e+01 4.177500e+01
      vertex 4.120146e+01 -3.381316e+01 4.177500e+01
    endloop
  endfacet
  facet normal 7.958369e-01 -6.055110e-01 0.000000e+00
    outer loop
      vertex 4.201886e+01 -3.279184e+01 0.000000e+00
      vertex 4.281096e+01 -3.175077e+01 0.000000e+00
      vertex 4.281096e+01 -3.175077e+01 4.177500e+01
    endloop
  endfacet
  facet normal 7.958369e-01 -6.055110e-01 0.000000e+00
    outer loop
      vertex 4.201886e+01 -3.279184e+01 0.000000e+00
      vertex 4.281096e+01 -3.175077e+01 4.177500e+01
      vertex 4.201886e+01 -3.279184e+01 4.177500e+01
    endloop
  endfacet
  facet normal 8.104572e-01 -5.857979e-01 0.000000e+00
    outer loop
      vertex 4.281096e+01 -3.175077e+01 0.000000e+00
      vertex 4.357727e+01 -3.069058e+01 0.000000e+00
      vertex 4.357727e+01 -3.069058e+01 4.177500e+01
    endloop
  endfacet
  facet normal 8.104572e-01 -5.857979e-01 0.000000e+00
    outer loop
      vertex 4.281096e+01 -3.175077e+01 0.000000e+00
      vertex 4.357727e+01 -3.069058e+01 4.177500e+01
      vertex 4.281096e+01 -3.175077e+01 4.177500e+01
    endloop
  endfacet
  facet normal 8.245893e-01 -5.657318e-01 0.000000e+00
    outer loop
      vertex 4.357727e+01 -3.069058e+01 0.000000e+00
      vertex 4.431733e+01 -2.961189e+01 0.000000e+00
      vertex 4.431733e+01 -2.961189e+01 4.177500e+01
    endloop
  endfacet
  facet normal 8.245893e-01 -5.657318e-01 0.000000e+00
    outer loop
      vertex 4.357727e+01 -3.069058e+01 0.000000e+00
      vertex 4.431733e+01 -2.961189e+01 4.177500e+01
      vertex 4.357727e+01 -3.069058e+01 4.177500e+01
    endloop
  endfacet
  facet normal 8.382247e-01 -5.453250e-01 0.000000e+00
    outer loop
      vertex 4.431733e+01 -2.961189e+01 0.000000e+00
      vertex 4.503070e+01 -2.851537e+01 0.000000e+00
      vertex 4.503070e+01 -2.851537e+01 4.177500e+01
    endloop
  endfacet
  facet normal 8.382247e-01 -5.453250e-01 0.000000e+00
    outer loop
      vertex 4.431733e+01 -2.961189e+01 0.000000e+00
      vertex 4.503070e+01 -2.851537e+01 4.177500e+01
      vertex 4.431733e+01 -2.961189e+01 4.177500e+01
    endloop
  endfacet
  facet normal 8.513552e-01 -5.245897e-01 0.000000e+00
    outer loop
      vertex 4.503070e+01 -2.851537e+01 0.000000e+00
      vertex 4.571693e+01 -2.740168e+01 0.000000e+00
      vertex 4.571693e+01 -2.740168e+01 4.177500e+01
    endloop
  endfacet
  facet normal 8.513552e-01 -5.245897e-01 0.000000e+00
    outer loop
      vertex 4.503070e+01 -2.851537e+01 0.000000e+00
      vertex 4.571693e+01 -2.740168e+01 4.177500e+01
      vertex 4.503070e+01 -2.851537e+01 4.177500e+01
    endloop
  endfacet
  facet normal 8.639729e-01 -5.035384e-01 0.000000e+00
    outer loop
      vertex 4.571693e+01 -2.740168e+01 0.000000e+00
      vertex 4.637564e+01 -2.627147e+01 0.000000e+00
      vertex 4.637564e+01 -2.627147e+01 4.177500e+01
    endloop
  endfacet
  facet normal 8.639729e-01 -5.035384e-01 0.000000e+00
    outer loop
      vertex 4.571693e+01 -2.740168e+01 0.000000e+00
      vertex 4.637564e+01 -2.627147e+01 4.177500e+01
      vertex 4.571693e+01 -2.740168e+01 4.177500e+01
    endloop
  endfacet
  facet normal 8.760701e-01 -4.821838e-01 0.000000e+00
    outer loop
      vertex 4.637564e+01 -2.627147e+01 0.000000e+00
      vertex 4.700640e+01 -2.512545e+01 0.000000e+00
      vertex 4.700640e+01 -2.512545e+01 4.177500e+01
    endloop
  endfacet
  facet normal 8.760701e-01 -4.821838e-01 0.000000e+00
    outer loop
      vertex 4.637564e+01 -2.627147e+01 0.000000e+00
      vertex 4.700640e+01 -2.512545e+01 4.177500e+01
      vertex 4.637564e+01 -2.627147e+01 4.177500e+01
    endloop
  endfacet
  facet normal 8.876396e-01 -4.605387e-01 0.000000e+00
    outer loop
      vertex 4.700640e+01 -2.512545e+01 0.000000e+00
      vertex 4.760886e+01 -2.396428e+01 0.000000e+00
      vertex 4.760886e+01 -2.396428e+01 4.177500e+01
    endloop
  endfacet
  facet normal 8.876396e-01 -4.605387e-01 0.000000e+00
    outer loop
      vertex 4.700640e+01 -2.512545e+01 0.000000e+00
      vertex 4.760886e+01 -2.396428e+01 4.177500e+01
      vertex 4.700640e+01 -2.512545e+01 4.177500e+01
    endloop
  endfacet
  facet normal 8.986745e-01 -4.386162e-01 0.000000e+00
    outer loop
      vertex 4.760886e+01 -2.396428e+01 0.000000e+00
      vertex 4.818263e+01 -2.278869e+01 0.000000e+00
      vertex 4.818263e+01 -2.278869e+01 4.177500e+01
    endloop
  endfacet
  facet normal 8.986745e-01 -4.386162e-01 0.000000e+00
    outer loop
      vertex 4.760886e+01 -2.396428e+01 0.000000e+00
      vertex 4.818263e+01 -2.278869e+01 4.177500e+01
      vertex 4.760886e+01 -2.396428e+01 4.177500e+01
    endloop
  endfacet
  facet normal 9.091680e-01 -4.164296e-01 0.000000e+00
    outer loop
      vertex 4.818263e+01 -2.278869e+01 0.000000e+00
      vertex 4.872738e+01 -2.159936e+01 0.000000e+00
      vertex 4.872738e+01 -2.159936e+01 4.177500e+01
    endloop
  endfacet
  facet normal 9.091680e-01 -4.164296e-01 0.000000e+00
    outer loop
      vertex 4.818263e+01 -2.278869e+01 0.000000e+00
      vertex 4.872738e+01 -2.159936e+01 4.177500e+01
      vertex 4.818263e+01 -2.278869e+01 4.177500e+01
    endloop
  endfacet
  facet normal 9.191139e-01 -3.939920e-01 0.000000e+00
    outer loop
      vertex 4.872738e+01 -2.159936e+01 0.000000e+00
      vertex 4.924278e+01 -2.039703e+01 0.000000e+00
      vertex 4.924278e+01 -2.039703e+01 4.177500e+01
    endloop
  endfacet
  facet normal 9.191139e-01 -3.939920e-01 0.000000e+00
    outer loop
      vertex 4.872738e+01 -2.159936e+01 0.000000e+00
      vertex 4.924278e+01 -2.039703e+01 4.177500e+01
      vertex 4.872738e+01 -2.159936e+01 4.177500e+01
    endloop
  endfacet
  facet normal 9.285061e-01 -3.713172e-01 0.000000e+00
    outer loop
      vertex 4.924278e+01 -2.039703e+01 0.000000e+00
      vertex 4.972852e+01 -1.918241e+01 0.000000e+00
      vertex 4.972852e+01 -1.918241e+01 4.177500e+01
    endloop
  endfacet
  facet normal 9.285061e-01 -3.713172e-01 0.000000e+00
    outer loop
      vertex 4.924278e+01 -2.039703e+01 0.000000e+00
      vertex 4.972852e+01 -1.918241e+01 4.177500e+01
      vertex 4.924278e+01 -2.039703e+01 4.177500e+01
    endloop
  endfacet
  facet normal 9.373390e-01 -3.484187e-01 0.000000e+00
    outer loop
      vertex 4.972852e+01 -1.918241e+01 0.000000e+00
      vertex 5.018430e+01 -1.795623e+01 0.000000e+00
      vertex 5.018430e+01 -1.795623e+01 4.177500e+01
    endloop
  endfacet
  facet normal 9.373390e-01 -3.484187e-01 0.000000e+00
    outer loop
      vertex 4.972852e+01 -1.918241e+01 0.000000e+00
      vertex 5.018430e+01 -1.795623e+01 4.177500e+01
      vertex 4.972852e+01 -1.918241e+01 4.177500e+01
    endloop
  endfacet
  facet normal 9.456073e-01 -3.253103e-01 0.000000e+00
    outer loop
      vertex 5.018430e+01 -1.795623e+01 0.000000e+00
      vertex 5.060985e+01 -1.671924e+01 0.000000e+00
      vertex 5.060985e+01 -1.671924e+01 4.177500e+01
    endloop
  endfacet
  facet normal 9.456073e-01 -3.253103e-01 0.000000e+00
    outer loop
      vertex 5.018430e+01 -1.795623e+01 0.000000e+00
      vertex 5.060985e+01 -1.671924e+01 4.177500e+01
      vertex 5.018430e+01 -1.795623e+01 4.177500e+01
    endloop
  endfacet
  facet normal 9.533060e-01 -3.020059e-01 0.000000e+00
    outer loop
      vertex 5.060985e+01 -1.671924e+01 0.000000e+00
      vertex 5.100492e+01 -1.547217e+01 0.000000e+00
      vertex 5.100492e+01 -1.547217e+01 4.177500e+01
    endloop
  endfacet
  facet normal 9.533060e-01 -3.020059e-01 0.000000e+00
    outer loop
      vertex 5.060985e+01 -1.671924e+01 0.000000e+00
      vertex 5.100492e+01 -1.547217e+01 4.177500e+01
      vertex 5.060985e+01 -1.671924e+01 4.177500e+01
    endloop
  endfacet
  facet normal 9.604305e-01 -2.785197e-01 0.000000e+00
    outer loop
      vertex 5.100492e+01 -1.547217e+01 0.000000e+00
      vertex 5.136926e+01 -1.421579e+01 0.000000e+00
      vertex 5.136926e+01 -1.421579e+01 4.177500e+01
    endloop
  endfacet
  facet normal 9.604305e-01 -2.785197e-01 0.000000e+00
    outer loop
      vertex 5.100492e+01 -1.547217e+01 0.000000e+00
      vertex 5.136926e+01 -1.421579e+01 4.177500e+01
      vertex 5.100492e+01 -1.547217e+01 4.177500e+01
    endloop
  endfacet
  facet normal 9.669765e-01 -2.548657e-01 0.000000e+00
    outer loop
      vertex 5.136926e+01 -1.421579e+01 0.000000e+00
      vertex 5.170267e+01 -1.295084e+01 0.000000e+00
      vertex 5.170267e+01 -1.295084e+01 4.177500e+01
    endloop
  endfacet
  facet normal 9.669765e-01 -2.548657e-01 0.000000e+00
    outer loop
      vertex 5.136926e+01 -1.421579e+01 0.000000e+00
      vertex 5.170267e+01 -1.295084e+01 4.177500e+01
      vertex 5.136926e+01 -1.421579e+01 4.177500e+01
    endloop
  endfacet
  facet normal 9.729400e-01 -2.310581e-01 0.000000e+00
    outer loop
      vertex 5.170267e+01 -1.295084e+01 0.000000e+00
      vertex 5.200492e+01 -1.167810e+01 0.000000e+00
      vertex 5.200492e+01 -1.167810e+01 4.177500e+01
    endloop
  endfacet
  facet normal 9.729400e-01 -2.310581e-01 0.000000e+00
    outer loop
      vertex 5.170267e+01 -1.295084e+01 0.000000e+00
      vertex 5.200492e+01 -1.167810e+01 4.177500e+01
      vertex 5.170267e+01 -1.295084e+01 4.177500e+01
    endloop
  endfacet
  facet normal 9.783174e-01 -2.071114e-01 0.000000e+00
    outer loop
      vertex 5.200492e+01 -1.167810e+01 0.000000e+00
      vertex 5.227586e+01 -1.039831e+01 0.000000e+00
      vertex 5.227586e+01 -1.039831e+01 4.177500e+01
    endloop
  endfacet
  facet normal 9.783174e-01 -2.071114e-01 0.000000e+00
    outer loop
      vertex 5.200492e+01 -1.167810e+01 0.000000e+00
      vertex 5.227586e+01 -1.039831e+01 4.177500e+01
      vertex 5.200492e+01 -1.167810e+01 4.177500e+01
    endloop
  endfacet
  facet normal 9.831055e-01 -1.830399e-01 0.000000e+00
    outer loop
      vertex 5.227586e+01 -1.039831e+01 0.000000e+00
      vertex 5.251530e+01 -9.112269e+00 0.000000e+00
      vertex 5.251530e+01 -9.112269e+00 4.177500e+01
    endloop
  endfacet
  facet normal 9.831055e-01 -1.830399e-01 0.000000e+00
    outer loop
      vertex 5.227586e+01 -1.039831e+01 0.000000e+00
      vertex 5.251530e+01 -9.112269e+00 4.177500e+01
      vertex 5.227586e+01 -1.039831e+01 4.177500e+01
    endloop
  endfacet
  facet normal 9.873014e-01 -1.588581e-01 0.000000e+00
    outer loop
      vertex 5.251530e+01 -9.112269e+00 0.000000e+00
      vertex 5.272311e+01 -7.820734e+00 0.000000e+00
      vertex 5.272311e+01 -7.820734e+00 4.177500e+01
    endloop
  endfacet
  facet normal 9.873014e-01 -1.588581e-01 0.000000e+00
    outer loop
      vertex 5.251530e+01 -9.112269e+00 0.000000e+00
      vertex 5.272311e+01 -7.820734e+00 4.177500e+01
      vertex 5.251530e+01 -9.112269e+00 4.177500e+01
    endloop
  endfacet
  facet normal 9.909026e-01 -1.345807e-01 0.000000e+00
    outer loop
      vertex 5.272311e+01 -7.820734e+00 0.000000e+00
      vertex 5.289916e+01 -6.524489e+00 0.000000e+00
      vertex 5.289916e+01 -6.524489e+00 4.177500e+01
    endloop
  endfacet
  facet normal 9.909026e-01 -1.345807e-01 0.000000e+00
    outer loop
      vertex 5.272311e+01 -7.820734e+00 0.000000e+00
      vertex 5.289916e+01 -6.524489e+00 4.177500e+01
      vertex 5.272311e+01 -7.820734e+00 4.177500e+01
    endloop
  endfacet
  facet normal 9.939070e-01 -1.102222e-01 0.000000e+00
    outer loop
      vertex 5.289916e+01 -6.524489e+00 0.000000e+00
      vertex 5.304335e+01 -5.224314e+00 0.000000e+00
      vertex 5.304335e+01 -5.224314e+00 4.177500e+01
    endloop
  endfacet
  facet normal 9.939070e-01 -1.102222e-01 0.000000e+00
    outer loop
      vertex 5.289916e+01 -6.524489e+00 0.000000e+00
      vertex 5.304335e+01 -5.224314e+00 4.177500e+01
      vertex 5.289916e+01 -6.524489e+00 4.177500e+01
    endloop
  endfacet
  facet normal 9.963126e-01 -8.579731e-02 0.000000e+00
    outer loop
      vertex 5.304335e+01 -5.224314e+00 0.000000e+00
      vertex 5.315558e+01 -3.920991e+00 0.000000e+00
      vertex 5.315558e+01 -3.920991e+00 4.177500e+01
    endloop
  endfacet
  facet normal 9.963126e-01 -8.579731e-02 0.000000e+00
    outer loop
      vertex 5.304335e+01 -5.224314e+00 0.000000e+00
      vertex 5.315558e+01 -3.920991e+00 4.177500e+01
      vertex 5.304335e+01 -5.224314e+00 4.177500e+01
    endloop
  endfacet
  facet normal 9.981181e-01 -6.132074e-02 0.000000e+00
    outer loop
      vertex 5.315558e+01 -3.920991e+00 0.000000e+00
      vertex 5.323580e+01 -2.615307e+00 0.000000e+00
      vertex 5.323580e+01 -2.615307e+00 4.177500e+01
    endloop
  endfacet
  facet normal 9.981181e-01 -6.132074e-02 0.000000e+00
    outer loop
      vertex 5.315558e+01 -3.920991e+00 0.000000e+00
      vertex 5.323580e+01 -2.615307e+00 4.177500e+01
      vertex 5.315558e+01 -3.920991e+00 4.177500e+01
    endloop
  endfacet
  facet normal 9.993224e-01 -3.680722e-02 0.000000e+00
    outer loop
      vertex 5.323580e+01 -2.615307e+00 0.000000e+00
      vertex 5.328395e+01 -1.308047e+00 0.000000e+00
      vertex 5.328395e+01 -1.308047e+00 4.177500e+01
    endloop
  endfacet
  facet normal 9.993224e-01 -3.680722e-02 0.000000e+00
    outer loop
      vertex 5.323580e+01 -2.615307e+00 0.000000e+00
      vertex 5.328395e+01 -1.308047e+00 4.177500e+01
      vertex 5.323580e+01 -2.615307e+00 4.177500e+01
    endloop
  endfacet
  facet normal 9.999247e-01 -1.227154e-02 0.000000e+00
    outer loop
      vertex 5.328395e+01 -1.308047e+00 0.000000e+00
      vertex 5.330000e+01 0.000000e+00 0.000000e+00
      vertex 5.330000e+01 0.000000e+00 4.177500e+01
    endloop
  endfacet
  facet normal 9.999247e-01 -1.227154e-02 0.000000e+00
    outer loop
      vertex 5.328395e+01 -1.308047e+00 0.000000e+00
      vertex 5.330000e+01 0.000000e+00 4.177500e+01
      vertex 5.328395e+01 -1.308047e+00 4.177500e+01
    endloop
  endfacet
  facet normal -9.999247e-01 -1.227154e-02 0.000000e+00
    outer loop
      vertex 5.080000e+01 0.000000e+00 5.000000e-01
      vertex 5.080000e+01 0.000000e+00 4.177500e+01
      vertex 5.078470e+01 1.246694e+00 4.177500e+01
    endloop
  endfacet
  facet normal -9.999247e-01 -1.227154e-02 0.000000e+00
    outer loop
      vertex 5.080000e+01 0.000000e+00 5.000000e-01
      vertex 5.078470e+01 1.246694e+00 4.177500e+01
      vertex 5.078470e+01 1.246694e+00 5.000000e-01
    endloop
  endfacet
  facet normal -9.993224e-01 -3.680722e-02 0.000000e+00
    outer loop
      vertex 5.078470e+01 1.246694e+00 5.000000e-01
      vertex 5.078470e+01 1.246694e+00 4.177500e+01
      vertex 5.073881e+01 2.492638e+00 4.177500e+01
    endloop
  endfacet
  facet normal -9.993224e-01 -3.680722e-02 0.000000e+00
    outer loop
      vertex 5.078470e+01 1.246694e+00 5.000000e-01
      vertex 5.073881e+01 2.492638e+00 4.177500e+01
      vertex 5.073881e+01 2.492638e+00 5.000000e-01
    endloop
  endfacet
  facet normal -9.981181e-01 -6.132074e-02 0.000000e+00
    outer loop
      vertex 5.073881e+01 2.492638e+00 5.000000e-01
      vertex 5.073881e+01 2.492638e+00 4.177500e+01
      vertex 5.066236e+01 3.737080e+00 4.177500e+01
    endloop
  endfacet
  facet normal -9.981181e-01 -6.132074e-02 0.000000e+00
    outer loop
      vertex 5.073881e+01 2.492638e+00 5.000000e-01
      vertex 5.066236e+01 3.737080e+00 4.177500e+01
      vertex 5.066236e+01 3.737080e+00 5.000000e-01
    endloop
  endfacet
  facet normal -9.963126e-01 -8.579731e-02 0.000000e+00
    outer loop
      vertex 5.066236e+01 3.737080e+00 5.000000e-01
      vertex 5.066236e+01 3.737080e+00 4.177500e+01
      vertex 5.055538e+01 4.979271e+00 4.177500e+01
    endloop
  endfacet
  facet normal -9.963126e-01 -8.579731e-02 0.000000e+00
    outer loop
      vertex 5.066236e+01 3.737080e+00 5.000000e-01
      vertex 5.055538e+01 4.979271e+00 4.177500e+01
      vertex 5.055538e+01 4.979271e+00 5.000000e-01
    endloop
  endfacet
  facet normal -9.939070e-01 -1.102222e-01 0.000000e+00
    outer loop
      vertex 5.055538e+01 4.979271e+00 5.000000e-01
      vertex 5.055538e+01 4.979271e+00 4.177500e+01
      vertex 5.041796e+01 6.218462e+00 4.177500e+01
    endloop
  endfacet
  facet normal -9.939070e-01 -1.102222e-01 0.000000e+00
    outer loop
      vertex 5.055538e+01 4.979271e+00 5.000000e-01
      vertex 5.041796e+01 6.218462e+00 4.177500e+01
      vertex 5.041796e+01 6.218462e+00 5.000000e-01
    endloop
  endfacet
  facet normal -9.909026e-01 -1.345807e-01 0.000000e+00
    outer loop
      vertex 5.041796e+01 6.218462e+00 5.000000e-01
      vertex 5.041796e+01 6.218462e+00 4.177500e+01
      vertex 5.025017e+01 7.453908e+00 4.177500e+01
    endloop
  endfacet
  facet normal -9.909026e-01 -1.345807e-01 0.000000e+00
    outer loop
      vertex 5.041796e+01 6.218462e+00 5.000000e-01
      vertex 5.025017e+01 7.453908e+00 4.177500e+01
      vertex 5.025017e+01 7.453908e+00 5.000000e-01
    endloop
  endfacet
  facet normal -9.873014e-01 -1.588581e-01 0.000000e+00
    outer loop
      vertex 5.025017e+01 7.453908e+00 5.000000e-01
      vertex 5.025017e+01 7.453908e+00 4.177500e+01
      vertex 5.005210e+01 8.684864e+00 4.177500e+01
    endloop
  endfacet
  facet normal -9.873014e-01 -1.588581e-01 0.000000e+00
    outer loop
      vertex 5.025017e+01 7.453908e+00 5.000000e-01
      vertex 5.005210e+01 8.684864e+00 4.177500e+01
      vertex 5.005210e+01 8.684864e+00 5.000000e-01
    endloop
  endfacet
  facet normal -9.831055e-01 -1.830399e-01 0.000000e+00
    outer loop
      vertex 5.005210e+01 8.684864e+00 5.000000e-01
      vertex 5.005210e+01 8.684864e+00 4.177500e+01
      vertex 4.982389e+01 9.910588e+00 4.177500e+01
    endloop
  endfacet
  facet normal -9.831055e-01 -1.830399e-01 0.000000e+00
    outer loop
      vertex 5.005210e+01 8.684864e+00 5.000000e-01
      vertex 4.982389e+01 9.910588e+00 4.177500e+01
      vertex 4.982389e+01 9.910588e+00 5.000000e-01
    endloop
  endfacet
  facet normal -9.783174e-01 -2.071114e-01 0.000000e+00
    outer loop
      vertex 4.982389e+01 9.910588e+00 5.000000e-01
      vertex 4.982389e+01 9.910588e+00 4.177500e+01
      vertex 4.956567e+01 1.113034e+01 4.177500e+01
    endloop
  endfacet
  facet normal -9.783174e-01 -2.071114e-01 0.000000e+00
    outer loop
      vertex 4.982389e+01 9.910588e+00 5.000000e-01
      vertex 4.956567e+01 1.113034e+01 4.177500e+01
      vertex 4.956567e+01 1.113034e+01 5.000000e-01
    endloop
  endfacet
  facet normal -9.729400e-01 -2.310581e-01 0.000000e+00
    outer loop
      vertex 4.956567e+01 1.113034e+01 5.000000e-01
      vertex 4.956567e+01 1.113034e+01 4.177500e+01
      vertex 4.927759e+01 1.234339e+01 4.177500e+01
    endloop
  endfacet
  facet normal -9.729400e-01 -2.310581e-01 0.000000e+00
    outer loop
      vertex 4.956567e+01 1.113034e+01 5.000000e-01
      vertex 4.927759e+01 1.234339e+01 4.177500e+01
      vertex 4.927759e+01 1.234339e+01 5.000000e-01
    endloop
  endfacet
  facet normal -9.669765e-01 -2.548657e-01 0.000000e+00
    outer loop
      vertex 4.927759e+01 1.234339e+01 5.000000e-01
      vertex 4.927759e+01 1.234339e+01 4.177500e+01
      vertex 4.895982e+01 1.354901e+01 4.177500e+01
    endloop
  endfacet
  facet normal -9.669765e-01 -2.548657e-01 0.000000e+00
    outer loop
      vertex 4.927759e+01 1.234339e+01 5.000000e-01
      vertex 4.895982e+01 1.354901e+01 4.177500e+01
      vertex 4.895982e+01 1.354901e+01 5.000000e-01
    endloop
  endfacet
  facet normal -9.604305e-01 -2.785197e-01 0.000000e+00
    outer loop
      vertex 4.895982e+01 1.354901e+01 5.000000e-01
      vertex 4.895982e+01 1.354901e+01 4.177500e+01
      vertex 4.861257e+01 1.474646e+01 4.177500e+01
    endloop
  endfacet
  facet normal -9.604305e-01 -2.785197e-01 0.000000e+00
    outer loop
      vertex 4.895982e+01 1.354901e+01 5.000000e-01
      vertex 4.861257e+01 1.474646e+01 4.177500e+01
      vertex 4.861257e+01 1.474646e+01 5.000000e-01
    endloop
  endfacet
  facet normal -9.533060e-01 -3.020059e-01 0.000000e+00
    outer loop
      vertex 4.861257e+01 1.474646e+01 5.000000e-01
      vertex 4.861257e+01 1.474646e+01 4.177500e+01
      vertex 4.823603e+01 1.593503e+01 4.177500e+01
    endloop
  endfacet
  facet normal -9.533060e-01 -3.020059e-01 0.000000e+00
    outer loop
      vertex 4.861257e+01 1.474646e+01 5.000000e-01
      vertex 4.823603e+01 1.593503e+01 4.177500e+01
      vertex 4.823603e+01 1.593503e+01 5.000000e-01
    endloop
  endfacet
  facet normal -9.456073e-01 -3.253103e-01 0.000000e+00
    outer loop
      vertex 4.823603e+01 1.593503e+01 5.000000e-01
      vertex 4.823603e+01 1.593503e+01 4.177500e+01
      vertex 4.783044e+01 1.711400e+01 4.177500e+01
    endloop
  endfacet
  facet normal -9.456073e-01 -3.253103e-01 0.000000e+00
    outer loop
      vertex 4.823603e+01 1.593503e+01 5.000000e-01
      vertex 4.783044e+01 1.711400e+01 4.177500e+01
      vertex 4.783044e+01 1.711400e+01 5.000000e-01
    endloop
  endfacet
  facet normal -9.373390e-01 -3.484187e-01 0.000000e+00
    outer loop
      vertex 4.783044e+01 1.711400e+01 5.000000e-01
      vertex 4.783044e+01 1.711400e+01 4.177500e+01
      vertex 4.739603e+01 1.828267e+01 4.177500e+01
    endloop
  endfacet
  facet normal -9.373390e-01 -3.484187e-01 0.000000e+00
    outer loop
      vertex 4.783044e+01 1.711400e+01 5.000000e-01
      vertex 4.739603e+01 1.828267e+01 4.177500e+01
      vertex 4.739603e+01 1.828267e+01 5.000000e-01
    endloop
  endfacet
  facet normal -9.285061e-01 -3.713172e-01 0.000000e+00
    outer loop
      vertex 4.739603e+01 1.828267e+01 5.000000e-01
      vertex 4.739603e+01 1.828267e+01 4.177500e+01
      vertex 4.693308e+01 1.944032e+01 4.177500e+01
    endloop
  endfacet
  facet normal -9.285061e-01 -3.713172e-01 0.000000e+00
    outer loop
      vertex 4.739603e+01 1.828267e+01 5.000000e-01
      vertex 4.693308e+01 1.944032e+01 4.177500e+01
      vertex 4.693308e+01 1.944032e+01 5.000000e-01
    endloop
  endfacet
  facet normal -9.191139e-01 -3.939920e-01 0.000000e+00
    outer loop
      vertex 4.693308e+01 1.944032e+01 5.000000e-01
      vertex 4.693308e+01 1.944032e+01 4.177500e+01
      vertex 4.644186e+01 2.058626e+01 4.177500e+01
    endloop
  endfacet
  facet normal -9.191139e-01 -3.939920e-01 0.000000e+00
    outer loop
      vertex 4.693308e+01 1.944032e+01 5.000000e-01
      vertex 4.644186e+01 2.058626e+01 4.177500e+01
      vertex 4.644186e+01 2.058626e+01 5.000000e-01
    endloop
  endfacet
  facet normal -9.091680e-01 -4.164296e-01 0.000000e+00
    outer loop
      vertex 4.644186e+01 2.058626e+01 5.000000e-01
      vertex 4.644186e+01 2.058626e+01 4.177500e+01
      vertex 4.592266e+01 2.171980e+01 4.177500e+01
    endloop
  endfacet
  facet normal -9.091680e-01 -4.164296e-01 0.000000e+00
    outer loop
      vertex 4.644186e+01 2.058626e+01 5.000000e-01
      vertex 4.592266e+01 2.171980e+01 4.177500e+01
      vertex 4.592266e+01 2.171980e+01 5.000000e-01
    endloop
  endfacet
  facet normal -8.986745e-01 -4.386162e-01 0.000000e+00
    outer loop
      vertex 4.592266e+01 2.171980e+01 5.000000e-01
      vertex 4.592266e+01 2.171980e+01 4.177500e+01
      vertex 4.537579e+01 2.284026e+01 4.177500e+01
    endloop
  endfacet
  facet normal -8.986745e-01 -4.386162e-01 0.000000e+00
    outer loop
      vertex 4.592266e+01 2.171980e+01 5.000000e-01
      vertex 4.537579e+01 2.284026e+01 4.177500e+01
      vertex 4.537579e+01 2.284026e+01 5.000000e-01
    endloop
  endfacet
  facet normal -8.876396e-01 -4.605387e-01 0.000000e+00
    outer loop
      vertex 4.537579e+01 2.284026e+01 5.000000e-01
      vertex 4.537579e+01 2.284026e+01 4.177500e+01
      vertex 4.480160e+01 2.394695e+01 4.177500e+01
    endloop
  endfacet
  facet normal -8.876396e-01 -4.605387e-01 0.000000e+00
    outer loop
      vertex 4.537579e+01 2.284026e+01 5.000000e-01
      vertex 4.480160e+01 2.394695e+01 4.177500e+01
      vertex 4.480160e+01 2.394695e+01 5.000000e-01
    endloop
  endfacet
  facet normal -8.760701e-01 -4.821838e-01 0.000000e+00
    outer loop
      vertex 4.480160e+01 2.394695e+01 5.000000e-01
      vertex 4.480160e+01 2.394695e+01 4.177500e+01
      vertex 4.420042e+01 2.503923e+01 4.177500e+01
    endloop
  endfacet
  facet normal -8.760701e-01 -4.821838e-01 0.000000e+00
    outer loop
      vertex 4.480160e+01 2.394695e+01 5.000000e-01
      vertex 4.420042e+01 2.503923e+01 4.177500e+01
      vertex 4.420042e+01 2.503923e+01 5.000000e-01
    endloop
  endfacet
  facet normal -8.639729e-01 -5.035384e-01 0.000000e+00
    outer loop
      vertex 4.420042e+01 2.503923e+01 5.000000e-01
      vertex 4.420042e+01 2.503923e+01 4.177500e+01
      vertex 4.357261e+01 2.611642e+01 4.177500e+01
    endloop
  endfacet
  facet normal -8.639729e-01 -5.035384e-01 0.000000e+00
    outer loop
      vertex 4.420042e+01 2.503923e+01 5.000000e-01
      vertex 4.357261e+01 2.611642e+01 4.177500e+01
      vertex 4.357261e+01 2.611642e+01 5.000000e-01
    endloop
  endfacet
  facet normal -8.513552e-01 -5.245897e-01 0.000000e+00
    outer loop
      vertex 4.357261e+01 2.611642e+01 5.000000e-01
      vertex 4.357261e+01 2.611642e+01 4.177500e+01
      vertex 4.291856e+01 2.717788e+01 4.177500e+01
    endloop
  endfacet
  facet normal -8.513552e-01 -5.245897e-01 0.000000e+00
    outer loop
      vertex 4.357261e+01 2.611642e+01 5.000000e-01
      vertex 4.291856e+01 2.717788e+01 4.177500e+01
      vertex 4.291856e+01 2.717788e+01 5.000000e-01
    endloop
  endfacet
  facet normal -8.382247e-01 -5.453250e-01 0.000000e+00
    outer loop
      vertex 4.291856e+01 2.717788e+01 5.000000e-01
      vertex 4.291856e+01 2.717788e+01 4.177500e+01
      vertex 4.223866e+01 2.822297e+01 4.177500e+01
    endloop
  endfacet
  facet normal -8.382247e-01 -5.453250e-01 0.000000e+00
    outer loop
      vertex 4.291856e+01 2.717788e+01 5.000000e-01
      vertex 4.223866e+01 2.822297e+01 4.177500e+01
      vertex 4.223866e+01 2.822297e+01 5.000000e-01
    endloop
  endfacet
  facet normal -8.245893e-01 -5.657318e-01 0.000000e+00
    outer loop
      vertex 4.223866e+01 2.822297e+01 5.000000e-01
      vertex 4.223866e+01 2.822297e+01 4.177500e+01
      vertex 4.153331e+01 2.925106e+01 4.177500e+01
    endloop
  endfacet
  facet normal -8.245893e-01 -5.657318e-01 0.000000e+00
    outer loop
      vertex 4.223866e+01 2.822297e+01 5.000000e-01
      vertex 4.153331e+01 2.925106e+01 4.177500e+01
      vertex 4.153331e+01 2.925106e+01 5.000000e-01
    endloop
  endfacet
  facet normal -8.104572e-01 -5.857979e-01 0.000000e+00
    outer loop
      vertex 4.153331e+01 2.925106e+01 5.000000e-01
      vertex 4.153331e+01 2.925106e+01 4.177500e+01
      vertex 4.080294e+01 3.026152e+01 4.177500e+01
    endloop
  endfacet
  facet normal -8.104572e-01 -5.857979e-01 0.000000e+00
    outer loop
      vertex 4.153331e+01 2.925106e+01 5.000000e-01
      vertex 4.080294e+01 3.026152e+01 4.177500e+01
      vertex 4.080294e+01 3.026152e+01 5.000000e-01
    endloop
  endfacet
  facet normal -7.958369e-01 -6.055110e-01 0.000000e+00
    outer loop
      vertex 4.080294e+01 3.026152e+01 5.000000e-01
      vertex 4.080294e+01 3.026152e+01 4.177500e+01
      vertex 4.004800e+01 3.125376e+01 4.177500e+01
    endloop
  endfacet
  facet normal -7.958369e-01 -6.055110e-01 0.000000e+00
    outer loop
      vertex 4.080294e+01 3.026152e+01 5.000000e-01
      vertex 4.004800e+01 3.125376e+01 4.177500e+01
      vertex 4.004800e+01 3.125376e+01 5.000000e-01
    endloop
  endfacet
  facet normal -7.807372e-01 -6.248595e-01 0.000000e+00
    outer loop
      vertex 4.004800e+01 3.125376e+01 5.000000e-01
      vertex 4.004800e+01 3.125376e+01 4.177500e+01
      vertex 3.926893e+01 3.222718e+01 4.177500e+01
    endloop
  endfacet
  facet normal -7.807372e-01 -6.248595e-01 0.000000e+00
    outer loop
      vertex 4.004800e+01 3.125376e+01 5.000000e-01
      vertex 3.926893e+01 3.222718e+01 4.177500e+01
      vertex 3.926893e+01 3.222718e+01 5.000000e-01
    endloop
  endfacet
  facet normal -7.651673e-01 -6.438315e-01 0.000000e+00
    outer loop
      vertex 3.926893e+01 3.222718e+01 5.000000e-01
      vertex 3.926893e+01 3.222718e+01 4.177500e+01
      vertex 3.846621e+01 3.318118e+01 4.177500e+01
    endloop
  endfacet
  facet normal -7.651673e-01 -6.438315e-01 0.000000e+00
    outer loop
      vertex 3.926893e+01 3.222718e+01 5.000000e-01
      vertex 3.846621e+01 3.318118e+01 4.177500e+01
      vertex 3.846621e+01 3.318118e+01 5.000000e-01
    endloop
  endfacet
  facet normal -7.491364e-01 -6.624158e-01 0.000000e+00
    outer loop
      vertex 3.846621e+01 3.318118e+01 5.000000e-01
      vertex 3.846621e+01 3.318118e+01 4.177500e+01
      vertex 3.764032e+01 3.411519e+01 4.177500e+01
    endloop
  endfacet
  facet normal -7.491364e-01 -6.624158e-01 0.000000e+00
    outer loop
      vertex 3.846621e+01 3.318118e+01 5.000000e-01
      vertex 3.764032e+01 3.411519e+01 4.177500e+01
      vertex 3.764032e+01 3.411519e+01 5.000000e-01
    endloop
  endfacet
  facet normal -7.326543e-01 -6.806010e-01 0.000000e+00
    outer loop
      vertex 3.764032e+01 3.411519e+01 5.000000e-01
      vertex 3.764032e+01 3.411519e+01 4.177500e+01
      vertex 3.679175e+01 3.502866e+01 4.177500e+01
    endloop
  endfacet
  facet normal -7.326543e-01 -6.806010e-01 0.000000e+00
    outer loop
      vertex 3.764032e+01 3.411519e+01 5.000000e-01
      vertex 3.679175e+01 3.502866e+01 4.177500e+01
      vertex 3.679175e+01 3.502866e+01 5.000000e-01
    endloop
  endfacet
  facet normal -7.157308e-01 -6.983762e-01 0.000000e+00
    outer loop
      vertex 3.679175e+01 3.502866e+01 5.000000e-01
      vertex 3.679175e+01 3.502866e+01 4.177500e+01
      vertex 3.592102e+01 3.592102e+01 4.177500e+01
    endloop
  endfacet
  facet normal -7.157308e-01 -6.983762e-01 0.000000e+00
    outer loop
      vertex 3.679175e+01 3.502866e+01 5.000000e-01
      vertex 3.592102e+01 3.592102e+01 4.177500e+01
      vertex 3.592102e+01 3.592102e+01 5.000000e-01
    endloop
  endfacet
  facet normal -6.983762e-01 -7.157308e-01 0.000000e+00
    outer loop
      vertex 3.592102e+01 3.592102e+01 5.000000e-01
      vertex 3.592102e+01 3.592102e+01 4.177500e+01
      vertex 3.502866e+01 3.679175e+01 4.177500e+01
    endloop
  endfacet
  facet normal -6.983762e-01 -7.157308e-01 0.000000e+00
    outer loop
      vertex 3.592102e+01 3.592102e+01 5.000000e-01
      vertex 3.502866e+01 3.679175e+01 4.177500e+01
      vertex 3.502866e+01 3.679175e+01 5.000000e-01
    endloop
  endfacet
  facet normal -6.806010e-01 -7.326543e-01 0.000000e+00
    outer loop
      vertex 3.502866e+01 3.679175e+01 5.000000e-01
      vertex 3.502866e+01 3.679175e+01 4.177500e+01
      vertex 3.411519e+01 3.764032e+01 4.177500e+01
    endloop
  endfacet
  facet normal -6.806010e-01 -7.326543e-01 0.000000e+00
    outer loop
      vertex 3.502866e+01 3.679175e+01 5.000000e-01
      vertex 3.411519e+01 3.764032e+01 4.177500e+01
      vertex 3.411519e+01 3.764032e+01 5.000000e-01
    endloop
  endfacet
  facet normal -6.624158e-01 -7.491364e-01 0.000000e+00
    outer loop
      vertex 3.411519e+01 3.764032e+01 5.000000e-01
      vertex 3.411519e+01 3.764032e+01 4.177500e+01
      vertex 3.318118e+01 3.846621e+01 4.177500e+01
    endloop
  endfacet
  facet normal -6.624158e-01 -7.491364e-01 0.000000e+00
    outer loop
      vertex 3.411519e+01 3.764032e+01 5.000000e-01
      vertex 3.318118e+01 3.846621e+01 4.177500e+01
      vertex 3.318118e+01 3.846621e+01 5.000000e-01
    endloop
  endfacet
  facet normal -6.438315e-01 -7.651673e-01 0.000000e+00
    outer loop
      vertex 3.318118e+01 3.846621e+01 5.000000e-01
      vertex 3.318118e+01 3.846621e+01 4.177500e+01
      vertex 3.222718e+01 3.926893e+01 4.177500e+01
    endloop
  endfacet
  facet normal -6.438315e-01 -7.651673e-01 0.000000e+00
    outer loop
      vertex 3.318118e+01 3.846621e+01 5.000000e-01
      vertex 3.222718e+01 3.926893e+01 4.177500e+01
      vertex 3.222718e+01 3.926893e+01 5.000000e-01
    endloop
  endfacet
  facet normal -6.248595e-01 -7.807372e-01 0.000000e+00
    outer loop
      vertex 3.222718e+01 3.926893e+01 5.000000e-01
      vertex 3.222718e+01 3.926893e+01 4.177500e+01
      vertex 3.125376e+01 4.004800e+01 4.177500e+01
    endloop
  endfacet
  facet normal -6.248595e-01 -7.807372e-01 0.000000e+00
    outer loop
      vertex 3.222718e+01 3.926893e+01 5.000000e-01
      vertex 3.125376e+01 4.004800e+01 4.177500e+01
      vertex 3.125376e+01 4.004800e+01 5.000000e-01
    endloop
  endfacet
  facet normal -6.055110e-01 -7.958369e-01 0.000000e+00
    outer loop
      vertex 3.125376e+01 4.004800e+01 5.000000e-01
      vertex 3.125376e+01 4.004800e+01 4.177500e+01
      vertex 3.026152e+01 4.080294e+01 4.177500e+01
    endloop
  endfacet
  facet normal -6.055110e-01 -7.958369e-01 0.000000e+00
    outer loop
      vertex 3.125376e+01 4.004800e+01 5.000000e-01
      vertex 3.026152e+01 4.080294e+01 4.177500e+01
      vertex 3.026152e+01 4.080294e+01 5.000000e-01
    endloop
  endfacet
  facet normal -5.857979e-01 -8.104572e-01 0.000000e+00
    outer loop
      vertex 3.026152e+01 4.080294e+01 5.000000e-01
      vertex 3.026152e+01 4.080294e+01 4.177500e+01
      vertex 2.925106e+01 4.153331e+01 4.177500e+01
    endloop
  endfacet
  facet normal -5.857979e-01 -8.104572e-01 0.000000e+00
    outer loop
      vertex 3.026152e+01 4.080294e+01 5.000000e-01
      vertex 2.925106e+01 4.153331e+01 4.177500e+01
      vertex 2.925106e+01 4.153331e+01 5.000000e-01
    endloop
  endfacet
  facet normal -5.657318e-01 -8.245893e-01 0.000000e+00
    outer loop
      vertex 2.925106e+01 4.153331e+01 5.000000e-01
      vertex 2.925106e+01 4.153331e+01 4.177500e+01
      vertex 2.822297e+01 4.223866e+01 4.177500e+01
    endloop
  endfacet
  facet normal -5.657318e-01 -8.245893e-01 0.000000e+00
    outer loop
      vertex 2.925106e+01 4.153331e+01 5.000000e-01
      vertex 2.822297e+01 4.223866e+01 4.177500e+01
      vertex 2.822297e+01 4.223866e+01 5.000000e-01
    endloop
  endfacet
  facet normal -5.453250e-01 -8.382247e-01 0.000000e+00
    outer loop
      vertex 2.822297e+01 4.223866e+01 5.000000e-01
      vertex 2.822297e+01 4.223866e+01 4.177500e+01
      vertex 2.717788e+01 4.291856e+01 4.177500e+01
    endloop
  endfacet
  facet normal -5.453250e-01 -8.382247e-01 0.000000e+00
    outer loop
      vertex 2.822297e+01 4.223866e+01 5.000000e-01
      vertex 2.717788e+01 4.291856e+01 4.177500e+01
      vertex 2.717788e+01 4.291856e+01 5.000000e-01
    endloop
  endfacet
  facet normal -5.245897e-01 -8.513552e-01 0.000000e+00
    outer loop
      vertex 2.717788e+01 4.291856e+01 5.000000e-01
      vertex 2.717788e+01 4.291856e+01 4.177500e+01
      vertex 2.611642e+01 4.357261e+01 4.177500e+01
    endloop
  endfacet
  facet normal -5.245897e-01 -8.513552e-01 0.000000e+00
    outer loop
      vertex 2.717788e+01 4.291856e+01 5.000000e-01
      vertex 2.611642e+01 4.357261e+01 4.177500e+01
      vertex 2.611642e+01 4.357261e+01 5.000000e-01
    endloop
  endfacet
  facet normal -5.035384e-01 -8.639729e-01 0.000000e+00
    outer loop
      vertex 2.611642e+01 4.357261e+01 5.000000e-01
      vertex 2.611642e+01 4.357261e+01 4.177500e+01
      vertex 2.503923e+01 4.420042e+01 4.177500e+01
    endloop
  endfacet
  facet normal -5.035384e-01 -8.639729e-01 0.000000e+00
    outer loop
      vertex 2.611642e+01 4.357261e+01 5.000000e-01
      vertex 2.503923e+01 4.420042e+01 4.177500e+01
      vertex 2.503923e+01 4.420042e+01 5.000000e-01
    endloop
  endfacet
  facet normal -4.821838e-01 -8.760701e-01 0.000000e+00
    outer loop
      vertex 2.503923e+01 4.420042e+01 5.000000e-01
      vertex 2.503923e+01 4.420042e+01 4.177500e+01
      vertex 2.394695e+01 4.480160e+01 4.177500e+01
    endloop
  endfacet
  facet normal -4.821838e-01 -8.760701e-01 0.000000e+00
    outer loop
      vertex 2.503923e+01 4.420042e+01 5.000000e-01
      vertex 2.394695e+01 4.480160e+01 4.177500e+01
      vertex 2.394695e+01 4.480160e+01 5.000000e-01
    endloop
  endfacet
  facet normal -4.605387e-01 -8.876396e-01 0.000000e+00
    outer loop
      vertex 2.394695e+01 4.480160e+01 5.000000e-01
      vertex 2.394695e+01 4.480160e+01 4.177500e+01
      vertex 2.284026e+01 4.537579e+01 4.177500e+01
    endloop
  endfacet
  facet normal -4.605387e-01 -8.876396e-01 0.000000e+00
    outer loop
      vertex 2.394695e+01 4.480160e+01 5.000000e-01
      vertex 2.284026e+01 4.537579e+01 4.177500e+01
      vertex 2.284026e+01 4.537579e+01 5.000000e-01
    endloop
  endfacet
  facet normal -4.386162e-01 -8.986745e-01 0.000000e+00
    outer loop
      vertex 2.284026e+01 4.537579e+01 5.000000e-01
      vertex 2.284026e+01 4.537579e+01 4.177500e+01
      vertex 2.171980e+01 4.592266e+01 4.177500e+01
    endloop
  endfacet
  facet normal -4.386162e-01 -8.986745e-01 0.000000e+00
    outer loop
      vertex 2.284026e+01 4.537579e+01 5.000000e-01
      vertex 2.171980e+01 4.592266e+01 4.177500e+01
      vertex 2.171980e+01 4.592266e+01 5.000000e-01
    endloop
  endfacet
  facet normal -4.164296e-01 -9.091680e-01 0.000000e+00
    outer loop
      vertex 2.171980e+01 4.592266e+01 5.000000e-01
      vertex 2.171980e+01 4.592266e+01 4.177500e+01
      vertex 2.058626e+01 4.644186e+01 4.177500e+01
    endloop
  endfacet
  facet normal -4.164296e-01 -9.091680e-01 0.000000e+00
    outer loop
      vertex 2.171980e+01 4.592266e+01 5.000000e-01
      vertex 2.058626e+01 4.644186e+01 4.177500e+01
      vertex 2.058626e+01 4.644186e+01 5.000000e-01
    endloop
  endfacet
  facet normal -3.939920e-01 -9.191139e-01 0.000000e+00
    outer loop
      vertex 2.058626e+01 4.644186e+01 5.000000e-01
      vertex 2.058626e+01 4.644186e+01 4.177500e+01
      vertex 1.944032e+01 4.693308e+01 4.177500e+01
    endloop
  endfacet
  facet normal -3.939920e-01 -9.191139e-01 0.000000e+00
    outer loop
      vertex 2.058626e+01 4.644186e+01 5.000000e-01
      vertex 1.944032e+01 4.693308e+01 4.177500e+01
      vertex 1.944032e+01 4.693308e+01 5.000000e-01
    endloop
  endfacet
  facet normal -3.713172e-01 -9.285061e-01 0.000000e+00
    outer loop
      vertex 1.944032e+01 4.693308e+01 5.000000e-01
      vertex 1.944032e+01 4.693308e+01 4.177500e+01
      vertex 1.828267e+01 4.739603e+01 4.177500e+01
    endloop
  endfacet
  facet normal -3.713172e-01 -9.285061e-01 0.000000e+00
    outer loop
      vertex 1.944032e+01 4.693308e+01 5.000000e-01
      vertex 1.828267e+01 4.739603e+01 4.177500e+01
      vertex 1.828267e+01 4.739603e+01 5.000000e-01
    endloop
  endfacet
  facet normal -3.484187e-01 -9.373390e-01 0.000000e+00
    outer loop
      vertex 1.828267e+01 4.739603e+01 5.000000e-01
      vertex 1.828267e+01 4.739603e+01 4.177500e+01
      vertex 1.711400e+01 4.783044e+01 4.177500e+01
    endloop
  endfacet
  facet normal -3.484187e-01 -9.373390e-01 0.000000e+00
    outer loop
      vertex 1.828267e+01 4.739603e+01 5.000000e-01
      vertex 1.711400e+01 4.783044e+01 4.177500e+01
      vertex 1.711400e+01 4.783044e+01 5.000000e-01
    endloop
  endfacet
  facet normal -3.253103e-01 -9.456073e-01 0.000000e+00
    outer loop
      vertex 1.711400e+01 4.783044e+01 5.000000e-01
      vertex 1.711400e+01 4.783044e+01 4.177500e+01
      vertex 1.593503e+01 4.823603e+01 4.177500e+01
    endloop
  endfacet
  facet normal -3.253103e-01 -9.456073e-01 0.000000e+00
    outer loop
      vertex 1.711400e+01 4.783044e+01 5.000000e-01
      vertex 1.593503e+01 4.823603e+01 4.177500e+01
      vertex 1.593503e+01 4.823603e+01 5.000000e-01
    endloop
  endfacet
  facet normal -3.020059e-01 -9.533060e-01 0.000000e+00
    outer loop
      vertex 1.593503e+01 4.823603e+01 5.000000e-01
      vertex 1.593503e+01 4.823603e+01 4.177500e+01
      vertex 1.474646e+01 4.861257e+01 4.177500e+01
    endloop
  endfacet
  facet normal -3.020059e-01 -9.533060e-01 0.000000e+00
    outer loop
      vertex 1.593503e+01 4.823603e+01 5.000000e-01
      vertex 1.474646e+01 4.861257e+01 4.177500e+01
      vertex 1.474646e+01 4.861257e+01 5.000000e-01
    endloop
  endfacet
  facet normal -2.785197e-01 -9.604305e-01 0.000000e+00
    outer loop
      vertex 1.474646e+01 4.861257e+01 5.000000e-01
      vertex 1.474646e+01 4.861257e+01 4.177500e+01
      vertex 1.354901e+01 4.895982e+01 4.177500e+01
    endloop
  endfacet
  facet normal -2.785197e-01 -9.604305e-01 0.000000e+00
    outer loop
      vertex 1.474646e+01 4.861257e+01 5.000000e-01
      vertex 1.354901e+01 4.895982e+01 4.177500e+01
      vertex 1.354901e+01 4.895982e+01 5.000000e-01
    endloop
  endfacet
  facet normal -2.548657e-01 -9.669765e-01 0.000000e+00
    outer loop
      vertex 1.354901e+01 4.895982e+01 5.000000e-01
      vertex 1.354901e+01 4.895982e+01 4.177500e+01
      vertex 1.234339e+01 4.927759e+01 4.177500e+01
    endloop
  endfacet
  facet normal -2.548657e-01 -9.669765e-01 0.000000e+00
    outer loop
      vertex 1.354901e+01 4.895982e+01 5.000000e-01
      vertex 1.234339e+01 4.927759e+01 4.177500e+01
      vertex 1.234339e+01 4.927759e+01 5.000000e-01
    endloop
  endfacet
  facet normal -2.310581e-01 -9.729400e-01 0.000000e+00
    outer loop
      vertex 1.234339e+01 4.927759e+01 5.000000e-01
      vertex 1.234339e+01 4.927759e+01 4.177500e+01
      vertex 1.113034e+01 4.956567e+01 4.177500e+01
    endloop
  endfacet
  facet normal -2.310581e-01 -9.729400e-01 0.000000e+00
    outer loop
      vertex 1.234339e+01 4.927759e+01 5.000000e-01
      vertex 1.113034e+01 4.956567e+01 4.177500e+01
      vertex 1.113034e+01 4.956567e+01 5.000000e-01
    endloop
  endfacet
  facet normal -2.071114e-01 -9.783174e-01 0.000000e+00
    outer loop
      vertex 1.113034e+01 4.956567e+01 5.000000e-01
      vertex 1.113034e+01 4.956567e+01 4.177500e+01
      vertex 9.910588e+00 4.982389e+01 4.177500e+01
    endloop
  endfacet
  facet normal -2.071114e-01 -9.783174e-01 0.000000e+00
    outer loop
      vertex 1.113034e+01 4.956567e+01 5.000000e-01
      vertex 9.910588e+00 4.982389e+01 4.177500e+01
      vertex 9.910588e+00 4.982389e+01 5.000000e-01
    endloop
  endfacet
  facet normal -1.830399e-01 -9.831055e-01 0.000000e+00
    outer loop
      vertex 9.910588e+00 4.982389e+01 5.000000e-01
      vertex 9.910588e+00 4.982389e+01 4.177500e+01
      vertex 8.684864e+00 5.005210e+01 4.177500e+01
    endloop
  endfacet
  facet normal -1.830399e-01 -9.831055e-01 0.000000e+00
    outer loop
      vertex 9.910588e+00 4.982389e+01 5.000000e-01
      vertex 8.684864e+00 5.005210e+01 4.177500e+01
      vertex 8.684864e+00 5.005210e+01 5.000000e-01
    endloop
  endfacet
  facet normal -1.588581e-01 -9.873014e-01 0.000000e+00
    outer loop
      vertex 8.684864e+00 5.005210e+01 5.000000e-01
      vertex 8.684864e+00 5.005210e+01 4.177500e+01
      vertex 7.453908e+00 5.025017e+01 4.177500e+01
    endloop
  endfacet
  facet normal -1.588581e-01 -9.873014e-01 0.000000e+00
    outer loop
      vertex 8.684864e+00 5.005210e+01 5.000000e-01
      vertex 7.453908e+00 5.025017e+01 4.177500e+01
      vertex 7.453908e+00 5.025017e+01 5.000000e-01
    endloop
  endfacet
  facet normal -1.345807e-01 -9.909026e-01 0.000000e+00
    outer loop
      vertex 7.453908e+00 5.025017e+01 5.000000e-01
      vertex 7.453908e+00 5.025017e+01 4.177500e+01
      vertex 6.218462e+00 5.041796e+01 4.177500e+01
    endloop
  endfacet
  facet normal -1.345807e-01 -9.909026e-01 0.000000e+00
    outer loop
      vertex 7.453908e+00 5.025017e+01 5.000000e-01
      vertex 6.218462e+00 5.041796e+01 4.177500e+01
      vertex 6.218462e+00 5.041796e+01 5.000000e-01
    endloop
  endfacet
  facet normal -1.102222e-01 -9.939070e-01 0.000000e+00
    outer loop
      vertex 6.218462e+00 5.041796e+01 5.000000e-01
      vertex 6.218462e+00 5.041796e+01 4.177500e+01
      vertex 4.979271e+00 5.055538e+01 4.177500e+01
    endloop
  endfacet
  facet normal -1.102222e-01 -9.939070e-01 0.000000e+00
    outer loop
      vertex 6.218462e+00 5.041796e+01 5.000000e-01
      vertex 4.979271e+00 5.055538e+01 4.177500e+01
      vertex 4.979271e+00 5.055538e+01 5.000000e-01
    endloop
  endfacet
  facet normal -8.579731e-02 -9.963126e-01 0.000000e+00
    outer loop
      vertex 4.979271e+00 5.055538e+01 5.000000e-01
      vertex 4.979271e+00 5.055538e+01 4.177500e+01
      vertex 3.737080e+00 5.066236e+01 4.177500e+01
    endloop
  endfacet
  facet normal -8.579731e-02 -9.963126e-01 0.000000e+00
    outer loop
      vertex 4.979271e+00 5.055538e+01 5.000000e-01
      vertex 3.737080e+00 5.066236e+01 4.177500e+01
      vertex 3.737080e+00 5.066236e+01 5.000000e-01
    endloop
  endfacet
  facet normal -6.132074e-02 -9.981181e-01 0.000000e+00
    outer loop
      vertex 3.737080e+00 5.066236e+01 5.000000e-01
      vertex 3.737080e+00 5.066236e+01 4.177500e+01
      vertex 2.492638e+00 5.073881e+01 4.177500e+01
    endloop
  endfacet
  facet normal -6.132074e-02 -9.981181e-01 0.000000e+00
    outer loop
      vertex 3.737080e+00 5.066236e+01 5.000000e-01
      vertex 2.492638e+00 5.073881e+01 4.177500e+01
      vertex 2.492638e+00 5.073881e+01 5.000000e-01
    endloop
  endfacet
  facet normal -3.680722e-02 -9.993224e-01 0.000000e+00
    outer loop
      vertex 2.492638e+00 5.073881e+01 5.000000e-01
      vertex 2.492638e+00 5.073881e+01 4.177500e+01
      vertex 1.246694e+00 5.078470e+01 4.177500e+01
    endloop
  endfacet
  facet normal -3.680722e-02 -9.993224e-01 0.000000e+00
    outer loop
      vertex 2.492638e+00 5.073881e+01 5.000000e-01
      vertex 1.246694e+00 5.078470e+01 4.177500e+01
      vertex 1.246694e+00 5.078470e+01 5.000000e-01
    endloop
  endfacet
  facet normal -1.227154e-02 -9.999247e-01 0.000000e+00
    outer loop
      vertex 1.246694e+00 5.078470e+01 5.000000e-01
      vertex 1.246694e+00 5.078470e+01 4.177500e+01
      vertex 3.110603e-15 5.080000e+01 4.177500e+01
    endloop
  endfacet
  facet normal -1.227154e-02 -9.999247e-01 0.000000e+00
    outer loop
      vertex 1.246694e+00 5.078470e+01 5.000000e-01
      vertex 3.110603e-15 5.080000e+01 4.177500e+01
      vertex 3.110603e-15 5.080000e+01 5.000000e-01
    endloop
  endfacet
  facet normal 1.227154e-02 -9.999247e-01 0.000000e+00
    outer loop
      vertex 3.110603e-15 5.080000e+01 5.000000e-01
      vertex 3.110603e-15 5.080000e+01 4.177500e+01
      vertex -1.246694e+00 5.078470e+01 4.177500e+01
    endloop
  endfacet
  facet normal 1.227154e-02 -9.999247e-01 0.000000e+00
    outer loop
      vertex 3.110603e-15 5.080000e+01 5.000000e-01
      vertex -1.246694e+00 5.078470e+01 4.177500e+01
      vertex -1.246694e+00 5.078470e+01 5.000000e-01
    endloop
  endfacet
  facet normal 3.680722e-02 -9.993224e-01 0.000000e+00
    outer loop
      vertex -1.246694e+00 5.078470e+01 5.000000e-01
      vertex -1.246694e+00 5.078470e+01 4.177500e+01
      vertex -2.492638e+00 5.073881e+01 4.177500e+01
    endloop
  endfacet
  facet normal 3.680722e-02 -9.993224e-01 0.000000e+00
    outer loop
      vertex -1.246694e+00 5.078470e+01 5.000000e-01
      vertex -2.492638e+00 5.073881e+01 4.177500e+01
      vertex -2.492638e+00 5.073881e+01 5.000000e-01
    endloop
  endfacet
  facet normal 6.132074e-02 -9.981181e-01 0.000000e+00
    outer loop
      vertex -2.492638e+00 5.073881e+01 5.000000e-01
      vertex -2.492638e+00 5.073881e+01 4.177500e+01
      vertex -3.737080e+00 5.066236e+01 4.177500e+01
    endloop
  endfacet
  facet normal 6.132074e-02 -9.981181e-01 0.000000e+00
    outer loop
      vertex -2.492638e+00 5.073881e+01 5.000000e-01
      vertex -3.737080e+00 5.066236e+01 4.177500e+01
      vertex -3.737080e+00 5.066236e+01 5.000000e-01
    endloop
  endfacet
  facet normal 8.579731e-02 -9.963126e-01 0.000000e+00
    outer loop
      vertex -3.737080e+00 5.066236e+01 5.000000e-01
      vertex -3.737080e+00 5.066236e+01 4.177500e+01
      vertex -4.979271e+00 5.055538e+01 4.177500e+01
    endloop
  endfacet
  facet normal 8.579731e-02 -9.963126e-01 0.000000e+00
    outer loop
      vertex -3.737080e+00 5.066236e+01 5.000000e-01
      vertex -4.979271e+00 5.055538e+01 4.177500e+01
      vertex -4.979271e+00 5.055538e+01 5.000000e-01
    endloop
  endfacet
  facet normal 1.102222e-01 -9.939070e-01 0.000000e+00
    outer loop
      vertex -4.979271e+00 5.055538e+01 5.000000e-01
      vertex -4.979271e+00 5.055538e+01 4.177500e+01
      vertex -6.218462e+00 5.041796e+01 4.177500e+01
    endloop
  endfacet
  facet normal 1.102222e-01 -9.939070e-01 0.000000e+00
    outer loop
      vertex -4.979271e+00 5.055538e+01 5.000000e-01
      vertex -6.218462e+00 5.041796e+01 4.177500e+01
      vertex -6.218462e+00 5.041796e+01 5.000000e-01
    endloop
  endfacet
  facet normal 1.345807e-01 -9.909026e-01 0.000000e+00
    outer loop
      vertex -6.218462e+00 5.041796e+01 5.000000e-01
      vertex -6.218462e+00 5.041796e+01 4.177500e+01
      vertex -7.453908e+00 5.025017e+01 4.177500e+01
    endloop
  endfacet
  facet normal 1.345807e-01 -9.909026e-01 0.000000e+00
    outer loop
      vertex -6.218462e+00 5.041796e+01 5.000000e-01
      vertex -7.453908e+00 5.025017e+01 4.177500e+01
      vertex -7.453908e+00 5.025017e+01 5.000000e-01
    endloop
  endfacet
  facet normal 1.588581e-01 -9.873014e-01 0.000000e+00
    outer loop
      vertex -7.453908e+00 5.025017e+01 5.000000e-01
      vertex -7.453908e+00 5.025017e+01 4.177500e+01
      vertex -8.684864e+00 5.005210e+01 4.177500e+01
    endloop
  endfacet
  facet normal 1.588581e-01 -9.873014e-01 0.000000e+00
    outer loop
      vertex -7.453908e+00 5.025017e+01 5.000000e-01
      vertex -8.684864e+00 5.005210e+01 4.177500e+01
      vertex -8.684864e+00 5.005210e+01 5.000000e-01
    endloop
  endfacet
  facet normal 1.830399e-01 -9.831055e-01 0.000000e+00
    outer loop
      vertex -8.684864e+00 5.005210e+01 5.000000e-01
      vertex -8.684864e+00 5.005210e+01 4.177500e+01
      vertex -9.910588e+00 4.982389e+01 4.177500e+01
    endloop
  endfacet
  facet normal 1.830399e-01 -9.831055e-01 0.000000e+00
    outer loop
      vertex -8.684864e+00 5.005210e+01 5.000000e-01
      vertex -9.910588e+00 4.982389e+01 4.177500e+01
      vertex -9.910588e+00 4.982389e+01 5.000000e-01
    endloop
  endfacet
  facet normal 2.071114e-01 -9.783174e-01 0.000000e+00
    outer loop
      vertex -9.910588e+00 4.982389e+01 5.000000e-01
      vertex -9.910588e+00 4.982389e+01 4.177500e+01
      vertex -1.113034e+01 4.956567e+01 4.177500e+01
    endloop
  endfacet
  facet normal 2.071114e-01 -9.783174e-01 0.000000e+00
    outer loop
      vertex -9.910588e+00 4.982389e+01 5.000000e-01
      vertex -1.113034e+01 4.956567e+01 4.177500e+01
      vertex -1.113034e+01 4.956567e+01 5.000000e-01
    endloop
  endfacet
  facet normal 2.310581e-01 -9.729400e-01 0.000000e+00
    outer loop
      vertex -1.113034e+01 4.956567e+01 5.000000e-01
      vertex -1.113034e+01 4.956567e+01 4.177500e+01
      vertex -1.234339e+01 4.927759e+01 4.177500e+01
    endloop
  endfacet
  facet normal 2.310581e-01 -9.729400e-01 0.000000e+00
    outer loop
      vertex -1.113034e+01 4.956567e+01 5.000000e-01
      vertex -1.234339e+01 4.927759e+01 4.177500e+01
      vertex -1.234339e+01 4.927759e+01 5.000000e-01
    endloop
  endfacet
  facet normal 2.548657e-01 -9.669765e-01 0.000000e+00
    outer loop
      vertex -1.234339e+01 4.927759e+01 5.000000e-01
      vertex -1.234339e+01 4.927759e+01 4.177500e+01
      vertex -1.354901e+01 4.895982e+01 4.177500e+01
    endloop
  endfacet
  facet normal 2.548657e-01 -9.669765e-01 0.000000e+00
    outer loop
      vertex -1.234339e+01 4.927759e+01 5.000000e-01
      vertex -1.354901e+01 4.895982e+01 4.177500e+01
      vertex -1.354901e+01 4.895982e+01 5.000000e-01
    endloop
  endfacet
  facet normal 2.785197e-01 -9.604305e-01 0.000000e+00
    outer loop
      vertex -1.354901e+01 4.895982e+01 5.000000e-01
      vertex -1.354901e+01 4.895982e+01 4.177500e+01
      vertex -1.474646e+01 4.861257e+01 4.177500e+01
    endloop
  endfacet
  facet normal 2.785197e-01 -9.604305e-01 0.000000e+00
    outer loop
      vertex -1.354901e+01 4.895982e+01 5.000000e-01
      vertex -1.474646e+01 4.861257e+01 4.177500e+01
      vertex -1.474646e+01 4.861257e+01 5.000000e-01
    endloop
  endfacet
  facet normal 3.020059e-01 -9.533060e-01 0.000000e+00
    outer loop
      vertex -1.474646e+01 4.861257e+01 5.000000e-01
      vertex -1.474646e+01 4.861257e+01 4.177500e+01
      vertex -1.593503e+01 4.823603e+01 4.177500e+01
    endloop
  endfacet
  facet normal 3.020059e-01 -9.533060e-01 0.000000e+00
    outer loop
      vertex -1.474646e+01 4.861257e+01 5.000000e-01
      vertex -1.593503e+01 4.823603e+01 4.177500e+01
      vertex -1.593503e+01 4.823603e+01 5.000000e-01
    endloop
  endfacet
  facet normal 3.253103e-01 -9.456073e-01 0.000000e+00
    outer loop
      vertex -1.593503e+01 4.823603e+01 5.000000e-01
      vertex -1.593503e+01 4.823603e+01 4.177500e+01
      vertex -1.711400e+01 4.783044e+01 4.177500e+01
    endloop
  endfacet
  facet normal 3.253103e-01 -9.456073e-01 0.000000e+00
    outer loop
      vertex -1.593503e+01 4.823603e+01 5.000000e-01
      vertex -1.711400e+01 4.783044e+01 4.177500e+01
      vertex -1.711400e+01 4.783044e+01 5.000000e-01
    endloop
  endfacet
  facet normal 3.484187e-01 -9.373390e-01 0.000000e+00
    outer loop
      vertex -1.711400e+01 4.783044e+01 5.000000e-01
      vertex -1.711400e+01 4.783044e+01 4.177500e+01
      vertex -1.828267e+01 4.739603e+01 4.177500e+01
    endloop
  endfacet
  facet normal 3.484187e-01 -9.373390e-01 0.000000e+00
    outer loop
      vertex -1.711400e+01 4.783044e+01 5.000000e-01
      vertex -1.828267e+01 4.739603e+01 4.177500e+01
      vertex -1.828267e+01 4.739603e+01 5.000000e-01
    endloop
  endfacet
  facet normal 3.713172e-01 -9.285061e-01 0.000000e+00
    outer loop
      vertex -1.828267e+01 4.739603e+01 5.000000e-01
      vertex -1.828267e+01 4.739603e+01 4.177500e+01
      vertex -1.944032e+01 4.693308e+01 4.177500e+01
    endloop
  endfacet
  facet normal 3.713172e-01 -9.285061e-01 0.000000e+00
    outer loop
      vertex -1.828267e+01 4.739603e+01 5.000000e-01
      vertex -1.944032e+01 4.693308e+01 4.177500e+01
      vertex -1.944032e+01 4.693308e+01 5.000000e-01
    endloop
  endfacet
  facet normal 3.939920e-01 -9.191139e-01 0.000000e+00
    outer loop
      vertex -1.944032e+01 4.693308e+01 5.000000e-01
      vertex -1.944032e+01 4.693308e+01 4.177500e+01
      vertex -2.058626e+01 4.644186e+01 4.177500e+01
    endloop
  endfacet
  facet normal 3.939920e-01 -9.191139e-01 0.000000e+00
    outer loop
      vertex -1.944032e+01 4.693308e+01 5.000000e-01
      vertex -2.058626e+01 4.644186e+01 4.177500e+01
      vertex -2.058626e+01 4.644186e+01 5.000000e-01
    endloop
  endfacet
  facet normal 4.164296e-01 -9.091680e-01 0.000000e+00
    outer loop
      vertex -2.058626e+01 4.644186e+01 5.000000e-01
      vertex -2.058626e+01 4.644186e+01 4.177500e+01
      vertex -2.171980e+01 4.592266e+01 4.177500e+01
    endloop
  endfacet
  facet normal 4.164296e-01 -9.091680e-01 0.000000e+00
    outer loop
      vertex -2.058626e+01 4.644186e+01 5.000000e-01
      vertex -2.171980e+01 4.592266e+01 4.177500e+01
      vertex -2.171980e+01 4.592266e+01 5.000000e-01
    endloop
  endfacet
  facet normal 4.386162e-01 -8.986745e-01 0.000000e+00
    outer loop
      vertex -2.171980e+01 4.592266e+01 5.000000e-01
      vertex -2.171980e+01 4.592266e+01 4.177500e+01
      vertex -2.284026e+01 4.537579e+01 4.177500e+01
    endloop
  endfacet
  facet normal 4.386162e-01 -8.986745e-01 0.000000e+00
    outer loop
      vertex -2.171980e+01 4.592266e+01 5.000000e-01
      vertex -2.284026e+01 4.537579e+01 4.177500e+01
      vertex -2.284026e+01 4.537579e+01 5.000000e-01
    endloop
  endfacet
  facet normal 4.605387e-01 -8.876396e-01 0.000000e+00
    outer loop
      vertex -2.284026e+01 4.537579e+01 5.000000e-01
      vertex -2.284026e+01 4.537579e+01 4.177500e+01
      vertex -2.394695e+01 4.480160e+01 4.177500e+01
    endloop
  endfacet
  facet normal 4.605387e-01 -8.876396e-01 0.000000e+00
    outer loop
      vertex -2.284026e+01 4.537579e+01 5.000000e-01
      vertex -2.394695e+01 4.480160e+01 4.177500e+01
      vertex -2.394695e+01 4.480160e+01 5.000000e-01
    endloop
  endfacet
  facet normal 4.821838e-01 -8.760701e-01 0.000000e+00
    outer loop
      vertex -2.394695e+01 4.480160e+01 5.000000e-01
      vertex -2.394695e+01 4.480160e+01 4.177500e+01
      vertex -2.503923e+01 4.420042e+01 4.177500e+01
    endloop
  endfacet
  facet normal 4.821838e-01 -8.760701e-01 0.000000e+00
    outer loop
      vertex -2.394695e+01 4.480160e+01 5.000000e-01
      vertex -2.503923e+01 4.420042e+01 4.177500e+01
      vertex -2.503923e+01 4.420042e+01 5.000000e-01
    endloop
  endfacet
  facet normal 5.035384e-01 -8.639729e-01 0.000000e+00
    outer loop
      vertex -2.503923e+01 4.420042e+01 5.000000e-01
      vertex -2.503923e+01 4.420042e+01 4.177500e+01
      vertex -2.611642e+01 4.357261e+01 4.177500e+01
    endloop
  endfacet
  facet normal 5.035384e-01 -8.639729e-01 0.000000e+00
    outer loop
      vertex -2.503923e+01 4.420042e+01 5.000000e-01
      vertex -2.611642e+01 4.357261e+01 4.177500e+01
      vertex -2.611642e+01 4.357261e+01 5.000000e-01
    endloop
  endfacet
  facet normal 5.245897e-01 -8.513552e-01 0.000000e+00
    outer loop
      vertex -2.611642e+01 4.357261e+01 5.000000e-01
      vertex -2.611642e+01 4.357261e+01 4.177500e+01
      vertex -2.717788e+01 4.291856e+01 4.177500e+01
    endloop
  endfacet
  facet normal 5.245897e-01 -8.513552e-01 0.000000e+00
    outer loop
      vertex -2.611642e+01 4.357261e+01 5.000000e-01
      vertex -2.717788e+01 4.291856e+01 4.177500e+01
      vertex -2.717788e+01 4.291856e+01 5.000000e-01
    endloop
  endfacet
  facet normal 5.453250e-01 -8.382247e-01 0.000000e+00
    outer loop
      vertex -2.717788e+01 4.291856e+01 5.000000e-01
      vertex -2.717788e+01 4.291856e+01 4.177500e+01
      vertex -2.822297e+01 4.223866e+01 4.177500e+01
    endloop
  endfacet
  facet normal 5.453250e-01 -8.382247e-01 0.000000e+00
    outer loop
      vertex -2.717788e+01 4.291856e+01 5.000000e-01
      vertex -2.822297e+01 4.223866e+01 4.177500e+01
      vertex -2.822297e+01 4.223866e+01 5.000000e-01
    endloop
  endfacet
  facet normal 5.657318e-01 -8.245893e-01 0.000000e+00
    outer loop
      vertex -2.822297e+01 4.223866e+01 5.000000e-01
      vertex -2.822297e+01 4.223866e+01 4.177500e+01
      vertex -2.925106e+01 4.153331e+01 4.177500e+01
    endloop
  endfacet
  facet normal 5.657318e-01 -8.245893e-01 0.000000e+00
    outer loop
      vertex -2.822297e+01 4.223866e+01 5.000000e-01
      vertex -2.925106e+01 4.153331e+01 4.177500e+01
      vertex -2.925106e+01 4.153331e+01 5.000000e-01
    endloop
  endfacet
  facet normal 5.857979e-01 -8.104572e-01 0.000000e+00
    outer loop
      vertex -2.925106e+01 4.153331e+01 5.000000e-01
      vertex -2.925106e+01 4.153331e+01 4.177500e+01
      vertex -3.026152e+01 4.080294e+01 4.177500e+01
    endloop
  endfacet
  facet normal 5.857979e-01 -8.104572e-01 0.000000e+00
    outer loop
      vertex -2.925106e+01 4.153331e+01 5.000000e-01
      vertex -3.026152e+01 4.080294e+01 4.177500e+01
      vertex -3.026152e+01 4.080294e+01 5.000000e-01
    endloop
  endfacet
  facet normal 6.055110e-01 -7.958369e-01 0.000000e+00
    outer loop
      vertex -3.026152e+01 4.080294e+01 5.000000e-01
      vertex -3.026152e+01 4.080294e+01 4.177500e+01
      vertex -3.125376e+01 4.004800e+01 4.177500e+01
    endloop
  endfacet
  facet normal 6.055110e-01 -7.958369e-01 0.000000e+00
    outer loop
      vertex -3.026152e+01 4.080294e+01 5.000000e-01
      vertex -3.125376e+01 4.004800e+01 4.177500e+01
      vertex -3.125376e+01 4.004800e+01 5.000000e-01
    endloop
  endfacet
  facet normal 6.248595e-01 -7.807372e-01 0.000000e+00
    outer loop
      vertex -3.125376e+01 4.004800e+01 5.000000e-01
      vertex -3.125376e+01 4.004800e+01 4.177500e+01
      vertex -3.222718e+01 3.926893e+01 4.177500e+01
    endloop
  endfacet
  facet normal 6.248595e-01 -7.807372e-01 0.000000e+00
    outer loop
      vertex -3.125376e+01 4.004800e+01 5.000000e-01
      vertex -3.222718e+01 3.926893e+01 4.177500e+01
      vertex -3.222718e+01 3.926893e+01 5.000000e-01
    endloop
  endfacet
  facet normal 6.438315e-01 -7.651673e-01 0.000000e+00
    outer loop
      vertex -3.222718e+01 3.926893e+01 5.000000e-01
      vertex -3.222718e+01 3.926893e+01 4.177500e+01
      vertex -3.318118e+01 3.846621e+01 4.177500e+01
    endloop
  endfacet
  facet normal 6.438315e-01 -7.651673e-01 0.000000e+00
    outer loop
      vertex -3.222718e+01 3.926893e+01 5.000000e-01
      vertex -3.318118e+01 3.846621e+01 4.177500e+01
      vertex -3.318118e+01 3.846621e+01 5.000000e-01
    endloop
  endfacet
  facet normal 6.624158e-01 -7.491364e-01 0.000000e+00
    outer loop
      vertex -3.318118e+01 3.846621e+01 5.000000e-01
      vertex -3.318118e+01 3.846621e+01 4.177500e+01
      vertex -3.411519e+01 3.764032e+01 4.177500e+01
    endloop
  endfacet
  facet normal 6.624158e-01 -7.491364e-01 0.000000e+00
    outer loop
      vertex -3.318118e+01 3.846621e+01 5.000000e-01
      vertex -3.411519e+01 3.764032e+01 4.177500e+01
      vertex -3.411519e+01 3.764032e+01 5.000000e-01
    endloop
  endfacet
  facet normal 6.806010e-01 -7.326543e-01 0.000000e+00
    outer loop
      vertex -3.411519e+01 3.764032e+01 5.000000e-01
      vertex -3.411519e+01 3.764032e+01 4.177500e+01
      vertex -3.502866e+01 3.679175e+01 4.177500e+01
    endloop
  endfacet
  facet normal 6.806010e-01 -7.326543e-01 0.000000e+00
    outer loop
      vertex -3.411519e+01 3.764032e+01 5.000000e-01
      vertex -3.502866e+01 3.679175e+01 4.177500e+01
      vertex -3.502866e+01 3.679175e+01 5.000000e-01
    endloop
  endfacet
  facet normal 6.983762e-01 -7.157308e-01 0.000000e+00
    outer loop
      vertex -3.502866e+01 3.679175e+01 5.000000e-01
      vertex -3.502866e+01 3.679175e+01 4.177500e+01
      vertex -3.592102e+01 3.592102e+01 4.177500e+01
    endloop
  endfacet
  facet normal 6.983762e-01 -7.157308e-01 0.000000e+00
    outer loop
      vertex -3.502866e+01 3.679175e+01 5.000000e-01
      vertex -3.592102e+01 3.592102e+01 4.177500e+01
      vertex -3.592102e+01 3.592102e+01 5.000000e-01
    endloop
  endfacet
  facet normal 7.157308e-01 -6.983762e-01 0.000000e+00
    outer loop
      vertex -3.592102e+01 3.592102e+01 5.000000e-01
      vertex -3.592102e+01 3.592102e+01 4.177500e+01
      vertex -3.679175e+01 3.502866e+01 4.177500e+01
    endloop
  endfacet
  facet normal 7.157308e-01 -6.983762e-01 0.000000e+00
    outer loop
      vertex -3.592102e+01 3.592102e+01 5.000000e-01
      vertex -3.679175e+01 3.502866e+01 4.177500e+01
      vertex -3.679175e+01 3.502866e+01 5.000000e-01
    endloop
  endfacet
  facet normal 7.326543e-01 -6.806010e-01 0.000000e+00
    outer loop
      vertex -3.679175e+01 3.502866e+01 5.000000e-01
      vertex -3.679175e+01 3.502866e+01 4.177500e+01
      vertex -3.764032e+01 3.411519e+01 4.177500e+01
    endloop
  endfacet
  facet normal 7.326543e-01 -6.806010e-01 0.000000e+00
    outer loop
      vertex -3.679175e+01 3.502866e+01 5.000000e-01
      vertex -3.764032e+01 3.411519e+01 4.177500e+01
      vertex -3.764032e+01 3.411519e+01 5.000000e-01
    endloop
  endfacet
  facet normal 7.491364e-01 -6.624158e-01 0.000000e+00
    outer loop
      vertex -3.764032e+01 3.411519e+01 5.000000e-01
      vertex -3.764032e+01 3.411519e+01 4.177500e+01
      vertex -3.846621e+01 3.318118e+01 4.177500e+01
    endloop
  endfacet
  facet normal 7.491364e-01 -6.624158e-01 0.000000e+00
    outer loop
      vertex -3.764032e+01 3.411519e+01 5.000000e-01
      vertex -3.846621e+01 3.318118e+01 4.177500e+01
      vertex -3.846621e+01 3.318118e+01 5.000000e-01
    endloop
  endfacet
  facet normal 7.651673e-01 -6.438315e-01 0.000000e+00
    outer loop
      vertex -3.846621e+01 3.318118e+01 5.000000e-01
      vertex -3.846621e+01 3.318118e+01 4.177500e+01
      vertex -3.926893e+01 3.222718e+01 4.177500e+01
    endloop
  endfacet
  facet normal 7.651673e-01 -6.438315e-01 0.000000e+00
    outer loop
      vertex -3.846621e+01 3.318118e+01 5.000000e-01
      vertex -3.926893e+01 3.222718e+01 4.177500e+01
      vertex -3.926893e+01 3.222718e+01 5.000000e-01
    endloop
  endfacet
  facet normal 7.807372e-01 -6.248595e-01 0.000000e+00
    outer loop
      vertex -3.926893e+01 3.222718e+01 5.000000e-01
      vertex -3.926893e+01 3.222718e+01 4.177500e+01
      vertex -4.004800e+01 3.125376e+01 4.177500e+01
    endloop
  endfacet
  facet normal 7.807372e-01 -6.248595e-01 0.000000e+00
    outer loop
      vertex -3.926893e+01 3.222718e+01 5.000000e-01
      vertex -4.004800e+01 3.125376e+01 4.177500e+01
      vertex -4.004800e+01 3.125376e+01 5.000000e-01
    endloop
  endfacet
  facet normal 7.958369e-01 -6.055110e-01 0.000000e+00
    outer loop
      vertex -4.004800e+01 3.125376e+01 5.000000e-01
      vertex -4.004800e+01 3.125376e+01 4.177500e+01
      vertex -4.080294e+01 3.026152e+01 4.177500e+01
    endloop
  endfacet
  facet normal 7.958369e-01 -6.055110e-01 0.000000e+00
    outer loop
      vertex -4.004800e+01 3.125376e+01 5.000000e-01
      vertex -4.080294e+01 3.026152e+01 4.177500e+01
      vertex -4.080294e+01 3.026152e+01 5.000000e-01
    endloop
  endfacet
  facet normal 8.104572e-01 -5.857979e-01 0.000000e+00
    outer loop
      vertex -4.080294e+01 3.026152e+01 5.000000e-01
      vertex -4.080294e+01 3.026152e+01 4.177500e+01
      vertex -4.153331e+01 2.925106e+01 4.177500e+01
    endloop
  endfacet
  facet normal 8.104572e-01 -5.857979e-01 0.000000e+00
    outer loop
      vertex -4.080294e+01 3.026152e+01 5.000000e-01
      vertex -4.153331e+01 2.925106e+01 4.177500e+01
      vertex -4.153331e+01 2.925106e+01 5.000000e-01
    endloop
  endfacet
  facet normal 8.245893e-01 -5.657318e-01 0.000000e+00
    outer loop
      vertex -4.153331e+01 2.925106e+01 5.000000e-01
      vertex -4.153331e+01 2.925106e+01 4.177500e+01
      vertex -4.223866e+01 2.822297e+01 4.177500e+01
    endloop
  endfacet
  facet normal 8.245893e-01 -5.657318e-01 0.000000e+00
    outer loop
      vertex -4.153331e+01 2.925106e+01 5.000000e-01
      vertex -4.223866e+01 2.822297e+01 4.177500e+01
      vertex -4.223866e+01 2.822297e+01 5.000000e-01
    endloop
  endfacet
  facet normal 8.382247e-01 -5.453250e-01 0.000000e+00
    outer loop
      vertex -4.223866e+01 2.822297e+01 5.000000e-01
      vertex -4.223866e+01 2.822297e+01 4.177500e+01
      vertex -4.291856e+01 2.717788e+01 4.177500e+01
    endloop
  endfacet
  facet normal 8.382247e-01 -5.453250e-01 0.000000e+00
    outer loop
      vertex -4.223866e+01 2.822297e+01 5.000000e-01
      vertex -4.291856e+01 2.717788e+01 4.177500e+01
      vertex -4.291856e+01 2.717788e+01 5.000000e-01
    endloop
  endfacet
  facet normal 8.513552e-01 -5.245897e-01 0.000000e+00
    outer loop
      vertex -4.291856e+01 2.717788e+01 5.000000e-01
      vertex -4.291856e+01 2.717788e+01 4.177500e+01
      vertex -4.357261e+01 2.611642e+01 4.177500e+01
    endloop
  endfacet
  facet normal 8.513552e-01 -5.245897e-01 0.000000e+00
    outer loop
      vertex -4.291856e+01 2.717788e+01 5.000000e-01
      vertex -4.357261e+01 2.611642e+01 4.177500e+01
      vertex -4.357261e+01 2.611642e+01 5.000000e-01
    endloop
  endfacet
  facet normal 8.639729e-01 -5.035384e-01 0.000000e+00
    outer loop
      vertex -4.357261e+01 2.611642e+01 5.000000e-01
      vertex -4.357261e+01 2.611642e+01 4.177500e+01
      vertex -4.420042e+01 2.503923e+01 4.177500e+01
    endloop
  endfacet
  facet normal 8.639729e-01 -5.035384e-01 0.000000e+00
    outer loop
      vertex -4.357261e+01 2.611642e+01 5.000000e-01
      vertex -4.420042e+01 2.503923e+01 4.177500e+01
      vertex -4.420042e+01 2.503923e+01 5.000000e-01
    endloop
  endfacet
  facet normal 8.760701e-01 -4.821838e-01 0.000000e+00
    outer loop
      vertex -4.420042e+01 2.503923e+01 5.000000e-01
      vertex -4.420042e+01 2.503923e+01 4.177500e+01
      vertex -4.480160e+01 2.394695e+01 4.177500e+01
    endloop
  endfacet
  facet normal 8.760701e-01 -4.821838e-01 0.000000e+00
    outer loop
      vertex -4.420042e+01 2.503923e+01 5.000000e-01
      vertex -4.480160e+01 2.394695e+01 4.177500e+01
      vertex -4.480160e+01 2.394695e+01 5.000000e-01
    endloop
  endfacet
  facet normal 8.876396e-01 -4.605387e-01 0.000000e+00
    outer loop
      vertex -4.480160e+01 2.394695e+01 5.000000e-01
      vertex -4.480160e+01 2.394695e+01 4.177500e+01
      vertex -4.537579e+01 2.284026e+01 4.177500e+01
    endloop
  endfacet
  facet normal 8.876396e-01 -4.605387e-01 0.000000e+00
    outer loop
      vertex -4.480160e+01 2.394695e+01 5.000000e-01
      vertex -4.537579e+01 2.284026e+01 4.177500e+01
      vertex -4.537579e+01 2.284026e+01 5.000000e-01
    endloop
  endfacet
  facet normal 8.986745e-01 -4.386162e-01 0.000000e+00
    outer loop
      vertex -4.537579e+01 2.284026e+01 5.000000e-01
      vertex -4.537579e+01 2.284026e+01 4.177500e+01
      vertex -4.592266e+01 2.171980e+01 4.177500e+01
    endloop
  endfacet
  facet normal 8.986745e-01 -4.386162e-01 0.000000e+00
    outer loop
      vertex -4.537579e+01 2.284026e+01 5.000000e-01
      vertex -4.592266e+01 2.171980e+01 4.177500e+01
      vertex -4.592266e+01 2.171980e+01 5.000000e-01
    endloop
  endfacet
  facet normal 9.091680e-01 -4.164296e-01 0.000000e+00
    outer loop
      vertex -4.592266e+01 2.171980e+01 5.000000e-01
      vertex -4.592266e+01 2.171980e+01 4.177500e+01
      vertex -4.644186e+01 2.058626e+01 4.177500e+01
    endloop
  endfacet
  facet normal 9.091680e-01 -4.164296e-01 0.000000e+00
    outer loop
      vertex -4.592266e+01 2.171980e+01 5.000000e-01
      vertex -4.644186e+01 2.058626e+01 4.177500e+01
      vertex -4.644186e+01 2.058626e+01 5.000000e-01
    endloop
  endfacet
  facet normal 9.191139e-01 -3.939920e-01 0.000000e+00
    outer loop
      vertex -4.644186e+01 2.058626e+01 5.000000e-01
      vertex -4.644186e+01 2.058626e+01 4.177500e+01
      vertex -4.693308e+01 1.944032e+01 4.177500e+01
    endloop
  endfacet
  facet normal 9.191139e-01 -3.939920e-01 0.000000e+00
    outer loop
      vertex -4.644186e+01 2.058626e+01 5.000000e-01
      vertex -4.693308e+01 1.944032e+01 4.177500e+01
      vertex -4.693308e+01 1.944032e+01 5.000000e-01
    endloop
  endfacet
  facet normal 9.285061e-01 -3.713172e-01 0.000000e+00
    outer loop
      vertex -4.693308e+01 1.944032e+01 5.000000e-01
      vertex -4.693308e+01 1.944032e+01 4.177500e+01
      vertex -4.739603e+01 1.828267e+01 4.177500e+01
    endloop
  endfacet
  facet normal 9.285061e-01 -3.713172e-01 0.000000e+00
    outer loop
      vertex -4.693308e+01 1.944032e+01 5.000000e-01
      vertex -4.739603e+01 1.828267e+01 4.177500e+01
      vertex -4.739603e+01 1.828267e+01 5.000000e-01
    endloop
  endfacet
  facet normal 9.373390e-01 -3.484187e-01 0.000000e+00
    outer loop
      vertex -4.739603e+01 1.828267e+01 5.000000e-01
      vertex -4.739603e+01 1.828267e+01 4.177500e+01
      vertex -4.783044e+01 1.711400e+01 4.177500e+01
    endloop
  endfacet
  facet normal 9.373390e-01 -3.484187e-01 0.000000e+00
    outer loop
      vertex -4.739603e+01 1.828267e+01 5.000000e-01
      vertex -4.783044e+01 1.711400e+01 4.177500e+01
      vertex -4.783044e+01 1.711400e+01 5.000000e-01
    endloop
  endfacet
  facet normal 9.456073e-01 -3.253103e-01 0.000000e+00
    outer loop
      vertex -4.783044e+01 1.711400e+01 5.000000e-01
      vertex -4.783044e+01 1.711400e+01 4.177500e+01
      vertex -4.823603e+01 1.593503e+01 4.177500e+01
    endloop
  endfacet
  facet normal 9.456073e-01 -3.253103e-01 0.000000e+00
    outer loop
      vertex -4.783044e+01 1.711400e+01 5.000000e-01
      vertex -4.823603e+01 1.593503e+01 4.177500e+01
      vertex -4.823603e+01 1.593503e+01 5.000000e-01
    endloop
  endfacet
  facet normal 9.533060e-01 -3.020059e-01 0.000000e+00
    outer loop
      vertex -4.823603e+01 1.593503e+01 5.000000e-01
      vertex -4.823603e+01 1.593503e+01 4.177500e+01
      vertex -4.861257e+01 1.474646e+01 4.177500e+01
    endloop
  endfacet
  facet normal 9.533060e-01 -3.020059e-01 0.000000e+00
    outer loop
      vertex -4.823603e+01 1.593503e+01 5.000000e-01
      vertex -4.861257e+01 1.474646e+01 4.177500e+01
      vertex -4.861257e+01 1.474646e+01 5.000000e-01
    endloop
  endfacet
  facet normal 9.604305e-01 -2.785197e-01 0.000000e+00
    outer loop
      vertex -4.861257e+01 1.474646e+01 5.000000e-01
      vertex -4.861257e+01 1.474646e+01 4.177500e+01
      vertex -4.895982e+01 1.354901e+01 4.177500e+01
    endloop
  endfacet
  facet normal 9.604305e-01 -2.785197e-01 0.000000e+00
    outer loop
      vertex -4.861257e+01 1.474646e+01 5.000000e-01
      vertex -4.895982e+01 1.354901e+01 4.177500e+01
      vertex -4.895982e+01 1.354901e+01 5.000000e-01
    endloop
  endfacet
  facet normal 9.669765e-01 -2.548657e-01 0.000000e+00
    outer loop
      vertex -4.895982e+01 1.354901e+01 5.000000e-01
      vertex -4.895982e+01 1.354901e+01 4.177500e+01
      vertex -4.927759e+01 1.234339e+01 4.177500e+01
    endloop
  endfacet
  facet normal 9.669765e-01 -2.548657e-01 0.000000e+00
    outer loop
      vertex -4.895982e+01 1.354901e+01 5.000000e-01
      vertex -4.927759e+01 1.234339e+01 4.177500e+01
      vertex -4.927759e+01 1.234339e+01 5.000000e-01
    endloop
  endfacet
  facet normal 9.729400e-01 -2.310581e-01 0.000000e+00
    outer loop
      vertex -4.927759e+01 1.234339e+01 5.000000e-01
      vertex -4.927759e+01 1.234339e+01 4.177500e+01
      vertex -4.956567e+01 1.113034e+01 4.177500e+01
    endloop
  endfacet
  facet normal 9.729400e-01 -2.310581e-01 0.000000e+00
    outer loop
      vertex -4.927759e+01 1.234339e+01 5.000000e-01
      vertex -4.956567e+01 1.113034e+01 4.177500e+01
      vertex -4.956567e+01 1.113034e+01 5.000000e-01
    endloop
  endfacet
  facet normal 9.783174e-01 -2.071114e-01 0.000000e+00
    outer loop
      vertex -4.956567e+01 1.113034e+01 5.000000e-01
      vertex -4.956567e+01 1.113034e+01 4.177500e+01
      vertex -4.982389e+01 9.910588e+00 4.177500e+01
    endloop
  endfacet
  facet normal 9.783174e-01 -2.071114e-01 0.000000e+00
    outer loop
      vertex -4.956567e+01 1.113034e+01 5.000000e-01
      vertex -4.982389e+01 9.910588e+00 4.177500e+01
      vertex -4.982389e+01 9.910588e+00 5.000000e-01
    endloop
  endfacet
  facet normal 9.831055e-01 -1.830399e-01 0.000000e+00
    outer loop
      vertex -4.982389e+01 9.910588e+00 5.000000e-01
      vertex -4.982389e+01 9.910588e+00 4.177500e+01
      vertex -5.005210e+01 8.684864e+00 4.177500e+01
    endloop
  endfacet
  facet normal 9.831055e-01 -1.830399e-01 0.000000e+00
    outer loop
      vertex -4.982389e+01 9.910588e+00 5.000000e-01
      vertex -5.005210e+01 8.684864e+00 4.177500e+01
      vertex -5.005210e+01 8.684864e+00 5.000000e-01
    endloop
  endfacet
  facet normal 9.873014e-01 -1.588581e-01 0.000000e+00
    outer loop
      vertex -5.005210e+01 8.684864e+00 5.000000e-01
      vertex -5.005210e+01 8.684864e+00 4.177500e+01
      vertex -5.025017e+01 7.453908e+00 4.177500e+01
    endloop
  endfacet
  facet normal 9.873014e-01 -1.588581e-01 0.000000e+00
    outer loop
      vertex -5.005210e+01 8.684864e+00 5.000000e-01
      vertex -5.025017e+01 7.453908e+00 4.177500e+01
      vertex -5.025017e+01 7.453908e+00 5.000000e-01
    endloop
  endfacet
  facet normal 9.909026e-01 -1.345807e-01 0.000000e+00
    outer loop
      vertex -5.025017e+01 7.453908e+00 5.000000e-01
      vertex -5.025017e+01 7.453908e+00 4.177500e+01
      vertex -5.041796e+01 6.218462e+00 4.177500e+01
    endloop
  endfacet
  facet normal 9.909026e-01 -1.345807e-01 0.000000e+00
    outer loop
      vertex -5.025017e+01 7.453908e+00 5.000000e-01
      vertex -5.041796e+01 6.218462e+00 4.177500e+01
      vertex -5.041796e+01 6.218462e+00 5.000000e-01
    endloop
  endfacet
  facet normal 9.939070e-01 -1.102222e-01 0.000000e+00
    outer loop
      vertex -5.041796e+01 6.218462e+00 5.000000e-01
      vertex -5.041796e+01 6.218462e+00 4.177500e+01
      vertex -5.055538e+01 4.979271e+00 4.177500e+01
    endloop
  endfacet
  facet normal 9.939070e-01 -1.102222e-01 0.000000e+00
    outer loop
      vertex -5.041796e+01 6.218462e+00 5.000000e-01
      vertex -5.055538e+01 4.979271e+00 4.177500e+01
      vertex -5.055538e+01 4.979271e+00 5.000000e-01
    endloop
  endfacet
  facet normal 9.963126e-01 -8.579731e-02 0.000000e+00
    outer loop
      vertex -5.055538e+01 4.979271e+00 5.000000e-01
      vertex -5.055538e+01 4.979271e+00 4.177500e+01
      vertex -5.066236e+01 3.737080e+00 4.177500e+01
    endloop
  endfacet
  facet normal 9.963126e-01 -8.579731e-02 0.000000e+00
    outer loop
      vertex -5.055538e+01 4.979271e+00 5.000000e-01
      vertex -5.066236e+01 3.737080e+00 4.177500e+01
      vertex -5.066236e+01 3.737080e+00 5.000000e-01
    endloop
  endfacet
  facet normal 9.981181e-01 -6.132074e-02 0.000000e+00
    outer loop
      vertex -5.066236e+01 3.737080e+00 5.000000e-01
      vertex -5.066236e+01 3.737080e+00 4.177500e+01
      vertex -5.073881e+01 2.492638e+00 4.177500e+01
    endloop
  endfacet
  facet normal 9.981181e-01 -6.132074e-02 0.000000e+00
    outer loop
      vertex -5.066236e+01 3.737080e+00 5.000000e-01
      vertex -5.073881e+01 2.492638e+00 4.177500e+01
      vertex -5.073881e+01 2.492638e+00 5.000000e-01
    endloop
  endfacet
  facet normal 9.993224e-01 -3.680722e-02 0.000000e+00
    outer loop
      vertex -5.073881e+01 2.492638e+00 5.000000e-01
      vertex -5.073881e+01 2.492638e+00 4.177500e+01
      vertex -5.078470e+01 1.246694e+00 4.177500e+01
    endloop
  endfacet
  facet normal 9.993224e-01 -3.680722e-02 0.000000e+00
    outer loop
      vertex -5.073881e+01 2.492638e+00 5.000000e-01
      vertex -5.078470e+01 1.246694e+00 4.177500e+01
      vertex -5.078470e+01 1.246694e+00 5.000000e-01
    endloop
  endfacet
  facet normal 9.999247e-01 -1.227154e-02 0.000000e+00
    outer loop
      vertex -5.078470e+01 1.246694e+00 5.000000e-01
      vertex -5.078470e+01 1.246694e+00 4.177500e+01
      vertex -5.080000e+01 6.221206e-15 4.177500e+01
    endloop
  endfacet
  facet normal 9.999247e-01 -1.227154e-02 0.000000e+00
    outer loop
      vertex -5.078470e+01 1.246694e+00 5.000000e-01
      vertex -5.080000e+01 6.221206e-15 4.177500e+01
      vertex -5.080000e+01 6.221206e-15 5.000000e-01
    endloop
  endfacet
  facet normal 9.999247e-01 1.227154e-02 -0.000000e+00
    outer loop
      vertex -5.080000e+01 6.221206e-15 5.000000e-01
      vertex -5.080000e+01 6.221206e-15 4.177500e+01
      vertex -5.078470e+01 -1.246694e+00 4.177500e+01
    endloop
  endfacet
  facet normal 9.999247e-01 1.227154e-02 0.000000e+00
    outer loop
      vertex -5.080000e+01 6.221206e-15 5.000000e-01
      vertex -5.078470e+01 -1.246694e+00 4.177500e+01
      vertex -5.078470e+01 -1.246694e+00 5.000000e-01
    endloop
  endfacet
  facet normal 9.993224e-01 3.680722e-02 -0.000000e+00
    outer loop
      vertex -5.078470e+01 -1.246694e+00 5.000000e-01
      vertex -5.078470e+01 -1.246694e+00 4.177500e+01
      vertex -5.073881e+01 -2.492638e+00 4.177500e+01
    endloop
  endfacet
  facet normal 9.993224e-01 3.680722e-02 0.000000e+00
    outer loop
      vertex -5.078470e+01 -1.246694e+00 5.000000e-01
      vertex -5.073881e+01 -2.492638e+00 4.177500e+01
      vertex -5.073881e+01 -2.492638e+00 5.000000e-01
    endloop
  endfacet
  facet normal 9.981181e-01 6.132074e-02 -0.000000e+00
    outer loop
      vertex -5.073881e+01 -2.492638e+00 5.000000e-01
      vertex -5.073881e+01 -2.492638e+00 4.177500e+01
      vertex -5.066236e+01 -3.737080e+00 4.177500e+01
    endloop
  endfacet
  facet normal 9.981181e-01 6.132074e-02 0.000000e+00
    outer loop
      vertex -5.073881e+01 -2.492638e+00 5.000000e-01
      vertex -5.066236e+01 -3.737080e+00 4.177500e+01
      vertex -5.066236e+01 -3.737080e+00 5.000000e-01
    endloop
  endfacet
  facet normal 9.963126e-01 8.579731e-02 -0.000000e+00
    outer loop
      vertex -5.066236e+01 -3.737080e+00 5.000000e-01
      vertex -5.066236e+01 -3.737080e+00 4.177500e+01
      vertex -5.055538e+01 -4.979271e+00 4.177500e+01
    endloop
  endfacet
  facet normal 9.963126e-01 8.579731e-02 0.000000e+00
    outer loop
      vertex -5.066236e+01 -3.737080e+00 5.000000e-01
      vertex -5.055538e+01 -4.979271e+00 4.177500e+01
      vertex -5.055538e+01 -4.979271e+00 5.000000e-01
    endloop
  endfacet
  facet normal 9.939070e-01 1.102222e-01 -0.000000e+00
    outer loop
      vertex -5.055538e+01 -4.979271e+00 5.000000e-01
      vertex -5.055538e+01 -4.979271e+00 4.177500e+01
      vertex -5.041796e+01 -6.218462e+00 4.177500e+01
    endloop
  endfacet
  facet normal 9.939070e-01 1.102222e-01 0.000000e+00
    outer loop
      vertex -5.055538e+01 -4.979271e+00 5.000000e-01
      vertex -5.041796e+01 -6.218462e+00 4.177500e+01
      vertex -5.041796e+01 -6.218462e+00 5.000000e-01
    endloop
  endfacet
  facet normal 9.909026e-01 1.345807e-01 -0.000000e+00
    outer loop
      vertex -5.041796e+01 -6.218462e+00 5.000000e-01
      vertex -5.041796e+01 -6.218462e+00 4.177500e+01
      vertex -5.025017e+01 -7.453908e+00 4.177500e+01
    endloop
  endfacet
  facet normal 9.909026e-01 1.345807e-01 0.000000e+00
    outer loop
      vertex -5.041796e+01 -6.218462e+00 5.000000e-01
      vertex -5.025017e+01 -7.453908e+00 4.177500e+01
      vertex -5.025017e+01 -7.453908e+00 5.000000e-01
    endloop
  endfacet
  facet normal 9.873014e-01 1.588581e-01 -0.000000e+00
    outer loop
      vertex -5.025017e+01 -7.453908e+00 5.000000e-01
      vertex -5.025017e+01 -7.453908e+00 4.177500e+01
      vertex -5.005210e+01 -8.684864e+00 4.177500e+01
    endloop
  endfacet
  facet normal 9.873014e-01 1.588581e-01 0.000000e+00
    outer loop
      vertex -5.025017e+01 -7.453908e+00 5.000000e-01
      vertex -5.005210e+01 -8.684864e+00 4.177500e+01
      vertex -5.005210e+01 -8.684864e+00 5.000000e-01
    endloop
  endfacet
  facet normal 9.831055e-01 1.830399e-01 -0.000000e+00
    outer loop
      vertex -5.005210e+01 -8.684864e+00 5.000000e-01
      vertex -5.005210e+01 -8.684864e+00 4.177500e+01
      vertex -4.982389e+01 -9.910588e+00 4.177500e+01
    endloop
  endfacet
  facet normal 9.831055e-01 1.830399e-01 0.000000e+00
    outer loop
      vertex -5.005210e+01 -8.684864e+00 5.000000e-01
      vertex -4.982389e+01 -9.910588e+00 4.177500e+01
      vertex -4.982389e+01 -9.910588e+00 5.000000e-01
    endloop
  endfacet
  facet normal 9.783174e-01 2.071114e-01 -0.000000e+00
    outer loop
      vertex -4.982389e+01 -9.910588e+00 5.000000e-01
      vertex -4.982389e+01 -9.910588e+00 4.177500e+01
      vertex -4.956567e+01 -1.113034e+01 4.177500e+01
    endloop
  endfacet
  facet normal 9.783174e-01 2.071114e-01 0.000000e+00
    outer loop
      vertex -4.982389e+01 -9.910588e+00 5.000000e-01
      vertex -4.956567e+01 -1.113034e+01 4.177500e+01
      vertex -4.956567e+01 -1.113034e+01 5.000000e-01
    endloop
  endfacet
  facet normal 9.729400e-01 2.310581e-01 -0.000000e+00
    outer loop
      vertex -4.956567e+01 -1.113034e+01 5.000000e-01
      vertex -4.956567e+01 -1.113034e+01 4.177500e+01
      vertex -4.927759e+01 -1.234339e+01 4.177500e+01
    endloop
  endfacet
  facet normal 9.729400e-01 2.310581e-01 0.000000e+00
    outer loop
      vertex -4.956567e+01 -1.113034e+01 5.000000e-01
      vertex -4.927759e+01 -1.234339e+01 4.177500e+01
      vertex -4.927759e+01 -1.234339e+01 5.000000e-01
    endloop
  endfacet
  facet normal 9.669765e-01 2.548657e-01 -0.000000e+00
    outer loop
      vertex -4.927759e+01 -1.234339e+01 5.000000e-01
      vertex -4.927759e+01 -1.234339e+01 4.177500e+01
      vertex -4.895982e+01 -1.354901e+01 4.177500e+01
    endloop
  endfacet
  facet normal 9.669765e-01 2.548657e-01 0.000000e+00
    outer loop
      vertex -4.927759e+01 -1.234339e+01 5.000000e-01
      vertex -4.895982e+01 -1.354901e+01 4.177500e+01
      vertex -4.895982e+01 -1.354901e+01 5.000000e-01
    endloop
  endfacet
  facet normal 9.604305e-01 2.785197e-01 -0.000000e+00
    outer loop
      vertex -4.895982e+01 -1.354901e+01 5.000000e-01
      vertex -4.895982e+01 -1.354901e+01 4.177500e+01
      vertex -4.861257e+01 -1.474646e+01 4.177500e+01
    endloop
  endfacet
  facet normal 9.604305e-01 2.785197e-01 0.000000e+00
    outer loop
      vertex -4.895982e+01 -1.354901e+01 5.000000e-01
      vertex -4.861257e+01 -1.474646e+01 4.177500e+01
      vertex -4.861257e+01 -1.474646e+01 5.000000e-01
    endloop
  endfacet
  facet normal 9.533060e-01 3.020059e-01 -0.000000e+00
    outer loop
      vertex -4.861257e+01 -1.474646e+01 5.000000e-01
      vertex -4.861257e+01 -1.474646e+01 4.177500e+01
      vertex -4.823603e+01 -1.593503e+01 4.177500e+01
    endloop
  endfacet
  facet normal 9.533060e-01 3.020059e-01 0.000000e+00
    outer loop
      vertex -4.861257e+01 -1.474646e+01 5.000000e-01
      vertex -4.823603e+01 -1.593503e+01 4.177500e+01
      vertex -4.823603e+01 -1.593503e+01 5.000000e-01
    endloop
  endfacet
  facet normal 9.456073e-01 3.253103e-01 -0.000000e+00
    outer loop
      vertex -4.823603e+01 -1.593503e+01 5.000000e-01
      vertex -4.823603e+01 -1.593503e+01 4.177500e+01
      vertex -4.783044e+01 -1.711400e+01 4.177500e+01
    endloop
  endfacet
  facet normal 9.456073e-01 3.253103e-01 0.000000e+00
    outer loop
      vertex -4.823603e+01 -1.593503e+01 5.000000e-01
      vertex -4.783044e+01 -1.711400e+01 4.177500e+01
      vertex -4.783044e+01 -1.711400e+01 5.000000e-01
    endloop
  endfacet
  facet normal 9.373390e-01 3.484187e-01 -0.000000e+00
    outer loop
      vertex -4.783044e+01 -1.711400e+01 5.000000e-01
      vertex -4.783044e+01 -1.711400e+01 4.177500e+01
      vertex -4.739603e+01 -1.828267e+01 4.177500e+01
    endloop
  endfacet
  facet normal 9.373390e-01 3.484187e-01 0.000000e+00
    outer loop
      vertex -4.783044e+01 -1.711400e+01 5.000000e-01
      vertex -4.739603e+01 -1.828267e+01 4.177500e+01
      vertex -4.739603e+01 -1.828267e+01 5.000000e-01
    endloop
  endfacet
  facet normal 9.285061e-01 3.713172e-01 -0.000000e+00
    outer loop
      vertex -4.739603e+01 -1.828267e+01 5.000000e-01
      vertex -4.739603e+01 -1.828267e+01 4.177500e+01
      vertex -4.693308e+01 -1.944032e+01 4.177500e+01
    endloop
  endfacet
  facet normal 9.285061e-01 3.713172e-01 0.000000e+00
    outer loop
      vertex -4.739603e+01 -1.828267e+01 5.000000e-01
      vertex -4.693308e+01 -1.944032e+01 4.177500e+01
      vertex -4.693308e+01 -1.944032e+01 5.000000e-01
    endloop
  endfacet
  facet normal 9.191139e-01 3.939920e-01 -0.000000e+00
    outer loop
      vertex -4.693308e+01 -1.944032e+01 5.000000e-01
      vertex -4.693308e+01 -1.944032e+01 4.177500e+01
      vertex -4.644186e+01 -2.058626e+01 4.177500e+01
    endloop
  endfacet
  facet normal 9.191139e-01 3.939920e-01 0.000000e+00
    outer loop
      vertex -4.693308e+01 -1.944032e+01 5.000000e-01
      vertex -4.644186e+01 -2.058626e+01 4.177500e+01
      vertex -4.644186e+01 -2.058626e+01 5.000000e-01
    endloop
  endfacet
  facet normal 9.091680e-01 4.164296e-01 -0.000000e+00
    outer loop
      vertex -4.644186e+01 -2.058626e+01 5.000000e-01
      vertex -4.644186e+01 -2.058626e+01 4.177500e+01
      vertex -4.592266e+01 -2.171980e+01 4.177500e+01
    endloop
  endfacet
  facet normal 9.091680e-01 4.164296e-01 0.000000e+00
    outer loop
      vertex -4.644186e+01 -2.058626e+01 5.000000e-01
      vertex -4.592266e+01 -2.171980e+01 4.177500e+01
      vertex -4.592266e+01 -2.171980e+01 5.000000e-01
    endloop
  endfacet
  facet normal 8.986745e-01 4.386162e-01 -0.000000e+00
    outer loop
      vertex -4.592266e+01 -2.171980e+01 5.000000e-01
      vertex -4.592266e+01 -2.171980e+01 4.177500e+01
      vertex -4.537579e+01 -2.284026e+01 4.177500e+01
    endloop
  endfacet
  facet normal 8.986745e-01 4.386162e-01 0.000000e+00
    outer loop
      vertex -4.592266e+01 -2.171980e+01 5.000000e-01
      vertex -4.537579e+01 -2.284026e+01 4.177500e+01
      vertex -4.537579e+01 -2.284026e+01 5.000000e-01
    endloop
  endfacet
  facet normal 8.876396e-01 4.605387e-01 -0.000000e+00
    outer loop
      vertex -4.537579e+01 -2.284026e+01 5.000000e-01
      vertex -4.537579e+01 -2.284026e+01 4.177500e+01
      vertex -4.480160e+01 -2.394695e+01 4.177500e+01
    endloop
  endfacet
  facet normal 8.876396e-01 4.605387e-01 0.000000e+00
    outer loop
      vertex -4.537579e+01 -2.284026e+01 5.000000e-01
      vertex -4.480160e+01 -2.394695e+01 4.177500e+01
      vertex -4.480160e+01 -2.394695e+01 5.000000e-01
    endloop
  endfacet
  facet normal 8.760701e-01 4.821838e-01 -0.000000e+00
    outer loop
      vertex -4.480160e+01 -2.394695e+01 5.000000e-01
      vertex -4.480160e+01 -2.394695e+01 4.177500e+01
      vertex -4.420042e+01 -2.503923e+01 4.177500e+01
    endloop
  endfacet
  facet normal 8.760701e-01 4.821838e-01 0.000000e+00
    outer loop
      vertex -4.480160e+01 -2.394695e+01 5.000000e-01
      vertex -4.420042e+01 -2.503923e+01 4.177500e+01
      vertex -4.420042e+01 -2.503923e+01 5.000000e-01
    endloop
  endfacet
  facet normal 8.639729e-01 5.035384e-01 -0.000000e+00
    outer loop
      vertex -4.420042e+01 -2.503923e+01 5.000000e-01
      vertex -4.420042e+01 -2.503923e+01 4.177500e+01
      vertex -4.357261e+01 -2.611642e+01 4.177500e+01
    endloop
  endfacet
  facet normal 8.639729e-01 5.035384e-01 0.000000e+00
    outer loop
      vertex -4.420042e+01 -2.503923e+01 5.000000e-01
      vertex -4.357261e+01 -2.611642e+01 4.177500e+01
      vertex -4.357261e+01 -2.611642e+01 5.000000e-01
    endloop
  endfacet
  facet normal 8.513552e-01 5.245897e-01 -0.000000e+00
    outer loop
      vertex -4.357261e+01 -2.611642e+01 5.000000e-01
      vertex -4.357261e+01 -2.611642e+01 4.177500e+01
      vertex -4.291856e+01 -2.717788e+01 4.177500e+01
    endloop
  endfacet
  facet normal 8.513552e-01 5.245897e-01 0.000000e+00
    outer loop
      vertex -4.357261e+01 -2.611642e+01 5.000000e-01
      vertex -4.291856e+01 -2.717788e+01 4.177500e+01
      vertex -4.291856e+01 -2.717788e+01 5.000000e-01
    endloop
  endfacet
  facet normal 8.382247e-01 5.453250e-01 -0.000000e+00
    outer loop
      vertex -4.291856e+01 -2.717788e+01 5.000000e-01
      vertex -4.291856e+01 -2.717788e+01 4.177500e+01
      vertex -4.223866e+01 -2.822297e+01 4.177500e+01
    endloop
  endfacet
  facet normal 8.382247e-01 5.453250e-01 0.000000e+00
    outer loop
      vertex -4.291856e+01 -2.717788e+01 5.000000e-01
      vertex -4.223866e+01 -2.822297e+01 4.177500e+01
      vertex -4.223866e+01 -2.822297e+01 5.000000e-01
    endloop
  endfacet
  facet normal 8.245893e-01 5.657318e-01 -0.000000e+00
    outer loop
      vertex -4.223866e+01 -2.822297e+01 5.000000e-01
      vertex -4.223866e+01 -2.822297e+01 4.177500e+01
      vertex -4.153331e+01 -2.925106e+01 4.177500e+01
    endloop
  endfacet
  facet normal 8.245893e-01 5.657318e-01 0.000000e+00
    outer loop
      vertex -4.223866e+01 -2.822297e+01 5.000000e-01
      vertex -4.153331e+01 -2.925106e+01 4.177500e+01
      vertex -4.153331e+01 -2.925106e+01 5.000000e-01
    endloop
  endfacet
  facet normal 8.104572e-01 5.857979e-01 -0.000000e+00
    outer loop
      vertex -4.153331e+01 -2.925106e+01 5.000000e-01
      vertex -4.153331e+01 -2.925106e+01 4.177500e+01
      vertex -4.080294e+01 -3.026152e+01 4.177500e+01
    endloop
  endfacet
  facet normal 8.104572e-01 5.857979e-01 0.000000e+00
    outer loop
      vertex -4.153331e+01 -2.925106e+01 5.000000e-01
      vertex -4.080294e+01 -3.026152e+01 4.177500e+01
      vertex -4.080294e+01 -3.026152e+01 5.000000e-01
    endloop
  endfacet
  facet normal 7.958369e-01 6.055110e-01 -0.000000e+00
    outer loop
      vertex -4.080294e+01 -3.026152e+01 5.000000e-01
      vertex -4.080294e+01 -3.026152e+01 4.177500e+01
      vertex -4.004800e+01 -3.125376e+01 4.177500e+01
    endloop
  endfacet
  facet normal 7.958369e-01 6.055110e-01 0.000000e+00
    outer loop
      vertex -4.080294e+01 -3.026152e+01 5.000000e-01
      vertex -4.004800e+01 -3.125376e+01 4.177500e+01
      vertex -4.004800e+01 -3.125376e+01 5.000000e-01
    endloop
  endfacet
  facet normal 7.807372e-01 6.248595e-01 -0.000000e+00
    outer loop
      vertex -4.004800e+01 -3.125376e+01 5.000000e-01
      vertex -4.004800e+01 -3.125376e+01 4.177500e+01
      vertex -3.926893e+01 -3.222718e+01 4.177500e+01
    endloop
  endfacet
  facet normal 7.807372e-01 6.248595e-01 0.000000e+00
    outer loop
      vertex -4.004800e+01 -3.125376e+01 5.000000e-01
      vertex -3.926893e+01 -3.222718e+01 4.177500e+01
      vertex -3.926893e+01 -3.222718e+01 5.000000e-01
    endloop
  endfacet
  facet normal 7.651673e-01 6.438315e-01 -0.000000e+00
    outer loop
      vertex -3.926893e+01 -3.222718e+01 5.000000e-01
      vertex -3.926893e+01 -3.222718e+01 4.177500e+01
      vertex -3.846621e+01 -3.318118e+01 4.177500e+01
    endloop
  endfacet
  facet normal 7.651673e-01 6.438315e-01 0.000000e+00
    outer loop
      vertex -3.926893e+01 -3.222718e+01 5.000000e-01
      vertex -3.846621e+01 -3.318118e+01 4.177500e+01
      vertex -3.846621e+01 -3.318118e+01 5.000000e-01
    endloop
  endfacet
  facet normal 7.491364e-01 6.624158e-01 -0.000000e+00
    outer loop
      vertex -3.846621e+01 -3.318118e+01 5.000000e-01
      vertex -3.846621e+01 -3.318118e+01 4.177500e+01
      vertex -3.764032e+01 -3.411519e+01 4.177500e+01
    endloop
  endfacet
  facet normal 7.491364e-01 6.624158e-01 0.000000e+00
    outer loop
      vertex -3.846621e+01 -3.318118e+01 5.000000e-01
      vertex -3.764032e+01 -3.411519e+01 4.177500e+01
      vertex -3.764032e+01 -3.411519e+01 5.000000e-01
    endloop
  endfacet
  facet normal 7.326543e-01 6.806010e-01 -0.000000e+00
    outer loop
      vertex -3.764032e+01 -3.411519e+01 5.000000e-01
      vertex -3.764032e+01 -3.411519e+01 4.177500e+01
      vertex -3.679175e+01 -3.502866e+01 4.177500e+01
    endloop
  endfacet
  facet normal 7.326543e-01 6.806010e-01 0.000000e+00
    outer loop
      vertex -3.764032e+01 -3.411519e+01 5.000000e-01
      vertex -3.679175e+01 -3.502866e+01 4.177500e+01
      vertex -3.679175e+01 -3.502866e+01 5.000000e-01
    endloop
  endfacet
  facet normal 7.157308e-01 6.983762e-01 -0.000000e+00
    outer loop
      vertex -3.679175e+01 -3.502866e+01 5.000000e-01
      vertex -3.679175e+01 -3.502866e+01 4.177500e+01
      vertex -3.592102e+01 -3.592102e+01 4.177500e+01
    endloop
  endfacet
  facet normal 7.157308e-01 6.983762e-01 0.000000e+00
    outer loop
      vertex -3.679175e+01 -3.502866e+01 5.000000e-01
      vertex -3.592102e+01 -3.592102e+01 4.177500e+01
      vertex -3.592102e+01 -3.592102e+01 5.000000e-01
    endloop
  endfacet
  facet normal 6.983762e-01 7.157308e-01 -0.000000e+00
    outer loop
      vertex -3.592102e+01 -3.592102e+01 5.000000e-01
      vertex -3.592102e+01 -3.592102e+01 4.177500e+01
      vertex -3.502866e+01 -3.679175e+01 4.177500e+01
    endloop
  endfacet
  facet normal 6.983762e-01 7.157308e-01 0.000000e+00
    outer loop
      vertex -3.592102e+01 -3.592102e+01 5.000000e-01
      vertex -3.502866e+01 -3.679175e+01 4.177500e+01
      vertex -3.502866e+01 -3.679175e+01 5.000000e-01
    endloop
  endfacet
  facet normal 6.806010e-01 7.326543e-01 -0.000000e+00
    outer loop
      vertex -3.502866e+01 -3.679175e+01 5.000000e-01
      vertex -3.502866e+01 -3.679175e+01 4.177500e+01
      vertex -3.411519e+01 -3.764032e+01 4.177500e+01
    endloop
  endfacet
  facet normal 6.806010e-01 7.326543e-01 0.000000e+00
    outer loop
      vertex -3.502866e+01 -3.679175e+01 5.000000e-01
      vertex -3.411519e+01 -3.764032e+01 4.177500e+01
      vertex -3.411519e+01 -3.764032e+01 5.000000e-01
    endloop
  endfacet
  facet normal 6.624158e-01 7.491364e-01 -0.000000e+00
    outer loop
      vertex -3.411519e+01 -3.764032e+01 5.000000e-01
      vertex -3.411519e+01 -3.764032e+01 4.177500e+01
      vertex -3.318118e+01 -3.846621e+01 4.177500e+01
    endloop
  endfacet
  facet normal 6.624158e-01 7.491364e-01 0.000000e+00
    outer loop
      vertex -3.411519e+01 -3.764032e+01 5.000000e-01
      vertex -3.318118e+01 -3.846621e+01 4.177500e+01
      vertex -3.318118e+01 -3.846621e+01 5.000000e-01
    endloop
  endfacet
  facet normal 6.438315e-01 7.651673e-01 -0.000000e+00
    outer loop
      vertex -3.318118e+01 -3.846621e+01 5.000000e-01
      vertex -3.318118e+01 -3.846621e+01 4.177500e+01
      vertex -3.222718e+01 -3.926893e+01 4.177500e+01
    endloop
  endfacet
  facet normal 6.438315e-01 7.651673e-01 0.000000e+00
    outer loop
      vertex -3.318118e+01 -3.846621e+01 5.000000e-01
      vertex -3.222718e+01 -3.926893e+01 4.177500e+01
      vertex -3.222718e+01 -3.926893e+01 5.000000e-01
    endloop
  endfacet
  facet normal 6.248595e-01 7.807372e-01 -0.000000e+00
    outer loop
      vertex -3.222718e+01 -3.926893e+01 5.000000e-01
      vertex -3.222718e+01 -3.926893e+01 4.177500e+01
      vertex -3.125376e+01 -4.004800e+01 4.177500e+01
    endloop
  endfacet
  facet normal 6.248595e-01 7.807372e-01 0.000000e+00
    outer loop
      vertex -3.222718e+01 -3.926893e+01 5.000000e-01
      vertex -3.125376e+01 -4.004800e+01 4.177500e+01
      vertex -3.125376e+01 -4.004800e+01 5.000000e-01
    endloop
  endfacet
  facet normal 6.055110e-01 7.958369e-01 -0.000000e+00
    outer loop
      vertex -3.125376e+01 -4.004800e+01 5.000000e-01
      vertex -3.125376e+01 -4.004800e+01 4.177500e+01
      vertex -3.026152e+01 -4.080294e+01 4.177500e+01
    endloop
  endfacet
  facet normal 6.055110e-01 7.958369e-01 0.000000e+00
    outer loop
      vertex -3.125376e+01 -4.004800e+01 5.000000e-01
      vertex -3.026152e+01 -4.080294e+01 4.177500e+01
      vertex -3.026152e+01 -4.080294e+01 5.000000e-01
    endloop
  endfacet
  facet normal 5.857979e-01 8.104572e-01 -0.000000e+00
    outer loop
      vertex -3.026152e+01 -4.080294e+01 5.000000e-01
      vertex -3.026152e+01 -4.080294e+01 4.177500e+01
      vertex -2.925106e+01 -4.153331e+01 4.177500e+01
    endloop
  endfacet
  facet normal 5.857979e-01 8.104572e-01 0.000000e+00
    outer loop
      vertex -3.026152e+01 -4.080294e+01 5.000000e-01
      vertex -2.925106e+01 -4.153331e+01 4.177500e+01
      vertex -2.925106e+01 -4.153331e+01 5.000000e-01
    endloop
  endfacet
  facet normal 5.657318e-01 8.245893e-01 -0.000000e+00
    outer loop
      vertex -2.925106e+01 -4.153331e+01 5.000000e-01
      vertex -2.925106e+01 -4.153331e+01 4.177500e+01
      vertex -2.822297e+01 -4.223866e+01 4.177500e+01
    endloop
  endfacet
  facet normal 5.657318e-01 8.245893e-01 0.000000e+00
    outer loop
      vertex -2.925106e+01 -4.153331e+01 5.000000e-01
      vertex -2.822297e+01 -4.223866e+01 4.177500e+01
      vertex -2.822297e+01 -4.223866e+01 5.000000e-01
    endloop
  endfacet
  facet normal 5.453250e-01 8.382247e-01 -0.000000e+00
    outer loop
      vertex -2.822297e+01 -4.223866e+01 5.000000e-01
      vertex -2.822297e+01 -4.223866e+01 4.177500e+01
      vertex -2.717788e+01 -4.291856e+01 4.177500e+01
    endloop
  endfacet
  facet normal 5.453250e-01 8.382247e-01 0.000000e+00
    outer loop
      vertex -2.822297e+01 -4.223866e+01 5.000000e-01
      vertex -2.717788e+01 -4.291856e+01 4.177500e+01
      vertex -2.717788e+01 -4.291856e+01 5.000000e-01
    endloop
  endfacet
  facet normal 5.245897e-01 8.513552e-01 -0.000000e+00
    outer loop
      vertex -2.717788e+01 -4.291856e+01 5.000000e-01
      vertex -2.717788e+01 -4.291856e+01 4.177500e+01
      vertex -2.611642e+01 -4.357261e+01 4.177500e+01
    endloop
  endfacet
  facet normal 5.245897e-01 8.513552e-01 0.000000e+00
    outer loop
      vertex -2.717788e+01 -4.291856e+01 5.000000e-01
      vertex -2.611642e+01 -4.357261e+01 4.177500e+01
      vertex -2.611642e+01 -4.357261e+01 5.000000e-01
    endloop
  endfacet
  facet normal 5.035384e-01 8.639729e-01 -0.000000e+00
    outer loop
      vertex -2.611642e+01 -4.357261e+01 5.000000e-01
      vertex -2.611642e+01 -4.357261e+01 4.177500e+01
      vertex -2.503923e+01 -4.420042e+01 4.177500e+01
    endloop
  endfacet
  facet normal 5.035384e-01 8.639729e-01 0.000000e+00
    outer loop
      vertex -2.611642e+01 -4.357261e+01 5.000000e-01
      vertex -2.503923e+01 -4.420042e+01 4.177500e+01
      vertex -2.503923e+01 -4.420042e+01 5.000000e-01
    endloop
  endfacet
  facet normal 4.821838e-01 8.760701e-01 -0.000000e+00
    outer loop
      vertex -2.503923e+01 -4.420042e+01 5.000000e-01
      vertex -2.503923e+01 -4.420042e+01 4.177500e+01
      vertex -2.394695e+01 -4.480160e+01 4.177500e+01
    endloop
  endfacet
  facet normal 4.821838e-01 8.760701e-01 0.000000e+00
    outer loop
      vertex -2.503923e+01 -4.420042e+01 5.000000e-01
      vertex -2.394695e+01 -4.480160e+01 4.177500e+01
      vertex -2.394695e+01 -4.480160e+01 5.000000e-01
    endloop
  endfacet
  facet normal 4.605387e-01 8.876396e-01 -0.000000e+00
    outer loop
      vertex -2.394695e+01 -4.480160e+01 5.000000e-01
      vertex -2.394695e+01 -4.480160e+01 4.177500e+01
      vertex -2.284026e+01 -4.537579e+01 4.177500e+01
    endloop
  endfacet
  facet normal 4.605387e-01 8.876396e-01 0.000000e+00
    outer loop
      vertex -2.394695e+01 -4.480160e+01 5.000000e-01
      vertex -2.284026e+01 -4.537579e+01 4.177500e+01
      vertex -2.284026e+01 -4.537579e+01 5.000000e-01
    endloop
  endfacet
  facet normal 4.386162e-01 8.986745e-01 -0.000000e+00
    outer loop
      vertex -2.284026e+01 -4.537579e+01 5.000000e-01
      vertex -2.284026e+01 -4.537579e+01 4.177500e+01
      vertex -2.171980e+01 -4.592266e+01 4.177500e+01
    endloop
  endfacet
  facet normal 4.386162e-01 8.986745e-01 0.000000e+00
    outer loop
      vertex -2.284026e+01 -4.537579e+01 5.000000e-01
      vertex -2.171980e+01 -4.592266e+01 4.177500e+01
      vertex -2.171980e+01 -4.592266e+01 5.000000e-01
    endloop
  endfacet
  facet normal 4.164296e-01 9.091680e-01 -0.000000e+00
    outer loop
      vertex -2.171980e+01 -4.592266e+01 5.000000e-01
      vertex -2.171980e+01 -4.592266e+01 4.177500e+01
      vertex -2.058626e+01 -4.644186e+01 4.177500e+01
    endloop
  endfacet
  facet normal 4.164296e-01 9.091680e-01 0.000000e+00
    outer loop
      vertex -2.171980e+01 -4.592266e+01 5.000000e-01
      vertex -2.058626e+01 -4.644186e+01 4.177500e+01
      vertex -2.058626e+01 -4.644186e+01 5.000000e-01
    endloop
  endfacet
  facet normal 3.939920e-01 9.191139e-01 -0.000000e+00
    outer loop
      vertex -2.058626e+01 -4.644186e+01 5.000000e-01
      vertex -2.058626e+01 -4.644186e+01 4.177500e+01
      vertex -1.944032e+01 -4.693308e+01 4.177500e+01
    endloop
  endfacet
  facet normal 3.939920e-01 9.191139e-01 0.000000e+00
    outer loop
      vertex -2.058626e+01 -4.644186e+01 5.000000e-01
      vertex -1.944032e+01 -4.693308e+01 4.177500e+01
      vertex -1.944032e+01 -4.693308e+01 5.000000e-01
    endloop
  endfacet
  facet normal 3.713172e-01 9.285061e-01 -0.000000e+00
    outer loop
      vertex -1.944032e+01 -4.693308e+01 5.000000e-01
      vertex -1.944032e+01 -4.693308e+01 4.177500e+01
      vertex -1.828267e+01 -4.739603e+01 4.177500e+01
    endloop
  endfacet
  facet normal 3.713172e-01 9.285061e-01 0.000000e+00
    outer loop
      vertex -1.944032e+01 -4.693308e+01 5.000000e-01
      vertex -1.828267e+01 -4.739603e+01 4.177500e+01
      vertex -1.828267e+01 -4.739603e+01 5.000000e-01
    endloop
  endfacet
  facet normal 3.484187e-01 9.373390e-01 -0.000000e+00
    outer loop
      vertex -1.828267e+01 -4.739603e+01 5.000000e-01
      vertex -1.828267e+01 -4.739603e+01 4.177500e+01
      vertex -1.711400e+01 -4.783044e+01 4.177500e+01
    endloop
  endfacet
  facet normal 3.484187e-01 9.373390e-01 0.000000e+00
    outer loop
      vertex -1.828267e+01 -4.739603e+01 5.000000e-01
      vertex -1.711400e+01 -4.783044e+01 4.177500e+01
      vertex -1.711400e+01 -4.783044e+01 5.000000e-01
    endloop
  endfacet
  facet normal 3.253103e-01 9.456073e-01 -0.000000e+00
    outer loop
      vertex -1.711400e+01 -4.783044e+01 5.000000e-01
      vertex -1.711400e+01 -4.783044e+01 4.177500e+01
      vertex -1.593503e+01 -4.823603e+01 4.177500e+01
    endloop
  endfacet
  facet normal 3.253103e-01 9.456073e-01 0.000000e+00
    outer loop
      vertex -1.711400e+01 -4.783044e+01 5.000000e-01
      vertex -1.593503e+01 -4.823603e+01 4.177500e+01
      vertex -1.593503e+01 -4.823603e+01 5.000000e-01
    endloop
  endfacet
  facet normal 3.020059e-01 9.533060e-01 -0.000000e+00
    outer loop
      vertex -1.593503e+01 -4.823603e+01 5.000000e-01
      vertex -1.593503e+01 -4.823603e+01 4.177500e+01
      vertex -1.474646e+01 -4.861257e+01 4.177500e+01
    endloop
  endfacet
  facet normal 3.020059e-01 9.533060e-01 0.000000e+00
    outer loop
      vertex -1.593503e+01 -4.823603e+01 5.000000e-01
      vertex -1.474646e+01 -4.861257e+01 4.177500e+01
      vertex -1.474646e+01 -4.861257e+01 5.000000e-01
    endloop
  endfacet
  facet normal 2.785197e-01 9.604305e-01 -0.000000e+00
    outer loop
      vertex -1.474646e+01 -4.861257e+01 5.000000e-01
      vertex -1.474646e+01 -4.861257e+01 4.177500e+01
      vertex -1.354901e+01 -4.895982e+01 4.177500e+01
    endloop
  endfacet
  facet normal 2.785197e-01 9.604305e-01 0.000000e+00
    outer loop
      vertex -1.474646e+01 -4.861257e+01 5.000000e-01
      vertex -1.354901e+01 -4.895982e+01 4.177500e+01
      vertex -1.354901e+01 -4.895982e+01 5.000000e-01
    endloop
  endfacet
  facet normal 2.548657e-01 9.669765e-01 -0.000000e+00
    outer loop
      vertex -1.354901e+01 -4.895982e+01 5.000000e-01
      vertex -1.354901e+01 -4.895982e+01 4.177500e+01
      vertex -1.234339e+01 -4.927759e+01 4.177500e+01
    endloop
  endfacet
  facet normal 2.548657e-01 9.669765e-01 0.000000e+00
    outer loop
      vertex -1.354901e+01 -4.895982e+01 5.000000e-01
      vertex -1.234339e+01 -4.927759e+01 4.177500e+01
      vertex -1.234339e+01 -4.927759e+01 5.000000e-01
    endloop
  endfacet
  facet normal 2.310581e-01 9.729400e-01 -0.000000e+00
    outer loop
      vertex -1.234339e+01 -4.927759e+01 5.000000e-01
      vertex -1.234339e+01 -4.927759e+01 4.177500e+01
      vertex -1.113034e+01 -4.956567e+01 4.177500e+01
    endloop
  endfacet
  facet normal 2.310581e-01 9.729400e-01 0.000000e+00
    outer loop
      vertex -1.234339e+01 -4.927759e+01 5.000000e-01
      vertex -1.113034e+01 -4.956567e+01 4.177500e+01
      vertex -1.113034e+01 -4.956567e+01 5.000000e-01
    endloop
  endfacet
  facet normal 2.071114e-01 9.783174e-01 -0.000000e+00
    outer loop
      vertex -1.113034e+01 -4.956567e+01 5.000000e-01
      vertex -1.113034e+01 -4.956567e+01 4.177500e+01
      vertex -9.910588e+00 -4.982389e+01 4.177500e+01
    endloop
  endfacet
  facet normal 2.071114e-01 9.783174e-01 0.000000e+00
    outer loop
      vertex -1.113034e+01 -4.956567e+01 5.000000e-01
      vertex -9.910588e+00 -4.982389e+01 4.177500e+01
      vertex -9.910588e+00 -4.982389e+01 5.000000e-01
    endloop
  endfacet
  facet normal 1.830399e-01 9.831055e-01 -0.000000e+00
    outer loop
      vertex -9.910588e+00 -4.982389e+01 5.000000e-01
      vertex -9.910588e+00 -4.982389e+01 4.177500e+01
      vertex -8.684864e+00 -5.005210e+01 4.177500e+01
    endloop
  endfacet
  facet normal 1.830399e-01 9.831055e-01 0.000000e+00
    outer loop
      vertex -9.910588e+00 -4.982389e+01 5.000000e-01
      vertex -8.684864e+00 -5.005210e+01 4.177500e+01
      vertex -8.684864e+00 -5.005210e+01 5.000000e-01
    endloop
  endfacet
  facet normal 1.588581e-01 9.873014e-01 -0.000000e+00
    outer loop
      vertex -8.684864e+00 -5.005210e+01 5.000000e-01
      vertex -8.684864e+00 -5.005210e+01 4.177500e+01
      vertex -7.453908e+00 -5.025017e+01 4.177500e+01
    endloop
  endfacet
  facet normal 1.588581e-01 9.873014e-01 0.000000e+00
    outer loop
      vertex -8.684864e+00 -5.005210e+01 5.000000e-01
      vertex -7.453908e+00 -5.025017e+01 4.177500e+01
      vertex -7.453908e+00 -5.025017e+01 5.000000e-01
    endloop
  endfacet
  facet normal 1.345807e-01 9.909026e-01 -0.000000e+00
    outer loop
      vertex -7.453908e+00 -5.025017e+01 5.000000e-01
      vertex -7.453908e+00 -5.025017e+01 4.177500e+01
      vertex -6.218462e+00 -5.041796e+01 4.177500e+01
    endloop
  endfacet
  facet normal 1.345807e-01 9.909026e-01 0.000000e+00
    outer loop
      vertex -7.453908e+00 -5.025017e+01 5.000000e-01
      vertex -6.218462e+00 -5.041796e+01 4.177500e+01
      vertex -6.218462e+00 -5.041796e+01 5.000000e-01
    endloop
  endfacet
  facet normal 1.102222e-01 9.939070e-01 -0.000000e+00
    outer loop
      vertex -6.218462e+00 -5.041796e+01 5.000000e-01
      vertex -6.218462e+00 -5.041796e+01 4.177500e+01
      vertex -4.979271e+00 -5.055538e+01 4.177500e+01
    endloop
  endfacet
  facet normal 1.102222e-01 9.939070e-01 0.000000e+00
    outer loop
      vertex -6.218462e+00 -5.041796e+01 5.000000e-01
      vertex -4.979271e+00 -5.055538e+01 4.177500e+01
      vertex -4.979271e+00 -5.055538e+01 5.000000e-01
    endloop
  endfacet
  facet normal 8.579731e-02 9.963126e-01 -0.000000e+00
    outer loop
      vertex -4.979271e+00 -5.055538e+01 5.000000e-01
      vertex -4.979271e+00 -5.055538e+01 4.177500e+01
      vertex -3.737080e+00 -5.066236e+01 4.177500e+01
    endloop
  endfacet
  facet normal 8.579731e-02 9.963126e-01 0.000000e+00
    outer loop
      vertex -4.979271e+00 -5.055538e+01 5.000000e-01
      vertex -3.737080e+00 -5.066236e+01 4.177500e+01
      vertex -3.737080e+00 -5.066236e+01 5.000000e-01
    endloop
  endfacet
  facet normal 6.132074e-02 9.981181e-01 -0.000000e+00
    outer loop
      vertex -3.737080e+00 -5.066236e+01 5.000000e-01
      vertex -3.737080e+00 -5.066236e+01 4.177500e+01
      vertex -2.492638e+00 -5.073881e+01 4.177500e+01
    endloop
  endfacet
  facet normal 6.132074e-02 9.981181e-01 0.000000e+00
    outer loop
      vertex -3.737080e+00 -5.066236e+01 5.000000e-01
      vertex -2.492638e+00 -5.073881e+01 4.177500e+01
      vertex -2.492638e+00 -5.073881e+01 5.000000e-01
    endloop
  endfacet
  facet normal 3.680722e-02 9.993224e-01 -0.000000e+00
    outer loop
      vertex -2.492638e+00 -5.073881e+01 5.000000e-01
      vertex -2.492638e+00 -5.073881e+01 4.177500e+01
      vertex -1.246694e+00 -5.078470e+01 4.177500e+01
    endloop
  endfacet
  facet normal 3.680722e-02 9.993224e-01 0.000000e+00
    outer loop
      vertex -2.492638e+00 -5.073881e+01 5.000000e-01
      vertex -1.246694e+00 -5.078470e+01 4.177500e+01
      vertex -1.246694e+00 -5.078470e+01 5.000000e-01
    endloop
  endfacet
  facet normal 1.227154e-02 9.999247e-01 -0.000000e+00
    outer loop
      vertex -1.246694e+00 -5.078470e+01 5.000000e-01
      vertex -1.246694e+00 -5.078470e+01 4.177500e+01
      vertex -9.331809e-15 -5.080000e+01 4.177500e+01
    endloop
  endfacet
  facet normal 1.227154e-02 9.999247e-01 0.000000e+00
    outer loop
      vertex -1.246694e+00 -5.078470e+01 5.000000e-01
      vertex -9.331809e-15 -5.080000e+01 4.177500e+01
      vertex -9.331809e-15 -5.080000e+01 5.000000e-01
    endloop
  endfacet
  facet normal -1.227154e-02 9.999247e-01 0.000000e+00
    outer loop
      vertex -9.331809e-15 -5.080000e+01 5.000000e-01
      vertex -9.331809e-15 -5.080000e+01 4.177500e+01
      vertex 1.246694e+00 -5.078470e+01 4.177500e+01
    endloop
  endfacet
  facet normal -1.227154e-02 9.999247e-01 0.000000e+00
    outer loop
      vertex -9.331809e-15 -5.080000e+01 5.000000e-01
      vertex 1.246694e+00 -5.078470e+01 4.177500e+01
      vertex 1.246694e+00 -5.078470e+01 5.000000e-01
    endloop
  endfacet
  facet normal -3.680722e-02 9.993224e-01 0.000000e+00
    outer loop
      vertex 1.246694e+00 -5.078470e+01 5.000000e-01
      vertex 1.246694e+00 -5.078470e+01 4.177500e+01
      vertex 2.492638e+00 -5.073881e+01 4.177500e+01
    endloop
  endfacet
  facet normal -3.680722e-02 9.993224e-01 0.000000e+00
    outer loop
      vertex 1.246694e+00 -5.078470e+01 5.000000e-01
      vertex 2.492638e+00 -5.073881e+01 4.177500e+01
      vertex 2.492638e+00 -5.073881e+01 5.000000e-01
    endloop
  endfacet
  facet normal -6.132074e-02 9.981181e-01 0.000000e+00
    outer loop
      vertex 2.492638e+00 -5.073881e+01 5.000000e-01
      vertex 2.492638e+00 -5.073881e+01 4.177500e+01
      vertex 3.737080e+00 -5.066236e+01 4.177500e+01
    endloop
  endfacet
  facet normal -6.132074e-02 9.981181e-01 0.000000e+00
    outer loop
      vertex 2.492638e+00 -5.073881e+01 5.000000e-01
      vertex 3.737080e+00 -5.066236e+01 4.177500e+01
      vertex 3.737080e+00 -5.066236e+01 5.000000e-01
    endloop
  endfacet
  facet normal -8.579731e-02 9.963126e-01 0.000000e+00
    outer loop
      vertex 3.737080e+00 -5.066236e+01 5.000000e-01
      vertex 3.737080e+00 -5.066236e+01 4.177500e+01
      vertex 4.979271e+00 -5.055538e+01 4.177500e+01
    endloop
  endfacet
  facet normal -8.579731e-02 9.963126e-01 0.000000e+00
    outer loop
      vertex 3.737080e+00 -5.066236e+01 5.000000e-01
      vertex 4.979271e+00 -5.055538e+01 4.177500e+01
      vertex 4.979271e+00 -5.055538e+01 5.000000e-01
    endloop
  endfacet
  facet normal -1.102222e-01 9.939070e-01 0.000000e+00
    outer loop
      vertex 4.979271e+00 -5.055538e+01 5.000000e-01
      vertex 4.979271e+00 -5.055538e+01 4.177500e+01
      vertex 6.218462e+00 -5.041796e+01 4.177500e+01
    endloop
  endfacet
  facet normal -1.102222e-01 9.939070e-01 0.000000e+00
    outer loop
      vertex 4.979271e+00 -5.055538e+01 5.000000e-01
      vertex 6.218462e+00 -5.041796e+01 4.177500e+01
      vertex 6.218462e+00 -5.041796e+01 5.000000e-01
    endloop
  endfacet
  facet normal -1.345807e-01 9.909026e-01 0.000000e+00
    outer loop
      vertex 6.218462e+00 -5.041796e+01 5.000000e-01
      vertex 6.218462e+00 -5.041796e+01 4.177500e+01
      vertex 7.453908e+00 -5.025017e+01 4.177500e+01
    endloop
  endfacet
  facet normal -1.345807e-01 9.909026e-01 0.000000e+00
    outer loop
      vertex 6.218462e+00 -5.041796e+01 5.000000e-01
      vertex 7.453908e+00 -5.025017e+01 4.177500e+01
      vertex 7.453908e+00 -5.025017e+01 5.000000e-01
    endloop
  endfacet
  facet normal -1.588581e-01 9.873014e-01 0.000000e+00
    outer loop
      vertex 7.453908e+00 -5.025017e+01 5.000000e-01
      vertex 7.453908e+00 -5.025017e+01 4.177500e+01
      vertex 8.684864e+00 -5.005210e+01 4.177500e+01
    endloop
  endfacet
  facet normal -1.588581e-01 9.873014e-01 0.000000e+00
    outer loop
      vertex 7.453908e+00 -5.025017e+01 5.000000e-01
      vertex 8.684864e+00 -5.005210e+01 4.177500e+01
      vertex 8.684864e+00 -5.005210e+01 5.000000e-01
    endloop
  endfacet
  facet normal -1.830399e-01 9.831055e-01 0.000000e+00
    outer loop
      vertex 8.684864e+00 -5.005210e+01 5.000000e-01
      vertex 8.684864e+00 -5.005210e+01 4.177500e+01
      vertex 9.910588e+00 -4.982389e+01 4.177500e+01
    endloop
  endfacet
  facet normal -1.830399e-01 9.831055e-01 0.000000e+00
    outer loop
      vertex 8.684864e+00 -5.005210e+01 5.000000e-01
      vertex 9.910588e+00 -4.982389e+01 4.177500e+01
      vertex 9.910588e+00 -4.982389e+01 5.000000e-01
    endloop
  endfacet
  facet normal -2.071114e-01 9.783174e-01 0.000000e+00
    outer loop
      vertex 9.910588e+00 -4.982389e+01 5.000000e-01
      vertex 9.910588e+00 -4.982389e+01 4.177500e+01
      vertex 1.113034e+01 -4.956567e+01 4.177500e+01
    endloop
  endfacet
  facet normal -2.071114e-01 9.783174e-01 0.000000e+00
    outer loop
      vertex 9.910588e+00 -4.982389e+01 5.000000e-01
      vertex 1.113034e+01 -4.956567e+01 4.177500e+01
      vertex 1.113034e+01 -4.956567e+01 5.000000e-01
    endloop
  endfacet
  facet normal -2.310581e-01 9.729400e-01 0.000000e+00
    outer loop
      vertex 1.113034e+01 -4.956567e+01 5.000000e-01
      vertex 1.113034e+01 -4.956567e+01 4.177500e+01
      vertex 1.234339e+01 -4.927759e+01 4.177500e+01
    endloop
  endfacet
  facet normal -2.310581e-01 9.729400e-01 0.000000e+00
    outer loop
      vertex 1.113034e+01 -4.956567e+01 5.000000e-01
      vertex 1.234339e+01 -4.927759e+01 4.177500e+01
      vertex 1.234339e+01 -4.927759e+01 5.000000e-01
    endloop
  endfacet
  facet normal -2.548657e-01 9.669765e-01 0.000000e+00
    outer loop
      vertex 1.234339e+01 -4.927759e+01 5.000000e-01
      vertex 1.234339e+01 -4.927759e+01 4.177500e+01
      vertex 1.354901e+01 -4.895982e+01 4.177500e+01
    endloop
  endfacet
  facet normal -2.548657e-01 9.669765e-01 0.000000e+00
    outer loop
      vertex 1.234339e+01 -4.927759e+01 5.000000e-01
      vertex 1.354901e+01 -4.895982e+01 4.177500e+01
      vertex 1.354901e+01 -4.895982e+01 5.000000e-01
    endloop
  endfacet
  facet normal -2.785197e-01 9.604305e-01 0.000000e+00
    outer loop
      vertex 1.354901e+01 -4.895982e+01 5.000000e-01
      vertex 1.354901e+01 -4.895982e+01 4.177500e+01
      vertex 1.474646e+01 -4.861257e+01 4.177500e+01
    endloop
  endfacet
  facet normal -2.785197e-01 9.604305e-01 0.000000e+00
    outer loop
      vertex 1.354901e+01 -4.895982e+01 5.000000e-01
      vertex 1.474646e+01 -4.861257e+01 4.177500e+01
      vertex 1.474646e+01 -4.861257e+01 5.000000e-01
    endloop
  endfacet
  facet normal -3.020059e-01 9.533060e-01 0.000000e+00
    outer loop
      vertex 1.474646e+01 -4.861257e+01 5.000000e-01
      vertex 1.474646e+01 -4.861257e+01 4.177500e+01
      vertex 1.593503e+01 -4.823603e+01 4.177500e+01
    endloop
  endfacet
  facet normal -3.020059e-01 9.533060e-01 0.000000e+00
    outer loop
      vertex 1.474646e+01 -4.861257e+01 5.000000e-01
      vertex 1.593503e+01 -4.823603e+01 4.177500e+01
      vertex 1.593503e+01 -4.823603e+01 5.000000e-01
    endloop
  endfacet
  facet normal -3.253103e-01 9.456073e-01 0.000000e+00
    outer loop
      vertex 1.593503e+01 -4.823603e+01 5.000000e-01
      vertex 1.593503e+01 -4.823603e+01 4.177500e+01
      vertex 1.711400e+01 -4.783044e+01 4.177500e+01
    endloop
  endfacet
  facet normal -3.253103e-01 9.456073e-01 0.000000e+00
    outer loop
      vertex 1.593503e+01 -4.823603e+01 5.000000e-01
      vertex 1.711400e+01 -4.783044e+01 4.177500e+01
      vertex 1.711400e+01 -4.783044e+01 5.000000e-01
    endloop
  endfacet
  facet normal -3.484187e-01 9.373390e-01 0.000000e+00
    outer loop
      vertex 1.711400e+01 -4.783044e+01 5.000000e-01
      vertex 1.711400e+01 -4.783044e+01 4.177500e+01
      vertex 1.828267e+01 -4.739603e+01 4.177500e+01
    endloop
  endfacet
  facet normal -3.484187e-01 9.373390e-01 0.000000e+00
    outer loop
      vertex 1.711400e+01 -4.783044e+01 5.000000e-01
      vertex 1.828267e+01 -4.739603e+01 4.177500e+01
      vertex 1.828267e+01 -4.739603e+01 5.000000e-01
    endloop
  endfacet
  facet normal -3.713172e-01 9.285061e-01 0.000000e+00
    outer loop
      vertex 1.828267e+01 -4.739603e+01 5.000000e-01
      vertex 1.828267e+01 -4.739603e+01 4.177500e+01
      vertex 1.944032e+01 -4.693308e+01 4.177500e+01
    endloop
  endfacet
  facet normal -3.713172e-01 9.285061e-01 0.000000e+00
    outer loop
      vertex 1.828267e+01 -4.739603e+01 5.000000e-01
      vertex 1.944032e+01 -4.693308e+01 4.177500e+01
      vertex 1.944032e+01 -4.693308e+01 5.000000e-01
    endloop
  endfacet
  facet normal -3.939920e-01 9.191139e-01 0.000000e+00
    outer loop
      vertex 1.944032e+01 -4.693308e+01 5.000000e-01
      vertex 1.944032e+01 -4.693308e+01 4.177500e+01
      vertex 2.058626e+01 -4.644186e+01 4.177500e+01
    endloop
  endfacet
  facet normal -3.939920e-01 9.191139e-01 0.000000e+00
    outer loop
      vertex 1.944032e+01 -4.693308e+01 5.000000e-01
      vertex 2.058626e+01 -4.644186e+01 4.177500e+01
      vertex 2.058626e+01 -4.644186e+01 5.000000e-01
    endloop
  endfacet
  facet normal -4.164296e-01 9.091680e-01 0.000000e+00
    outer loop
      vertex 2.058626e+01 -4.644186e+01 5.000000e-01
      vertex 2.058626e+01 -4.644186e+01 4.177500e+01
      vertex 2.171980e+01 -4.592266e+01 4.177500e+01
    endloop
  endfacet
  facet normal -4.164296e-01 9.091680e-01 0.000000e+00
    outer loop
      vertex 2.058626e+01 -4.644186e+01 5.000000e-01
      vertex 2.171980e+01 -4.592266e+01 4.177500e+01
      vertex 2.171980e+01 -4.592266e+01 5.000000e-01
    endloop
  endfacet
  facet normal -4.386162e-01 8.986745e-01 0.000000e+00
    outer loop
      vertex 2.171980e+01 -4.592266e+01 5.000000e-01
      vertex 2.171980e+01 -4.592266e+01 4.177500e+01
      vertex 2.284026e+01 -4.537579e+01 4.177500e+01
    endloop
  endfacet
  facet normal -4.386162e-01 8.986745e-01 0.000000e+00
    outer loop
      vertex 2.171980e+01 -4.592266e+01 5.000000e-01
      vertex 2.284026e+01 -4.537579e+01 4.177500e+01
      vertex 2.284026e+01 -4.537579e+01 5.000000e-01
    endloop
  endfacet
  facet normal -4.605387e-01 8.876396e-01 0.000000e+00
    outer loop
      vertex 2.284026e+01 -4.537579e+01 5.000000e-01
      vertex 2.284026e+01 -4.537579e+01 4.177500e+01
      vertex 2.394695e+01 -4.480160e+01 4.177500e+01
    endloop
  endfacet
  facet normal -4.605387e-01 8.876396e-01 0.000000e+00
    outer loop
      vertex 2.284026e+01 -4.537579e+01 5.000000e-01
      vertex 2.394695e+01 -4.480160e+01 4.177500e+01
      vertex 2.394695e+01 -4.480160e+01 5.000000e-01
    endloop
  endfacet
  facet normal -4.821838e-01 8.760701e-01 0.000000e+00
    outer loop
      vertex 2.394695e+01 -4.480160e+01 5.000000e-01
      vertex 2.394695e+01 -4.480160e+01 4.177500e+01
      vertex 2.503923e+01 -4.420042e+01 4.177500e+01
    endloop
  endfacet
  facet normal -4.821838e-01 8.760701e-01 0.000000e+00
    outer loop
      vertex 2.394695e+01 -4.480160e+01 5.000000e-01
      vertex 2.503923e+01 -4.420042e+01 4.177500e+01
      vertex 2.503923e+01 -4.420042e+01 5.000000e-01
    endloop
  endfacet
  facet normal -5.035384e-01 8.639729e-01 0.000000e+00
    outer loop
      vertex 2.503923e+01 -4.420042e+01 5.000000e-01
      vertex 2.503923e+01 -4.420042e+01 4.177500e+01
      vertex 2.611642e+01 -4.357261e+01 4.177500e+01
    endloop
  endfacet
  facet normal -5.035384e-01 8.639729e-01 0.000000e+00
    outer loop
      vertex 2.503923e+01 -4.420042e+01 5.000000e-01
      vertex 2.611642e+01 -4.357261e+01 4.177500e+01
      vertex 2.611642e+01 -4.357261e+01 5.000000e-01
    endloop
  endfacet
  facet normal -5.245897e-01 8.513552e-01 0.000000e+00
    outer loop
      vertex 2.611642e+01 -4.357261e+01 5.000000e-01
      vertex 2.611642e+01 -4.357261e+01 4.177500e+01
      vertex 2.717788e+01 -4.291856e+01 4.177500e+01
    endloop
  endfacet
  facet normal -5.245897e-01 8.513552e-01 0.000000e+00
    outer loop
      vertex 2.611642e+01 -4.357261e+01 5.000000e-01
      vertex 2.717788e+01 -4.291856e+01 4.177500e+01
      vertex 2.717788e+01 -4.291856e+01 5.000000e-01
    endloop
  endfacet
  facet normal -5.453250e-01 8.382247e-01 0.000000e+00
    outer loop
      vertex 2.717788e+01 -4.291856e+01 5.000000e-01
      vertex 2.717788e+01 -4.291856e+01 4.177500e+01
      vertex 2.822297e+01 -4.223866e+01 4.177500e+01
    endloop
  endfacet
  facet normal -5.453250e-01 8.382247e-01 0.000000e+00
    outer loop
      vertex 2.717788e+01 -4.291856e+01 5.000000e-01
      vertex 2.822297e+01 -4.223866e+01 4.177500e+01
      vertex 2.822297e+01 -4.223866e+01 5.000000e-01
    endloop
  endfacet
  facet normal -5.657318e-01 8.245893e-01 0.000000e+00
    outer loop
      vertex 2.822297e+01 -4.223866e+01 5.000000e-01
      vertex 2.822297e+01 -4.223866e+01 4.177500e+01
      vertex 2.925106e+01 -4.153331e+01 4.177500e+01
    endloop
  endfacet
  facet normal -5.657318e-01 8.245893e-01 0.000000e+00
    outer loop
      vertex 2.822297e+01 -4.223866e+01 5.000000e-01
      vertex 2.925106e+01 -4.153331e+01 4.177500e+01
      vertex 2.925106e+01 -4.153331e+01 5.000000e-01
    endloop
  endfacet
  facet normal -5.857979e-01 8.104572e-01 0.000000e+00
    outer loop
      vertex 2.925106e+01 -4.153331e+01 5.000000e-01
      vertex 2.925106e+01 -4.153331e+01 4.177500e+01
      vertex 3.026152e+01 -4.080294e+01 4.177500e+01
    endloop
  endfacet
  facet normal -5.857979e-01 8.104572e-01 0.000000e+00
    outer loop
      vertex 2.925106e+01 -4.153331e+01 5.000000e-01
      vertex 3.026152e+01 -4.080294e+01 4.177500e+01
      vertex 3.026152e+01 -4.080294e+01 5.000000e-01
    endloop
  endfacet
  facet normal -6.055110e-01 7.958369e-01 0.000000e+00
    outer loop
      vertex 3.026152e+01 -4.080294e+01 5.000000e-01
      vertex 3.026152e+01 -4.080294e+01 4.177500e+01
      vertex 3.125376e+01 -4.004800e+01 4.177500e+01
    endloop
  endfacet
  facet normal -6.055110e-01 7.958369e-01 0.000000e+00
    outer loop
      vertex 3.026152e+01 -4.080294e+01 5.000000e-01
      vertex 3.125376e+01 -4.004800e+01 4.177500e+01
      vertex 3.125376e+01 -4.004800e+01 5.000000e-01
    endloop
  endfacet
  facet normal -6.248595e-01 7.807372e-01 0.000000e+00
    outer loop
      vertex 3.125376e+01 -4.004800e+01 5.000000e-01
      vertex 3.125376e+01 -4.004800e+01 4.177500e+01
      vertex 3.222718e+01 -3.926893e+01 4.177500e+01
    endloop
  endfacet
  facet normal -6.248595e-01 7.807372e-01 0.000000e+00
    outer loop
      vertex 3.125376e+01 -4.004800e+01 5.000000e-01
      vertex 3.222718e+01 -3.926893e+01 4.177500e+01
      vertex 3.222718e+01 -3.926893e+01 5.000000e-01
    endloop
  endfacet
  facet normal -6.438315e-01 7.651673e-01 0.000000e+00
    outer loop
      vertex 3.222718e+01 -3.926893e+01 5.000000e-01
      vertex 3.222718e+01 -3.926893e+01 4.177500e+01
      vertex 3.318118e+01 -3.846621e+01 4.177500e+01
    endloop
  endfacet
  facet normal -6.438315e-01 7.651673e-01 0.000000e+00
    outer loop
      vertex 3.222718e+01 -3.926893e+01 5.000000e-01
      vertex 3.318118e+01 -3.846621e+01 4.177500e+01
      vertex 3.318118e+01 -3.846621e+01 5.000000e-01
    endloop
  endfacet
  facet normal -6.624158e-01 7.491364e-01 0.000000e+00
    outer loop
      vertex 3.318118e+01 -3.846621e+01 5.000000e-01
      vertex 3.318118e+01 -3.846621e+01 4.177500e+01
      vertex 3.411519e+01 -3.764032e+01 4.177500e+01
    endloop
  endfacet
  facet normal -6.624158e-01 7.491364e-01 0.000000e+00
    outer loop
      vertex 3.318118e+01 -3.846621e+01 5.000000e-01
      vertex 3.411519e+01 -3.764032e+01 4.177500e+01
      vertex 3.411519e+01 -3.764032e+01 5.000000e-01
    endloop
  endfacet
  facet normal -6.806010e-01 7.326543e-01 0.000000e+00
    outer loop
      vertex 3.411519e+01 -3.764032e+01 5.000000e-01
      vertex 3.411519e+01 -3.764032e+01 4.177500e+01
      vertex 3.502866e+01 -3.679175e+01 4.177500e+01
    endloop
  endfacet
  facet normal -6.806010e-01 7.326543e-01 0.000000e+00
    outer loop
      vertex 3.411519e+01 -3.764032e+01 5.000000e-01
      vertex 3.502866e+01 -3.679175e+01 4.177500e+01
      vertex 3.502866e+01 -3.679175e+01 5.000000e-01
    endloop
  endfacet
  facet normal -6.983762e-01 7.157308e-01 0.000000e+00
    outer loop
      vertex 3.502866e+01 -3.679175e+01 5.000000e-01
      vertex 3.502866e+01 -3.679175e+01 4.177500e+01
      vertex 3.592102e+01 -3.592102e+01 4.177500e+01
    endloop
  endfacet
  facet normal -6.983762e-01 7.157308e-01 0.000000e+00
    outer loop
      vertex 3.502866e+01 -3.679175e+01 5.000000e-01
      vertex 3.592102e+01 -3.592102e+01 4.177500e+01
      vertex 3.592102e+01 -3.592102e+01 5.000000e-01
    endloop
  endfacet
  facet normal -7.157308e-01 6.983762e-01 0.000000e+00
    outer loop
      vertex 3.592102e+01 -3.592102e+01 5.000000e-01
      vertex 3.592102e+01 -3.592102e+01 4.177500e+01
      vertex 3.679175e+01 -3.502866e+01 4.177500e+01
    endloop
  endfacet
  facet normal -7.157308e-01 6.983762e-01 0.000000e+00
    outer loop
      vertex 3.592102e+01 -3.592102e+01 5.000000e-01
      vertex 3.679175e+01 -3.502866e+01 4.177500e+01
      vertex 3.679175e+01 -3.502866e+01 5.000000e-01
    endloop
  endfacet
  facet normal -7.326543e-01 6.806010e-01 0.000000e+00
    outer loop
      vertex 3.679175e+01 -3.502866e+01 5.000000e-01
      vertex 3.679175e+01 -3.502866e+01 4.177500e+01
      vertex 3.764032e+01 -3.411519e+01 4.177500e+01
    endloop
  endfacet
  facet normal -7.326543e-01 6.806010e-01 0.000000e+00
    outer loop
      vertex 3.679175e+01 -3.502866e+01 5.000000e-01
      vertex 3.764032e+01 -3.411519e+01 4.177500e+01
      vertex 3.764032e+01 -3.411519e+01 5.000000e-01
    endloop
  endfacet
  facet normal -7.491364e-01 6.624158e-01 0.000000e+00
    outer loop
      vertex 3.764032e+01 -3.411519e+01 5.000000e-01
      vertex 3.764032e+01 -3.411519e+01 4.177500e+01
      vertex 3.846621e+01 -3.318118e+01 4.177500e+01
    endloop
  endfacet
  facet normal -7.491364e-01 6.624158e-01 0.000000e+00
    outer loop
      vertex 3.764032e+01 -3.411519e+01 5.000000e-01
      vertex 3.846621e+01 -3.318118e+01 4.177500e+01
      vertex 3.846621e+01 -3.318118e+01 5.000000e-01
    endloop
  endfacet
  facet normal -7.651673e-01 6.438315e-01 0.000000e+00
    outer loop
      vertex 3.846621e+01 -3.318118e+01 5.000000e-01
      vertex 3.846621e+01 -3.318118e+01 4.177500e+01
      vertex 3.926893e+01 -3.222718e+01 4.177500e+01
    endloop
  endfacet
  facet normal -7.651673e-01 6.438315e-01 0.000000e+00
    outer loop
      vertex 3.846621e+01 -3.318118e+01 5.000000e-01
      vertex 3.926893e+01 -3.222718e+01 4.177500e+01
      vertex 3.926893e+01 -3.222718e+01 5.000000e-01
    endloop
  endfacet
  facet normal -7.807372e-01 6.248595e-01 0.000000e+00
    outer loop
      vertex 3.926893e+01 -3.222718e+01 5.000000e-01
      vertex 3.926893e+01 -3.222718e+01 4.177500e+01
      vertex 4.004800e+01 -3.125376e+01 4.177500e+01
    endloop
  endfacet
  facet normal -7.807372e-01 6.248595e-01 0.000000e+00
    outer loop
      vertex 3.926893e+01 -3.222718e+01 5.000000e-01
      vertex 4.004800e+01 -3.125376e+01 4.177500e+01
      vertex 4.004800e+01 -3.125376e+01 5.000000e-01
    endloop
  endfacet
  facet normal -7.958369e-01 6.055110e-01 0.000000e+00
    outer loop
      vertex 4.004800e+01 -3.125376e+01 5.000000e-01
      vertex 4.004800e+01 -3.125376e+01 4.177500e+01
      vertex 4.080294e+01 -3.026152e+01 4.177500e+01
    endloop
  endfacet
  facet normal -7.958369e-01 6.055110e-01 0.000000e+00
    outer loop
      vertex 4.004800e+01 -3.125376e+01 5.000000e-01
      vertex 4.080294e+01 -3.026152e+01 4.177500e+01
      vertex 4.080294e+01 -3.026152e+01 5.000000e-01
    endloop
  endfacet
  facet normal -8.104572e-01 5.857979e-01 0.000000e+00
    outer loop
      vertex 4.080294e+01 -3.026152e+01 5.000000e-01
      vertex 4.080294e+01 -3.026152e+01 4.177500e+01
      vertex 4.153331e+01 -2.925106e+01 4.177500e+01
    endloop
  endfacet
  facet normal -8.104572e-01 5.857979e-01 0.000000e+00
    outer loop
      vertex 4.080294e+01 -3.026152e+01 5.000000e-01
      vertex 4.153331e+01 -2.925106e+01 4.177500e+01
      vertex 4.153331e+01 -2.925106e+01 5.000000e-01
    endloop
  endfacet
  facet normal -8.245893e-01 5.657318e-01 0.000000e+00
    outer loop
      vertex 4.153331e+01 -2.925106e+01 5.000000e-01
      vertex 4.153331e+01 -2.925106e+01 4.177500e+01
      vertex 4.223866e+01 -2.822297e+01 4.177500e+01
    endloop
  endfacet
  facet normal -8.245893e-01 5.657318e-01 0.000000e+00
    outer loop
      vertex 4.153331e+01 -2.925106e+01 5.000000e-01
      vertex 4.223866e+01 -2.822297e+01 4.177500e+01
      vertex 4.223866e+01 -2.822297e+01 5.000000e-01
    endloop
  endfacet
  facet normal -8.382247e-01 5.453250e-01 0.000000e+00
    outer loop
      vertex 4.223866e+01 -2.822297e+01 5.000000e-01
      vertex 4.223866e+01 -2.822297e+01 4.177500e+01
      vertex 4.291856e+01 -2.717788e+01 4.177500e+01
    endloop
  endfacet
  facet normal -8.382247e-01 5.453250e-01 0.000000e+00
    outer loop
      vertex 4.223866e+01 -2.822297e+01 5.000000e-01
      vertex 4.291856e+01 -2.717788e+01 4.177500e+01
      vertex 4.291856e+01 -2.717788e+01 5.000000e-01
    endloop
  endfacet
  facet normal -8.513552e-01 5.245897e-01 0.000000e+00
    outer loop
      vertex 4.291856e+01 -2.717788e+01 5.000000e-01
      vertex 4.291856e+01 -2.717788e+01 4.177500e+01
      vertex 4.357261e+01 -2.611642e+01 4.177500e+01
    endloop
  endfacet
  facet normal -8.513552e-01 5.245897e-01 0.000000e+00
    outer loop
      vertex 4.291856e+01 -2.717788e+01 5.000000e-01
      vertex 4.357261e+01 -2.611642e+01 4.177500e+01
      vertex 4.357261e+01 -2.611642e+01 5.000000e-01
    endloop
  endfacet
  facet normal -8.639729e-01 5.035384e-01 0.000000e+00
    outer loop
      vertex 4.357261e+01 -2.611642e+01 5.000000e-01
      vertex 4.357261e+01 -2.611642e+01 4.177500e+01
      vertex 4.420042e+01 -2.503923e+01 4.177500e+01
    endloop
  endfacet
  facet normal -8.639729e-01 5.035384e-01 0.000000e+00
    outer loop
      vertex 4.357261e+01 -2.611642e+01 5.000000e-01
      vertex 4.420042e+01 -2.503923e+01 4.177500e+01
      vertex 4.420042e+01 -2.503923e+01 5.000000e-01
    endloop
  endfacet
  facet normal -8.760701e-01 4.821838e-01 0.000000e+00
    outer loop
      vertex 4.420042e+01 -2.503923e+01 5.000000e-01
      vertex 4.420042e+01 -2.503923e+01 4.177500e+01
      vertex 4.480160e+01 -2.394695e+01 4.177500e+01
    endloop
  endfacet
  facet normal -8.760701e-01 4.821838e-01 0.000000e+00
    outer loop
      vertex 4.420042e+01 -2.503923e+01 5.000000e-01
      vertex 4.480160e+01 -2.394695e+01 4.177500e+01
      vertex 4.480160e+01 -2.394695e+01 5.000000e-01
    endloop
  endfacet
  facet normal -8.876396e-01 4.605387e-01 0.000000e+00
    outer loop
      vertex 4.480160e+01 -2.394695e+01 5.000000e-01
      vertex 4.480160e+01 -2.394695e+01 4.177500e+01
      vertex 4.537579e+01 -2.284026e+01 4.177500e+01
    endloop
  endfacet
  facet normal -8.876396e-01 4.605387e-01 0.000000e+00
    outer loop
      vertex 4.480160e+01 -2.394695e+01 5.000000e-01
      vertex 4.537579e+01 -2.284026e+01 4.177500e+01
      vertex 4.537579e+01 -2.284026e+01 5.000000e-01
    endloop
  endfacet
  facet normal -8.986745e-01 4.386162e-01 0.000000e+00
    outer loop
      vertex 4.537579e+01 -2.284026e+01 5.000000e-01
      vertex 4.537579e+01 -2.284026e+01 4.177500e+01
      vertex 4.592266e+01 -2.171980e+01 4.177500e+01
    endloop
  endfacet
  facet normal -8.986745e-01 4.386162e-01 0.000000e+00
    outer loop
      vertex 4.537579e+01 -2.284026e+01 5.000000e-01
      vertex 4.592266e+01 -2.171980e+01 4.177500e+01
      vertex 4.592266e+01 -2.171980e+01 5.000000e-01
    endloop
  endfacet
  facet normal -9.091680e-01 4.164296e-01 0.000000e+00
    outer loop
      vertex 4.592266e+01 -2.171980e+01 5.000000e-01
      vertex 4.592266e+01 -2.171980e+01 4.177500e+01
      vertex 4.644186e+01 -2.058626e+01 4.177500e+01
    endloop
  endfacet
  facet normal -9.091680e-01 4.164296e-01 0.000000e+00
    outer loop
      vertex 4.592266e+01 -2.171980e+01 5.000000e-01
      vertex 4.644186e+01 -2.058626e+01 4.177500e+01
      vertex 4.644186e+01 -2.058626e+01 5.000000e-01
    endloop
  endfacet
  facet normal -9.191139e-01 3.939920e-01 0.000000e+00
    outer loop
      vertex 4.644186e+01 -2.058626e+01 5.000000e-01
      vertex 4.644186e+01 -2.058626e+01 4.177500e+01
      vertex 4.693308e+01 -1.944032e+01 4.177500e+01
    endloop
  endfacet
  facet normal -9.191139e-01 3.939920e-01 0.000000e+00
    outer loop
      vertex 4.644186e+01 -2.058626e+01 5.000000e-01
      vertex 4.693308e+01 -1.944032e+01 4.177500e+01
      vertex 4.693308e+01 -1.944032e+01 5.000000e-01
    endloop
  endfacet
  facet normal -9.285061e-01 3.713172e-01 0.000000e+00
    outer loop
      vertex 4.693308e+01 -1.944032e+01 5.000000e-01
      vertex 4.693308e+01 -1.944032e+01 4.177500e+01
      vertex 4.739603e+01 -1.828267e+01 4.177500e+01
    endloop
  endfacet
  facet normal -9.285061e-01 3.713172e-01 0.000000e+00
    outer loop
      vertex 4.693308e+01 -1.944032e+01 5.000000e-01
      vertex 4.739603e+01 -1.828267e+01 4.177500e+01
      vertex 4.739603e+01 -1.828267e+01 5.000000e-01
    endloop
  endfacet
  facet normal -9.373390e-01 3.484187e-01 0.000000e+00
    outer loop
      vertex 4.739603e+01 -1.828267e+01 5.000000e-01
      vertex 4.739603e+01 -1.828267e+01 4.177500e+01
      vertex 4.783044e+01 -1.711400e+01 4.177500e+01
    endloop
  endfacet
  facet normal -9.373390e-01 3.484187e-01 0.000000e+00
    outer loop
      vertex 4.739603e+01 -1.828267e+01 5.000000e-01
      vertex 4.783044e+01 -1.711400e+01 4.177500e+01
      vertex 4.783044e+01 -1.711400e+01 5.000000e-01
    endloop
  endfacet
  facet normal -9.456073e-01 3.253103e-01 0.000000e+00
    outer loop
      vertex 4.783044e+01 -1.711400e+01 5.000000e-01
      vertex 4.783044e+01 -1.711400e+01 4.177500e+01
      vertex 4.823603e+01 -1.593503e+01 4.177500e+01
    endloop
  endfacet
  facet normal -9.456073e-01 3.253103e-01 0.000000e+00
    outer loop
      vertex 4.783044e+01 -1.711400e+01 5.000000e-01
      vertex 4.823603e+01 -1.593503e+01 4.177500e+01
      vertex 4.823603e+01 -1.593503e+01 5.000000e-01
    endloop
  endfacet
  facet normal -9.533060e-01 3.020059e-01 0.000000e+00
    outer loop
      vertex 4.823603e+01 -1.593503e+01 5.000000e-01
      vertex 4.823603e+01 -1.593503e+01 4.177500e+01
      vertex 4.861257e+01 -1.474646e+01 4.177500e+01
    endloop
  endfacet
  facet normal -9.533060e-01 3.020059e-01 0.000000e+00
    outer loop
      vertex 4.823603e+01 -1.593503e+01 5.000000e-01
      vertex 4.861257e+01 -1.474646e+01 4.177500e+01
      vertex 4.861257e+01 -1.474646e+01 5.000000e-01
    endloop
  endfacet
  facet normal -9.604305e-01 2.785197e-01 0.000000e+00
    outer loop
      vertex 4.861257e+01 -1.474646e+01 5.000000e-01
      vertex 4.861257e+01 -1.474646e+01 4.177500e+01
      vertex 4.895982e+01 -1.354901e+01 4.177500e+01
    endloop
  endfacet
  facet normal -9.604305e-01 2.785197e-01 0.000000e+00
    outer loop
      vertex 4.861257e+01 -1.474646e+01 5.000000e-01
      vertex 4.895982e+01 -1.354901e+01 4.177500e+01
      vertex 4.895982e+01 -1.354901e+01 5.000000e-01
    endloop
  endfacet
  facet normal -9.669765e-01 2.548657e-01 0.000000e+00
    outer loop
      vertex 4.895982e+01 -1.354901e+01 5.000000e-01
      vertex 4.895982e+01 -1.354901e+01 4.177500e+01
      vertex 4.927759e+01 -1.234339e+01 4.177500e+01
    endloop
  endfacet
  facet normal -9.669765e-01 2.548657e-01 0.000000e+00
    outer loop
      vertex 4.895982e+01 -1.354901e+01 5.000000e-01
      vertex 4.927759e+01 -1.234339e+01 4.177500e+01
      vertex 4.927759e+01 -1.234339e+01 5.000000e-01
    endloop
  endfacet
  facet normal -9.729400e-01 2.310581e-01 0.000000e+00
    outer loop
      vertex 4.927759e+01 -1.234339e+01 5.000000e-01
      vertex 4.927759e+01 -1.234339e+01 4.177500e+01
      vertex 4.956567e+01 -1.113034e+01 4.177500e+01
    endloop
  endfacet
  facet normal -9.729400e-01 2.310581e-01 0.000000e+00
    outer loop
      vertex 4.927759e+01 -1.234339e+01 5.000000e-01
      vertex 4.956567e+01 -1.113034e+01 4.177500e+01
      vertex 4.956567e+01 -1.113034e+01 5.000000e-01
    endloop
  endfacet
  facet normal -9.783174e-01 2.071114e-01 0.000000e+00
    outer loop
      vertex 4.956567e+01 -1.113034e+01 5.000000e-01
      vertex 4.956567e+01 -1.113034e+01 4.177500e+01
      vertex 4.982389e+01 -9.910588e+00 4.177500e+01
    endloop
  endfacet
  facet normal -9.783174e-01 2.071114e-01 0.000000e+00
    outer loop
      vertex 4.956567e+01 -1.113034e+01 5.000000e-01
      vertex 4.982389e+01 -9.910588e+00 4.177500e+01
      vertex 4.982389e+01 -9.910588e+00 5.000000e-01
    endloop
  endfacet
  facet normal -9.831055e-01 1.830399e-01 0.000000e+00
    outer loop
      vertex 4.982389e+01 -9.910588e+00 5.000000e-01
      vertex 4.982389e+01 -9.910588e+00 4.177500e+01
      vertex 5.005210e+01 -8.684864e+00 4.177500e+01
    endloop
  endfacet
  facet normal -9.831055e-01 1.830399e-01 0.000000e+00
    outer loop
      vertex 4.982389e+01 -9.910588e+00 5.000000e-01
      vertex 5.005210e+01 -8.684864e+00 4.177500e+01
      vertex 5.005210e+01 -8.684864e+00 5.000000e-01
    endloop
  endfacet
  facet normal -9.873014e-01 1.588581e-01 0.000000e+00
    outer loop
      vertex 5.005210e+01 -8.684864e+00 5.000000e-01
      vertex 5.005210e+01 -8.684864e+00 4.177500e+01
      vertex 5.025017e+01 -7.453908e+00 4.177500e+01
    endloop
  endfacet
  facet normal -9.873014e-01 1.588581e-01 0.000000e+00
    outer loop
      vertex 5.005210e+01 -8.684864e+00 5.000000e-01
      vertex 5.025017e+01 -7.453908e+00 4.177500e+01
      vertex 5.025017e+01 -7.453908e+00 5.000000e-01
    endloop
  endfacet
  facet normal -9.909026e-01 1.345807e-01 0.000000e+00
    outer loop
      vertex 5.025017e+01 -7.453908e+00 5.000000e-01
      vertex 5.025017e+01 -7.453908e+00 4.177500e+01
      vertex 5.041796e+01 -6.218462e+00 4.177500e+01
    endloop
  endfacet
  facet normal -9.909026e-01 1.345807e-01 0.000000e+00
    outer loop
      vertex 5.025017e+01 -7.453908e+00 5.000000e-01
      vertex 5.041796e+01 -6.218462e+00 4.177500e+01
      vertex 5.041796e+01 -6.218462e+00 5.000000e-01
    endloop
  endfacet
  facet normal -9.939070e-01 1.102222e-01 0.000000e+00
    outer loop
      vertex 5.041796e+01 -6.218462e+00 5.000000e-01
      vertex 5.041796e+01 -6.218462e+00 4.177500e+01
      vertex 5.055538e+01 -4.979271e+00 4.177500e+01
    endloop
  endfacet
  facet normal -9.939070e-01 1.102222e-01 0.000000e+00
    outer loop
      vertex 5.041796e+01 -6.218462e+00 5.000000e-01
      vertex 5.055538e+01 -4.979271e+00 4.177500e+01
      vertex 5.055538e+01 -4.979271e+00 5.000000e-01
    endloop
  endfacet
  facet normal -9.963126e-01 8.579731e-02 0.000000e+00
    outer loop
      vertex 5.055538e+01 -4.979271e+00 5.000000e-01
      vertex 5.055538e+01 -4.979271e+00 4.177500e+01
      vertex 5.066236e+01 -3.737080e+00 4.177500e+01
    endloop
  endfacet
  facet normal -9.963126e-01 8.579731e-02 0.000000e+00
    outer loop
      vertex 5.055538e+01 -4.979271e+00 5.000000e-01
      vertex 5.066236e+01 -3.737080e+00 4.177500e+01
      vertex 5.066236e+01 -3.737080e+00 5.000000e-01
    endloop
  endfacet
  facet normal -9.981181e-01 6.132074e-02 0.000000e+00
    outer loop
      vertex 5.066236e+01 -3.737080e+00 5.000000e-01
      vertex 5.066236e+01 -3.737080e+00 4.177500e+01
      vertex 5.073881e+01 -2.492638e+00 4.177500e+01
    endloop
  endfacet
  facet normal -9.981181e-01 6.132074e-02 0.000000e+00
    outer loop
      vertex 5.066236e+01 -3.737080e+00 5.000000e-01
      vertex 5.073881e+01 -2.492638e+00 4.177500e+01
      vertex 5.073881e+01 -2.492638e+00 5.000000e-01
    endloop
  endfacet
  facet normal -9.993224e-01 3.680722e-02 0.000000e+00
    outer loop
      vertex 5.073881e+01 -2.492638e+00 5.000000e-01
      vertex 5.073881e+01 -2.492638e+00 4.177500e+01
      vertex 5.078470e+01 -1.246694e+00 4.177500e+01
    endloop
  endfacet
  facet normal -9.993224e-01 3.680722e-02 0.000000e+00
    outer loop
      vertex 5.073881e+01 -2.492638e+00 5.000000e-01
      vertex 5.078470e+01 -1.246694e+00 4.177500e+01
      vertex 5.078470e+01 -1.246694e+00 5.000000e-01
    endloop
  endfacet
  facet normal -9.999247e-01 1.227154e-02 0.000000e+00
    outer loop
      vertex 5.078470e+01 -1.246694e+00 5.000000e-01
      vertex 5.078470e+01 -1.246694e+00 4.177500e+01
      vertex 5.080000e+01 0.000000e+00 4.177500e+01
    endloop
  endfacet
  facet normal -9.999247e-01 1.227154e-02 0.000000e+00
    outer loop
      vertex 5.078470e+01 -1.246694e+00 5.000000e-01
      vertex 5.080000e+01 0.000000e+00 4.177500e+01
      vertex 5.080000e+01 0.000000e+00 5.000000e-01
    endloop
  endfacet
  facet normal 0.000000e+00 0.000000e+00 -1.000000e+00
    outer loop
      vertex 5.330000e+01 0.000000e+00 0.000000e+00
      vertex 0.000000e+00 0.000000e+00 0.000000e+00
      vertex 5.328395e+01 1.308047e+00 0.000000e+00
    endloop
  endfacet
  facet normal -0.000000e+00 0.000000e+00 -1.000000e+00
    outer loop
      vertex 5.328395e+01 1.308047e+00 0.000000e+00
      vertex 0.000000e+00 0.000000e+00 0.000000e+00
      vertex 5.323580e+01 2.615307e+00 0.000000e+00
    endloop
  endfacet
  facet normal -0.000000e+00 0.000000e+00 -1.000000e+00
    outer loop
      vertex 5.323580e+01 2.615307e+00 0.000000e+00
      vertex 0.000000e+00 0.000000e+00 0.000000e+00
      vertex 5.315558e+01 3.920991e+00 0.000000e+00
    endloop
  endfacet
  facet normal -0.000000e+00 0.000000e+00 -1.000000e+00
    outer loop
      vertex 5.315558e+01 3.920991e+00 0.000000e+00
      vertex 0.000000e+00 0.000000e+00 0.000000e+00
      vertex 5.304335e+01 5.224314e+00 0.000000e+00
    endloop
  endfacet
  facet normal -0.000000e+00 0.000000e+00 -1.000000e+00
    outer loop
      vertex 5.304335e+01 5.224314e+00 0.000000e+00
      vertex 0.000000e+00 0.000000e+00 0.000000e+00
      vertex 5.289916e+01 6.524489e+00 0.000000e+00
    endloop
  endfacet
  facet normal -0.000000e+00 0.000000e+00 -1.000000e+00
    outer loop
      vertex 5.289916e+01 6.524489e+00 0.000000e+00
      vertex 0.000000e+00 0.000000e+00 0.000000e+00
      vertex 5.272311e+01 7.820734e+00 0.000000e+00
    endloop
  endfacet
  facet normal -0.000000e+00 0.000000e+00 -1.000000e+00
    outer loop
      vertex 5.272311e+01 7.820734e+00 0.000000e+00
      vertex 0.000000e+00 0.000000e+00 0.000000e+00
      vertex 5.251530e+01 9.112269e+00 0.000000e+00
    endloop
  endfacet
  facet normal -0.000000e+00 0.000000e+00 -1.000000e+00
    outer loop
      vertex 5.251530e+01 9.112269e+00 0.000000e+00
      vertex 0.000000e+00 0.000000e+00 0.000000e+00
      vertex 5.227586e+01 1.039831e+01 0.000000e+00
    endloop
  endfacet
  facet normal -0.000000e+00 0.000000e+00 -1.000000e+00
    outer loop
      vertex 5.227586e+01 1.039831e+01 0.000000e+00
      vertex 0.000000e+00 0.000000e+00 0.000000e+00
      vertex 5.200492e+01 1.167810e+01 0.000000e+00
    endloop
  endfacet
  facet normal -0.000000e+00 0.000000e+00 -1.000000e+00
    outer loop
      vertex 5.200492e+01 1.167810e+01 0.000000e+00
      vertex 0.000000e+00 0.000000e+00 0.000000e+00
      vertex 5.170267e+01 1.295084e+01 0.000000e+00
    endloop
  endfacet
  facet normal -0.000000e+00 0.000000e+00 -1.000000e+00
    outer loop
      vertex 5.170267e+01 1.295084e+01 0.000000e+00
      vertex 0.000000e+00 0.000000e+00 0.000000e+00
      vertex 5.136926e+01 1.421579e+01 0.000000e+00
    endloop
  endfacet
  facet normal -0.000000e+00 0.000000e+00 -1.000000e+00
    outer loop
      vertex 5.136926e+01 1.421579e+01 0.000000e+00
      vertex 0.000000e+00 0.000000e+00 0.000000e+00
      vertex 5.100492e+01 1.547217e+01 0.000000e+00
    endloop
  endfacet
  facet normal -0.000000e+00 0.000000e+00 -1.000000e+00
    outer loop
      vertex 5.100492e+01 1.547217e+01 0.000000e+00
      vertex 0.000000e+00 0.000000e+00 0.000000e+00
      vertex 5.060985e+01 1.671924e+01 0.000000e+00
    endloop
  endfacet
  facet normal -0.000000e+00 0.000000e+00 -1.000000e+00
    outer loop
      vertex 5.060985e+01 1.671924e+01 0.000000e+00
      vertex 0.000000e+00 0.000000e+00 0.000000e+00
      vertex 5.018430e+01 1.795623e+01 0.000000e+00
    endloop
  endfacet
  facet normal -0.000000e+00 0.000000e+00 -1.000000e+00
    outer loop
      vertex 5.018430e+01 1.795623e+01 0.000000e+00
      vertex 0.000000e+00 0.000000e+00 0.000000e+00
      vertex 4.972852e+01 1.918241e+01 0.000000e+00
    endloop
  endfacet
  facet normal -0.000000e+00 0.000000e+00 -1.000000e+00
    outer loop
      vertex 4.972852e+01 1.918241e+01 0.000000e+00
      vertex 0.000000e+00 0.000000e+00 0.000000e+00
      vertex 4.924278e+01 2.039703e+01 0.000000e+00
    endloop
  endfacet
  facet normal -0.000000e+00 0.000000e+00 -1.000000e+00
    outer loop
      vertex 4.924278e+01 2.039703e+01 0.000000e+00
      vertex 0.000000e+00 0.000000e+00 0.000000e+00
      vertex 4.872738e+01 2.159936e+01 0.000000e+00
    endloop
  endfacet
  facet normal -0.000000e+00 0.000000e+00 -1.000000e+00
    outer loop
      vertex 4.872738e+01 2.159936e+01 0.000000e+00
      vertex 0.000000e+00 0.000000e+00 0.000000e+00
      vertex 4.818263e+01 2.278869e+01 0.000000e+00
    endloop
  endfacet
  facet normal -0.000000e+00 0.000000e+00 -1.000000e+00
    outer loop
      vertex 4.818263e+01 2.278869e+01 0.000000e+00
      vertex 0.000000e+00 0.000000e+00 0.000000e+00
      vertex 4.760886e+01 2.396428e+01 0.000000e+00
    endloop
  endfacet
  facet normal -0.000000e+00 0.000000e+00 -1.000000e+00
    outer loop
      vertex 4.760886e+01 2.396428e+01 0.000000e+00
      vertex 0.000000e+00 0.000000e+00 0.000000e+00
      vertex 4.700640e+01 2.512545e+01 0.000000e+00
    endloop
  endfacet
  facet normal -0.000000e+00 0.000000e+00 -1.000000e+00
    outer loop
      vertex 4.700640e+01 2.512545e+01 0.000000e+00
      vertex 0.000000e+00 0.000000e+00 0.000000e+00
      vertex 4.637564e+01 2.627147e+01 0.000000e+00
    endloop
  endfacet
  facet normal -0.000000e+00 0.000000e+00 -1.000000e+00
    outer loop
      vertex 4.637564e+01 2.627147e+01 0.000000e+00
      vertex 0.000000e+00 0.000000e+00 0.000000e+00
      vertex 4.571693e+01 2.740168e+01 0.000000e+00
    endloop
  endfacet
  facet normal -0.000000e+00 0.000000e+00 -1.000000e+00
    outer loop
      vertex 4.571693e+01 2.740168e+01 0.000000e+00
      vertex 0.000000e+00 0.000000e+00 0.000000e+00
      vertex 4.503070e+01 2.851537e+01 0.000000e+00
    endloop
  endfacet
  facet normal -0.000000e+00 0.000000e+00 -1.000000e+00
    outer loop
      vertex 4.503070e+01 2.851537e+01 0.000000e+00
      vertex 0.000000e+00 0.000000e+00 0.000000e+00
      vertex 4.431733e+01 2.961189e+01 0.000000e+00
    endloop
  endfacet
  facet normal -0.000000e+00 0.000000e+00 -1.000000e+00
    outer loop
      vertex 4.431733e+01 2.961189e+01 0.000000e+00
      vertex 0.000000e+00 0.000000e+00 0.000000e+00
      vertex 4.357727e+01 3.069058e+01 0.000000e+00
    endloop
  endfacet
  facet normal -0.000000e+00 0.000000e+00 -1.000000e+00
    outer loop
      vertex 4.357727e+01 3.069058e+01 0.000000e+00
      vertex 0.000000e+00 0.000000e+00 0.000000e+00
      vertex 4.281096e+01 3.175077e+01 0.000000e+00
    endloop
  endfacet
  facet normal -0.000000e+00 0.000000e+00 -1.000000e+00
    outer loop
      vertex 4.281096e+01 3.175077e+01 0.000000e+00
      vertex 0.000000e+00 0.000000e+00 0.000000e+00
      vertex 4.201886e+01 3.279184e+01 0.000000e+00
    endloop
  endfacet
  facet normal -0.000000e+00 0.000000e+00 -1.000000e+00
    outer loop
      vertex 4.201886e+01 3.279184e+01 0.000000e+00
      vertex 0.000000e+00 0.000000e+00 0.000000e+00
      vertex 4.120146e+01 3.381316e+01 0.000000e+00
    endloop
  endfacet
  facet normal -0.000000e+00 0.000000e+00 -1.000000e+00
    outer loop
      vertex 4.120146e+01 3.381316e+01 0.000000e+00
      vertex 0.000000e+00 0.000000e+00 0.000000e+00
      vertex 4.035923e+01 3.481411e+01 0.000000e+00
    endloop
  endfacet
  facet normal -0.000000e+00 0.000000e+00 -1.000000e+00
    outer loop
      vertex 4.035923e+01 3.481411e+01 0.000000e+00
      vertex 0.000000e+00 0.000000e+00 0.000000e+00
      vertex 3.949269e+01 3.579409e+01 0.000000e+00
    endloop
  endfacet
  facet normal -0.000000e+00 0.000000e+00 -1.000000e+00
    outer loop
      vertex 3.949269e+01 3.579409e+01 0.000000e+00
      vertex 0.000000e+00 0.000000e+00 0.000000e+00
      vertex 3.860237e+01 3.675251e+01 0.000000e+00
    endloop
  endfacet
  facet normal -0.000000e+00 0.000000e+00 -1.000000e+00
    outer loop
      vertex 3.860237e+01 3.675251e+01 0.000000e+00
      vertex 0.000000e+00 0.000000e+00 0.000000e+00
      vertex 3.768879e+01 3.768879e+01 0.000000e+00
    endloop
  endfacet
  facet normal -0.000000e+00 0.000000e+00 -1.000000e+00
    outer loop
      vertex 3.768879e+01 3.768879e+01 0.000000e+00
      vertex 0.000000e+00 0.000000e+00 0.000000e+00
      vertex 3.675251e+01 3.860237e+01 0.000000e+00
    endloop
  endfacet
  facet normal -0.000000e+00 0.000000e+00 -1.000000e+00
    outer loop
      vertex 3.675251e+01 3.860237e+01 0.000000e+00
      vertex 0.000000e+00 0.000000e+00 0.000000e+00
      vertex 3.579409e+01 3.949269e+01 0.000000e+00
    endloop
  endfacet
  facet normal -0.000000e+00 0.000000e+00 -1.000000e+00
    outer loop
      vertex 3.579409e+01 3.949269e+01 0.000000e+00
      vertex 0.000000e+00 0.000000e+00 0.000000e+00
      vertex 3.481411e+01 4.035923e+01 0.000000e+00
    endloop
  endfacet
  facet normal -0.000000e+00 0.000000e+00 -1.000000e+00
    outer loop
      vertex 3.481411e+01 4.035923e+01 0.000000e+00
      vertex 0.000000e+00 0.000000e+00 0.000000e+00
      vertex 3.381316e+01 4.120146e+01 0.000000e+00
    endloop
  endfacet
  facet normal -0.000000e+00 0.000000e+00 -1.000000e+00
    outer loop
      vertex 3.381316e+01 4.120146e+01 0.000000e+00
      vertex 0.000000e+00 0.000000e+00 0.000000e+00
      vertex 3.279184e+01 4.201886e+01 0.000000e+00
    endloop
  endfacet
  facet normal -0.000000e+00 0.000000e+00 -1.000000e+00
    outer loop
      vertex 3.279184e+01 4.201886e+01 0.000000e+00
      vertex 0.000000e+00 0.000000e+00 0.000000e+00
      vertex 3.175077e+01 4.281096e+01 0.000000e+00
    endloop
  endfacet
  facet normal -0.000000e+00 0.000000e+00 -1.000000e+00
    outer loop
      vertex 3.175077e+01 4.281096e+01 0.000000e+00
      vertex 0.000000e+00 0.000000e+00 0.000000e+00
      vertex 3.069058e+01 4.357727e+01 0.000000e+00
    endloop
  endfacet
  facet normal -0.000000e+00 0.000000e+00 -1.000000e+00
    outer loop
      vertex 3.069058e+01 4.357727e+01 0.000000e+00
      vertex 0.000000e+00 0.000000e+00 0.000000e+00
      vertex 2.961189e+01 4.431733e+01 0.000000e+00
    endloop
  endfacet
  facet normal -0.000000e+00 0.000000e+00 -1.000000e+00
    outer loop
      vertex 2.961189e+01 4.431733e+01 0.000000e+00
      vertex 0.000000e+00 0.000000e+00 0.000000e+00
      vertex 2.851537e+01 4.503070e+01 0.000000e+00
    endloop
  endfacet
  facet normal -0.000000e+00 0.000000e+00 -1.000000e+00
    outer loop
      vertex 2.851537e+01 4.503070e+01 0.000000e+00
      vertex 0.000000e+00 0.000000e+00 0.000000e+00
      vertex 2.740168e+01 4.571693e+01 0.000000e+00
    endloop
  endfacet
  facet normal -0.000000e+00 0.000000e+00 -1.000000e+00
    outer loop
      vertex 2.740168e+01 4.571693e+01 0.000000e+00
      vertex 0.000000e+00 0.000000e+00 0.000000e+00
      vertex 2.627147e+01 4.637564e+01 0.000000e+00
    endloop
  endfacet
  facet normal -0.000000e+00 0.000000e+00 -1.000000e+00
    outer loop
      vertex 2.627147e+01 4.637564e+01 0.000000e+00
      vertex 0.000000e+00 0.000000e+00 0.000000e+00
      vertex 2.512545e+01 4.700640e+01 0.000000e+00
    endloop
  endfacet
  facet normal -0.000000e+00 0.000000e+00 -1.000000e+00
    outer loop
      vertex 2.512545e+01 4.700640e+01 0.000000e+00
      vertex 0.000000e+00 0.000000e+00 0.000000e+00
      vertex 2.396428e+01 4.760886e+01 0.000000e+00
    endloop
  endfacet
  facet normal -0.000000e+00 0.000000e+00 -1.000000e+00
    outer loop
      vertex 2.396428e+01 4.760886e+01 0.000000e+00
      vertex 0.000000e+00 0.000000e+00 0.000000e+00
      vertex 2.278869e+01 4.818263e+01 0.000000e+00
    endloop
  endfacet
  facet normal -0.000000e+00 0.000000e+00 -1.000000e+00
    outer loop
      vertex 2.278869e+01 4.818263e+01 0.000000e+00
      vertex 0.000000e+00 0.000000e+00 0.000000e+00
      vertex 2.159936e+01 4.872738e+01 0.000000e+00
    endloop
  endfacet
  facet normal -0.000000e+00 0.000000e+00 -1.000000e+00
    outer loop
      vertex 2.159936e+01 4.872738e+01 0.000000e+00
      vertex 0.000000e+00 0.000000e+00 0.000000e+00
      vertex 2.039703e+01 4.924278e+01 0.000000e+00
    endloop
  endfacet
  facet normal -0.000000e+00 0.000000e+00 -1.000000e+00
    outer loop
      vertex 2.039703e+01 4.924278e+01 0.000000e+00
      vertex 0.000000e+00 0.000000e+00 0.000000e+00
      vertex 1.918241e+01 4.972852e+01 0.000000e+00
    endloop
  endfacet
  facet normal -0.000000e+00 0.000000e+00 -1.000000e+00
    outer loop
      vertex 1.918241e+01 4.972852e+01 0.000000e+00
      vertex 0.000000e+00 0.000000e+00 0.000000e+00
      vertex 1.795623e+01 5.018430e+01 0.000000e+00
    endloop
  endfacet
  facet normal -0.000000e+00 0.000000e+00 -1.000000e+00
    outer loop
      vertex 1.795623e+01 5.018430e+01 0.000000e+00
      vertex 0.000000e+00 0.000000e+00 0.000000e+00
      vertex 1.671924e+01 5.060985e+01 0.000000e+00
    endloop
  endfacet
  facet normal -0.000000e+00 0.000000e+00 -1.000000e+00
    outer loop
      vertex 1.671924e+01 5.060985e+01 0.000000e+00
      vertex 0.000000e+00 0.000000e+00 0.000000e+00
      vertex 1.547217e+01 5.100492e+01 0.000000e+00
    endloop
  endfacet
  facet normal -0.000000e+00 0.000000e+00 -1.000000e+00
    outer loop
      vertex 1.547217e+01 5.100492e+01 0.000000e+00
      vertex 0.000000e+00 0.000000e+00 0.000000e+00
      vertex 1.421579e+01 5.136926e+01 0.000000e+00
    endloop
  endfacet
  facet normal -0.000000e+00 0.000000e+00 -1.000000e+00
    outer loop
      vertex 1.421579e+01 5.136926e+01 0.000000e+00
      vertex 0.000000e+00 0.000000e+00 0.000000e+00
      vertex 1.295084e+01 5.170267e+01 0.000000e+00
    endloop
  endfacet
  facet normal -0.000000e+00 0.000000e+00 -1.000000e+00
    outer loop
      vertex 1.295084e+01 5.170267e+01 0.000000e+00
      vertex 0.000000e+00 0.000000e+00 0.000000e+00
      vertex 1.167810e+01 5.200492e+01 0.000000e+00
    endloop
  endfacet
  facet normal -0.000000e+00 0.000000e+00 -1.000000e+00
    outer loop
      vertex 1.167810e+01 5.200492e+01 0.000000e+00
      vertex 0.000000e+00 0.000000e+00 0.000000e+00
      vertex 1.039831e+01 5.227586e+01 0.000000e+00
    endloop
  endfacet
  facet normal -0.000000e+00 0.000000e+00 -1.000000e+00
    outer loop
      vertex 1.039831e+01 5.227586e+01 0.000000e+00
      vertex 0.000000e+00 0.000000e+00 0.000000e+00
      vertex 9.112269e+00 5.251530e+01 0.000000e+00
    endloop
  endfacet
  facet normal -0.000000e+00 0.000000e+00 -1.000000e+00
    outer loop
      vertex 9.112269e+00 5.251530e+01 0.000000e+00
      vertex 0.000000e+00 0.000000e+00 0.000000e+00
      vertex 7.820734e+00 5.272311e+01 0.000000e+00
    endloop
  endfacet
  facet normal -0.000000e+00 0.000000e+00 -1.000000e+00
    outer loop
      vertex 7.820734e+00 5.272311e+01 0.000000e+00
      vertex 0.000000e+00 0.000000e+00 0.000000e+00
      vertex 6.524489e+00 5.289916e+01 0.000000e+00
    endloop
  endfacet
  facet normal -0.000000e+00 0.000000e+00 -1.000000e+00
    outer loop
      vertex 6.524489e+00 5.289916e+01 0.000000e+00
      vertex 0.000000e+00 0.000000e+00 0.000000e+00
      vertex 5.224314e+00 5.304335e+01 0.000000e+00
    endloop
  endfacet
  facet normal -0.000000e+00 0.000000e+00 -1.000000e+00
    outer loop
      vertex 5.224314e+00 5.304335e+01 0.000000e+00
      vertex 0.000000e+00 0.000000e+00 0.000000e+00
      vertex 3.920991e+00 5.315558e+01 0.000000e+00
    endloop
  endfacet
  facet normal -0.000000e+00 0.000000e+00 -1.000000e+00
    outer loop
      vertex 3.920991e+00 5.315558e+01 0.000000e+00
      vertex 0.000000e+00 0.000000e+00 0.000000e+00
      vertex 2.615307e+00 5.323580e+01 0.000000e+00
    endloop
  endfacet
  facet normal -0.000000e+00 0.000000e+00 -1.000000e+00
    outer loop
      vertex 2.615307e+00 5.323580e+01 0.000000e+00
      vertex 0.000000e+00 0.000000e+00 0.000000e+00
      vertex 1.308047e+00 5.328395e+01 0.000000e+00
    endloop
  endfacet
  facet normal -0.000000e+00 0.000000e+00 -1.000000e+00
    outer loop
      vertex 1.308047e+00 5.328395e+01 0.000000e+00
      vertex 0.000000e+00 0.000000e+00 0.000000e+00
      vertex 3.263684e-15 5.330000e+01 0.000000e+00
    endloop
  endfacet
  facet normal 0.000000e+00 0.000000e+00 -1.000000e+00
    outer loop
      vertex 3.263684e-15 5.330000e+01 0.000000e+00
      vertex 0.000000e+00 0.000000e+00 0.000000e+00
      vertex -1.308047e+00 5.328395e+01 0.000000e+00
    endloop
  endfacet
  facet normal 0.000000e+00 -0.000000e+00 -1.000000e+00
    outer loop
      vertex -1.308047e+00 5.328395e+01 0.000000e+00
      vertex 0.000000e+00 0.000000e+00 0.000000e+00
      vertex -2.615307e+00 5.323580e+01 0.000000e+00
    endloop
  endfacet
  facet normal 0.000000e+00 -0.000000e+00 -1.000000e+00
    outer loop
      vertex -2.615307e+00 5.323580e+01 0.000000e+00
      vertex 0.000000e+00 0.000000e+00 0.000000e+00
      vertex -3.920991e+00 5.315558e+01 0.000000e+00
    endloop
  endfacet
  facet normal 0.000000e+00 -0.000000e+00 -1.000000e+00
    outer loop
      vertex -3.920991e+00 5.315558e+01 0.000000e+00
      vertex 0.000000e+00 0.000000e+00 0.000000e+00
      vertex -5.224314e+00 5.304335e+01 0.000000e+00
    endloop
  endfacet
  facet normal 0.000000e+00 -0.000000e+00 -1.000000e+00
    outer loop
      vertex -5.224314e+00 5.304335e+01 0.000000e+00
      vertex 0.000000e+00 0.000000e+00 0.000000e+00
      vertex -6.524489e+00 5.289916e+01 0.000000e+00
    endloop
  endfacet
  facet normal 0.000000e+00 -0.000000e+00 -1.000000e+00
    outer loop
      vertex -6.524489e+00 5.289916e+01 0.000000e+00
      vertex 0.000000e+00 0.000000e+00 0.000000e+00
      vertex -7.820734e+00 5.272311e+01 0.000000e+00
    endloop
  endfacet
  facet normal 0.000000e+00 -0.000000e+00 -1.000000e+00
    outer loop
      vertex -7.820734e+00 5.272311e+01 0.000000e+00
      vertex 0.000000e+00 0.000000e+00 0.000000e+00
      vertex -9.112269e+00 5.251530e+01 0.000000e+00
    endloop
  endfacet
  facet normal 0.000000e+00 -0.000000e+00 -1.000000e+00
    outer loop
      vertex -9.112269e+00 5.251530e+01 0.000000e+00
      vertex 0.000000e+00 0.000000e+00 0.000000e+00
      vertex -1.039831e+01 5.227586e+01 0.000000e+00
    endloop
  endfacet
  facet normal 0.000000e+00 -0.000000e+00 -1.000000e+00
    outer loop
      vertex -1.039831e+01 5.227586e+01 0.000000e+00
      vertex 0.000000e+00 0.000000e+00 0.000000e+00
      vertex -1.167810e+01 5.200492e+01 0.000000e+00
    endloop
  endfacet
  facet normal 0.000000e+00 -0.000000e+00 -1.000000e+00
    outer loop
      vertex -1.167810e+01 5.200492e+01 0.000000e+00
      vertex 0.000000e+00 0.000000e+00 0.000000e+00
      vertex -1.295084e+01 5.170267e+01 0.000000e+00
    endloop
  endfacet
  facet normal 0.000000e+00 -0.000000e+00 -1.000000e+00
    outer loop
      vertex -1.295084e+01 5.170267e+01 0.000000e+00
      vertex 0.000000e+00 0.000000e+00 0.000000e+00
      vertex -1.421579e+01 5.136926e+01 0.000000e+00
    endloop
  endfacet
  facet normal 0.000000e+00 -0.000000e+00 -1.000000e+00
    outer loop
      vertex -1.421579e+01 5.136926e+01 0.000000e+00
      vertex 0.000000e+00 0.000000e+00 0.000000e+00
      vertex -1.547217e+01 5.100492e+01 0.000000e+00
    endloop
  endfacet
  facet normal 0.000000e+00 -0.000000e+00 -1.000000e+00
    outer loop
      vertex -1.547217e+01 5.100492e+01 0.000000e+00
      vertex 0.000000e+00 0.000000e+00 0.000000e+00
      vertex -1.671924e+01 5.060985e+01 0.000000e+00
    endloop
  endfacet
  facet normal 0.000000e+00 -0.000000e+00 -1.000000e+00
    outer loop
      vertex -1.671924e+01 5.060985e+01 0.000000e+00
      vertex 0.000000e+00 0.000000e+00 0.000000e+00
      vertex -1.795623e+01 5.018430e+01 0.000000e+00
    endloop
  endfacet
  facet normal 0.000000e+00 -0.000000e+00 -1.000000e+00
    outer loop
      vertex -1.795623e+01 5.018430e+01 0.000000e+00
      vertex 0.000000e+00 0.000000e+00 0.000000e+00
      vertex -1.918241e+01 4.972852e+01 0.000000e+00
    endloop
  endfacet
  facet normal 0.000000e+00 -0.000000e+00 -1.000000e+00
    outer loop
      vertex -1.918241e+01 4.972852e+01 0.000000e+00
      vertex 0.000000e+00 0.000000e+00 0.000000e+00
      vertex -2.039703e+01 4.924278e+01 0.000000e+00
    endloop
  endfacet
  facet normal 0.000000e+00 -0.000000e+00 -1.000000e+00
    outer loop
      vertex -2.039703e+01 4.924278e+01 0.000000e+00
      vertex 0.000000e+00 0.000000e+00 0.000000e+00
      vertex -2.159936e+01 4.872738e+01 0.000000e+00
    endloop
  endfacet
  facet normal 0.000000e+00 -0.000000e+00 -1.000000e+00
    outer loop
      vertex -2.159936e+01 4.872738e+01 0.000000e+00
      vertex 0.000000e+00 0.000000e+00 0.000000e+00
      vertex -2.278869e+01 4.818263e+01 0.000000e+00
    endloop
  endfacet
  facet normal 0.000000e+00 -0.000000e+00 -1.000000e+00
    outer loop
      vertex -2.278869e+01 4.818263e+01 0.000000e+00
      vertex 0.000000e+00 0.000000e+00 0.000000e+00
      vertex -2.396428e+01 4.760886e+01 0.000000e+00
    endloop
  endfacet
  facet normal 0.000000e+00 -0.000000e+00 -1.000000e+00
    outer loop
      vertex -2.396428e+01 4.760886e+01 0.000000e+00
      vertex 0.000000e+00 0.000000e+00 0.000000e+00
      vertex -2.512545e+01 4.700640e+01 0.000000e+00
    endloop
  endfacet
  facet normal 0.000000e+00 -0.000000e+00 -1.000000e+00
    outer loop
      vertex -2.512545e+01 4.700640e+01 0.000000e+00
      vertex 0.000000e+00 0.000000e+00 0.000000e+00
      vertex -2.627147e+01 4.637564e+01 0.000000e+00
    endloop
  endfacet
  facet normal 0.000000e+00 -0.000000e+00 -1.000000e+00
    outer loop
      vertex -2.627147e+01 4.637564e+01 0.000000e+00
      vertex 0.000000e+00 0.000000e+00 0.000000e+00
      vertex -2.740168e+01 4.571693e+01 0.000000e+00
    endloop
  endfacet
  facet normal 0.000000e+00 -0.000000e+00 -1.000000e+00
    outer loop
      vertex -2.740168e+01 4.571693e+01 0.000000e+00
      vertex 0.000000e+00 0.000000e+00 0.000000e+00
      vertex -2.851537e+01 4.503070e+01 0.000000e+00
    endloop
  endfacet
  facet normal 0.000000e+00 -0.000000e+00 -1.000000e+00
    outer loop
      vertex -2.851537e+01 4.503070e+01 0.000000e+00
      vertex 0.000000e+00 0.000000e+00 0.000000e+00
      vertex -2.961189e+01 4.431733e+01 0.000000e+00
    endloop
  endfacet
  facet normal 0.000000e+00 -0.000000e+00 -1.000000e+00
    outer loop
      vertex -2.961189e+01 4.431733e+01 0.000000e+00
      vertex 0.000000e+00 0.000000e+00 0.000000e+00
      vertex -3.069058e+01 4.357727e+01 0.000000e+00
    endloop
  endfacet
  facet normal 0.000000e+00 -0.000000e+00 -1.000000e+00
    outer loop
      vertex -3.069058e+01 4.357727e+01 0.000000e+00
      vertex 0.000000e+00 0.000000e+00 0.000000e+00
      vertex -3.175077e+01 4.281096e+01 0.000000e+00
    endloop
  endfacet
  facet normal 0.000000e+00 -0.000000e+00 -1.000000e+00
    outer loop
      vertex -3.175077e+01 4.281096e+01 0.000000e+00
      vertex 0.000000e+00 0.000000e+00 0.000000e+00
      vertex -3.279184e+01 4.201886e+01 0.000000e+00
    endloop
  endfacet
  facet normal 0.000000e+00 -0.000000e+00 -1.000000e+00
    outer loop
      vertex -3.279184e+01 4.201886e+01 0.000000e+00
      vertex 0.000000e+00 0.000000e+00 0.000000e+00
      vertex -3.381316e+01 4.120146e+01 0.000000e+00
    endloop
  endfacet
  facet normal 0.000000e+00 -0.000000e+00 -1.000000e+00
    outer loop
      vertex -3.381316e+01 4.120146e+01 0.000000e+00
      vertex 0.000000e+00 0.000000e+00 0.000000e+00
      vertex -3.481411e+01 4.035923e+01 0.000000e+00
    endloop
  endfacet
  facet normal 0.000000e+00 -0.000000e+00 -1.000000e+00
    outer loop
      vertex -3.481411e+01 4.035923e+01 0.000000e+00
      vertex 0.000000e+00 0.000000e+00 0.000000e+00
      vertex -3.579409e+01 3.949269e+01 0.000000e+00
    endloop
  endfacet
  facet normal 0.000000e+00 -0.000000e+00 -1.000000e+00
    outer loop
      vertex -3.579409e+01 3.949269e+01 0.000000e+00
      vertex 0.000000e+00 0.000000e+00 0.000000e+00
      vertex -3.675251e+01 3.860237e+01 0.000000e+00
    endloop
  endfacet
  facet normal 0.000000e+00 -0.000000e+00 -1.000000e+00
    outer loop
      vertex -3.675251e+01 3.860237e+01 0.000000e+00
      vertex 0.000000e+00 0.000000e+00 0.000000e+00
      vertex -3.768879e+01 3.768879e+01 0.000000e+00
    endloop
  endfacet
  facet normal 0.000000e+00 -0.000000e+00 -1.000000e+00
    outer loop
      vertex -3.768879e+01 3.768879e+01 0.000000e+00
      vertex 0.000000e+00 0.000000e+00 0.000000e+00
      vertex -3.860237e+01 3.675251e+01 0.000000e+00
    endloop
  endfacet
  facet normal 0.000000e+00 -0.000000e+00 -1.000000e+00
    outer loop
      vertex -3.860237e+01 3.675251e+01 0.000000e+00
      vertex 0.000000e+00 0.000000e+00 0.000000e+00
      vertex -3.949269e+01 3.579409e+01 0.000000e+00
    endloop
  endfacet
  facet normal 0.000000e+00 -0.000000e+00 -1.000000e+00
    outer loop
      vertex -3.949269e+01 3.579409e+01 0.000000e+00
      vertex 0.000000e+00 0.000000e+00 0.000000e+00
      vertex -4.035923e+01 3.481411e+01 0.000000e+00
    endloop
  endfacet
  facet normal 0.000000e+00 -0.000000e+00 -1.000000e+00
    outer loop
      vertex -4.035923e+01 3.481411e+01 0.000000e+00
      vertex 0.000000e+00 0.000000e+00 0.000000e+00
      vertex -4.120146e+01 3.381316e+01 0.000000e+00
    endloop
  endfacet
  facet normal 0.000000e+00 -0.000000e+00 -1.000000e+00
    outer loop
      vertex -4.120146e+01 3.381316e+01 0.000000e+00
      vertex 0.000000e+00 0.000000e+00 0.000000e+00
      vertex -4.201886e+01 3.279184e+01 0.000000e+00
    endloop
  endfacet
  facet normal 0.000000e+00 -0.000000e+00 -1.000000e+00
    outer loop
      vertex -4.201886e+01 3.279184e+01 0.000000e+00
      vertex 0.000000e+00 0.000000e+00 0.000000e+00
      vertex -4.281096e+01 3.175077e+01 0.000000e+00
    endloop
  endfacet
  facet normal 0.000000e+00 -0.000000e+00 -1.000000e+00
    outer loop
      vertex -4.281096e+01 3.175077e+01 0.000000e+00
      vertex 0.000000e+00 0.000000e+00 0.000000e+00
      vertex -4.357727e+01 3.069058e+01 0.000000e+00
    endloop
  endfacet
  facet normal 0.000000e+00 -0.000000e+00 -1.000000e+00
    outer loop
      vertex -4.357727e+01 3.069058e+01 0.000000e+00
      vertex 0.000000e+00 0.000000e+00 0.000000e+00
      vertex -4.431733e+01 2.961189e+01 0.000000e+00
    endloop
  endfacet
  facet normal 0.000000e+00 -0.000000e+00 -1.000000e+00
    outer loop
      vertex -4.431733e+01 2.961189e+01 0.000000e+00
      vertex 0.000000e+00 0.000000e+00 0.000000e+00
      vertex -4.503070e+01 2.851537e+01 0.000000e+00
    endloop
  endfacet
  facet normal 0.000000e+00 -0.000000e+00 -1.000000e+00
    outer loop
      vertex -4.503070e+01 2.851537e+01 0.000000e+00
      vertex 0.000000e+00 0.000000e+00 0.000000e+00
      vertex -4.571693e+01 2.740168e+01 0.000000e+00
    endloop
  endfacet
  facet normal 0.000000e+00 -0.000000e+00 -1.000000e+00
    outer loop
      vertex -4.571693e+01 2.740168e+01 0.000000e+00
      vertex 0.000000e+00 0.000000e+00 0.000000e+00
      vertex -4.637564e+01 2.627147e+01 0.000000e+00
    endloop
  endfacet
  facet normal 0.000000e+00 -0.000000e+00 -1.000000e+00
    outer loop
      vertex -4.637564e+01 2.627147e+01 0.000000e+00
      vertex 0.000000e+00 0.000000e+00 0.000000e+00
      vertex -4.700640e+01 2.512545e+01 0.000000e+00
    endloop
  endfacet
  facet normal 0.000000e+00 -0.000000e+00 -1.000000e+00
    outer loop
      vertex -4.700640e+01 2.512545e+01 0.000000e+00
      vertex 0.000000e+00 0.000000e+00 0.000000e+00
      vertex -4.760886e+01 2.396428e+01 0.000000e+00
    endloop
  endfacet
  facet normal 0.000000e+00 -0.000000e+00 -1.000000e+00
    outer loop
      vertex -4.760886e+01 2.396428e+01 0.000000e+00
      vertex 0.000000e+00 0.000000e+00 0.000000e+00
      vertex -4.818263e+01 2.278869e+01 0.000000e+00
    endloop
  endfacet
  facet normal 0.000000e+00 -0.000000e+00 -1.000000e+00
    outer loop
      vertex -4.818263e+01 2.278869e+01 0.000000e+00
      vertex 0.000000e+00 0.000000e+00 0.000000e+00
      vertex -4.872738e+01 2.159936e+01 0.000000e+00
    endloop
  endfacet
  facet normal 0.000000e+00 -0.000000e+00 -1.000000e+00
    outer loop
      vertex -4.872738e+01 2.159936e+01 0.000000e+00
      vertex 0.000000e+00 0.000000e+00 0.000000e+00
      vertex -4.924278e+01 2.039703e+01 0.000000e+00
    endloop
  endfacet
  facet normal 0.000000e+00 -0.000000e+00 -1.000000e+00
    outer loop
      vertex -4.924278e+01 2.039703e+01 0.000000e+00
      vertex 0.000000e+00 0.000000e+00 0.000000e+00
      vertex -4.972852e+01 1.918241e+01 0.000000e+00
    endloop
  endfacet
  facet normal 0.000000e+00 -0.000000e+00 -1.000000e+00
    outer loop
      vertex -4.972852e+01 1.918241e+01 0.000000e+00
      vertex 0.000000e+00 0.000000e+00 0.000000e+00
      vertex -5.018430e+01 1.795623e+01 0.000000e+00
    endloop
  endfacet
  facet normal 0.000000e+00 -0.000000e+00 -1.000000e+00
    outer loop
      vertex -5.018430e+01 1.795623e+01 0.000000e+00
      vertex 0.000000e+00 0.000000e+00 0.000000e+00
      vertex -5.060985e+01 1.671924e+01 0.000000e+00
    endloop
  endfacet
  facet normal 0.000000e+00 -0.000000e+00 -1.000000e+00
    outer loop
      vertex -5.060985e+01 1.671924e+01 0.000000e+00
      vertex 0.000000e+00 0.000000e+00 0.000000e+00
      vertex -5.100492e+01 1.547217e+01 0.000000e+00
    endloop
  endfacet
  facet normal 0.000000e+00 -0.000000e+00 -1.000000e+00
    outer loop
      vertex -5.100492e+01 1.547217e+01 0.000000e+00
      vertex 0.000000e+00 0.000000e+00 0.000000e+00
      vertex -5.136926e+01 1.421579e+01 0.000000e+00
    endloop
  endfacet
  facet normal 0.000000e+00 -0.000000e+00 -1.000000e+00
    outer loop
      vertex -5.136926e+01 1.421579e+01 0.000000e+00
      vertex 0.000000e+00 0.000000e+00 0.000000e+00
      vertex -5.170267e+01 1.295084e+01 0.000000e+00
    endloop
  endfacet
  facet normal 0.000000e+00 -0.000000e+00 -1.000000e+00
    outer loop
      vertex -5.170267e+01 1.295084e+01 0.000000e+00
      vertex 0.000000e+00 0.000000e+00 0.000000e+00
      vertex -5.200492e+01 1.167810e+01 0.000000e+00
    endloop
  endfacet
  facet normal 0.000000e+00 -0.000000e+00 -1.000000e+00
    outer loop
      vertex -5.200492e+01 1.167810e+01 0.000000e+00
      vertex 0.000000e+00 0.000000e+00 0.000000e+00
      vertex -5.227586e+01 1.039831e+01 0.000000e+00
    endloop
  endfacet
  facet normal 0.000000e+00 -0.000000e+00 -1.000000e+00
    outer loop
      vertex -5.227586e+01 1.039831e+01 0.000000e+00
      vertex 0.000000e+00 0.000000e+00 0.000000e+00
      vertex -5.251530e+01 9.112269e+00 0.000000e+00
    endloop
  endfacet
  facet normal 0.000000e+00 -0.000000e+00 -1.000000e+00
    outer loop
      vertex -5.251530e+01 9.112269e+00 0.000000e+00
      vertex 0.000000e+00 0.000000e+00 0.000000e+00
      vertex -5.272311e+01 7.820734e+00 0.000000e+00
    endloop
  endfacet
  facet normal 0.000000e+00 -0.000000e+00 -1.000000e+00
    outer loop
      vertex -5.272311e+01 7.820734e+00 0.000000e+00
      vertex 0.000000e+00 0.000000e+00 0.000000e+00
      vertex -5.289916e+01 6.524489e+00 0.000000e+00
    endloop
  endfacet
  facet normal 0.000000e+00 -0.000000e+00 -1.000000e+00
    outer loop
      vertex -5.289916e+01 6.524489e+00 0.000000e+00
      vertex 0.000000e+00 0.000000e+00 0.000000e+00
      vertex -5.304335e+01 5.224314e+00 0.000000e+00
    endloop
  endfacet
  facet normal 0.000000e+00 -0.000000e+00 -1.000000e+00
    outer loop
      vertex -5.304335e+01 5.224314e+00 0.000000e+00
      vertex 0.000000e+00 0.000000e+00 0.000000e+00
      vertex -5.315558e+01 3.920991e+00 0.000000e+00
    endloop
  endfacet
  facet normal 0.000000e+00 -0.000000e+00 -1.000000e+00
    outer loop
      vertex -5.315558e+01 3.920991e+00 0.000000e+00
      vertex 0.000000e+00 0.000000e+00 0.000000e+00
      vertex -5.323580e+01 2.615307e+00 0.000000e+00
    endloop
  endfacet
  facet normal 0.000000e+00 -0.000000e+00 -1.000000e+00
    outer loop
      vertex -5.323580e+01 2.615307e+00 0.000000e+00
      vertex 0.000000e+00 0.000000e+00 0.000000e+00
      vertex -5.328395e+01 1.308047e+00 0.000000e+00
    endloop
  endfacet
  facet normal 0.000000e+00 -0.000000e+00 -1.000000e+00
    outer loop
      vertex -5.328395e+01 1.308047e+00 0.000000e+00
      vertex 0.000000e+00 0.000000e+00 0.000000e+00
      vertex -5.330000e+01 6.527367e-15 0.000000e+00
    endloop
  endfacet
  facet normal 0.000000e+00 0.000000e+00 -1.000000e+00
    outer loop
      vertex -5.330000e+01 6.527367e-15 0.000000e+00
      vertex 0.000000e+00 0.000000e+00 0.000000e+00
      vertex -5.328395e+01 -1.308047e+00 0.000000e+00
    endloop
  endfacet
  facet normal 0.000000e+00 0.000000e+00 -1.000000e+00
    outer loop
      vertex -5.328395e+01 -1.308047e+00 0.000000e+00
      vertex 0.000000e+00 0.000000e+00 0.000000e+00
      vertex -5.323580e+01 -2.615307e+00 0.000000e+00
    endloop
  endfacet
  facet normal 0.000000e+00 0.000000e+00 -1.000000e+00
    outer loop
      vertex -5.323580e+01 -2.615307e+00 0.000000e+00
      vertex 0.000000e+00 0.000000e+00 0.000000e+00
      vertex -5.315558e+01 -3.920991e+00 0.000000e+00
    endloop
  endfacet
  facet normal 0.000000e+00 0.000000e+00 -1.000000e+00
    outer loop
      vertex -5.315558e+01 -3.920991e+00 0.000000e+00
      vertex 0.000000e+00 0.000000e+00 0.000000e+00
      vertex -5.304335e+01 -5.224314e+00 0.000000e+00
    endloop
  endfacet
  facet normal 0.000000e+00 0.000000e+00 -1.000000e+00
    outer loop
      vertex -5.304335e+01 -5.224314e+00 0.000000e+00
      vertex 0.000000e+00 0.000000e+00 0.000000e+00
      vertex -5.289916e+01 -6.524489e+00 0.000000e+00
    endloop
  endfacet
  facet normal 0.000000e+00 0.000000e+00 -1.000000e+00
    outer loop
      vertex -5.289916e+01 -6.524489e+00 0.000000e+00
      vertex 0.000000e+00 0.000000e+00 0.000000e+00
      vertex -5.272311e+01 -7.820734e+00 0.000000e+00
    endloop
  endfacet
  facet normal 0.000000e+00 0.000000e+00 -1.000000e+00
    outer loop
      vertex -5.272311e+01 -7.820734e+00 0.000000e+00
      vertex 0.000000e+00 0.000000e+00 0.000000e+00
      vertex -5.251530e+01 -9.112269e+00 0.000000e+00
    endloop
  endfacet
  facet normal 0.000000e+00 0.000000e+00 -1.000000e+00
    outer loop
      vertex -5.251530e+01 -9.112269e+00 0.000000e+00
      vertex 0.000000e+00 0.000000e+00 0.000000e+00
      vertex -5.227586e+01 -1.039831e+01 0.000000e+00
    endloop
  endfacet
  facet normal 0.000000e+00 0.000000e+00 -1.000000e+00
    outer loop
      vertex -5.227586e+01 -1.039831e+01 0.000000e+00
      vertex 0.000000e+00 0.000000e+00 0.000000e+00
      vertex -5.200492e+01 -1.167810e+01 0.000000e+00
    endloop
  endfacet
  facet normal 0.000000e+00 0.000000e+00 -1.000000e+00
    outer loop
      vertex -5.200492e+01 -1.167810e+01 0.000000e+00
      vertex 0.000000e+00 0.000000e+00 0.000000e+00
      vertex -5.170267e+01 -1.295084e+01 0.000000e+00
    endloop
  endfacet
  facet normal 0.000000e+00 0.000000e+00 -1.000000e+00
    outer loop
      vertex -5.170267e+01 -1.295084e+01 0.000000e+00
      vertex 0.000000e+00 0.000000e+00 0.000000e+00
      vertex -5.136926e+01 -1.421579e+01 0.000000e+00
    endloop
  endfacet
  facet normal 0.000000e+00 0.000000e+00 -1.000000e+00
    outer loop
      vertex -5.136926e+01 -1.421579e+01 0.000000e+00
      vertex 0.000000e+00 0.000000e+00 0.000000e+00
      vertex -5.100492e+01 -1.547217e+01 0.000000e+00
    endloop
  endfacet
  facet normal 0.000000e+00 0.000000e+00 -1.000000e+00
    outer loop
      vertex -5.100492e+01 -1.547217e+01 0.000000e+00
      vertex 0.000000e+00 0.000000e+00 0.000000e+00
      vertex -5.060985e+01 -1.671924e+01 0.000000e+00
    endloop
  endfacet
  facet normal 0.000000e+00 0.000000e+00 -1.000000e+00
    outer loop
      vertex -5.060985e+01 -1.671924e+01 0.000000e+00
      vertex 0.000000e+00 0.000000e+00 0.000000e+00
      vertex -5.018430e+01 -1.795623e+01 0.000000e+00
    endloop
  endfacet
  facet normal 0.000000e+00 0.000000e+00 -1.000000e+00
    outer loop
      vertex -5.018430e+01 -1.795623e+01 0.000000e+00
      vertex 0.000000e+00 0.000000e+00 0.000000e+00
      vertex -4.972852e+01 -1.918241e+01 0.000000e+00
    endloop
  endfacet
  facet normal 0.000000e+00 0.000000e+00 -1.000000e+00
    outer loop
      vertex -4.972852e+01 -1.918241e+01 0.000000e+00
      vertex 0.000000e+00 0.000000e+00 0.000000e+00
      vertex -4.924278e+01 -2.039703e+01 0.000000e+00
    endloop
  endfacet
  facet normal 0.000000e+00 0.000000e+00 -1.000000e+00
    outer loop
      vertex -4.924278e+01 -2.039703e+01 0.000000e+00
      vertex 0.000000e+00 0.000000e+00 0.000000e+00
      vertex -4.872738e+01 -2.159936e+01 0.000000e+00
    endloop
  endfacet
  facet normal 0.000000e+00 0.000000e+00 -1.000000e+00
    outer loop
      vertex -4.872738e+01 -2.159936e+01 0.000000e+00
      vertex 0.000000e+00 0.000000e+00 0.000000e+00
      vertex -4.818263e+01 -2.278869e+01 0.000000e+00
    endloop
  endfacet
  facet normal 0.000000e+00 0.000000e+00 -1.000000e+00
    outer loop
      vertex -4.818263e+01 -2.278869e+01 0.000000e+00
      vertex 0.000000e+00 0.000000e+00 0.000000e+00
      vertex -4.760886e+01 -2.396428e+01 0.000000e+00
    endloop
  endfacet
  facet normal 0.000000e+00 0.000000e+00 -1.000000e+00
    outer loop
      vertex -4.760886e+01 -2.396428e+01 0.000000e+00
      vertex 0.000000e+00 0.000000e+00 0.000000e+00
      vertex -4.700640e+01 -2.512545e+01 0.000000e+00
    endloop
  endfacet
  facet normal 0.000000e+00 0.000000e+00 -1.000000e+00
    outer loop
      vertex -4.700640e+01 -2.512545e+01 0.000000e+00
      vertex 0.000000e+00 0.000000e+00 0.000000e+00
      vertex -4.637564e+01 -2.627147e+01 0.000000e+00
    endloop
  endfacet
  facet normal 0.000000e+00 0.000000e+00 -1.000000e+00
    outer loop
      vertex -4.637564e+01 -2.627147e+01 0.000000e+00
      vertex 0.000000e+00 0.000000e+00 0.000000e+00
      vertex -4.571693e+01 -2.740168e+01 0.000000e+00
    endloop
  endfacet
  facet normal 0.000000e+00 0.000000e+00 -1.000000e+00
    outer loop
      vertex -4.571693e+01 -2.740168e+01 0.000000e+00
      vertex 0.000000e+00 0.000000e+00 0.000000e+00
      vertex -4.503070e+01 -2.851537e+01 0.000000e+00
    endloop
  endfacet
  facet normal 0.000000e+00 0.000000e+00 -1.000000e+00
    outer loop
      vertex -4.503070e+01 -2.851537e+01 0.000000e+00
      vertex 0.000000e+00 0.000000e+00 0.000000e+00
      vertex -4.431733e+01 -2.961189e+01 0.000000e+00
    endloop
  endfacet
  facet normal 0.000000e+00 0.000000e+00 -1.000000e+00
    outer loop
      vertex -4.431733e+01 -2.961189e+01 0.000000e+00
      vertex 0.000000e+00 0.000000e+00 0.000000e+00
      vertex -4.357727e+01 -3.069058e+01 0.000000e+00
    endloop
  endfacet
  facet normal 0.000000e+00 0.000000e+00 -1.000000e+00
    outer loop
      vertex -4.357727e+01 -3.069058e+01 0.000000e+00
      vertex 0.000000e+00 0.000000e+00 0.000000e+00
      vertex -4.281096e+01 -3.175077e+01 0.000000e+00
    endloop
  endfacet
  facet normal 0.000000e+00 0.000000e+00 -1.000000e+00
    outer loop
      vertex -4.281096e+01 -3.175077e+01 0.000000e+00
      vertex 0.000000e+00 0.000000e+00 0.000000e+00
      vertex -4.201886e+01 -3.279184e+01 0.000000e+00
    endloop
  endfacet
  facet normal 0.000000e+00 0.000000e+00 -1.000000e+00
    outer loop
      vertex -4.201886e+01 -3.279184e+01 0.000000e+00
      vertex 0.000000e+00 0.000000e+00 0.000000e+00
      vertex -4.120146e+01 -3.381316e+01 0.000000e+00
    endloop
  endfacet
  facet normal 0.000000e+00 0.000000e+00 -1.000000e+00
    outer loop
      vertex -4.120146e+01 -3.381316e+01 0.000000e+00
      vertex 0.000000e+00 0.000000e+00 0.000000e+00
      vertex -4.035923e+01 -3.481411e+01 0.000000e+00
    endloop
  endfacet
  facet normal 0.000000e+00 0.000000e+00 -1.000000e+00
    outer loop
      vertex -4.035923e+01 -3.481411e+01 0.000000e+00
      vertex 0.000000e+00 0.000000e+00 0.000000e+00
      vertex -3.949269e+01 -3.579409e+01 0.000000e+00
    endloop
  endfacet
  facet normal 0.000000e+00 0.000000e+00 -1.000000e+00
    outer loop
      vertex -3.949269e+01 -3.579409e+01 0.000000e+00
      vertex 0.000000e+00 0.000000e+00 0.000000e+00
      vertex -3.860237e+01 -3.675251e+01 0.000000e+00
    endloop
  endfacet
  facet normal 0.000000e+00 0.000000e+00 -1.000000e+00
    outer loop
      vertex -3.860237e+01 -3.675251e+01 0.000000e+00
      vertex 0.000000e+00 0.000000e+00 0.000000e+00
      vertex -3.768879e+01 -3.768879e+01 0.000000e+00
    endloop
  endfacet
  facet normal 0.000000e+00 0.000000e+00 -1.000000e+00
    outer loop
      vertex -3.768879e+01 -3.768879e+01 0.000000e+00
      vertex 0.000000e+00 0.000000e+00 0.000000e+00
      vertex -3.675251e+01 -3.860237e+01 0.000000e+00
    endloop
  endfacet
  facet normal 0.000000e+00 0.000000e+00 -1.000000e+00
    outer loop
      vertex -3.675251e+01 -3.860237e+01 0.000000e+00
      vertex 0.000000e+00 0.000000e+00 0.000000e+00
      vertex -3.579409e+01 -3.949269e+01 0.000000e+00
    endloop
  endfacet
  facet normal 0.000000e+00 0.000000e+00 -1.000000e+00
    outer loop
      vertex -3.579409e+01 -3.949269e+01 0.000000e+00
      vertex 0.000000e+00 0.000000e+00 0.000000e+00
      vertex -3.481411e+01 -4.035923e+01 0.000000e+00
    endloop
  endfacet
  facet normal 0.000000e+00 0.000000e+00 -1.000000e+00
    outer loop
      vertex -3.481411e+01 -4.035923e+01 0.000000e+00
      vertex 0.000000e+00 0.000000e+00 0.000000e+00
      vertex -3.381316e+01 -4.120146e+01 0.000000e+00
    endloop
  endfacet
  facet normal 0.000000e+00 0.000000e+00 -1.000000e+00
    outer loop
      vertex -3.381316e+01 -4.120146e+01 0.000000e+00
      vertex 0.000000e+00 0.000000e+00 0.000000e+00
      vertex -3.279184e+01 -4.201886e+01 0.000000e+00
    endloop
  endfacet
  facet normal 0.000000e+00 0.000000e+00 -1.000000e+00
    outer loop
      vertex -3.279184e+01 -4.201886e+01 0.000000e+00
      vertex 0.000000e+00 0.000000e+00 0.000000e+00
      vertex -3.175077e+01 -4.281096e+01 0.000000e+00
    endloop
  endfacet
  facet normal 0.000000e+00 0.000000e+00 -1.000000e+00
    outer loop
      vertex -3.175077e+01 -4.281096e+01 0.000000e+00
      vertex 0.000000e+00 0.000000e+00 0.000000e+00
      vertex -3.069058e+01 -4.357727e+01 0.000000e+00
    endloop
  endfacet
  facet normal 0.000000e+00 0.000000e+00 -1.000000e+00
    outer loop
      vertex -3.069058e+01 -4.357727e+01 0.000000e+00
      vertex 0.000000e+00 0.000000e+00 0.000000e+00
      vertex -2.961189e+01 -4.431733e+01 0.000000e+00
    endloop
  endfacet
  facet normal 0.000000e+00 0.000000e+00 -1.000000e+00
    outer loop
      vertex -2.961189e+01 -4.431733e+01 0.000000e+00
      vertex 0.000000e+00 0.000000e+00 0.000000e+00
      vertex -2.851537e+01 -4.503070e+01 0.000000e+00
    endloop
  endfacet
  facet normal 0.000000e+00 0.000000e+00 -1.000000e+00
    outer loop
      vertex -2.851537e+01 -4.503070e+01 0.000000e+00
      vertex 0.000000e+00 0.000000e+00 0.000000e+00
      vertex -2.740168e+01 -4.571693e+01 0.000000e+00
    endloop
  endfacet
  facet normal 0.000000e+00 0.000000e+00 -1.000000e+00
    outer loop
      vertex -2.740168e+01 -4.571693e+01 0.000000e+00
      vertex 0.000000e+00 0.000000e+00 0.000000e+00
      vertex -2.627147e+01 -4.637564e+01 0.000000e+00
    endloop
  endfacet
  facet normal 0.000000e+00 0.000000e+00 -1.000000e+00
    outer loop
      vertex -2.627147e+01 -4.637564e+01 0.000000e+00
      vertex 0.000000e+00 0.000000e+00 0.000000e+00
      vertex -2.512545e+01 -4.700640e+01 0.000000e+00
    endloop
  endfacet
  facet normal 0.000000e+00 0.000000e+00 -1.000000e+00
    outer loop
      vertex -2.512545e+01 -4.700640e+01 0.000000e+00
      vertex 0.000000e+00 0.000000e+00 0.000000e+00
      vertex -2.396428e+01 -4.760886e+01 0.000000e+00
    endloop
  endfacet
  facet normal 0.000000e+00 0.000000e+00 -1.000000e+00
    outer loop
      vertex -2.396428e+01 -4.760886e+01 0.000000e+00
      vertex 0.000000e+00 0.000000e+00 0.000000e+00
      vertex -2.278869e+01 -4.818263e+01 0.000000e+00
    endloop
  endfacet
  facet normal 0.000000e+00 0.000000e+00 -1.000000e+00
    outer loop
      vertex -2.278869e+01 -4.818263e+01 0.000000e+00
      vertex 0.000000e+00 0.000000e+00 0.000000e+00
      vertex -2.159936e+01 -4.872738e+01 0.000000e+00
    endloop
  endfacet
  facet normal 0.000000e+00 0.000000e+00 -1.000000e+00
    outer loop
      vertex -2.159936e+01 -4.872738e+01 0.000000e+00
      vertex 0.000000e+00 0.000000e+00 0.000000e+00
      vertex -2.039703e+01 -4.924278e+01 0.000000e+00
    endloop
  endfacet
  facet normal 0.000000e+00 0.000000e+00 -1.000000e+00
    outer loop
      vertex -2.039703e+01 -4.924278e+01 0.000000e+00
      vertex 0.000000e+00 0.000000e+00 0.000000e+00
      vertex -1.918241e+01 -4.972852e+01 0.000000e+00
    endloop
  endfacet
  facet normal 0.000000e+00 0.000000e+00 -1.000000e+00
    outer loop
      vertex -1.918241e+01 -4.972852e+01 0.000000e+00
      vertex 0.000000e+00 0.000000e+00 0.000000e+00
      vertex -1.795623e+01 -5.018430e+01 0.000000e+00
    endloop
  endfacet
  facet normal 0.000000e+00 0.000000e+00 -1.000000e+00
    outer loop
      vertex -1.795623e+01 -5.018430e+01 0.000000e+00
      vertex 0.000000e+00 0.000000e+00 0.000000e+00
      vertex -1.671924e+01 -5.060985e+01 0.000000e+00
    endloop
  endfacet
  facet normal 0.000000e+00 0.000000e+00 -1.000000e+00
    outer loop
      vertex -1.671924e+01 -5.060985e+01 0.000000e+00
      vertex 0.000000e+00 0.000000e+00 0.000000e+00
      vertex -1.547217e+01 -5.100492e+01 0.000000e+00
    endloop
  endfacet
  facet normal 0.000000e+00 0.000000e+00 -1.000000e+00
    outer loop
      vertex -1.547217e+01 -5.100492e+01 0.000000e+00
      vertex 0.000000e+00 0.000000e+00 0.000000e+00
      vertex -1.421579e+01 -5.136926e+01 0.000000e+00
    endloop
  endfacet
  facet normal 0.000000e+00 0.000000e+00 -1.000000e+00
    outer loop
      vertex -1.421579e+01 -5.136926e+01 0.000000e+00
      vertex 0.000000e+00 0.000000e+00 0.000000e+00
      vertex -1.295084e+01 -5.170267e+01 0.000000e+00
    endloop
  endfacet
  facet normal 0.000000e+00 0.000000e+00 -1.000000e+00
    outer loop
      vertex -1.295084e+01 -5.170267e+01 0.000000e+00
      vertex 0.000000e+00 0.000000e+00 0.000000e+00
      vertex -1.167810e+01 -5.200492e+01 0.000000e+00
    endloop
  endfacet
  facet normal 0.000000e+00 0.000000e+00 -1.000000e+00
    outer loop
      vertex -1.167810e+01 -5.200492e+01 0.000000e+00
      vertex 0.000000e+00 0.000000e+00 0.000000e+00
      vertex -1.039831e+01 -5.227586e+01 0.000000e+00
    endloop
  endfacet
  facet normal 0.000000e+00 0.000000e+00 -1.000000e+00
    outer loop
      vertex -1.039831e+01 -5.227586e+01 0.000000e+00
      vertex 0.000000e+00 0.000000e+00 0.000000e+00
      vertex -9.112269e+00 -5.251530e+01 0.000000e+00
    endloop
  endfacet
  facet normal 0.000000e+00 0.000000e+00 -1.000000e+00
    outer loop
      vertex -9.112269e+00 -5.251530e+01 0.000000e+00
      vertex 0.000000e+00 0.000000e+00 0.000000e+00
      vertex -7.820734e+00 -5.272311e+01 0.000000e+00
    endloop
  endfacet
  facet normal 0.000000e+00 0.000000e+00 -1.000000e+00
    outer loop
      vertex -7.820734e+00 -5.272311e+01 0.000000e+00
      vertex 0.000000e+00 0.000000e+00 0.000000e+00
      vertex -6.524489e+00 -5.289916e+01 0.000000e+00
    endloop
  endfacet
  facet normal 0.000000e+00 0.000000e+00 -1.000000e+00
    outer loop
      vertex -6.524489e+00 -5.289916e+01 0.000000e+00
      vertex 0.000000e+00 0.000000e+00 0.000000e+00
      vertex -5.224314e+00 -5.304335e+01 0.000000e+00
    endloop
  endfacet
  facet normal 0.000000e+00 0.000000e+00 -1.000000e+00
    outer loop
      vertex -5.224314e+00 -5.304335e+01 0.000000e+00
      vertex 0.000000e+00 0.000000e+00 0.000000e+00
      vertex -3.920991e+00 -5.315558e+01 0.000000e+00
    endloop
  endfacet
  facet normal 0.000000e+00 0.000000e+00 -1.000000e+00
    outer loop
      vertex -3.920991e+00 -5.315558e+01 0.000000e+00
      vertex 0.000000e+00 0.000000e+00 0.000000e+00
      vertex -2.615307e+00 -5.323580e+01 0.000000e+00
    endloop
  endfacet
  facet normal 0.000000e+00 0.000000e+00 -1.000000e+00
    outer loop
      vertex -2.615307e+00 -5.323580e+01 0.000000e+00
      vertex 0.000000e+00 0.000000e+00 0.000000e+00
      vertex -1.308047e+00 -5.328395e+01 0.000000e+00
    endloop
  endfacet
  facet normal 0.000000e+00 0.000000e+00 -1.000000e+00
    outer loop
      vertex -1.308047e+00 -5.328395e+01 0.000000e+00
      vertex 0.000000e+00 0.000000e+00 0.000000e+00
      vertex -9.791051e-15 -5.330000e+01 0.000000e+00
    endloop
  endfacet
  facet normal 0.000000e+00 0.000000e+00 -1.000000e+00
    outer loop
      vertex -9.791051e-15 -5.330000e+01 0.000000e+00
      vertex 0.000000e+00 0.000000e+00 0.000000e+00
      vertex 1.308047e+00 -5.328395e+01 0.000000e+00
    endloop
  endfacet
  facet normal 0.000000e+00 0.000000e+00 -1.000000e+00
    outer loop
      vertex 1.308047e+00 -5.328395e+01 0.000000e+00
      vertex 0.000000e+00 0.000000e+00 0.000000e+00
      vertex 2.615307e+00 -5.323580e+01 0.000000e+00
    endloop
  endfacet
  facet normal 0.000000e+00 0.000000e+00 -1.000000e+00
    outer loop
      vertex 2.615307e+00 -5.323580e+01 0.000000e+00
      vertex 0.000000e+00 0.000000e+00 0.000000e+00
      vertex 3.920991e+00 -5.315558e+01 0.000000e+00
    endloop
  endfacet
  facet normal 0.000000e+00 0.000000e+00 -1.000000e+00
    outer loop
      vertex 3.920991e+00 -5.315558e+01 0.000000e+00
      vertex 0.000000e+00 0.000000e+00 0.000000e+00
      vertex 5.224314e+00 -5.304335e+01 0.000000e+00
    endloop
  endfacet
  facet normal 0.000000e+00 0.000000e+00 -1.000000e+00
    outer loop
      vertex 5.224314e+00 -5.304335e+01 0.000000e+00
      vertex 0.000000e+00 0.000000e+00 0.000000e+00
      vertex 6.524489e+00 -5.289916e+01 0.000000e+00
    endloop
  endfacet
  facet normal 0.000000e+00 0.000000e+00 -1.000000e+00
    outer loop
      vertex 6.524489e+00 -5.289916e+01 0.000000e+00
      vertex 0.000000e+00 0.000000e+00 0.000000e+00
      vertex 7.820734e+00 -5.272311e+01 0.000000e+00
    endloop
  endfacet
  facet normal 0.000000e+00 0.000000e+00 -1.000000e+00
    outer loop
      vertex 7.820734e+00 -5.272311e+01 0.000000e+00
      vertex 0.000000e+00 0.000000e+00 0.000000e+00
      vertex 9.112269e+00 -5.251530e+01 0.000000e+00
    endloop
  endfacet
  facet normal 0.000000e+00 0.000000e+00 -1.000000e+00
    outer loop
      vertex 9.112269e+00 -5.251530e+01 0.000000e+00
      vertex 0.000000e+00 0.000000e+00 0.000000e+00
      vertex 1.039831e+01 -5.227586e+01 0.000000e+00
    endloop
  endfacet
  facet normal 0.000000e+00 0.000000e+00 -1.000000e+00
    outer loop
      vertex 1.039831e+01 -5.227586e+01 0.000000e+00
      vertex 0.000000e+00 0.000000e+00 0.000000e+00
      vertex 1.167810e+01 -5.200492e+01 0.000000e+00
    endloop
  endfacet
  facet normal 0.000000e+00 0.000000e+00 -1.000000e+00
    outer loop
      vertex 1.167810e+01 -5.200492e+01 0.000000e+00
      vertex 0.000000e+00 0.000000e+00 0.000000e+00
      vertex 1.295084e+01 -5.170267e+01 0.000000e+00
    endloop
  endfacet
  facet normal 0.000000e+00 0.000000e+00 -1.000000e+00
    outer loop
      vertex 1.295084e+01 -5.170267e+01 0.000000e+00
      vertex 0.000000e+00 0.000000e+00 0.000000e+00
      vertex 1.421579e+01 -5.136926e+01 0.000000e+00
    endloop
  endfacet
  facet normal 0.000000e+00 0.000000e+00 -1.000000e+00
    outer loop
      vertex 1.421579e+01 -5.136926e+01 0.000000e+00
      vertex 0.000000e+00 0.000000e+00 0.000000e+00
      vertex 1.547217e+01 -5.100492e+01 0.000000e+00
    endloop
  endfacet
  facet normal 0.000000e+00 0.000000e+00 -1.000000e+00
    outer loop
      vertex 1.547217e+01 -5.100492e+01 0.000000e+00
      vertex 0.000000e+00 0.000000e+00 0.000000e+00
      vertex 1.671924e+01 -5.060985e+01 0.000000e+00
    endloop
  endfacet
  facet normal 0.000000e+00 0.000000e+00 -1.000000e+00
    outer loop
      vertex 1.671924e+01 -5.060985e+01 0.000000e+00
      vertex 0.000000e+00 0.000000e+00 0.000000e+00
      vertex 1.795623e+01 -5.018430e+01 0.000000e+00
    endloop
  endfacet
  facet normal 0.000000e+00 0.000000e+00 -1.000000e+00
    outer loop
      vertex 1.795623e+01 -5.018430e+01 0.000000e+00
      vertex 0.000000e+00 0.000000e+00 0.000000e+00
      vertex 1.918241e+01 -4.972852e+01 0.000000e+00
    endloop
  endfacet
  facet normal 0.000000e+00 0.000000e+00 -1.000000e+00
    outer loop
      vertex 1.918241e+01 -4.972852e+01 0.000000e+00
      vertex 0.000000e+00 0.000000e+00 0.000000e+00
      vertex 2.039703e+01 -4.924278e+01 0.000000e+00
    endloop
  endfacet
  facet normal 0.000000e+00 0.000000e+00 -1.000000e+00
    outer loop
      vertex 2.039703e+01 -4.924278e+01 0.000000e+00
      vertex 0.000000e+00 0.000000e+00 0.000000e+00
      vertex 2.159936e+01 -4.872738e+01 0.000000e+00
    endloop
  endfacet
  facet normal 0.000000e+00 0.000000e+00 -1.000000e+00
    outer loop
      vertex 2.159936e+01 -4.872738e+01 0.000000e+00
      vertex 0.000000e+00 0.000000e+00 0.000000e+00
      vertex 2.278869e+01 -4.818263e+01 0.000000e+00
    endloop
  endfacet
  facet normal 0.000000e+00 0.000000e+00 -1.000000e+00
    outer loop
      vertex 2.278869e+01 -4.818263e+01 0.000000e+00
      vertex 0.000000e+00 0.000000e+00 0.000000e+00
      vertex 2.396428e+01 -4.760886e+01 0.000000e+00
    endloop
  endfacet
  facet normal 0.000000e+00 0.000000e+00 -1.000000e+00
    outer loop
      vertex 2.396428e+01 -4.760886e+01 0.000000e+00
      vertex 0.000000e+00 0.000000e+00 0.000000e+00
      vertex 2.512545e+01 -4.700640e+01 0.000000e+00
    endloop
  endfacet
  facet normal 0.000000e+00 0.000000e+00 -1.000000e+00
    outer loop
      vertex 2.512545e+01 -4.700640e+01 0.000000e+00
      vertex 0.000000e+00 0.000000e+00 0.000000e+00
      vertex 2.627147e+01 -4.637564e+01 0.000000e+00
    endloop
  endfacet
  facet normal 0.000000e+00 0.000000e+00 -1.000000e+00
    outer loop
      vertex 2.627147e+01 -4.637564e+01 0.000000e+00
      vertex 0.000000e+00 0.000000e+00 0.000000e+00
      vertex 2.740168e+01 -4.571693e+01 0.000000e+00
    endloop
  endfacet
  facet normal 0.000000e+00 0.000000e+00 -1.000000e+00
    outer loop
      vertex 2.740168e+01 -4.571693e+01 0.000000e+00
      vertex 0.000000e+00 0.000000e+00 0.000000e+00
      vertex 2.851537e+01 -4.503070e+01 0.000000e+00
    endloop
  endfacet
  facet normal 0.000000e+00 0.000000e+00 -1.000000e+00
    outer loop
      vertex 2.851537e+01 -4.503070e+01 0.000000e+00
      vertex 0.000000e+00 0.000000e+00 0.000000e+00
      vertex 2.961189e+01 -4.431733e+01 0.000000e+00
    endloop
  endfacet
  facet normal 0.000000e+00 0.000000e+00 -1.000000e+00
    outer loop
      vertex 2.961189e+01 -4.431733e+01 0.000000e+00
      vertex 0.000000e+00 0.000000e+00 0.000000e+00
      vertex 3.069058e+01 -4.357727e+01 0.000000e+00
    endloop
  endfacet
  facet normal 0.000000e+00 0.000000e+00 -1.000000e+00
    outer loop
      vertex 3.069058e+01 -4.357727e+01 0.000000e+00
      vertex 0.000000e+00 0.000000e+00 0.000000e+00
      vertex 3.175077e+01 -4.281096e+01 0.000000e+00
    endloop
  endfacet
  facet normal 0.000000e+00 0.000000e+00 -1.000000e+00
    outer loop
      vertex 3.175077e+01 -4.281096e+01 0.000000e+00
      vertex 0.000000e+00 0.000000e+00 0.000000e+00
      vertex 3.279184e+01 -4.201886e+01 0.000000e+00
    endloop
  endfacet
  facet normal 0.000000e+00 0.000000e+00 -1.000000e+00
    outer loop
      vertex 3.279184e+01 -4.201886e+01 0.000000e+00
      vertex 0.000000e+00 0.000000e+00 0.000000e+00
      vertex 3.381316e+01 -4.120146e+01 0.000000e+00
    endloop
  endfacet
  facet normal 0.000000e+00 0.000000e+00 -1.000000e+00
    outer loop
      vertex 3.381316e+01 -4.120146e+01 0.000000e+00
      vertex 0.000000e+00 0.000000e+00 0.000000e+00
      vertex 3.481411e+01 -4.035923e+01 0.000000e+00
    endloop
  endfacet
  facet normal 0.000000e+00 0.000000e+00 -1.000000e+00
    outer loop
      vertex 3.481411e+01 -4.035923e+01 0.000000e+00
      vertex 0.000000e+00 0.000000e+00 0.000000e+00
      vertex 3.579409e+01 -3.949269e+01 0.000000e+00
    endloop
  endfacet
  facet normal 0.000000e+00 0.000000e+00 -1.000000e+00
    outer loop
      vertex 3.579409e+01 -3.949269e+01 0.000000e+00
      vertex 0.000000e+00 0.000000e+00 0.000000e+00
      vertex 3.675251e+01 -3.860237e+01 0.000000e+00
    endloop
  endfacet
  facet normal 0.000000e+00 0.000000e+00 -1.000000e+00
    outer loop
      vertex 3.675251e+01 -3.860237e+01 0.000000e+00
      vertex 0.000000e+00 0.000000e+00 0.000000e+00
      vertex 3.768879e+01 -3.768879e+01 0.000000e+00
    endloop
  endfacet
  facet normal 0.000000e+00 0.000000e+00 -1.000000e+00
    outer loop
      vertex 3.768879e+01 -3.768879e+01 0.000000e+00
      vertex 0.000000e+00 0.000000e+00 0.000000e+00
      vertex 3.860237e+01 -3.675251e+01 0.000000e+00
    endloop
  endfacet
  facet normal 0.000000e+00 0.000000e+00 -1.000000e+00
    outer loop
      vertex 3.860237e+01 -3.675251e+01 0.000000e+00
      vertex 0.000000e+00 0.000000e+00 0.000000e+00
      vertex 3.949269e+01 -3.579409e+01 0.000000e+00
    endloop
  endfacet
  facet normal 0.000000e+00 0.000000e+00 -1.000000e+00
    outer loop
      vertex 3.949269e+01 -3.579409e+01 0.000000e+00
      vertex 0.000000e+00 0.000000e+00 0.000000e+00
      vertex 4.035923e+01 -3.481411e+01 0.000000e+00
    endloop
  endfacet
  facet normal 0.000000e+00 0.000000e+00 -1.000000e+00
    outer loop
      vertex 4.035923e+01 -3.481411e+01 0.000000e+00
      vertex 0.000000e+00 0.000000e+00 0.000000e+00
      vertex 4.120146e+01 -3.381316e+01 0.000000e+00
    endloop
  endfacet
  facet normal 0.000000e+00 0.000000e+00 -1.000000e+00
    outer loop
      vertex 4.120146e+01 -3.381316e+01 0.000000e+00
      vertex 0.000000e+00 0.000000e+00 0.000000e+00
      vertex 4.201886e+01 -3.279184e+01 0.000000e+00
    endloop
  endfacet
  facet normal 0.000000e+00 0.000000e+00 -1.000000e+00
    outer loop
      vertex 4.201886e+01 -3.279184e+01 0.000000e+00
      vertex 0.000000e+00 0.000000e+00 0.000000e+00
      vertex 4.281096e+01 -3.175077e+01 0.000000e+00
    endloop
  endfacet
  facet normal 0.000000e+00 0.000000e+00 -1.000000e+00
    outer loop
      vertex 4.281096e+01 -3.175077e+01 0.000000e+00
      vertex 0.000000e+00 0.000000e+00 0.000000e+00
      vertex 4.357727e+01 -3.069058e+01 0.000000e+00
    endloop
  endfacet
  facet normal 0.000000e+00 0.000000e+00 -1.000000e+00
    outer loop
      vertex 4.357727e+01 -3.069058e+01 0.000000e+00
      vertex 0.000000e+00 0.000000e+00 0.000000e+00
      vertex 4.431733e+01 -2.961189e+01 0.000000e+00
    endloop
  endfacet
  facet normal 0.000000e+00 0.000000e+00 -1.000000e+00
    outer loop
      vertex 4.431733e+01 -2.961189e+01 0.000000e+00
      vertex 0.000000e+00 0.000000e+00 0.000000e+00
      vertex 4.503070e+01 -2.851537e+01 0.000000e+00
    endloop
  endfacet
  facet normal 0.000000e+00 0.000000e+00 -1.000000e+00
    outer loop
      vertex 4.503070e+01 -2.851537e+01 0.000000e+00
      vertex 0.000000e+00 0.000000e+00 0.000000e+00
      vertex 4.571693e+01 -2.740168e+01 0.000000e+00
    endloop
  endfacet
  facet normal 0.000000e+00 0.000000e+00 -1.000000e+00
    outer loop
      vertex 4.571693e+01 -2.740168e+01 0.000000e+00
      vertex 0.000000e+00 0.000000e+00 0.000000e+00
      vertex 4.637564e+01 -2.627147e+01 0.000000e+00
    endloop
  endfacet
  facet normal 0.000000e+00 0.000000e+00 -1.000000e+00
    outer loop
      vertex 4.637564e+01 -2.627147e+01 0.000000e+00
      vertex 0.000000e+00 0.000000e+00 0.000000e+00
      vertex 4.700640e+01 -2.512545e+01 0.000000e+00
    endloop
  endfacet
  facet normal 0.000000e+00 0.000000e+00 -1.000000e+00
    outer loop
      vertex 4.700640e+01 -2.512545e+01 0.000000e+00
      vertex 0.000000e+00 0.000000e+00 0.000000e+00
      vertex 4.760886e+01 -2.396428e+01 0.000000e+00
    endloop
  endfacet
  facet normal 0.000000e+00 0.000000e+00 -1.000000e+00
    outer loop
      vertex 4.760886e+01 -2.396428e+01 0.000000e+00
      vertex 0.000000e+00 0.000000e+00 0.000000e+00
      vertex 4.818263e+01 -2.278869e+01 0.000000e+00
    endloop
  endfacet
  facet normal 0.000000e+00 0.000000e+00 -1.000000e+00
    outer loop
      vertex 4.818263e+01 -2.278869e+01 0.000000e+00
      vertex 0.000000e+00 0.000000e+00 0.000000e+00
      vertex 4.872738e+01 -2.159936e+01 0.000000e+00
    endloop
  endfacet
  facet normal 0.000000e+00 0.000000e+00 -1.000000e+00
    outer loop
      vertex 4.872738e+01 -2.159936e+01 0.000000e+00
      vertex 0.000000e+00 0.000000e+00 0.000000e+00
      vertex 4.924278e+01 -2.039703e+01 0.000000e+00
    endloop
  endfacet
  facet normal 0.000000e+00 0.000000e+00 -1.000000e+00
    outer loop
      vertex 4.924278e+01 -2.039703e+01 0.000000e+00
      vertex 0.000000e+00 0.000000e+00 0.000000e+00
      vertex 4.972852e+01 -1.918241e+01 0.000000e+00
    endloop
  endfacet
  facet normal 0.000000e+00 0.000000e+00 -1.000000e+00
    outer loop
      vertex 4.972852e+01 -1.918241e+01 0.000000e+00
      vertex 0.000000e+00 0.000000e+00 0.000000e+00
      vertex 5.018430e+01 -1.795623e+01 0.000000e+00
    endloop
  endfacet
  facet normal 0.000000e+00 0.000000e+00 -1.000000e+00
    outer loop
      vertex 5.018430e+01 -1.795623e+01 0.000000e+00
      vertex 0.000000e+00 0.000000e+00 0.000000e+00
      vertex 5.060985e+01 -1.671924e+01 0.000000e+00
    endloop
  endfacet
  facet normal 0.000000e+00 0.000000e+00 -1.000000e+00
    outer loop
      vertex 5.060985e+01 -1.671924e+01 0.000000e+00
      vertex 0.000000e+00 0.000000e+00 0.000000e+00
      vertex 5.100492e+01 -1.547217e+01 0.000000e+00
    endloop
  endfacet
  facet normal 0.000000e+00 0.000000e+00 -1.000000e+00
    outer loop
      vertex 5.100492e+01 -1.547217e+01 0.000000e+00
      vertex 0.000000e+00 0.000000e+00 0.000000e+00
      vertex 5.136926e+01 -1.421579e+01 0.000000e+00
    endloop
  endfacet
  facet normal 0.000000e+00 0.000000e+00 -1.000000e+00
    outer loop
      vertex 5.136926e+01 -1.421579e+01 0.000000e+00
      vertex 0.000000e+00 0.000000e+00 0.000000e+00
      vertex 5.170267e+01 -1.295084e+01 0.000000e+00
    endloop
  endfacet
  facet normal 0.000000e+00 0.000000e+00 -1.000000e+00
    outer loop
      vertex 5.170267e+01 -1.295084e+01 0.000000e+00
      vertex 0.000000e+00 0.000000e+00 0.000000e+00
      vertex 5.200492e+01 -1.167810e+01 0.000000e+00
    endloop
  endfacet
  facet normal 0.000000e+00 0.000000e+00 -1.000000e+00
    outer loop
      vertex 5.200492e+01 -1.167810e+01 0.000000e+00
      vertex 0.000000e+00 0.000000e+00 0.000000e+00
      vertex 5.227586e+01 -1.039831e+01 0.000000e+00
    endloop
  endfacet
  facet normal 0.000000e+00 0.000000e+00 -1.000000e+00
    outer loop
      vertex 5.227586e+01 -1.039831e+01 0.000000e+00
      vertex 0.000000e+00 0.000000e+00 0.000000e+00
      vertex 5.251530e+01 -9.112269e+00 0.000000e+00
    endloop
  endfacet
  facet normal 0.000000e+00 0.000000e+00 -1.000000e+00
    outer loop
      vertex 5.251530e+01 -9.112269e+00 0.000000e+00
      vertex 0.000000e+00 0.000000e+00 0.000000e+00
      vertex 5.272311e+01 -7.820734e+00 0.000000e+00
    endloop
  endfacet
  facet normal 0.000000e+00 0.000000e+00 -1.000000e+00
    outer loop
      vertex 5.272311e+01 -7.820734e+00 0.000000e+00
      vertex 0.000000e+00 0.000000e+00 0.000000e+00
      vertex 5.289916e+01 -6.524489e+00 0.000000e+00
    endloop
  endfacet
  facet normal 0.000000e+00 0.000000e+00 -1.000000e+00
    outer loop
      vertex 5.289916e+01 -6.524489e+00 0.000000e+00
      vertex 0.000000e+00 0.000000e+00 0.000000e+00
      vertex 5.304335e+01 -5.224314e+00 0.000000e+00
    endloop
  endfacet
  facet normal 0.000000e+00 0.000000e+00 -1.000000e+00
    outer loop
      vertex 5.304335e+01 -5.224314e+00 0.000000e+00
      vertex 0.000000e+00 0.000000e+00 0.000000e+00
      vertex 5.315558e+01 -3.920991e+00 0.000000e+00
    endloop
  endfacet
  facet normal 0.000000e+00 0.000000e+00 -1.000000e+00
    outer loop
      vertex 5.315558e+01 -3.920991e+00 0.000000e+00
      vertex 0.000000e+00 0.000000e+00 0.000000e+00
      vertex 5.323580e+01 -2.615307e+00 0.000000e+00
    endloop
  endfacet
  facet normal 0.000000e+00 0.000000e+00 -1.000000e+00
    outer loop
      vertex 5.323580e+01 -2.615307e+00 0.000000e+00
      vertex 0.000000e+00 0.000000e+00 0.000000e+00
      vertex 5.328395e+01 -1.308047e+00 0.000000e+00
    endloop
  endfacet
  facet normal 0.000000e+00 0.000000e+00 -1.000000e+00
    outer loop
      vertex 5.328395e+01 -1.308047e+00 0.000000e+00
      vertex 0.000000e+00 0.000000e+00 0.000000e+00
      vertex 5.330000e+01 0.000000e+00 0.000000e+00
    endloop
  endfacet
  facet normal 0.000000e+00 0.000000e+00 1.000000e+00
    outer loop
      vertex 5.080000e+01 0.000000e+00 5.000000e-01
      vertex 5.078470e+01 1.246694e+00 5.000000e-01
      vertex 0.000000e+00 0.000000e+00 5.000000e-01
    endloop
  endfacet
  facet normal 0.000000e+00 0.000000e+00 1.000000e+00
    outer loop
      vertex 5.078470e+01 1.246694e+00 5.000000e-01
      vertex 5.073881e+01 2.492638e+00 5.000000e-01
      vertex 0.000000e+00 0.000000e+00 5.000000e-01
    endloop
  endfacet
  facet normal 0.000000e+00 0.000000e+00 1.000000e+00
    outer loop
      vertex 5.073881e+01 2.492638e+00 5.000000e-01
      vertex 5.066236e+01 3.737080e+00 5.000000e-01
      vertex 0.000000e+00 0.000000e+00 5.000000e-01
    endloop
  endfacet
  facet normal 0.000000e+00 0.000000e+00 1.000000e+00
    outer loop
      vertex 5.066236e+01 3.737080e+00 5.000000e-01
      vertex 5.055538e+01 4.979271e+00 5.000000e-01
      vertex 0.000000e+00 0.000000e+00 5.000000e-01
    endloop
  endfacet
  facet normal 0.000000e+00 0.000000e+00 1.000000e+00
    outer loop
      vertex 5.055538e+01 4.979271e+00 5.000000e-01
      vertex 5.041796e+01 6.218462e+00 5.000000e-01
      vertex 0.000000e+00 0.000000e+00 5.000000e-01
    endloop
  endfacet
  facet normal 0.000000e+00 0.000000e+00 1.000000e+00
    outer loop
      vertex 5.041796e+01 6.218462e+00 5.000000e-01
      vertex 5.025017e+01 7.453908e+00 5.000000e-01
      vertex 0.000000e+00 0.000000e+00 5.000000e-01
    endloop
  endfacet
  facet normal 0.000000e+00 0.000000e+00 1.000000e+00
    outer loop
      vertex 5.025017e+01 7.453908e+00 5.000000e-01
      vertex 5.005210e+01 8.684864e+00 5.000000e-01
      vertex 0.000000e+00 0.000000e+00 5.000000e-01
    endloop
  endfacet
  facet normal 0.000000e+00 0.000000e+00 1.000000e+00
    outer loop
      vertex 5.005210e+01 8.684864e+00 5.000000e-01
      vertex 4.982389e+01 9.910588e+00 5.000000e-01
      vertex 0.000000e+00 0.000000e+00 5.000000e-01
    endloop
  endfacet
  facet normal 0.000000e+00 0.000000e+00 1.000000e+00
    outer loop
      vertex 4.982389e+01 9.910588e+00 5.000000e-01
      vertex 4.956567e+01 1.113034e+01 5.000000e-01
      vertex 0.000000e+00 0.000000e+00 5.000000e-01
    endloop
  endfacet
  facet normal 0.000000e+00 0.000000e+00 1.000000e+00
    outer loop
      vertex 4.956567e+01 1.113034e+01 5.000000e-01
      vertex 4.927759e+01 1.234339e+01 5.000000e-01
      vertex 0.000000e+00 0.000000e+00 5.000000e-01
    endloop
  endfacet
  facet normal 0.000000e+00 0.000000e+00 1.000000e+00
    outer loop
      vertex 4.927759e+01 1.234339e+01 5.000000e-01
      vertex 4.895982e+01 1.354901e+01 5.000000e-01
      vertex 0.000000e+00 0.000000e+00 5.000000e-01
    endloop
  endfacet
  facet normal 0.000000e+00 0.000000e+00 1.000000e+00
    outer loop
      vertex 4.895982e+01 1.354901e+01 5.000000e-01
      vertex 4.861257e+01 1.474646e+01 5.000000e-01
      vertex 0.000000e+00 0.000000e+00 5.000000e-01
    endloop
  endfacet
  facet normal 0.000000e+00 0.000000e+00 1.000000e+00
    outer loop
      vertex 4.861257e+01 1.474646e+01 5.000000e-01
      vertex 4.823603e+01 1.593503e+01 5.000000e-01
      vertex 0.000000e+00 0.000000e+00 5.000000e-01
    endloop
  endfacet
  facet normal 0.000000e+00 0.000000e+00 1.000000e+00
    outer loop
      vertex 4.823603e+01 1.593503e+01 5.000000e-01
      vertex 4.783044e+01 1.711400e+01 5.000000e-01
      vertex 0.000000e+00 0.000000e+00 5.000000e-01
    endloop
  endfacet
  facet normal 0.000000e+00 0.000000e+00 1.000000e+00
    outer loop
      vertex 4.783044e+01 1.711400e+01 5.000000e-01
      vertex 4.739603e+01 1.828267e+01 5.000000e-01
      vertex 0.000000e+00 0.000000e+00 5.000000e-01
    endloop
  endfacet
  facet normal 0.000000e+00 0.000000e+00 1.000000e+00
    outer loop
      vertex 4.739603e+01 1.828267e+01 5.000000e-01
      vertex 4.693308e+01 1.944032e+01 5.000000e-01
      vertex 0.000000e+00 0.000000e+00 5.000000e-01
    endloop
  endfacet
  facet normal 0.000000e+00 0.000000e+00 1.000000e+00
    outer loop
      vertex 4.693308e+01 1.944032e+01 5.000000e-01
      vertex 4.644186e+01 2.058626e+01 5.000000e-01
      vertex 0.000000e+00 0.000000e+00 5.000000e-01
    endloop
  endfacet
  facet normal 0.000000e+00 0.000000e+00 1.000000e+00
    outer loop
      vertex 4.644186e+01 2.058626e+01 5.000000e-01
      vertex 4.592266e+01 2.171980e+01 5.000000e-01
      vertex 0.000000e+00 0.000000e+00 5.000000e-01
    endloop
  endfacet
  facet normal 0.000000e+00 0.000000e+00 1.000000e+00
    outer loop
      vertex 4.592266e+01 2.171980e+01 5.000000e-01
      vertex 4.537579e+01 2.284026e+01 5.000000e-01
      vertex 0.000000e+00 0.000000e+00 5.000000e-01
    endloop
  endfacet
  facet normal 0.000000e+00 0.000000e+00 1.000000e+00
    outer loop
      vertex 4.537579e+01 2.284026e+01 5.000000e-01
      vertex 4.480160e+01 2.394695e+01 5.000000e-01
      vertex 0.000000e+00 0.000000e+00 5.000000e-01
    endloop
  endfacet
  facet normal 0.000000e+00 0.000000e+00 1.000000e+00
    outer loop
      vertex 4.480160e+01 2.394695e+01 5.000000e-01
      vertex 4.420042e+01 2.503923e+01 5.000000e-01
      vertex 0.000000e+00 0.000000e+00 5.000000e-01
    endloop
  endfacet
  facet normal 0.000000e+00 0.000000e+00 1.000000e+00
    outer loop
      vertex 4.420042e+01 2.503923e+01 5.000000e-01
      vertex 4.357261e+01 2.611642e+01 5.000000e-01
      vertex 0.000000e+00 0.000000e+00 5.000000e-01
    endloop
  endfacet
  facet normal 0.000000e+00 0.000000e+00 1.000000e+00
    outer loop
      vertex 4.357261e+01 2.611642e+01 5.000000e-01
      vertex 4.291856e+01 2.717788e+01 5.000000e-01
      vertex 0.000000e+00 0.000000e+00 5.000000e-01
    endloop
  endfacet
  facet normal 0.000000e+00 0.000000e+00 1.000000e+00
    outer loop
      vertex 4.291856e+01 2.717788e+01 5.000000e-01
      vertex 4.223866e+01 2.822297e+01 5.000000e-01
      vertex 0.000000e+00 0.000000e+00 5.000000e-01
    endloop
  endfacet
  facet normal 0.000000e+00 0.000000e+00 1.000000e+00
    outer loop
      vertex 4.223866e+01 2.822297e+01 5.000000e-01
      vertex 4.153331e+01 2.925106e+01 5.000000e-01
      vertex 0.000000e+00 0.000000e+00 5.000000e-01
    endloop
  endfacet
  facet normal 0.000000e+00 0.000000e+00 1.000000e+00
    outer loop
      vertex 4.153331e+01 2.925106e+01 5.000000e-01
      vertex 4.080294e+01 3.026152e+01 5.000000e-01
      vertex 0.000000e+00 0.000000e+00 5.000000e-01
    endloop
  endfacet
  facet normal 0.000000e+00 0.000000e+00 1.000000e+00
    outer loop
      vertex 4.080294e+01 3.026152e+01 5.000000e-01
      vertex 4.004800e+01 3.125376e+01 5.000000e-01
      vertex 0.000000e+00 0.000000e+00 5.000000e-01
    endloop
  endfacet
  facet normal 0.000000e+00 0.000000e+00 1.000000e+00
    outer loop
      vertex 4.004800e+01 3.125376e+01 5.000000e-01
      vertex 3.926893e+01 3.222718e+01 5.000000e-01
      vertex 0.000000e+00 0.000000e+00 5.000000e-01
    endloop
  endfacet
  facet normal 0.000000e+00 0.000000e+00 1.000000e+00
    outer loop
      vertex 3.926893e+01 3.222718e+01 5.000000e-01
      vertex 3.846621e+01 3.318118e+01 5.000000e-01
      vertex 0.000000e+00 0.000000e+00 5.000000e-01
    endloop
  endfacet
  facet normal 0.000000e+00 0.000000e+00 1.000000e+00
    outer loop
      vertex 3.846621e+01 3.318118e+01 5.000000e-01
      vertex 3.764032e+01 3.411519e+01 5.000000e-01
      vertex 0.000000e+00 0.000000e+00 5.000000e-01
    endloop
  endfacet
  facet normal 0.000000e+00 0.000000e+00 1.000000e+00
    outer loop
      vertex 3.764032e+01 3.411519e+01 5.000000e-01
      vertex 3.679175e+01 3.502866e+01 5.000000e-01
      vertex 0.000000e+00 0.000000e+00 5.000000e-01
    endloop
  endfacet
  facet normal 0.000000e+00 0.000000e+00 1.000000e+00
    outer loop
      vertex 3.679175e+01 3.502866e+01 5.000000e-01
      vertex 3.592102e+01 3.592102e+01 5.000000e-01
      vertex 0.000000e+00 0.000000e+00 5.000000e-01
    endloop
  endfacet
  facet normal 0.000000e+00 0.000000e+00 1.000000e+00
    outer loop
      vertex 3.592102e+01 3.592102e+01 5.000000e-01
      vertex 3.502866e+01 3.679175e+01 5.000000e-01
      vertex 0.000000e+00 0.000000e+00 5.000000e-01
    endloop
  endfacet
  facet normal 0.000000e+00 0.000000e+00 1.000000e+00
    outer loop
      vertex 3.502866e+01 3.679175e+01 5.000000e-01
      vertex 3.411519e+01 3.764032e+01 5.000000e-01
      vertex 0.000000e+00 0.000000e+00 5.000000e-01
    endloop
  endfacet
  facet normal 0.000000e+00 0.000000e+00 1.000000e+00
    outer loop
      vertex 3.411519e+01 3.764032e+01 5.000000e-01
      vertex 3.318118e+01 3.846621e+01 5.000000e-01
      vertex 0.000000e+00 0.000000e+00 5.000000e-01
    endloop
  endfacet
  facet normal 0.000000e+00 0.000000e+00 1.000000e+00
    outer loop
      vertex 3.318118e+01 3.846621e+01 5.000000e-01
      vertex 3.222718e+01 3.926893e+01 5.000000e-01
      vertex 0.000000e+00 0.000000e+00 5.000000e-01
    endloop
  endfacet
  facet normal 0.000000e+00 0.000000e+00 1.000000e+00
    outer loop
      vertex 3.222718e+01 3.926893e+01 5.000000e-01
      vertex 3.125376e+01 4.004800e+01 5.000000e-01
      vertex 0.000000e+00 0.000000e+00 5.000000e-01
    endloop
  endfacet
  facet normal 0.000000e+00 0.000000e+00 1.000000e+00
    outer loop
      vertex 3.125376e+01 4.004800e+01 5.000000e-01
      vertex 3.026152e+01 4.080294e+01 5.000000e-01
      vertex 0.000000e+00 0.000000e+00 5.000000e-01
    endloop
  endfacet
  facet normal 0.000000e+00 0.000000e+00 1.000000e+00
    outer loop
      vertex 3.026152e+01 4.080294e+01 5.000000e-01
      vertex 2.925106e+01 4.153331e+01 5.000000e-01
      vertex 0.000000e+00 0.000000e+00 5.000000e-01
    endloop
  endfacet
  facet normal 0.000000e+00 0.000000e+00 1.000000e+00
    outer loop
      vertex 2.925106e+01 4.153331e+01 5.000000e-01
      vertex 2.822297e+01 4.223866e+01 5.000000e-01
      vertex 0.000000e+00 0.000000e+00 5.000000e-01
    endloop
  endfacet
  facet normal 0.000000e+00 0.000000e+00 1.000000e+00
    outer loop
      vertex 2.822297e+01 4.223866e+01 5.000000e-01
      vertex 2.717788e+01 4.291856e+01 5.000000e-01
      vertex 0.000000e+00 0.000000e+00 5.000000e-01
    endloop
  endfacet
  facet normal 0.000000e+00 0.000000e+00 1.000000e+00
    outer loop
      vertex 2.717788e+01 4.291856e+01 5.000000e-01
      vertex 2.611642e+01 4.357261e+01 5.000000e-01
      vertex 0.000000e+00 0.000000e+00 5.000000e-01
    endloop
  endfacet
  facet normal 0.000000e+00 0.000000e+00 1.000000e+00
    outer loop
      vertex 2.611642e+01 4.357261e+01 5.000000e-01
      vertex 2.503923e+01 4.420042e+01 5.000000e-01
      vertex 0.000000e+00 0.000000e+00 5.000000e-01
    endloop
  endfacet
  facet normal 0.000000e+00 0.000000e+00 1.000000e+00
    outer loop
      vertex 2.503923e+01 4.420042e+01 5.000000e-01
      vertex 2.394695e+01 4.480160e+01 5.000000e-01
      vertex 0.000000e+00 0.000000e+00 5.000000e-01
    endloop
  endfacet
  facet normal 0.000000e+00 0.000000e+00 1.000000e+00
    outer loop
      vertex 2.394695e+01 4.480160e+01 5.000000e-01
      vertex 2.284026e+01 4.537579e+01 5.000000e-01
      vertex 0.000000e+00 0.000000e+00 5.000000e-01
    endloop
  endfacet
  facet normal 0.000000e+00 0.000000e+00 1.000000e+00
    outer loop
      vertex 2.284026e+01 4.537579e+01 5.000000e-01
      vertex 2.171980e+01 4.592266e+01 5.000000e-01
      vertex 0.000000e+00 0.000000e+00 5.000000e-01
    endloop
  endfacet
  facet normal 0.000000e+00 0.000000e+00 1.000000e+00
    outer loop
      vertex 2.171980e+01 4.592266e+01 5.000000e-01
      vertex 2.058626e+01 4.644186e+01 5.000000e-01
      vertex 0.000000e+00 0.000000e+00 5.000000e-01
    endloop
  endfacet
  facet normal 0.000000e+00 0.000000e+00 1.000000e+00
    outer loop
      vertex 2.058626e+01 4.644186e+01 5.000000e-01
      vertex 1.944032e+01 4.693308e+01 5.000000e-01
      vertex 0.000000e+00 0.000000e+00 5.000000e-01
    endloop
  endfacet
  facet normal 0.000000e+00 0.000000e+00 1.000000e+00
    outer loop
      vertex 1.944032e+01 4.693308e+01 5.000000e-01
      vertex 1.828267e+01 4.739603e+01 5.000000e-01
      vertex 0.000000e+00 0.000000e+00 5.000000e-01
    endloop
  endfacet
  facet normal 0.000000e+00 0.000000e+00 1.000000e+00
    outer loop
      vertex 1.828267e+01 4.739603e+01 5.000000e-01
      vertex 1.711400e+01 4.783044e+01 5.000000e-01
      vertex 0.000000e+00 0.000000e+00 5.000000e-01
    endloop
  endfacet
  facet normal 0.000000e+00 0.000000e+00 1.000000e+00
    outer loop
      vertex 1.711400e+01 4.783044e+01 5.000000e-01
      vertex 1.593503e+01 4.823603e+01 5.000000e-01
      vertex 0.000000e+00 0.000000e+00 5.000000e-01
    endloop
  endfacet
  facet normal 0.000000e+00 0.000000e+00 1.000000e+00
    outer loop
      vertex 1.593503e+01 4.823603e+01 5.000000e-01
      vertex 1.474646e+01 4.861257e+01 5.000000e-01
      vertex 0.000000e+00 0.000000e+00 5.000000e-01
    endloop
  endfacet
  facet normal 0.000000e+00 0.000000e+00 1.000000e+00
    outer loop
      vertex 1.474646e+01 4.861257e+01 5.000000e-01
      vertex 1.354901e+01 4.895982e+01 5.000000e-01
      vertex 0.000000e+00 0.000000e+00 5.000000e-01
    endloop
  endfacet
  facet normal 0.000000e+00 0.000000e+00 1.000000e+00
    outer loop
      vertex 1.354901e+01 4.895982e+01 5.000000e-01
      vertex 1.234339e+01 4.927759e+01 5.000000e-01
      vertex 0.000000e+00 0.000000e+00 5.000000e-01
    endloop
  endfacet
  facet normal 0.000000e+00 0.000000e+00 1.000000e+00
    outer loop
      vertex 1.234339e+01 4.927759e+01 5.000000e-01
      vertex 1.113034e+01 4.956567e+01 5.000000e-01
      vertex 0.000000e+00 0.000000e+00 5.000000e-01
    endloop
  endfacet
  facet normal 0.000000e+00 0.000000e+00 1.000000e+00
    outer loop
      vertex 1.113034e+01 4.956567e+01 5.000000e-01
      vertex 9.910588e+00 4.982389e+01 5.000000e-01
      vertex 0.000000e+00 0.000000e+00 5.000000e-01
    endloop
  endfacet
  facet normal 0.000000e+00 0.000000e+00 1.000000e+00
    outer loop
      vertex 9.910588e+00 4.982389e+01 5.000000e-01
      vertex 8.684864e+00 5.005210e+01 5.000000e-01
      vertex 0.000000e+00 0.000000e+00 5.000000e-01
    endloop
  endfacet
  facet normal 0.000000e+00 0.000000e+00 1.000000e+00
    outer loop
      vertex 8.684864e+00 5.005210e+01 5.000000e-01
      vertex 7.453908e+00 5.025017e+01 5.000000e-01
      vertex 0.000000e+00 0.000000e+00 5.000000e-01
    endloop
  endfacet
  facet normal 0.000000e+00 0.000000e+00 1.000000e+00
    outer loop
      vertex 7.453908e+00 5.025017e+01 5.000000e-01
      vertex 6.218462e+00 5.041796e+01 5.000000e-01
      vertex 0.000000e+00 0.000000e+00 5.000000e-01
    endloop
  endfacet
  facet normal 0.000000e+00 0.000000e+00 1.000000e+00
    outer loop
      vertex 6.218462e+00 5.041796e+01 5.000000e-01
      vertex 4.979271e+00 5.055538e+01 5.000000e-01
      vertex 0.000000e+00 0.000000e+00 5.000000e-01
    endloop
  endfacet
  facet normal 0.000000e+00 0.000000e+00 1.000000e+00
    outer loop
      vertex 4.979271e+00 5.055538e+01 5.000000e-01
      vertex 3.737080e+00 5.066236e+01 5.000000e-01
      vertex 0.000000e+00 0.000000e+00 5.000000e-01
    endloop
  endfacet
  facet normal 0.000000e+00 0.000000e+00 1.000000e+00
    outer loop
      vertex 3.737080e+00 5.066236e+01 5.000000e-01
      vertex 2.492638e+00 5.073881e+01 5.000000e-01
      vertex 0.000000e+00 0.000000e+00 5.000000e-01
    endloop
  endfacet
  facet normal 0.000000e+00 0.000000e+00 1.000000e+00
    outer loop
      vertex 2.492638e+00 5.073881e+01 5.000000e-01
      vertex 1.246694e+00 5.078470e+01 5.000000e-01
      vertex 0.000000e+00 0.000000e+00 5.000000e-01
    endloop
  endfacet
  facet normal 0.000000e+00 0.000000e+00 1.000000e+00
    outer loop
      vertex 1.246694e+00 5.078470e+01 5.000000e-01
      vertex 3.110603e-15 5.080000e+01 5.000000e-01
      vertex 0.000000e+00 0.000000e+00 5.000000e-01
    endloop
  endfacet
  facet normal 0.000000e+00 0.000000e+00 1.000000e+00
    outer loop
      vertex 3.110603e-15 5.080000e+01 5.000000e-01
      vertex -1.246694e+00 5.078470e+01 5.000000e-01
      vertex 0.000000e+00 0.000000e+00 5.000000e-01
    endloop
  endfacet
  facet normal 0.000000e+00 0.000000e+00 1.000000e+00
    outer loop
      vertex -1.246694e+00 5.078470e+01 5.000000e-01
      vertex -2.492638e+00 5.073881e+01 5.000000e-01
      vertex 0.000000e+00 0.000000e+00 5.000000e-01
    endloop
  endfacet
  facet normal 0.000000e+00 0.000000e+00 1.000000e+00
    outer loop
      vertex -2.492638e+00 5.073881e+01 5.000000e-01
      vertex -3.737080e+00 5.066236e+01 5.000000e-01
      vertex 0.000000e+00 0.000000e+00 5.000000e-01
    endloop
  endfacet
  facet normal 0.000000e+00 0.000000e+00 1.000000e+00
    outer loop
      vertex -3.737080e+00 5.066236e+01 5.000000e-01
      vertex -4.979271e+00 5.055538e+01 5.000000e-01
      vertex 0.000000e+00 0.000000e+00 5.000000e-01
    endloop
  endfacet
  facet normal 0.000000e+00 0.000000e+00 1.000000e+00
    outer loop
      vertex -4.979271e+00 5.055538e+01 5.000000e-01
      vertex -6.218462e+00 5.041796e+01 5.000000e-01
      vertex 0.000000e+00 0.000000e+00 5.000000e-01
    endloop
  endfacet
  facet normal 0.000000e+00 0.000000e+00 1.000000e+00
    outer loop
      vertex -6.218462e+00 5.041796e+01 5.000000e-01
      vertex -7.453908e+00 5.025017e+01 5.000000e-01
      vertex 0.000000e+00 0.000000e+00 5.000000e-01
    endloop
  endfacet
  facet normal 0.000000e+00 0.000000e+00 1.000000e+00
    outer loop
      vertex -7.453908e+00 5.025017e+01 5.000000e-01
      vertex -8.684864e+00 5.005210e+01 5.000000e-01
      vertex 0.000000e+00 0.000000e+00 5.000000e-01
    endloop
  endfacet
  facet normal 0.000000e+00 0.000000e+00 1.000000e+00
    outer loop
      vertex -8.684864e+00 5.005210e+01 5.000000e-01
      vertex -9.910588e+00 4.982389e+01 5.000000e-01
      vertex 0.000000e+00 0.000000e+00 5.000000e-01
    endloop
  endfacet
  facet normal 0.000000e+00 0.000000e+00 1.000000e+00
    outer loop
      vertex -9.910588e+00 4.982389e+01 5.000000e-01
      vertex -1.113034e+01 4.956567e+01 5.000000e-01
      vertex 0.000000e+00 0.000000e+00 5.000000e-01
    endloop
  endfacet
  facet normal 0.000000e+00 0.000000e+00 1.000000e+00
    outer loop
      vertex -1.113034e+01 4.956567e+01 5.000000e-01
      vertex -1.234339e+01 4.927759e+01 5.000000e-01
      vertex 0.000000e+00 0.000000e+00 5.000000e-01
    endloop
  endfacet
  facet normal 0.000000e+00 0.000000e+00 1.000000e+00
    outer loop
      vertex -1.234339e+01 4.927759e+01 5.000000e-01
      vertex -1.354901e+01 4.895982e+01 5.000000e-01
      vertex 0.000000e+00 0.000000e+00 5.000000e-01
    endloop
  endfacet
  facet normal 0.000000e+00 0.000000e+00 1.000000e+00
    outer loop
      vertex -1.354901e+01 4.895982e+01 5.000000e-01
      vertex -1.474646e+01 4.861257e+01 5.000000e-01
      vertex 0.000000e+00 0.000000e+00 5.000000e-01
    endloop
  endfacet
  facet normal 0.000000e+00 0.000000e+00 1.000000e+00
    outer loop
      vertex -1.474646e+01 4.861257e+01 5.000000e-01
      vertex -1.593503e+01 4.823603e+01 5.000000e-01
      vertex 0.000000e+00 0.000000e+00 5.000000e-01
    endloop
  endfacet
  facet normal 0.000000e+00 0.000000e+00 1.000000e+00
    outer loop
      vertex -1.593503e+01 4.823603e+01 5.000000e-01
      vertex -1.711400e+01 4.783044e+01 5.000000e-01
      vertex 0.000000e+00 0.000000e+00 5.000000e-01
    endloop
  endfacet
  facet normal 0.000000e+00 0.000000e+00 1.000000e+00
    outer loop
      vertex -1.711400e+01 4.783044e+01 5.000000e-01
      vertex -1.828267e+01 4.739603e+01 5.000000e-01
      vertex 0.000000e+00 0.000000e+00 5.000000e-01
    endloop
  endfacet
  facet normal 0.000000e+00 0.000000e+00 1.000000e+00
    outer loop
      vertex -1.828267e+01 4.739603e+01 5.000000e-01
      vertex -1.944032e+01 4.693308e+01 5.000000e-01
      vertex 0.000000e+00 0.000000e+00 5.000000e-01
    endloop
  endfacet
  facet normal 0.000000e+00 0.000000e+00 1.000000e+00
    outer loop
      vertex -1.944032e+01 4.693308e+01 5.000000e-01
      vertex -2.058626e+01 4.644186e+01 5.000000e-01
      vertex 0.000000e+00 0.000000e+00 5.000000e-01
    endloop
  endfacet
  facet normal 0.000000e+00 0.000000e+00 1.000000e+00
    outer loop
      vertex -2.058626e+01 4.644186e+01 5.000000e-01
      vertex -2.171980e+01 4.592266e+01 5.000000e-01
      vertex 0.000000e+00 0.000000e+00 5.000000e-01
    endloop
  endfacet
  facet normal 0.000000e+00 0.000000e+00 1.000000e+00
    outer loop
      vertex -2.171980e+01 4.592266e+01 5.000000e-01
      vertex -2.284026e+01 4.537579e+01 5.000000e-01
      vertex 0.000000e+00 0.000000e+00 5.000000e-01
    endloop
  endfacet
  facet normal 0.000000e+00 0.000000e+00 1.000000e+00
    outer loop
      vertex -2.284026e+01 4.537579e+01 5.000000e-01
      vertex -2.394695e+01 4.480160e+01 5.000000e-01
      vertex 0.000000e+00 0.000000e+00 5.000000e-01
    endloop
  endfacet
  facet normal 0.000000e+00 0.000000e+00 1.000000e+00
    outer loop
      vertex -2.394695e+01 4.480160e+01 5.000000e-01
      vertex -2.503923e+01 4.420042e+01 5.000000e-01
      vertex 0.000000e+00 0.000000e+00 5.000000e-01
    endloop
  endfacet
  facet normal 0.000000e+00 0.000000e+00 1.000000e+00
    outer loop
      vertex -2.503923e+01 4.420042e+01 5.000000e-01
      vertex -2.611642e+01 4.357261e+01 5.000000e-01
      vertex 0.000000e+00 0.000000e+00 5.000000e-01
    endloop
  endfacet
  facet normal 0.000000e+00 0.000000e+00 1.000000e+00
    outer loop
      vertex -2.611642e+01 4.357261e+01 5.000000e-01
      vertex -2.717788e+01 4.291856e+01 5.000000e-01
      vertex 0.000000e+00 0.000000e+00 5.000000e-01
    endloop
  endfacet
  facet normal 0.000000e+00 0.000000e+00 1.000000e+00
    outer loop
      vertex -2.717788e+01 4.291856e+01 5.000000e-01
      vertex -2.822297e+01 4.223866e+01 5.000000e-01
      vertex 0.000000e+00 0.000000e+00 5.000000e-01
    endloop
  endfacet
  facet normal 0.000000e+00 0.000000e+00 1.000000e+00
    outer loop
      vertex -2.822297e+01 4.223866e+01 5.000000e-01
      vertex -2.925106e+01 4.153331e+01 5.000000e-01
      vertex 0.000000e+00 0.000000e+00 5.000000e-01
    endloop
  endfacet
  facet normal 0.000000e+00 0.000000e+00 1.000000e+00
    outer loop
      vertex -2.925106e+01 4.153331e+01 5.000000e-01
      vertex -3.026152e+01 4.080294e+01 5.000000e-01
      vertex 0.000000e+00 0.000000e+00 5.000000e-01
    endloop
  endfacet
  facet normal 0.000000e+00 0.000000e+00 1.000000e+00
    outer loop
      vertex -3.026152e+01 4.080294e+01 5.000000e-01
      vertex -3.125376e+01 4.004800e+01 5.000000e-01
      vertex 0.000000e+00 0.000000e+00 5.000000e-01
    endloop
  endfacet
  facet normal 0.000000e+00 0.000000e+00 1.000000e+00
    outer loop
      vertex -3.125376e+01 4.004800e+01 5.000000e-01
      vertex -3.222718e+01 3.926893e+01 5.000000e-01
      vertex 0.000000e+00 0.000000e+00 5.000000e-01
    endloop
  endfacet
  facet normal 0.000000e+00 0.000000e+00 1.000000e+00
    outer loop
      vertex -3.222718e+01 3.926893e+01 5.000000e-01
      vertex -3.318118e+01 3.846621e+01 5.000000e-01
      vertex 0.000000e+00 0.000000e+00 5.000000e-01
    endloop
  endfacet
  facet normal 0.000000e+00 0.000000e+00 1.000000e+00
    outer loop
      vertex -3.318118e+01 3.846621e+01 5.000000e-01
      vertex -3.411519e+01 3.764032e+01 5.000000e-01
      vertex 0.000000e+00 0.000000e+00 5.000000e-01
    endloop
  endfacet
  facet normal 0.000000e+00 0.000000e+00 1.000000e+00
    outer loop
      vertex -3.411519e+01 3.764032e+01 5.000000e-01
      vertex -3.502866e+01 3.679175e+01 5.000000e-01
      vertex 0.000000e+00 0.000000e+00 5.000000e-01
    endloop
  endfacet
  facet normal 0.000000e+00 0.000000e+00 1.000000e+00
    outer loop
      vertex -3.502866e+01 3.679175e+01 5.000000e-01
      vertex -3.592102e+01 3.592102e+01 5.000000e-01
      vertex 0.000000e+00 0.000000e+00 5.000000e-01
    endloop
  endfacet
  facet normal 0.000000e+00 0.000000e+00 1.000000e+00
    outer loop
      vertex -3.592102e+01 3.592102e+01 5.000000e-01
      vertex -3.679175e+01 3.502866e+01 5.000000e-01
      vertex 0.000000e+00 0.000000e+00 5.000000e-01
    endloop
  endfacet
  facet normal 0.000000e+00 0.000000e+00 1.000000e+00
    outer loop
      vertex -3.679175e+01 3.502866e+01 5.000000e-01
      vertex -3.764032e+01 3.411519e+01 5.000000e-01
      vertex 0.000000e+00 0.000000e+00 5.000000e-01
    endloop
  endfacet
  facet normal 0.000000e+00 0.000000e+00 1.000000e+00
    outer loop
      vertex -3.764032e+01 3.411519e+01 5.000000e-01
      vertex -3.846621e+01 3.318118e+01 5.000000e-01
      vertex 0.000000e+00 0.000000e+00 5.000000e-01
    endloop
  endfacet
  facet normal 0.000000e+00 0.000000e+00 1.000000e+00
    outer loop
      vertex -3.846621e+01 3.318118e+01 5.000000e-01
      vertex -3.926893e+01 3.222718e+01 5.000000e-01
      vertex 0.000000e+00 0.000000e+00 5.000000e-01
    endloop
  endfacet
  facet normal 0.000000e+00 0.000000e+00 1.000000e+00
    outer loop
      vertex -3.926893e+01 3.222718e+01 5.000000e-01
      vertex -4.004800e+01 3.125376e+01 5.000000e-01
      vertex 0.000000e+00 0.000000e+00 5.000000e-01
    endloop
  endfacet
  facet normal 0.000000e+00 0.000000e+00 1.000000e+00
    outer loop
      vertex -4.004800e+01 3.125376e+01 5.000000e-01
      vertex -4.080294e+01 3.026152e+01 5.000000e-01
      vertex 0.000000e+00 0.000000e+00 5.000000e-01
    endloop
  endfacet
  facet normal 0.000000e+00 0.000000e+00 1.000000e+00
    outer loop
      vertex -4.080294e+01 3.026152e+01 5.000000e-01
      vertex -4.153331e+01 2.925106e+01 5.000000e-01
      vertex 0.000000e+00 0.000000e+00 5.000000e-01
    endloop
  endfacet
  facet normal 0.000000e+00 0.000000e+00 1.000000e+00
    outer loop
      vertex -4.153331e+01 2.925106e+01 5.000000e-01
      vertex -4.223866e+01 2.822297e+01 5.000000e-01
      vertex 0.000000e+00 0.000000e+00 5.000000e-01
    endloop
  endfacet
  facet normal 0.000000e+00 0.000000e+00 1.000000e+00
    outer loop
      vertex -4.223866e+01 2.822297e+01 5.000000e-01
      vertex -4.291856e+01 2.717788e+01 5.000000e-01
      vertex 0.000000e+00 0.000000e+00 5.000000e-01
    endloop
  endfacet
  facet normal 0.000000e+00 0.000000e+00 1.000000e+00
    outer loop
      vertex -4.291856e+01 2.717788e+01 5.000000e-01
      vertex -4.357261e+01 2.611642e+01 5.000000e-01
      vertex 0.000000e+00 0.000000e+00 5.000000e-01
    endloop
  endfacet
  facet normal 0.000000e+00 0.000000e+00 1.000000e+00
    outer loop
      vertex -4.357261e+01 2.611642e+01 5.000000e-01
      vertex -4.420042e+01 2.503923e+01 5.000000e-01
      vertex 0.000000e+00 0.000000e+00 5.000000e-01
    endloop
  endfacet
  facet normal 0.000000e+00 0.000000e+00 1.000000e+00
    outer loop
      vertex -4.420042e+01 2.503923e+01 5.000000e-01
      vertex -4.480160e+01 2.394695e+01 5.000000e-01
      vertex 0.000000e+00 0.000000e+00 5.000000e-01
    endloop
  endfacet
  facet normal 0.000000e+00 0.000000e+00 1.000000e+00
    outer loop
      vertex -4.480160e+01 2.394695e+01 5.000000e-01
      vertex -4.537579e+01 2.284026e+01 5.000000e-01
      vertex 0.000000e+00 0.000000e+00 5.000000e-01
    endloop
  endfacet
  facet normal 0.000000e+00 0.000000e+00 1.000000e+00
    outer loop
      vertex -4.537579e+01 2.284026e+01 5.000000e-01
      vertex -4.592266e+01 2.171980e+01 5.000000e-01
      vertex 0.000000e+00 0.000000e+00 5.000000e-01
    endloop
  endfacet
  facet normal 0.000000e+00 0.000000e+00 1.000000e+00
    outer loop
      vertex -4.592266e+01 2.171980e+01 5.000000e-01
      vertex -4.644186e+01 2.058626e+01 5.000000e-01
      vertex 0.000000e+00 0.000000e+00 5.000000e-01
    endloop
  endfacet
  facet normal 0.000000e+00 0.000000e+00 1.000000e+00
    outer loop
      vertex -4.644186e+01 2.058626e+01 5.000000e-01
      vertex -4.693308e+01 1.944032e+01 5.000000e-01
      vertex 0.000000e+00 0.000000e+00 5.000000e-01
    endloop
  endfacet
  facet normal 0.000000e+00 0.000000e+00 1.000000e+00
    outer loop
      vertex -4.693308e+01 1.944032e+01 5.000000e-01
      vertex -4.739603e+01 1.828267e+01 5.000000e-01
      vertex 0.000000e+00 0.000000e+00 5.000000e-01
    endloop
  endfacet
  facet normal 0.000000e+00 0.000000e+00 1.000000e+00
    outer loop
      vertex -4.739603e+01 1.828267e+01 5.000000e-01
      vertex -4.783044e+01 1.711400e+01 5.000000e-01
      vertex 0.000000e+00 0.000000e+00 5.000000e-01
    endloop
  endfacet
  facet normal 0.000000e+00 0.000000e+00 1.000000e+00
    outer loop
      vertex -4.783044e+01 1.711400e+01 5.000000e-01
      vertex -4.823603e+01 1.593503e+01 5.000000e-01
      vertex 0.000000e+00 0.000000e+00 5.000000e-01
    endloop
  endfacet
  facet normal 0.000000e+00 0.000000e+00 1.000000e+00
    outer loop
      vertex -4.823603e+01 1.593503e+01 5.000000e-01
      vertex -4.861257e+01 1.474646e+01 5.000000e-01
      vertex 0.000000e+00 0.000000e+00 5.000000e-01
    endloop
  endfacet
  facet normal 0.000000e+00 0.000000e+00 1.000000e+00
    outer loop
      vertex -4.861257e+01 1.474646e+01 5.000000e-01
      vertex -4.895982e+01 1.354901e+01 5.000000e-01
      vertex 0.000000e+00 0.000000e+00 5.000000e-01
    endloop
  endfacet
  facet normal 0.000000e+00 0.000000e+00 1.000000e+00
    outer loop
      vertex -4.895982e+01 1.354901e+01 5.000000e-01
      vertex -4.927759e+01 1.234339e+01 5.000000e-01
      vertex 0.000000e+00 0.000000e+00 5.000000e-01
    endloop
  endfacet
  facet normal 0.000000e+00 0.000000e+00 1.000000e+00
    outer loop
      vertex -4.927759e+01 1.234339e+01 5.000000e-01
      vertex -4.956567e+01 1.113034e+01 5.000000e-01
      vertex 0.000000e+00 0.000000e+00 5.000000e-01
    endloop
  endfacet
  facet normal 0.000000e+00 0.000000e+00 1.000000e+00
    outer loop
      vertex -4.956567e+01 1.113034e+01 5.000000e-01
      vertex -4.982389e+01 9.910588e+00 5.000000e-01
      vertex 0.000000e+00 0.000000e+00 5.000000e-01
    endloop
  endfacet
  facet normal 0.000000e+00 0.000000e+00 1.000000e+00
    outer loop
      vertex -4.982389e+01 9.910588e+00 5.000000e-01
      vertex -5.005210e+01 8.684864e+00 5.000000e-01
      vertex 0.000000e+00 0.000000e+00 5.000000e-01
    endloop
  endfacet
  facet normal 0.000000e+00 0.000000e+00 1.000000e+00
    outer loop
      vertex -5.005210e+01 8.684864e+00 5.000000e-01
      vertex -5.025017e+01 7.453908e+00 5.000000e-01
      vertex 0.000000e+00 0.000000e+00 5.000000e-01
    endloop
  endfacet
  facet normal 0.000000e+00 0.000000e+00 1.000000e+00
    outer loop
      vertex -5.025017e+01 7.453908e+00 5.000000e-01
      vertex -5.041796e+01 6.218462e+00 5.000000e-01
      vertex 0.000000e+00 0.000000e+00 5.000000e-01
    endloop
  endfacet
  facet normal 0.000000e+00 0.000000e+00 1.000000e+00
    outer loop
      vertex -5.041796e+01 6.218462e+00 5.000000e-01
      vertex -5.055538e+01 4.979271e+00 5.000000e-01
      vertex 0.000000e+00 0.000000e+00 5.000000e-01
    endloop
  endfacet
  facet normal 0.000000e+00 0.000000e+00 1.000000e+00
    outer loop
      vertex -5.055538e+01 4.979271e+00 5.000000e-01
      vertex -5.066236e+01 3.737080e+00 5.000000e-01
      vertex 0.000000e+00 0.000000e+00 5.000000e-01
    endloop
  endfacet
  facet normal 0.000000e+00 0.000000e+00 1.000000e+00
    outer loop
      vertex -5.066236e+01 3.737080e+00 5.000000e-01
      vertex -5.073881e+01 2.492638e+00 5.000000e-01
      vertex 0.000000e+00 0.000000e+00 5.000000e-01
    endloop
  endfacet
  facet normal 0.000000e+00 0.000000e+00 1.000000e+00
    outer loop
      vertex -5.073881e+01 2.492638e+00 5.000000e-01
      vertex -5.078470e+01 1.246694e+00 5.000000e-01
      vertex 0.000000e+00 0.000000e+00 5.000000e-01
    endloop
  endfacet
  facet normal 0.000000e+00 0.000000e+00 1.000000e+00
    outer loop
      vertex -5.078470e+01 1.246694e+00 5.000000e-01
      vertex -5.080000e+01 6.221206e-15 5.000000e-01
      vertex 0.000000e+00 0.000000e+00 5.000000e-01
    endloop
  endfacet
  facet normal 0.000000e+00 0.000000e+00 1.000000e+00
    outer loop
      vertex -5.080000e+01 6.221206e-15 5.000000e-01
      vertex -5.078470e+01 -1.246694e+00 5.000000e-01
      vertex 0.000000e+00 0.000000e+00 5.000000e-01
    endloop
  endfacet
  facet normal -0.000000e+00 0.000000e+00 1.000000e+00
    outer loop
      vertex -5.078470e+01 -1.246694e+00 5.000000e-01
      vertex -5.073881e+01 -2.492638e+00 5.000000e-01
      vertex 0.000000e+00 0.000000e+00 5.000000e-01
    endloop
  endfacet
  facet normal -0.000000e+00 0.000000e+00 1.000000e+00
    outer loop
      vertex -5.073881e+01 -2.492638e+00 5.000000e-01
      vertex -5.066236e+01 -3.737080e+00 5.000000e-01
      vertex 0.000000e+00 0.000000e+00 5.000000e-01
    endloop
  endfacet
  facet normal -0.000000e+00 0.000000e+00 1.000000e+00
    outer loop
      vertex -5.066236e+01 -3.737080e+00 5.000000e-01
      vertex -5.055538e+01 -4.979271e+00 5.000000e-01
      vertex 0.000000e+00 0.000000e+00 5.000000e-01
    endloop
  endfacet
  facet normal -0.000000e+00 0.000000e+00 1.000000e+00
    outer loop
      vertex -5.055538e+01 -4.979271e+00 5.000000e-01
      vertex -5.041796e+01 -6.218462e+00 5.000000e-01
      vertex 0.000000e+00 0.000000e+00 5.000000e-01
    endloop
  endfacet
  facet normal -0.000000e+00 0.000000e+00 1.000000e+00
    outer loop
      vertex -5.041796e+01 -6.218462e+00 5.000000e-01
      vertex -5.025017e+01 -7.453908e+00 5.000000e-01
      vertex 0.000000e+00 0.000000e+00 5.000000e-01
    endloop
  endfacet
  facet normal -0.000000e+00 0.000000e+00 1.000000e+00
    outer loop
      vertex -5.025017e+01 -7.453908e+00 5.000000e-01
      vertex -5.005210e+01 -8.684864e+00 5.000000e-01
      vertex 0.000000e+00 0.000000e+00 5.000000e-01
    endloop
  endfacet
  facet normal -0.000000e+00 0.000000e+00 1.000000e+00
    outer loop
      vertex -5.005210e+01 -8.684864e+00 5.000000e-01
      vertex -4.982389e+01 -9.910588e+00 5.000000e-01
      vertex 0.000000e+00 0.000000e+00 5.000000e-01
    endloop
  endfacet
  facet normal -0.000000e+00 0.000000e+00 1.000000e+00
    outer loop
      vertex -4.982389e+01 -9.910588e+00 5.000000e-01
      vertex -4.956567e+01 -1.113034e+01 5.000000e-01
      vertex 0.000000e+00 0.000000e+00 5.000000e-01
    endloop
  endfacet
  facet normal -0.000000e+00 0.000000e+00 1.000000e+00
    outer loop
      vertex -4.956567e+01 -1.113034e+01 5.000000e-01
      vertex -4.927759e+01 -1.234339e+01 5.000000e-01
      vertex 0.000000e+00 0.000000e+00 5.000000e-01
    endloop
  endfacet
  facet normal -0.000000e+00 0.000000e+00 1.000000e+00
    outer loop
      vertex -4.927759e+01 -1.234339e+01 5.000000e-01
      vertex -4.895982e+01 -1.354901e+01 5.000000e-01
      vertex 0.000000e+00 0.000000e+00 5.000000e-01
    endloop
  endfacet
  facet normal -0.000000e+00 0.000000e+00 1.000000e+00
    outer loop
      vertex -4.895982e+01 -1.354901e+01 5.000000e-01
      vertex -4.861257e+01 -1.474646e+01 5.000000e-01
      vertex 0.000000e+00 0.000000e+00 5.000000e-01
    endloop
  endfacet
  facet normal -0.000000e+00 0.000000e+00 1.000000e+00
    outer loop
      vertex -4.861257e+01 -1.474646e+01 5.000000e-01
      vertex -4.823603e+01 -1.593503e+01 5.000000e-01
      vertex 0.000000e+00 0.000000e+00 5.000000e-01
    endloop
  endfacet
  facet normal -0.000000e+00 0.000000e+00 1.000000e+00
    outer loop
      vertex -4.823603e+01 -1.593503e+01 5.000000e-01
      vertex -4.783044e+01 -1.711400e+01 5.000000e-01
      vertex 0.000000e+00 0.000000e+00 5.000000e-01
    endloop
  endfacet
  facet normal -0.000000e+00 0.000000e+00 1.000000e+00
    outer loop
      vertex -4.783044e+01 -1.711400e+01 5.000000e-01
      vertex -4.739603e+01 -1.828267e+01 5.000000e-01
      vertex 0.000000e+00 0.000000e+00 5.000000e-01
    endloop
  endfacet
  facet normal -0.000000e+00 0.000000e+00 1.000000e+00
    outer loop
      vertex -4.739603e+01 -1.828267e+01 5.000000e-01
      vertex -4.693308e+01 -1.944032e+01 5.000000e-01
      vertex 0.000000e+00 0.000000e+00 5.000000e-01
    endloop
  endfacet
  facet normal -0.000000e+00 0.000000e+00 1.000000e+00
    outer loop
      vertex -4.693308e+01 -1.944032e+01 5.000000e-01
      vertex -4.644186e+01 -2.058626e+01 5.000000e-01
      vertex 0.000000e+00 0.000000e+00 5.000000e-01
    endloop
  endfacet
  facet normal -0.000000e+00 0.000000e+00 1.000000e+00
    outer loop
      vertex -4.644186e+01 -2.058626e+01 5.000000e-01
      vertex -4.592266e+01 -2.171980e+01 5.000000e-01
      vertex 0.000000e+00 0.000000e+00 5.000000e-01
    endloop
  endfacet
  facet normal -0.000000e+00 0.000000e+00 1.000000e+00
    outer loop
      vertex -4.592266e+01 -2.171980e+01 5.000000e-01
      vertex -4.537579e+01 -2.284026e+01 5.000000e-01
      vertex 0.000000e+00 0.000000e+00 5.000000e-01
    endloop
  endfacet
  facet normal -0.000000e+00 0.000000e+00 1.000000e+00
    outer loop
      vertex -4.537579e+01 -2.284026e+01 5.000000e-01
      vertex -4.480160e+01 -2.394695e+01 5.000000e-01
      vertex 0.000000e+00 0.000000e+00 5.000000e-01
    endloop
  endfacet
  facet normal -0.000000e+00 0.000000e+00 1.000000e+00
    outer loop
      vertex -4.480160e+01 -2.394695e+01 5.000000e-01
      vertex -4.420042e+01 -2.503923e+01 5.000000e-01
      vertex 0.000000e+00 0.000000e+00 5.000000e-01
    endloop
  endfacet
  facet normal -0.000000e+00 0.000000e+00 1.000000e+00
    outer loop
      vertex -4.420042e+01 -2.503923e+01 5.000000e-01
      vertex -4.357261e+01 -2.611642e+01 5.000000e-01
      vertex 0.000000e+00 0.000000e+00 5.000000e-01
    endloop
  endfacet
  facet normal -0.000000e+00 0.000000e+00 1.000000e+00
    outer loop
      vertex -4.357261e+01 -2.611642e+01 5.000000e-01
      vertex -4.291856e+01 -2.717788e+01 5.000000e-01
      vertex 0.000000e+00 0.000000e+00 5.000000e-01
    endloop
  endfacet
  facet normal -0.000000e+00 0.000000e+00 1.000000e+00
    outer loop
      vertex -4.291856e+01 -2.717788e+01 5.000000e-01
      vertex -4.223866e+01 -2.822297e+01 5.000000e-01
      vertex 0.000000e+00 0.000000e+00 5.000000e-01
    endloop
  endfacet
  facet normal -0.000000e+00 0.000000e+00 1.000000e+00
    outer loop
      vertex -4.223866e+01 -2.822297e+01 5.000000e-01
      vertex -4.153331e+01 -2.925106e+01 5.000000e-01
      vertex 0.000000e+00 0.000000e+00 5.000000e-01
    endloop
  endfacet
  facet normal -0.000000e+00 0.000000e+00 1.000000e+00
    outer loop
      vertex -4.153331e+01 -2.925106e+01 5.000000e-01
      vertex -4.080294e+01 -3.026152e+01 5.000000e-01
      vertex 0.000000e+00 0.000000e+00 5.000000e-01
    endloop
  endfacet
  facet normal -0.000000e+00 0.000000e+00 1.000000e+00
    outer loop
      vertex -4.080294e+01 -3.026152e+01 5.000000e-01
      vertex -4.004800e+01 -3.125376e+01 5.000000e-01
      vertex 0.000000e+00 0.000000e+00 5.000000e-01
    endloop
  endfacet
  facet normal -0.000000e+00 0.000000e+00 1.000000e+00
    outer loop
      vertex -4.004800e+01 -3.125376e+01 5.000000e-01
      vertex -3.926893e+01 -3.222718e+01 5.000000e-01
      vertex 0.000000e+00 0.000000e+00 5.000000e-01
    endloop
  endfacet
  facet normal -0.000000e+00 0.000000e+00 1.000000e+00
    outer loop
      vertex -3.926893e+01 -3.222718e+01 5.000000e-01
      vertex -3.846621e+01 -3.318118e+01 5.000000e-01
      vertex 0.000000e+00 0.000000e+00 5.000000e-01
    endloop
  endfacet
  facet normal -0.000000e+00 0.000000e+00 1.000000e+00
    outer loop
      vertex -3.846621e+01 -3.318118e+01 5.000000e-01
      vertex -3.764032e+01 -3.411519e+01 5.000000e-01
      vertex 0.000000e+00 0.000000e+00 5.000000e-01
    endloop
  endfacet
  facet normal -0.000000e+00 0.000000e+00 1.000000e+00
    outer loop
      vertex -3.764032e+01 -3.411519e+01 5.000000e-01
      vertex -3.679175e+01 -3.502866e+01 5.000000e-01
      vertex 0.000000e+00 0.000000e+00 5.000000e-01
    endloop
  endfacet
  facet normal -0.000000e+00 0.000000e+00 1.000000e+00
    outer loop
      vertex -3.679175e+01 -3.502866e+01 5.000000e-01
      vertex -3.592102e+01 -3.592102e+01 5.000000e-01
      vertex 0.000000e+00 0.000000e+00 5.000000e-01
    endloop
  endfacet
  facet normal -0.000000e+00 0.000000e+00 1.000000e+00
    outer loop
      vertex -3.592102e+01 -3.592102e+01 5.000000e-01
      vertex -3.502866e+01 -3.679175e+01 5.000000e-01
      vertex 0.000000e+00 0.000000e+00 5.000000e-01
    endloop
  endfacet
  facet normal -0.000000e+00 0.000000e+00 1.000000e+00
    outer loop
      vertex -3.502866e+01 -3.679175e+01 5.000000e-01
      vertex -3.411519e+01 -3.764032e+01 5.000000e-01
      vertex 0.000000e+00 0.000000e+00 5.000000e-01
    endloop
  endfacet
  facet normal -0.000000e+00 0.000000e+00 1.000000e+00
    outer loop
      vertex -3.411519e+01 -3.764032e+01 5.000000e-01
      vertex -3.318118e+01 -3.846621e+01 5.000000e-01
      vertex 0.000000e+00 0.000000e+00 5.000000e-01
    endloop
  endfacet
  facet normal -0.000000e+00 0.000000e+00 1.000000e+00
    outer loop
      vertex -3.318118e+01 -3.846621e+01 5.000000e-01
      vertex -3.222718e+01 -3.926893e+01 5.000000e-01
      vertex 0.000000e+00 0.000000e+00 5.000000e-01
    endloop
  endfacet
  facet normal -0.000000e+00 0.000000e+00 1.000000e+00
    outer loop
      vertex -3.222718e+01 -3.926893e+01 5.000000e-01
      vertex -3.125376e+01 -4.004800e+01 5.000000e-01
      vertex 0.000000e+00 0.000000e+00 5.000000e-01
    endloop
  endfacet
  facet normal -0.000000e+00 0.000000e+00 1.000000e+00
    outer loop
      vertex -3.125376e+01 -4.004800e+01 5.000000e-01
      vertex -3.026152e+01 -4.080294e+01 5.000000e-01
      vertex 0.000000e+00 0.000000e+00 5.000000e-01
    endloop
  endfacet
  facet normal -0.000000e+00 0.000000e+00 1.000000e+00
    outer loop
      vertex -3.026152e+01 -4.080294e+01 5.000000e-01
      vertex -2.925106e+01 -4.153331e+01 5.000000e-01
      vertex 0.000000e+00 0.000000e+00 5.000000e-01
    endloop
  endfacet
  facet normal -0.000000e+00 0.000000e+00 1.000000e+00
    outer loop
      vertex -2.925106e+01 -4.153331e+01 5.000000e-01
      vertex -2.822297e+01 -4.223866e+01 5.000000e-01
      vertex 0.000000e+00 0.000000e+00 5.000000e-01
    endloop
  endfacet
  facet normal -0.000000e+00 0.000000e+00 1.000000e+00
    outer loop
      vertex -2.822297e+01 -4.223866e+01 5.000000e-01
      vertex -2.717788e+01 -4.291856e+01 5.000000e-01
      vertex 0.000000e+00 0.000000e+00 5.000000e-01
    endloop
  endfacet
  facet normal -0.000000e+00 0.000000e+00 1.000000e+00
    outer loop
      vertex -2.717788e+01 -4.291856e+01 5.000000e-01
      vertex -2.611642e+01 -4.357261e+01 5.000000e-01
      vertex 0.000000e+00 0.000000e+00 5.000000e-01
    endloop
  endfacet
  facet normal -0.000000e+00 0.000000e+00 1.000000e+00
    outer loop
      vertex -2.611642e+01 -4.357261e+01 5.000000e-01
      vertex -2.503923e+01 -4.420042e+01 5.000000e-01
      vertex 0.000000e+00 0.000000e+00 5.000000e-01
    endloop
  endfacet
  facet normal -0.000000e+00 0.000000e+00 1.000000e+00
    outer loop
      vertex -2.503923e+01 -4.420042e+01 5.000000e-01
      vertex -2.394695e+01 -4.480160e+01 5.000000e-01
      vertex 0.000000e+00 0.000000e+00 5.000000e-01
    endloop
  endfacet
  facet normal -0.000000e+00 0.000000e+00 1.000000e+00
    outer loop
      vertex -2.394695e+01 -4.480160e+01 5.000000e-01
      vertex -2.284026e+01 -4.537579e+01 5.000000e-01
      vertex 0.000000e+00 0.000000e+00 5.000000e-01
    endloop
  endfacet
  facet normal -0.000000e+00 0.000000e+00 1.000000e+00
    outer loop
      vertex -2.284026e+01 -4.537579e+01 5.000000e-01
      vertex -2.171980e+01 -4.592266e+01 5.000000e-01
      vertex 0.000000e+00 0.000000e+00 5.000000e-01
    endloop
  endfacet
  facet normal -0.000000e+00 0.000000e+00 1.000000e+00
    outer loop
      vertex -2.171980e+01 -4.592266e+01 5.000000e-01
      vertex -2.058626e+01 -4.644186e+01 5.000000e-01
      vertex 0.000000e+00 0.000000e+00 5.000000e-01
    endloop
  endfacet
  facet normal -0.000000e+00 0.000000e+00 1.000000e+00
    outer loop
      vertex -2.058626e+01 -4.644186e+01 5.000000e-01
      vertex -1.944032e+01 -4.693308e+01 5.000000e-01
      vertex 0.000000e+00 0.000000e+00 5.000000e-01
    endloop
  endfacet
  facet normal -0.000000e+00 0.000000e+00 1.000000e+00
    outer loop
      vertex -1.944032e+01 -4.693308e+01 5.000000e-01
      vertex -1.828267e+01 -4.739603e+01 5.000000e-01
      vertex 0.000000e+00 0.000000e+00 5.000000e-01
    endloop
  endfacet
  facet normal -0.000000e+00 0.000000e+00 1.000000e+00
    outer loop
      vertex -1.828267e+01 -4.739603e+01 5.000000e-01
      vertex -1.711400e+01 -4.783044e+01 5.000000e-01
      vertex 0.000000e+00 0.000000e+00 5.000000e-01
    endloop
  endfacet
  facet normal -0.000000e+00 0.000000e+00 1.000000e+00
    outer loop
      vertex -1.711400e+01 -4.783044e+01 5.000000e-01
      vertex -1.593503e+01 -4.823603e+01 5.000000e-01
      vertex 0.000000e+00 0.000000e+00 5.000000e-01
    endloop
  endfacet
  facet normal -0.000000e+00 0.000000e+00 1.000000e+00
    outer loop
      vertex -1.593503e+01 -4.823603e+01 5.000000e-01
      vertex -1.474646e+01 -4.861257e+01 5.000000e-01
      vertex 0.000000e+00 0.000000e+00 5.000000e-01
    endloop
  endfacet
  facet normal -0.000000e+00 0.000000e+00 1.000000e+00
    outer loop
      vertex -1.474646e+01 -4.861257e+01 5.000000e-01
      vertex -1.354901e+01 -4.895982e+01 5.000000e-01
      vertex 0.000000e+00 0.000000e+00 5.000000e-01
    endloop
  endfacet
  facet normal -0.000000e+00 0.000000e+00 1.000000e+00
    outer loop
      vertex -1.354901e+01 -4.895982e+01 5.000000e-01
      vertex -1.234339e+01 -4.927759e+01 5.000000e-01
      vertex 0.000000e+00 0.000000e+00 5.000000e-01
    endloop
  endfacet
  facet normal -0.000000e+00 0.000000e+00 1.000000e+00
    outer loop
      vertex -1.234339e+01 -4.927759e+01 5.000000e-01
      vertex -1.113034e+01 -4.956567e+01 5.000000e-01
      vertex 0.000000e+00 0.000000e+00 5.000000e-01
    endloop
  endfacet
  facet normal -0.000000e+00 0.000000e+00 1.000000e+00
    outer loop
      vertex -1.113034e+01 -4.956567e+01 5.000000e-01
      vertex -9.910588e+00 -4.982389e+01 5.000000e-01
      vertex 0.000000e+00 0.000000e+00 5.000000e-01
    endloop
  endfacet
  facet normal -0.000000e+00 0.000000e+00 1.000000e+00
    outer loop
      vertex -9.910588e+00 -4.982389e+01 5.000000e-01
      vertex -8.684864e+00 -5.005210e+01 5.000000e-01
      vertex 0.000000e+00 0.000000e+00 5.000000e-01
    endloop
  endfacet
  facet normal -0.000000e+00 0.000000e+00 1.000000e+00
    outer loop
      vertex -8.684864e+00 -5.005210e+01 5.000000e-01
      vertex -7.453908e+00 -5.025017e+01 5.000000e-01
      vertex 0.000000e+00 0.000000e+00 5.000000e-01
    endloop
  endfacet
  facet normal -0.000000e+00 0.000000e+00 1.000000e+00
    outer loop
      vertex -7.453908e+00 -5.025017e+01 5.000000e-01
      vertex -6.218462e+00 -5.041796e+01 5.000000e-01
      vertex 0.000000e+00 0.000000e+00 5.000000e-01
    endloop
  endfacet
  facet normal -0.000000e+00 0.000000e+00 1.000000e+00
    outer loop
      vertex -6.218462e+00 -5.041796e+01 5.000000e-01
      vertex -4.979271e+00 -5.055538e+01 5.000000e-01
      vertex 0.000000e+00 0.000000e+00 5.000000e-01
    endloop
  endfacet
  facet normal -0.000000e+00 0.000000e+00 1.000000e+00
    outer loop
      vertex -4.979271e+00 -5.055538e+01 5.000000e-01
      vertex -3.737080e+00 -5.066236e+01 5.000000e-01
      vertex 0.000000e+00 0.000000e+00 5.000000e-01
    endloop
  endfacet
  facet normal -0.000000e+00 0.000000e+00 1.000000e+00
    outer loop
      vertex -3.737080e+00 -5.066236e+01 5.000000e-01
      vertex -2.492638e+00 -5.073881e+01 5.000000e-01
      vertex 0.000000e+00 0.000000e+00 5.000000e-01
    endloop
  endfacet
  facet normal -0.000000e+00 0.000000e+00 1.000000e+00
    outer loop
      vertex -2.492638e+00 -5.073881e+01 5.000000e-01
      vertex -1.246694e+00 -5.078470e+01 5.000000e-01
      vertex 0.000000e+00 0.000000e+00 5.000000e-01
    endloop
  endfacet
  facet normal -0.000000e+00 0.000000e+00 1.000000e+00
    outer loop
      vertex -1.246694e+00 -5.078470e+01 5.000000e-01
      vertex -9.331809e-15 -5.080000e+01 5.000000e-01
      vertex 0.000000e+00 0.000000e+00 5.000000e-01
    endloop
  endfacet
  facet normal 0.000000e+00 0.000000e+00 1.000000e+00
    outer loop
      vertex -9.331809e-15 -5.080000e+01 5.000000e-01
      vertex 1.246694e+00 -5.078470e+01 5.000000e-01
      vertex 0.000000e+00 0.000000e+00 5.000000e-01
    endloop
  endfacet
  facet normal 0.000000e+00 -0.000000e+00 1.000000e+00
    outer loop
      vertex 1.246694e+00 -5.078470e+01 5.000000e-01
      vertex 2.492638e+00 -5.073881e+01 5.000000e-01
      vertex 0.000000e+00 0.000000e+00 5.000000e-01
    endloop
  endfacet
  facet normal 0.000000e+00 -0.000000e+00 1.000000e+00
    outer loop
      vertex 2.492638e+00 -5.073881e+01 5.000000e-01
      vertex 3.737080e+00 -5.066236e+01 5.000000e-01
      vertex 0.000000e+00 0.000000e+00 5.000000e-01
    endloop
  endfacet
  facet normal 0.000000e+00 -0.000000e+00 1.000000e+00
    outer loop
      vertex 3.737080e+00 -5.066236e+01 5.000000e-01
      vertex 4.979271e+00 -5.055538e+01 5.000000e-01
      vertex 0.000000e+00 0.000000e+00 5.000000e-01
    endloop
  endfacet
  facet normal 0.000000e+00 -0.000000e+00 1.000000e+00
    outer loop
      vertex 4.979271e+00 -5.055538e+01 5.000000e-01
      vertex 6.218462e+00 -5.041796e+01 5.000000e-01
      vertex 0.000000e+00 0.000000e+00 5.000000e-01
    endloop
  endfacet
  facet normal 0.000000e+00 -0.000000e+00 1.000000e+00
    outer loop
      vertex 6.218462e+00 -5.041796e+01 5.000000e-01
      vertex 7.453908e+00 -5.025017e+01 5.000000e-01
      vertex 0.000000e+00 0.000000e+00 5.000000e-01
    endloop
  endfacet
  facet normal 0.000000e+00 -0.000000e+00 1.000000e+00
    outer loop
      vertex 7.453908e+00 -5.025017e+01 5.000000e-01
      vertex 8.684864e+00 -5.005210e+01 5.000000e-01
      vertex 0.000000e+00 0.000000e+00 5.000000e-01
    endloop
  endfacet
  facet normal 0.000000e+00 -0.000000e+00 1.000000e+00
    outer loop
      vertex 8.684864e+00 -5.005210e+01 5.000000e-01
      vertex 9.910588e+00 -4.982389e+01 5.000000e-01
      vertex 0.000000e+00 0.000000e+00 5.000000e-01
    endloop
  endfacet
  facet normal 0.000000e+00 -0.000000e+00 1.000000e+00
    outer loop
      vertex 9.910588e+00 -4.982389e+01 5.000000e-01
      vertex 1.113034e+01 -4.956567e+01 5.000000e-01
      vertex 0.000000e+00 0.000000e+00 5.000000e-01
    endloop
  endfacet
  facet normal 0.000000e+00 -0.000000e+00 1.000000e+00
    outer loop
      vertex 1.113034e+01 -4.956567e+01 5.000000e-01
      vertex 1.234339e+01 -4.927759e+01 5.000000e-01
      vertex 0.000000e+00 0.000000e+00 5.000000e-01
    endloop
  endfacet
  facet normal 0.000000e+00 -0.000000e+00 1.000000e+00
    outer loop
      vertex 1.234339e+01 -4.927759e+01 5.000000e-01
      vertex 1.354901e+01 -4.895982e+01 5.000000e-01
      vertex 0.000000e+00 0.000000e+00 5.000000e-01
    endloop
  endfacet
  facet normal 0.000000e+00 -0.000000e+00 1.000000e+00
    outer loop
      vertex 1.354901e+01 -4.895982e+01 5.000000e-01
      vertex 1.474646e+01 -4.861257e+01 5.000000e-01
      vertex 0.000000e+00 0.000000e+00 5.000000e-01
    endloop
  endfacet
  facet normal 0.000000e+00 -0.000000e+00 1.000000e+00
    outer loop
      vertex 1.474646e+01 -4.861257e+01 5.000000e-01
      vertex 1.593503e+01 -4.823603e+01 5.000000e-01
      vertex 0.000000e+00 0.000000e+00 5.000000e-01
    endloop
  endfacet
  facet normal 0.000000e+00 -0.000000e+00 1.000000e+00
    outer loop
      vertex 1.593503e+01 -4.823603e+01 5.000000e-01
      vertex 1.711400e+01 -4.783044e+01 5.000000e-01
      vertex 0.000000e+00 0.000000e+00 5.000000e-01
    endloop
  endfacet
  facet normal 0.000000e+00 -0.000000e+00 1.000000e+00
    outer loop
      vertex 1.711400e+01 -4.783044e+01 5.000000e-01
      vertex 1.828267e+01 -4.739603e+01 5.000000e-01
      vertex 0.000000e+00 0.000000e+00 5.000000e-01
    endloop
  endfacet
  facet normal 0.000000e+00 -0.000000e+00 1.000000e+00
    outer loop
      vertex 1.828267e+01 -4.739603e+01 5.000000e-01
      vertex 1.944032e+01 -4.693308e+01 5.000000e-01
      vertex 0.000000e+00 0.000000e+00 5.000000e-01
    endloop
  endfacet
  facet normal 0.000000e+00 -0.000000e+00 1.000000e+00
    outer loop
      vertex 1.944032e+01 -4.693308e+01 5.000000e-01
      vertex 2.058626e+01 -4.644186e+01 5.000000e-01
      vertex 0.000000e+00 0.000000e+00 5.000000e-01
    endloop
  endfacet
  facet normal 0.000000e+00 -0.000000e+00 1.000000e+00
    outer loop
      vertex 2.058626e+01 -4.644186e+01 5.000000e-01
      vertex 2.171980e+01 -4.592266e+01 5.000000e-01
      vertex 0.000000e+00 0.000000e+00 5.000000e-01
    endloop
  endfacet
  facet normal 0.000000e+00 -0.000000e+00 1.000000e+00
    outer loop
      vertex 2.171980e+01 -4.592266e+01 5.000000e-01
      vertex 2.284026e+01 -4.537579e+01 5.000000e-01
      vertex 0.000000e+00 0.000000e+00 5.000000e-01
    endloop
  endfacet
  facet normal 0.000000e+00 -0.000000e+00 1.000000e+00
    outer loop
      vertex 2.284026e+01 -4.537579e+01 5.000000e-01
      vertex 2.394695e+01 -4.480160e+01 5.000000e-01
      vertex 0.000000e+00 0.000000e+00 5.000000e-01
    endloop
  endfacet
  facet normal 0.000000e+00 -0.000000e+00 1.000000e+00
    outer loop
      vertex 2.394695e+01 -4.480160e+01 5.000000e-01
      vertex 2.503923e+01 -4.420042e+01 5.000000e-01
      vertex 0.000000e+00 0.000000e+00 5.000000e-01
    endloop
  endfacet
  facet normal 0.000000e+00 -0.000000e+00 1.000000e+00
    outer loop
      vertex 2.503923e+01 -4.420042e+01 5.000000e-01
      vertex 2.611642e+01 -4.357261e+01 5.000000e-01
      vertex 0.000000e+00 0.000000e+00 5.000000e-01
    endloop
  endfacet
  facet normal 0.000000e+00 -0.000000e+00 1.000000e+00
    outer loop
      vertex 2.611642e+01 -4.357261e+01 5.000000e-01
      vertex 2.717788e+01 -4.291856e+01 5.000000e-01
      vertex 0.000000e+00 0.000000e+00 5.000000e-01
    endloop
  endfacet
  facet normal 0.000000e+00 -0.000000e+00 1.000000e+00
    outer loop
      vertex 2.717788e+01 -4.291856e+01 5.000000e-01
      vertex 2.822297e+01 -4.223866e+01 5.000000e-01
      vertex 0.000000e+00 0.000000e+00 5.000000e-01
    endloop
  endfacet
  facet normal 0.000000e+00 -0.000000e+00 1.000000e+00
    outer loop
      vertex 2.822297e+01 -4.223866e+01 5.000000e-01
      vertex 2.925106e+01 -4.153331e+01 5.000000e-01
      vertex 0.000000e+00 0.000000e+00 5.000000e-01
    endloop
  endfacet
  facet normal 0.000000e+00 -0.000000e+00 1.000000e+00
    outer loop
      vertex 2.925106e+01 -4.153331e+01 5.000000e-01
      vertex 3.026152e+01 -4.080294e+01 5.000000e-01
      vertex 0.000000e+00 0.000000e+00 5.000000e-01
    endloop
  endfacet
  facet normal 0.000000e+00 -0.000000e+00 1.000000e+00
    outer loop
      vertex 3.026152e+01 -4.080294e+01 5.000000e-01
      vertex 3.125376e+01 -4.004800e+01 5.000000e-01
      vertex 0.000000e+00 0.000000e+00 5.000000e-01
    endloop
  endfacet
  facet normal 0.000000e+00 -0.000000e+00 1.000000e+00
    outer loop
      vertex 3.125376e+01 -4.004800e+01 5.000000e-01
      vertex 3.222718e+01 -3.926893e+01 5.000000e-01
      vertex 0.000000e+00 0.000000e+00 5.000000e-01
    endloop
  endfacet
  facet normal 0.000000e+00 -0.000000e+00 1.000000e+00
    outer loop
      vertex 3.222718e+01 -3.926893e+01 5.000000e-01
      vertex 3.318118e+01 -3.846621e+01 5.000000e-01
      vertex 0.000000e+00 0.000000e+00 5.000000e-01
    endloop
  endfacet
  facet normal 0.000000e+00 -0.000000e+00 1.000000e+00
    outer loop
      vertex 3.318118e+01 -3.846621e+01 5.000000e-01
      vertex 3.411519e+01 -3.764032e+01 5.000000e-01
      vertex 0.000000e+00 0.000000e+00 5.000000e-01
    endloop
  endfacet
  facet normal 0.000000e+00 -0.000000e+00 1.000000e+00
    outer loop
      vertex 3.411519e+01 -3.764032e+01 5.000000e-01
      vertex 3.502866e+01 -3.679175e+01 5.000000e-01
      vertex 0.000000e+00 0.000000e+00 5.000000e-01
    endloop
  endfacet
  facet normal 0.000000e+00 -0.000000e+00 1.000000e+00
    outer loop
      vertex 3.502866e+01 -3.679175e+01 5.000000e-01
      vertex 3.592102e+01 -3.592102e+01 5.000000e-01
      vertex 0.000000e+00 0.000000e+00 5.000000e-01
    endloop
  endfacet
  facet normal 0.000000e+00 -0.000000e+00 1.000000e+00
    outer loop
      vertex 3.592102e+01 -3.592102e+01 5.000000e-01
      vertex 3.679175e+01 -3.502866e+01 5.000000e-01
      vertex 0.000000e+00 0.000000e+00 5.000000e-01
    endloop
  endfacet
  facet normal 0.000000e+00 -0.000000e+00 1.000000e+00
    outer loop
      vertex 3.679175e+01 -3.502866e+01 5.000000e-01
      vertex 3.764032e+01 -3.411519e+01 5.000000e-01
      vertex 0.000000e+00 0.000000e+00 5.000000e-01
    endloop
  endfacet
  facet normal 0.000000e+00 -0.000000e+00 1.000000e+00
    outer loop
      vertex 3.764032e+01 -3.411519e+01 5.000000e-01
      vertex 3.846621e+01 -3.318118e+01 5.000000e-01
      vertex 0.000000e+00 0.000000e+00 5.000000e-01
    endloop
  endfacet
  facet normal 0.000000e+00 -0.000000e+00 1.000000e+00
    outer loop
      vertex 3.846621e+01 -3.318118e+01 5.000000e-01
      vertex 3.926893e+01 -3.222718e+01 5.000000e-01
      vertex 0.000000e+00 0.000000e+00 5.000000e-01
    endloop
  endfacet
  facet normal 0.000000e+00 -0.000000e+00 1.000000e+00
    outer loop
      vertex 3.926893e+01 -3.222718e+01 5.000000e-01
      vertex 4.004800e+01 -3.125376e+01 5.000000e-01
      vertex 0.000000e+00 0.000000e+00 5.000000e-01
    endloop
  endfacet
  facet normal 0.000000e+00 -0.000000e+00 1.000000e+00
    outer loop
      vertex 4.004800e+01 -3.125376e+01 5.000000e-01
      vertex 4.080294e+01 -3.026152e+01 5.000000e-01
      vertex 0.000000e+00 0.000000e+00 5.000000e-01
    endloop
  endfacet
  facet normal 0.000000e+00 -0.000000e+00 1.000000e+00
    outer loop
      vertex 4.080294e+01 -3.026152e+01 5.000000e-01
      vertex 4.153331e+01 -2.925106e+01 5.000000e-01
      vertex 0.000000e+00 0.000000e+00 5.000000e-01
    endloop
  endfacet
  facet normal 0.000000e+00 -0.000000e+00 1.000000e+00
    outer loop
      vertex 4.153331e+01 -2.925106e+01 5.000000e-01
      vertex 4.223866e+01 -2.822297e+01 5.000000e-01
      vertex 0.000000e+00 0.000000e+00 5.000000e-01
    endloop
  endfacet
  facet normal 0.000000e+00 -0.000000e+00 1.000000e+00
    outer loop
      vertex 4.223866e+01 -2.822297e+01 5.000000e-01
      vertex 4.291856e+01 -2.717788e+01 5.000000e-01
      vertex 0.000000e+00 0.000000e+00 5.000000e-01
    endloop
  endfacet
  facet normal 0.000000e+00 -0.000000e+00 1.000000e+00
    outer loop
      vertex 4.291856e+01 -2.717788e+01 5.000000e-01
      vertex 4.357261e+01 -2.611642e+01 5.000000e-01
      vertex 0.000000e+00 0.000000e+00 5.000000e-01
    endloop
  endfacet
  facet normal 0.000000e+00 -0.000000e+00 1.000000e+00
    outer loop
      vertex 4.357261e+01 -2.611642e+01 5.000000e-01
      vertex 4.420042e+01 -2.503923e+01 5.000000e-01
      vertex 0.000000e+00 0.000000e+00 5.000000e-01
    endloop
  endfacet
  facet normal 0.000000e+00 -0.000000e+00 1.000000e+00
    outer loop
      vertex 4.420042e+01 -2.503923e+01 5.000000e-01
      vertex 4.480160e+01 -2.394695e+01 5.000000e-01
      vertex 0.000000e+00 0.000000e+00 5.000000e-01
    endloop
  endfacet
  facet normal 0.000000e+00 -0.000000e+00 1.000000e+00
    outer loop
      vertex 4.480160e+01 -2.394695e+01 5.000000e-01
      vertex 4.537579e+01 -2.284026e+01 5.000000e-01
      vertex 0.000000e+00 0.000000e+00 5.000000e-01
    endloop
  endfacet
  facet normal 0.000000e+00 -0.000000e+00 1.000000e+00
    outer loop
      vertex 4.537579e+01 -2.284026e+01 5.000000e-01
      vertex 4.592266e+01 -2.171980e+01 5.000000e-01
      vertex 0.000000e+00 0.000000e+00 5.000000e-01
    endloop
  endfacet
  facet normal 0.000000e+00 -0.000000e+00 1.000000e+00
    outer loop
      vertex 4.592266e+01 -2.171980e+01 5.000000e-01
      vertex 4.644186e+01 -2.058626e+01 5.000000e-01
      vertex 0.000000e+00 0.000000e+00 5.000000e-01
    endloop
  endfacet
  facet normal 0.000000e+00 -0.000000e+00 1.000000e+00
    outer loop
      vertex 4.644186e+01 -2.058626e+01 5.000000e-01
      vertex 4.693308e+01 -1.944032e+01 5.000000e-01
      vertex 0.000000e+00 0.000000e+00 5.000000e-01
    endloop
  endfacet
  facet normal 0.000000e+00 -0.000000e+00 1.000000e+00
    outer loop
      vertex 4.693308e+01 -1.944032e+01 5.000000e-01
      vertex 4.739603e+01 -1.828267e+01 5.000000e-01
      vertex 0.000000e+00 0.000000e+00 5.000000e-01
    endloop
  endfacet
  facet normal 0.000000e+00 -0.000000e+00 1.000000e+00
    outer loop
      vertex 4.739603e+01 -1.828267e+01 5.000000e-01
      vertex 4.783044e+01 -1.711400e+01 5.000000e-01
      vertex 0.000000e+00 0.000000e+00 5.000000e-01
    endloop
  endfacet
  facet normal 0.000000e+00 -0.000000e+00 1.000000e+00
    outer loop
      vertex 4.783044e+01 -1.711400e+01 5.000000e-01
      vertex 4.823603e+01 -1.593503e+01 5.000000e-01
      vertex 0.000000e+00 0.000000e+00 5.000000e-01
    endloop
  endfacet
  facet normal 0.000000e+00 -0.000000e+00 1.000000e+00
    outer loop
      vertex 4.823603e+01 -1.593503e+01 5.000000e-01
      vertex 4.861257e+01 -1.474646e+01 5.000000e-01
      vertex 0.000000e+00 0.000000e+00 5.000000e-01
    endloop
  endfacet
  facet normal 0.000000e+00 -0.000000e+00 1.000000e+00
    outer loop
      vertex 4.861257e+01 -1.474646e+01 5.000000e-01
      vertex 4.895982e+01 -1.354901e+01 5.000000e-01
      vertex 0.000000e+00 0.000000e+00 5.000000e-01
    endloop
  endfacet
  facet normal 0.000000e+00 -0.000000e+00 1.000000e+00
    outer loop
      vertex 4.895982e+01 -1.354901e+01 5.000000e-01
      vertex 4.927759e+01 -1.234339e+01 5.000000e-01
      vertex 0.000000e+00 0.000000e+00 5.000000e-01
    endloop
  endfacet
  facet normal 0.000000e+00 -0.000000e+00 1.000000e+00
    outer loop
      vertex 4.927759e+01 -1.234339e+01 5.000000e-01
      vertex 4.956567e+01 -1.113034e+01 5.000000e-01
      vertex 0.000000e+00 0.000000e+00 5.000000e-01
    endloop
  endfacet
  facet normal 0.000000e+00 -0.000000e+00 1.000000e+00
    outer loop
      vertex 4.956567e+01 -1.113034e+01 5.000000e-01
      vertex 4.982389e+01 -9.910588e+00 5.000000e-01
      vertex 0.000000e+00 0.000000e+00 5.000000e-01
    endloop
  endfacet
  facet normal 0.000000e+00 -0.000000e+00 1.000000e+00
    outer loop
      vertex 4.982389e+01 -9.910588e+00 5.000000e-01
      vertex 5.005210e+01 -8.684864e+00 5.000000e-01
      vertex 0.000000e+00 0.000000e+00 5.000000e-01
    endloop
  endfacet
  facet normal 0.000000e+00 -0.000000e+00 1.000000e+00
    outer loop
      vertex 5.005210e+01 -8.684864e+00 5.000000e-01
      vertex 5.025017e+01 -7.453908e+00 5.000000e-01
      vertex 0.000000e+00 0.000000e+00 5.000000e-01
    endloop
  endfacet
  facet normal 0.000000e+00 -0.000000e+00 1.000000e+00
    outer loop
      vertex 5.025017e+01 -7.453908e+00 5.000000e-01
      vertex 5.041796e+01 -6.218462e+00 5.000000e-01
      vertex 0.000000e+00 0.000000e+00 5.000000e-01
    endloop
  endfacet
  facet normal 0.000000e+00 -0.000000e+00 1.000000e+00
    outer loop
      vertex 5.041796e+01 -6.218462e+00 5.000000e-01
      vertex 5.055538e+01 -4.979271e+00 5.000000e-01
      vertex 0.000000e+00 0.000000e+00 5.000000e-01
    endloop
  endfacet
  facet normal 0.000000e+00 -0.000000e+00 1.000000e+00
    outer loop
      vertex 5.055538e+01 -4.979271e+00 5.000000e-01
      vertex 5.066236e+01 -3.737080e+00 5.000000e-01
      vertex 0.000000e+00 0.000000e+00 5.000000e-01
    endloop
  endfacet
  facet normal 0.000000e+00 -0.000000e+00 1.000000e+00
    outer loop
      vertex 5.066236e+01 -3.737080e+00 5.000000e-01
      vertex 5.073881e+01 -2.492638e+00 5.000000e-01
      vertex 0.000000e+00 0.000000e+00 5.000000e-01
    endloop
  endfacet
  facet normal 0.000000e+00 -0.000000e+00 1.000000e+00
    outer loop
      vertex 5.073881e+01 -2.492638e+00 5.000000e-01
      vertex 5.078470e+01 -1.246694e+00 5.000000e-01
      vertex 0.000000e+00 0.000000e+00 5.000000e-01
    endloop
  endfacet
  facet normal 0.000000e+00 -0.000000e+00 1.000000e+00
    outer loop
      vertex 5.078470e+01 -1.246694e+00 5.000000e-01
      vertex 5.080000e+01 0.000000e+00 5.000000e-01
      vertex 0.000000e+00 0.000000e+00 5.000000e-01
    endloop
  endfacet
  facet normal 0.000000e+00 0.000000e+00 1.000000e+00
    outer loop
      vertex 5.330000e+01 0.000000e+00 4.177500e+01
      vertex 5.328395e+01 1.308047e+00 4.177500e+01
      vertex 5.078470e+01 1.246694e+00 4.177500e+01
    endloop
  endfacet
  facet normal 0.000000e+00 0.000000e+00 1.000000e+00
    outer loop
      vertex 5.330000e+01 0.000000e+00 4.177500e+01
      vertex 5.078470e+01 1.246694e+00 4.177500e+01
      vertex 5.080000e+01 0.000000e+00 4.177500e+01
    endloop
  endfacet
  facet normal 0.000000e+00 0.000000e+00 1.000000e+00
    outer loop
      vertex 5.328395e+01 1.308047e+00 4.177500e+01
      vertex 5.323580e+01 2.615307e+00 4.177500e+01
      vertex 5.073881e+01 2.492638e+00 4.177500e+01
    endloop
  endfacet
  facet normal 0.000000e+00 0.000000e+00 1.000000e+00
    outer loop
      vertex 5.328395e+01 1.308047e+00 4.177500e+01
      vertex 5.073881e+01 2.492638e+00 4.177500e+01
      vertex 5.078470e+01 1.246694e+00 4.177500e+01
    endloop
  endfacet
  facet normal 0.000000e+00 0.000000e+00 1.000000e+00
    outer loop
      vertex 5.323580e+01 2.615307e+00 4.177500e+01
      vertex 5.315558e+01 3.920991e+00 4.177500e+01
      vertex 5.066236e+01 3.737080e+00 4.177500e+01
    endloop
  endfacet
  facet normal 0.000000e+00 0.000000e+00 1.000000e+00
    outer loop
      vertex 5.323580e+01 2.615307e+00 4.177500e+01
      vertex 5.066236e+01 3.737080e+00 4.177500e+01
      vertex 5.073881e+01 2.492638e+00 4.177500e+01
    endloop
  endfacet
  facet normal 0.000000e+00 0.000000e+00 1.000000e+00
    outer loop
      vertex 5.315558e+01 3.920991e+00 4.177500e+01
      vertex 5.304335e+01 5.224314e+00 4.177500e+01
      vertex 5.055538e+01 4.979271e+00 4.177500e+01
    endloop
  endfacet
  facet normal 0.000000e+00 0.000000e+00 1.000000e+00
    outer loop
      vertex 5.315558e+01 3.920991e+00 4.177500e+01
      vertex 5.055538e+01 4.979271e+00 4.177500e+01
      vertex 5.066236e+01 3.737080e+00 4.177500e+01
    endloop
  endfacet
  facet normal 0.000000e+00 0.000000e+00 1.000000e+00
    outer loop
      vertex 5.304335e+01 5.224314e+00 4.177500e+01
      vertex 5.289916e+01 6.524489e+00 4.177500e+01
      vertex 5.041796e+01 6.218462e+00 4.177500e+01
    endloop
  endfacet
  facet normal 0.000000e+00 0.000000e+00 1.000000e+00
    outer loop
      vertex 5.304335e+01 5.224314e+00 4.177500e+01
      vertex 5.041796e+01 6.218462e+00 4.177500e+01
      vertex 5.055538e+01 4.979271e+00 4.177500e+01
    endloop
  endfacet
  facet normal 0.000000e+00 0.000000e+00 1.000000e+00
    outer loop
      vertex 5.289916e+01 6.524489e+00 4.177500e+01
      vertex 5.272311e+01 7.820734e+00 4.177500e+01
      vertex 5.025017e+01 7.453908e+00 4.177500e+01
    endloop
  endfacet
  facet normal 0.000000e+00 0.000000e+00 1.000000e+00
    outer loop
      vertex 5.289916e+01 6.524489e+00 4.177500e+01
      vertex 5.025017e+01 7.453908e+00 4.177500e+01
      vertex 5.041796e+01 6.218462e+00 4.177500e+01
    endloop
  endfacet
  facet normal 0.000000e+00 0.000000e+00 1.000000e+00
    outer loop
      vertex 5.272311e+01 7.820734e+00 4.177500e+01
      vertex 5.251530e+01 9.112269e+00 4.177500e+01
      vertex 5.005210e+01 8.684864e+00 4.177500e+01
    endloop
  endfacet
  facet normal 0.000000e+00 0.000000e+00 1.000000e+00
    outer loop
      vertex 5.272311e+01 7.820734e+00 4.177500e+01
      vertex 5.005210e+01 8.684864e+00 4.177500e+01
      vertex 5.025017e+01 7.453908e+00 4.177500e+01
    endloop
  endfacet
  facet normal 0.000000e+00 0.000000e+00 1.000000e+00
    outer loop
      vertex 5.251530e+01 9.112269e+00 4.177500e+01
      vertex 5.227586e+01 1.039831e+01 4.177500e+01
      vertex 4.982389e+01 9.910588e+00 4.177500e+01
    endloop
  endfacet
  facet normal 0.000000e+00 0.000000e+00 1.000000e+00
    outer loop
      vertex 5.251530e+01 9.112269e+00 4.177500e+01
      vertex 4.982389e+01 9.910588e+00 4.177500e+01
      vertex 5.005210e+01 8.684864e+00 4.177500e+01
    endloop
  endfacet
  facet normal 0.000000e+00 0.000000e+00 1.000000e+00
    outer loop
      vertex 5.227586e+01 1.039831e+01 4.177500e+01
      vertex 5.200492e+01 1.167810e+01 4.177500e+01
      vertex 4.956567e+01 1.113034e+01 4.177500e+01
    endloop
  endfacet
  facet normal 0.000000e+00 0.000000e+00 1.000000e+00
    outer loop
      vertex 5.227586e+01 1.039831e+01 4.177500e+01
      vertex 4.956567e+01 1.113034e+01 4.177500e+01
      vertex 4.982389e+01 9.910588e+00 4.177500e+01
    endloop
  endfacet
  facet normal 0.000000e+00 0.000000e+00 1.000000e+00
    outer loop
      vertex 5.200492e+01 1.167810e+01 4.177500e+01
      vertex 5.170267e+01 1.295084e+01 4.177500e+01
      vertex 4.927759e+01 1.234339e+01 4.177500e+01
    endloop
  endfacet
  facet normal 0.000000e+00 0.000000e+00 1.000000e+00
    outer loop
      vertex 5.200492e+01 1.167810e+01 4.177500e+01
      vertex 4.927759e+01 1.234339e+01 4.177500e+01
      vertex 4.956567e+01 1.113034e+01 4.177500e+01
    endloop
  endfacet
  facet normal 0.000000e+00 0.000000e+00 1.000000e+00
    outer loop
      vertex 5.170267e+01 1.295084e+01 4.177500e+01
      vertex 5.136926e+01 1.421579e+01 4.177500e+01
      vertex 4.895982e+01 1.354901e+01 4.177500e+01
    endloop
  endfacet
  facet normal 0.000000e+00 0.000000e+00 1.000000e+00
    outer loop
      vertex 5.170267e+01 1.295084e+01 4.177500e+01
      vertex 4.895982e+01 1.354901e+01 4.177500e+01
      vertex 4.927759e+01 1.234339e+01 4.177500e+01
    endloop
  endfacet
  facet normal 0.000000e+00 0.000000e+00 1.000000e+00
    outer loop
      vertex 5.136926e+01 1.421579e+01 4.177500e+01
      vertex 5.100492e+01 1.547217e+01 4.177500e+01
      vertex 4.861257e+01 1.474646e+01 4.177500e+01
    endloop
  endfacet
  facet normal 0.000000e+00 0.000000e+00 1.000000e+00
    outer loop
      vertex 5.136926e+01 1.421579e+01 4.177500e+01
      vertex 4.861257e+01 1.474646e+01 4.177500e+01
      vertex 4.895982e+01 1.354901e+01 4.177500e+01
    endloop
  endfacet
  facet normal 0.000000e+00 0.000000e+00 1.000000e+00
    outer loop
      vertex 5.100492e+01 1.547217e+01 4.177500e+01
      vertex 5.060985e+01 1.671924e+01 4.177500e+01
      vertex 4.823603e+01 1.593503e+01 4.177500e+01
    endloop
  endfacet
  facet normal 0.000000e+00 0.000000e+00 1.000000e+00
    outer loop
      vertex 5.100492e+01 1.547217e+01 4.177500e+01
      vertex 4.823603e+01 1.593503e+01 4.177500e+01
      vertex 4.861257e+01 1.474646e+01 4.177500e+01
    endloop
  endfacet
  facet normal 0.000000e+00 0.000000e+00 1.000000e+00
    outer loop
      vertex 5.060985e+01 1.671924e+01 4.177500e+01
      vertex 5.018430e+01 1.795623e+01 4.177500e+01
      vertex 4.783044e+01 1.711400e+01 4.177500e+01
    endloop
  endfacet
  facet normal 0.000000e+00 0.000000e+00 1.000000e+00
    outer loop
      vertex 5.060985e+01 1.671924e+01 4.177500e+01
      vertex 4.783044e+01 1.711400e+01 4.177500e+01
      vertex 4.823603e+01 1.593503e+01 4.177500e+01
    endloop
  endfacet
  facet normal 0.000000e+00 0.000000e+00 1.000000e+00
    outer loop
      vertex 5.018430e+01 1.795623e+01 4.177500e+01
      vertex 4.972852e+01 1.918241e+01 4.177500e+01
      vertex 4.739603e+01 1.828267e+01 4.177500e+01
    endloop
  endfacet
  facet normal 0.000000e+00 0.000000e+00 1.000000e+00
    outer loop
      vertex 5.018430e+01 1.795623e+01 4.177500e+01
      vertex 4.739603e+01 1.828267e+01 4.177500e+01
      vertex 4.783044e+01 1.711400e+01 4.177500e+01
    endloop
  endfacet
  facet normal 0.000000e+00 0.000000e+00 1.000000e+00
    outer loop
      vertex 4.972852e+01 1.918241e+01 4.177500e+01
      vertex 4.924278e+01 2.039703e+01 4.177500e+01
      vertex 4.693308e+01 1.944032e+01 4.177500e+01
    endloop
  endfacet
  facet normal 0.000000e+00 0.000000e+00 1.000000e+00
    outer loop
      vertex 4.972852e+01 1.918241e+01 4.177500e+01
      vertex 4.693308e+01 1.944032e+01 4.177500e+01
      vertex 4.739603e+01 1.828267e+01 4.177500e+01
    endloop
  endfacet
  facet normal 0.000000e+00 0.000000e+00 1.000000e+00
    outer loop
      vertex 4.924278e+01 2.039703e+01 4.177500e+01
      vertex 4.872738e+01 2.159936e+01 4.177500e+01
      vertex 4.644186e+01 2.058626e+01 4.177500e+01
    endloop
  endfacet
  facet normal 0.000000e+00 0.000000e+00 1.000000e+00
    outer loop
      vertex 4.924278e+01 2.039703e+01 4.177500e+01
      vertex 4.644186e+01 2.058626e+01 4.177500e+01
      vertex 4.693308e+01 1.944032e+01 4.177500e+01
    endloop
  endfacet
  facet normal 0.000000e+00 0.000000e+00 1.000000e+00
    outer loop
      vertex 4.872738e+01 2.159936e+01 4.177500e+01
      vertex 4.818263e+01 2.278869e+01 4.177500e+01
      vertex 4.592266e+01 2.171980e+01 4.177500e+01
    endloop
  endfacet
  facet normal 0.000000e+00 0.000000e+00 1.000000e+00
    outer loop
      vertex 4.872738e+01 2.159936e+01 4.177500e+01
      vertex 4.592266e+01 2.171980e+01 4.177500e+01
      vertex 4.644186e+01 2.058626e+01 4.177500e+01
    endloop
  endfacet
  facet normal 0.000000e+00 0.000000e+00 1.000000e+00
    outer loop
      vertex 4.818263e+01 2.278869e+01 4.177500e+01
      vertex 4.760886e+01 2.396428e+01 4.177500e+01
      vertex 4.537579e+01 2.284026e+01 4.177500e+01
    endloop
  endfacet
  facet normal 0.000000e+00 0.000000e+00 1.000000e+00
    outer loop
      vertex 4.818263e+01 2.278869e+01 4.177500e+01
      vertex 4.537579e+01 2.284026e+01 4.177500e+01
      vertex 4.592266e+01 2.171980e+01 4.177500e+01
    endloop
  endfacet
  facet normal 0.000000e+00 0.000000e+00 1.000000e+00
    outer loop
      vertex 4.760886e+01 2.396428e+01 4.177500e+01
      vertex 4.700640e+01 2.512545e+01 4.177500e+01
      vertex 4.480160e+01 2.394695e+01 4.177500e+01
    endloop
  endfacet
  facet normal 0.000000e+00 0.000000e+00 1.000000e+00
    outer loop
      vertex 4.760886e+01 2.396428e+01 4.177500e+01
      vertex 4.480160e+01 2.394695e+01 4.177500e+01
      vertex 4.537579e+01 2.284026e+01 4.177500e+01
    endloop
  endfacet
  facet normal 0.000000e+00 0.000000e+00 1.000000e+00
    outer loop
      vertex 4.700640e+01 2.512545e+01 4.177500e+01
      vertex 4.637564e+01 2.627147e+01 4.177500e+01
      vertex 4.420042e+01 2.503923e+01 4.177500e+01
    endloop
  endfacet
  facet normal 0.000000e+00 0.000000e+00 1.000000e+00
    outer loop
      vertex 4.700640e+01 2.512545e+01 4.177500e+01
      vertex 4.420042e+01 2.503923e+01 4.177500e+01
      vertex 4.480160e+01 2.394695e+01 4.177500e+01
    endloop
  endfacet
  facet normal 0.000000e+00 0.000000e+00 1.000000e+00
    outer loop
      vertex 4.637564e+01 2.627147e+01 4.177500e+01
      vertex 4.571693e+01 2.740168e+01 4.177500e+01
      vertex 4.357261e+01 2.611642e+01 4.177500e+01
    endloop
  endfacet
  facet normal 0.000000e+00 0.000000e+00 1.000000e+00
    outer loop
      vertex 4.637564e+01 2.627147e+01 4.177500e+01
      vertex 4.357261e+01 2.611642e+01 4.177500e+01
      vertex 4.420042e+01 2.503923e+01 4.177500e+01
    endloop
  endfacet
  facet normal 0.000000e+00 0.000000e+00 1.000000e+00
    outer loop
      vertex 4.571693e+01 2.740168e+01 4.177500e+01
      vertex 4.503070e+01 2.851537e+01 4.177500e+01
      vertex 4.291856e+01 2.717788e+01 4.177500e+01
    endloop
  endfacet
  facet normal 0.000000e+00 0.000000e+00 1.000000e+00
    outer loop
      vertex 4.571693e+01 2.740168e+01 4.177500e+01
      vertex 4.291856e+01 2.717788e+01 4.177500e+01
      vertex 4.357261e+01 2.611642e+01 4.177500e+01
    endloop
  endfacet
  facet normal 0.000000e+00 0.000000e+00 1.000000e+00
    outer loop
      vertex 4.503070e+01 2.851537e+01 4.177500e+01
      vertex 4.431733e+01 2.961189e+01 4.177500e+01
      vertex 4.223866e+01 2.822297e+01 4.177500e+01
    endloop
  endfacet
  facet normal 0.000000e+00 0.000000e+00 1.000000e+00
    outer loop
      vertex 4.503070e+01 2.851537e+01 4.177500e+01
      vertex 4.223866e+01 2.822297e+01 4.177500e+01
      vertex 4.291856e+01 2.717788e+01 4.177500e+01
    endloop
  endfacet
  facet normal 0.000000e+00 0.000000e+00 1.000000e+00
    outer loop
      vertex 4.431733e+01 2.961189e+01 4.177500e+01
      vertex 4.357727e+01 3.069058e+01 4.177500e+01
      vertex 4.153331e+01 2.925106e+01 4.177500e+01
    endloop
  endfacet
  facet normal 0.000000e+00 0.000000e+00 1.000000e+00
    outer loop
      vertex 4.431733e+01 2.961189e+01 4.177500e+01
      vertex 4.153331e+01 2.925106e+01 4.177500e+01
      vertex 4.223866e+01 2.822297e+01 4.177500e+01
    endloop
  endfacet
  facet normal 0.000000e+00 0.000000e+00 1.000000e+00
    outer loop
      vertex 4.357727e+01 3.069058e+01 4.177500e+01
      vertex 4.281096e+01 3.175077e+01 4.177500e+01
      vertex 4.080294e+01 3.026152e+01 4.177500e+01
    endloop
  endfacet
  facet normal 0.000000e+00 0.000000e+00 1.000000e+00
    outer loop
      vertex 4.357727e+01 3.069058e+01 4.177500e+01
      vertex 4.080294e+01 3.026152e+01 4.177500e+01
      vertex 4.153331e+01 2.925106e+01 4.177500e+01
    endloop
  endfacet
  facet normal 0.000000e+00 0.000000e+00 1.000000e+00
    outer loop
      vertex 4.281096e+01 3.175077e+01 4.177500e+01
      vertex 4.201886e+01 3.279184e+01 4.177500e+01
      vertex 4.004800e+01 3.125376e+01 4.177500e+01
    endloop
  endfacet
  facet normal 0.000000e+00 0.000000e+00 1.000000e+00
    outer loop
      vertex 4.281096e+01 3.175077e+01 4.177500e+01
      vertex 4.004800e+01 3.125376e+01 4.177500e+01
      vertex 4.080294e+01 3.026152e+01 4.177500e+01
    endloop
  endfacet
  facet normal 0.000000e+00 0.000000e+00 1.000000e+00
    outer loop
      vertex 4.201886e+01 3.279184e+01 4.177500e+01
      vertex 4.120146e+01 3.381316e+01 4.177500e+01
      vertex 3.926893e+01 3.222718e+01 4.177500e+01
    endloop
  endfacet
  facet normal 0.000000e+00 0.000000e+00 1.000000e+00
    outer loop
      vertex 4.201886e+01 3.279184e+01 4.177500e+01
      vertex 3.926893e+01 3.222718e+01 4.177500e+01
      vertex 4.004800e+01 3.125376e+01 4.177500e+01
    endloop
  endfacet
  facet normal 0.000000e+00 0.000000e+00 1.000000e+00
    outer loop
      vertex 4.120146e+01 3.381316e+01 4.177500e+01
      vertex 4.035923e+01 3.481411e+01 4.177500e+01
      vertex 3.846621e+01 3.318118e+01 4.177500e+01
    endloop
  endfacet
  facet normal 0.000000e+00 0.000000e+00 1.000000e+00
    outer loop
      vertex 4.120146e+01 3.381316e+01 4.177500e+01
      vertex 3.846621e+01 3.318118e+01 4.177500e+01
      vertex 3.926893e+01 3.222718e+01 4.177500e+01
    endloop
  endfacet
  facet normal 0.000000e+00 0.000000e+00 1.000000e+00
    outer loop
      vertex 4.035923e+01 3.481411e+01 4.177500e+01
      vertex 3.949269e+01 3.579409e+01 4.177500e+01
      vertex 3.764032e+01 3.411519e+01 4.177500e+01
    endloop
  endfacet
  facet normal 0.000000e+00 0.000000e+00 1.000000e+00
    outer loop
      vertex 4.035923e+01 3.481411e+01 4.177500e+01
      vertex 3.764032e+01 3.411519e+01 4.177500e+01
      vertex 3.846621e+01 3.318118e+01 4.177500e+01
    endloop
  endfacet
  facet normal 0.000000e+00 0.000000e+00 1.000000e+00
    outer loop
      vertex 3.949269e+01 3.579409e+01 4.177500e+01
      vertex 3.860237e+01 3.675251e+01 4.177500e+01
      vertex 3.679175e+01 3.502866e+01 4.177500e+01
    endloop
  endfacet
  facet normal 0.000000e+00 0.000000e+00 1.000000e+00
    outer loop
      vertex 3.949269e+01 3.579409e+01 4.177500e+01
      vertex 3.679175e+01 3.502866e+01 4.177500e+01
      vertex 3.764032e+01 3.411519e+01 4.177500e+01
    endloop
  endfacet
  facet normal 0.000000e+00 0.000000e+00 1.000000e+00
    outer loop
      vertex 3.860237e+01 3.675251e+01 4.177500e+01
      vertex 3.768879e+01 3.768879e+01 4.177500e+01
      vertex 3.592102e+01 3.592102e+01 4.177500e+01
    endloop
  endfacet
  facet normal 0.000000e+00 0.000000e+00 1.000000e+00
    outer loop
      vertex 3.860237e+01 3.675251e+01 4.177500e+01
      vertex 3.592102e+01 3.592102e+01 4.177500e+01
      vertex 3.679175e+01 3.502866e+01 4.177500e+01
    endloop
  endfacet
  facet normal 0.000000e+00 0.000000e+00 1.000000e+00
    outer loop
      vertex 3.768879e+01 3.768879e+01 4.177500e+01
      vertex 3.675251e+01 3.860237e+01 4.177500e+01
      vertex 3.502866e+01 3.679175e+01 4.177500e+01
    endloop
  endfacet
  facet normal 0.000000e+00 0.000000e+00 1.000000e+00
    outer loop
      vertex 3.768879e+01 3.768879e+01 4.177500e+01
      vertex 3.502866e+01 3.679175e+01 4.177500e+01
      vertex 3.592102e+01 3.592102e+01 4.177500e+01
    endloop
  endfacet
  facet normal 0.000000e+00 0.000000e+00 1.000000e+00
    outer loop
      vertex 3.675251e+01 3.860237e+01 4.177500e+01
      vertex 3.579409e+01 3.949269e+01 4.177500e+01
      vertex 3.411519e+01 3.764032e+01 4.177500e+01
    endloop
  endfacet
  facet normal 0.000000e+00 0.000000e+00 1.000000e+00
    outer loop
      vertex 3.675251e+01 3.860237e+01 4.177500e+01
      vertex 3.411519e+01 3.764032e+01 4.177500e+01
      vertex 3.502866e+01 3.679175e+01 4.177500e+01
    endloop
  endfacet
  facet normal 0.000000e+00 0.000000e+00 1.000000e+00
    outer loop
      vertex 3.579409e+01 3.949269e+01 4.177500e+01
      vertex 3.481411e+01 4.035923e+01 4.177500e+01
      vertex 3.318118e+01 3.846621e+01 4.177500e+01
    endloop
  endfacet
  facet normal 0.000000e+00 0.000000e+00 1.000000e+00
    outer loop
      vertex 3.579409e+01 3.949269e+01 4.177500e+01
      vertex 3.318118e+01 3.846621e+01 4.177500e+01
      vertex 3.411519e+01 3.764032e+01 4.177500e+01
    endloop
  endfacet
  facet normal 0.000000e+00 0.000000e+00 1.000000e+00
    outer loop
      vertex 3.481411e+01 4.035923e+01 4.177500e+01
      vertex 3.381316e+01 4.120146e+01 4.177500e+01
      vertex 3.222718e+01 3.926893e+01 4.177500e+01
    endloop
  endfacet
  facet normal 0.000000e+00 0.000000e+00 1.000000e+00
    outer loop
      vertex 3.481411e+01 4.035923e+01 4.177500e+01
      vertex 3.222718e+01 3.926893e+01 4.177500e+01
      vertex 3.318118e+01 3.846621e+01 4.177500e+01
    endloop
  endfacet
  facet normal 0.000000e+00 0.000000e+00 1.000000e+00
    outer loop
      vertex 3.381316e+01 4.120146e+01 4.177500e+01
      vertex 3.279184e+01 4.201886e+01 4.177500e+01
      vertex 3.125376e+01 4.004800e+01 4.177500e+01
    endloop
  endfacet
  facet normal 0.000000e+00 0.000000e+00 1.000000e+00
    outer loop
      vertex 3.381316e+01 4.120146e+01 4.177500e+01
      vertex 3.125376e+01 4.004800e+01 4.177500e+01
      vertex 3.222718e+01 3.926893e+01 4.177500e+01
    endloop
  endfacet
  facet normal 0.000000e+00 0.000000e+00 1.000000e+00
    outer loop
      vertex 3.279184e+01 4.201886e+01 4.177500e+01
      vertex 3.175077e+01 4.281096e+01 4.177500e+01
      vertex 3.026152e+01 4.080294e+01 4.177500e+01
    endloop
  endfacet
  facet normal 0.000000e+00 0.000000e+00 1.000000e+00
    outer loop
      vertex 3.279184e+01 4.201886e+01 4.177500e+01
      vertex 3.026152e+01 4.080294e+01 4.177500e+01
      vertex 3.125376e+01 4.004800e+01 4.177500e+01
    endloop
  endfacet
  facet normal 0.000000e+00 0.000000e+00 1.000000e+00
    outer loop
      vertex 3.175077e+01 4.281096e+01 4.177500e+01
      vertex 3.069058e+01 4.357727e+01 4.177500e+01
      vertex 2.925106e+01 4.153331e+01 4.177500e+01
    endloop
  endfacet
  facet normal 0.000000e+00 0.000000e+00 1.000000e+00
    outer loop
      vertex 3.175077e+01 4.281096e+01 4.177500e+01
      vertex 2.925106e+01 4.153331e+01 4.177500e+01
      vertex 3.026152e+01 4.080294e+01 4.177500e+01
    endloop
  endfacet
  facet normal 0.000000e+00 0.000000e+00 1.000000e+00
    outer loop
      vertex 3.069058e+01 4.357727e+01 4.177500e+01
      vertex 2.961189e+01 4.431733e+01 4.177500e+01
      vertex 2.822297e+01 4.223866e+01 4.177500e+01
    endloop
  endfacet
  facet normal 0.000000e+00 0.000000e+00 1.000000e+00
    outer loop
      vertex 3.069058e+01 4.357727e+01 4.177500e+01
      vertex 2.822297e+01 4.223866e+01 4.177500e+01
      vertex 2.925106e+01 4.153331e+01 4.177500e+01
    endloop
  endfacet
  facet normal 0.000000e+00 0.000000e+00 1.000000e+00
    outer loop
      vertex 2.961189e+01 4.431733e+01 4.177500e+01
      vertex 2.851537e+01 4.503070e+01 4.177500e+01
      vertex 2.717788e+01 4.291856e+01 4.177500e+01
    endloop
  endfacet
  facet normal 0.000000e+00 0.000000e+00 1.000000e+00
    outer loop
      vertex 2.961189e+01 4.431733e+01 4.177500e+01
      vertex 2.717788e+01 4.291856e+01 4.177500e+01
      vertex 2.822297e+01 4.223866e+01 4.177500e+01
    endloop
  endfacet
  facet normal 0.000000e+00 0.000000e+00 1.000000e+00
    outer loop
      vertex 2.851537e+01 4.503070e+01 4.177500e+01
      vertex 2.740168e+01 4.571693e+01 4.177500e+01
      vertex 2.611642e+01 4.357261e+01 4.177500e+01
    endloop
  endfacet
  facet normal 0.000000e+00 0.000000e+00 1.000000e+00
    outer loop
      vertex 2.851537e+01 4.503070e+01 4.177500e+01
      vertex 2.611642e+01 4.357261e+01 4.177500e+01
      vertex 2.717788e+01 4.291856e+01 4.177500e+01
    endloop
  endfacet
  facet normal 0.000000e+00 0.000000e+00 1.000000e+00
    outer loop
      vertex 2.740168e+01 4.571693e+01 4.177500e+01
      vertex 2.627147e+01 4.637564e+01 4.177500e+01
      vertex 2.503923e+01 4.420042e+01 4.177500e+01
    endloop
  endfacet
  facet normal 0.000000e+00 0.000000e+00 1.000000e+00
    outer loop
      vertex 2.740168e+01 4.571693e+01 4.177500e+01
      vertex 2.503923e+01 4.420042e+01 4.177500e+01
      vertex 2.611642e+01 4.357261e+01 4.177500e+01
    endloop
  endfacet
  facet normal 0.000000e+00 0.000000e+00 1.000000e+00
    outer loop
      vertex 2.627147e+01 4.637564e+01 4.177500e+01
      vertex 2.512545e+01 4.700640e+01 4.177500e+01
      vertex 2.394695e+01 4.480160e+01 4.177500e+01
    endloop
  endfacet
  facet normal 0.000000e+00 0.000000e+00 1.000000e+00
    outer loop
      vertex 2.627147e+01 4.637564e+01 4.177500e+01
      vertex 2.394695e+01 4.480160e+01 4.177500e+01
      vertex 2.503923e+01 4.420042e+01 4.177500e+01
    endloop
  endfacet
  facet normal 0.000000e+00 0.000000e+00 1.000000e+00
    outer loop
      vertex 2.512545e+01 4.700640e+01 4.177500e+01
      vertex 2.396428e+01 4.760886e+01 4.177500e+01
      vertex 2.284026e+01 4.537579e+01 4.177500e+01
    endloop
  endfacet
  facet normal 0.000000e+00 0.000000e+00 1.000000e+00
    outer loop
      vertex 2.512545e+01 4.700640e+01 4.177500e+01
      vertex 2.284026e+01 4.537579e+01 4.177500e+01
      vertex 2.394695e+01 4.480160e+01 4.177500e+01
    endloop
  endfacet
  facet normal 0.000000e+00 0.000000e+00 1.000000e+00
    outer loop
      vertex 2.396428e+01 4.760886e+01 4.177500e+01
      vertex 2.278869e+01 4.818263e+01 4.177500e+01
      vertex 2.171980e+01 4.592266e+01 4.177500e+01
    endloop
  endfacet
  facet normal 0.000000e+00 0.000000e+00 1.000000e+00
    outer loop
      vertex 2.396428e+01 4.760886e+01 4.177500e+01
      vertex 2.171980e+01 4.592266e+01 4.177500e+01
      vertex 2.284026e+01 4.537579e+01 4.177500e+01
    endloop
  endfacet
  facet normal 0.000000e+00 0.000000e+00 1.000000e+00
    outer loop
      vertex 2.278869e+01 4.818263e+01 4.177500e+01
      vertex 2.159936e+01 4.872738e+01 4.177500e+01
      vertex 2.058626e+01 4.644186e+01 4.177500e+01
    endloop
  endfacet
  facet normal 0.000000e+00 0.000000e+00 1.000000e+00
    outer loop
      vertex 2.278869e+01 4.818263e+01 4.177500e+01
      vertex 2.058626e+01 4.644186e+01 4.177500e+01
      vertex 2.171980e+01 4.592266e+01 4.177500e+01
    endloop
  endfacet
  facet normal 0.000000e+00 0.000000e+00 1.000000e+00
    outer loop
      vertex 2.159936e+01 4.872738e+01 4.177500e+01
      vertex 2.039703e+01 4.924278e+01 4.177500e+01
      vertex 1.944032e+01 4.693308e+01 4.177500e+01
    endloop
  endfacet
  facet normal 0.000000e+00 0.000000e+00 1.000000e+00
    outer loop
      vertex 2.159936e+01 4.872738e+01 4.177500e+01
      vertex 1.944032e+01 4.693308e+01 4.177500e+01
      vertex 2.058626e+01 4.644186e+01 4.177500e+01
    endloop
  endfacet
  facet normal 0.000000e+00 0.000000e+00 1.000000e+00
    outer loop
      vertex 2.039703e+01 4.924278e+01 4.177500e+01
      vertex 1.918241e+01 4.972852e+01 4.177500e+01
      vertex 1.828267e+01 4.739603e+01 4.177500e+01
    endloop
  endfacet
  facet normal 0.000000e+00 0.000000e+00 1.000000e+00
    outer loop
      vertex 2.039703e+01 4.924278e+01 4.177500e+01
      vertex 1.828267e+01 4.739603e+01 4.177500e+01
      vertex 1.944032e+01 4.693308e+01 4.177500e+01
    endloop
  endfacet
  facet normal 0.000000e+00 0.000000e+00 1.000000e+00
    outer loop
      vertex 1.918241e+01 4.972852e+01 4.177500e+01
      vertex 1.795623e+01 5.018430e+01 4.177500e+01
      vertex 1.711400e+01 4.783044e+01 4.177500e+01
    endloop
  endfacet
  facet normal 0.000000e+00 0.000000e+00 1.000000e+00
    outer loop
      vertex 1.918241e+01 4.972852e+01 4.177500e+01
      vertex 1.711400e+01 4.783044e+01 4.177500e+01
      vertex 1.828267e+01 4.739603e+01 4.177500e+01
    endloop
  endfacet
  facet normal 0.000000e+00 0.000000e+00 1.000000e+00
    outer loop
      vertex 1.795623e+01 5.018430e+01 4.177500e+01
      vertex 1.671924e+01 5.060985e+01 4.177500e+01
      vertex 1.593503e+01 4.823603e+01 4.177500e+01
    endloop
  endfacet
  facet normal 0.000000e+00 0.000000e+00 1.000000e+00
    outer loop
      vertex 1.795623e+01 5.018430e+01 4.177500e+01
      vertex 1.593503e+01 4.823603e+01 4.177500e+01
      vertex 1.711400e+01 4.783044e+01 4.177500e+01
    endloop
  endfacet
  facet normal 0.000000e+00 0.000000e+00 1.000000e+00
    outer loop
      vertex 1.671924e+01 5.060985e+01 4.177500e+01
      vertex 1.547217e+01 5.100492e+01 4.177500e+01
      vertex 1.474646e+01 4.861257e+01 4.177500e+01
    endloop
  endfacet
  facet normal 0.000000e+00 0.000000e+00 1.000000e+00
    outer loop
      vertex 1.671924e+01 5.060985e+01 4.177500e+01
      vertex 1.474646e+01 4.861257e+01 4.177500e+01
      vertex 1.593503e+01 4.823603e+01 4.177500e+01
    endloop
  endfacet
  facet normal 0.000000e+00 0.000000e+00 1.000000e+00
    outer loop
      vertex 1.547217e+01 5.100492e+01 4.177500e+01
      vertex 1.421579e+01 5.136926e+01 4.177500e+01
      vertex 1.354901e+01 4.895982e+01 4.177500e+01
    endloop
  endfacet
  facet normal 0.000000e+00 0.000000e+00 1.000000e+00
    outer loop
      vertex 1.547217e+01 5.100492e+01 4.177500e+01
      vertex 1.354901e+01 4.895982e+01 4.177500e+01
      vertex 1.474646e+01 4.861257e+01 4.177500e+01
    endloop
  endfacet
  facet normal 0.000000e+00 0.000000e+00 1.000000e+00
    outer loop
      vertex 1.421579e+01 5.136926e+01 4.177500e+01
      vertex 1.295084e+01 5.170267e+01 4.177500e+01
      vertex 1.234339e+01 4.927759e+01 4.177500e+01
    endloop
  endfacet
  facet normal 0.000000e+00 0.000000e+00 1.000000e+00
    outer loop
      vertex 1.421579e+01 5.136926e+01 4.177500e+01
      vertex 1.234339e+01 4.927759e+01 4.177500e+01
      vertex 1.354901e+01 4.895982e+01 4.177500e+01
    endloop
  endfacet
  facet normal 0.000000e+00 0.000000e+00 1.000000e+00
    outer loop
      vertex 1.295084e+01 5.170267e+01 4.177500e+01
      vertex 1.167810e+01 5.200492e+01 4.177500e+01
      vertex 1.113034e+01 4.956567e+01 4.177500e+01
    endloop
  endfacet
  facet normal 0.000000e+00 0.000000e+00 1.000000e+00
    outer loop
      vertex 1.295084e+01 5.170267e+01 4.177500e+01
      vertex 1.113034e+01 4.956567e+01 4.177500e+01
      vertex 1.234339e+01 4.927759e+01 4.177500e+01
    endloop
  endfacet
  facet normal 0.000000e+00 0.000000e+00 1.000000e+00
    outer loop
      vertex 1.167810e+01 5.200492e+01 4.177500e+01
      vertex 1.039831e+01 5.227586e+01 4.177500e+01
      vertex 9.910588e+00 4.982389e+01 4.177500e+01
    endloop
  endfacet
  facet normal 0.000000e+00 0.000000e+00 1.000000e+00
    outer loop
      vertex 1.167810e+01 5.200492e+01 4.177500e+01
      vertex 9.910588e+00 4.982389e+01 4.177500e+01
      vertex 1.113034e+01 4.956567e+01 4.177500e+01
    endloop
  endfacet
  facet normal 0.000000e+00 0.000000e+00 1.000000e+00
    outer loop
      vertex 1.039831e+01 5.227586e+01 4.177500e+01
      vertex 9.112269e+00 5.251530e+01 4.177500e+01
      vertex 8.684864e+00 5.005210e+01 4.177500e+01
    endloop
  endfacet
  facet normal 0.000000e+00 0.000000e+00 1.000000e+00
    outer loop
      vertex 1.039831e+01 5.227586e+01 4.177500e+01
      vertex 8.684864e+00 5.005210e+01 4.177500e+01
      vertex 9.910588e+00 4.982389e+01 4.177500e+01
    endloop
  endfacet
  facet normal 0.000000e+00 0.000000e+00 1.000000e+00
    outer loop
      vertex 9.112269e+00 5.251530e+01 4.177500e+01
      vertex 7.820734e+00 5.272311e+01 4.177500e+01
      vertex 7.453908e+00 5.025017e+01 4.177500e+01
    endloop
  endfacet
  facet normal 0.000000e+00 0.000000e+00 1.000000e+00
    outer loop
      vertex 9.112269e+00 5.251530e+01 4.177500e+01
      vertex 7.453908e+00 5.025017e+01 4.177500e+01
      vertex 8.684864e+00 5.005210e+01 4.177500e+01
    endloop
  endfacet
  facet normal 0.000000e+00 0.000000e+00 1.000000e+00
    outer loop
      vertex 7.820734e+00 5.272311e+01 4.177500e+01
      vertex 6.524489e+00 5.289916e+01 4.177500e+01
      vertex 6.218462e+00 5.041796e+01 4.177500e+01
    endloop
  endfacet
  facet normal 0.000000e+00 0.000000e+00 1.000000e+00
    outer loop
      vertex 7.820734e+00 5.272311e+01 4.177500e+01
      vertex 6.218462e+00 5.041796e+01 4.177500e+01
      vertex 7.453908e+00 5.025017e+01 4.177500e+01
    endloop
  endfacet
  facet normal 0.000000e+00 0.000000e+00 1.000000e+00
    outer loop
      vertex 6.524489e+00 5.289916e+01 4.177500e+01
      vertex 5.224314e+00 5.304335e+01 4.177500e+01
      vertex 4.979271e+00 5.055538e+01 4.177500e+01
    endloop
  endfacet
  facet normal 0.000000e+00 0.000000e+00 1.000000e+00
    outer loop
      vertex 6.524489e+00 5.289916e+01 4.177500e+01
      vertex 4.979271e+00 5.055538e+01 4.177500e+01
      vertex 6.218462e+00 5.041796e+01 4.177500e+01
    endloop
  endfacet
  facet normal 0.000000e+00 0.000000e+00 1.000000e+00
    outer loop
      vertex 5.224314e+00 5.304335e+01 4.177500e+01
      vertex 3.920991e+00 5.315558e+01 4.177500e+01
      vertex 3.737080e+00 5.066236e+01 4.177500e+01
    endloop
  endfacet
  facet normal 0.000000e+00 0.000000e+00 1.000000e+00
    outer loop
      vertex 5.224314e+00 5.304335e+01 4.177500e+01
      vertex 3.737080e+00 5.066236e+01 4.177500e+01
      vertex 4.979271e+00 5.055538e+01 4.177500e+01
    endloop
  endfacet
  facet normal 0.000000e+00 0.000000e+00 1.000000e+00
    outer loop
      vertex 3.920991e+00 5.315558e+01 4.177500e+01
      vertex 2.615307e+00 5.323580e+01 4.177500e+01
      vertex 2.492638e+00 5.073881e+01 4.177500e+01
    endloop
  endfacet
  facet normal 0.000000e+00 0.000000e+00 1.000000e+00
    outer loop
      vertex 3.920991e+00 5.315558e+01 4.177500e+01
      vertex 2.492638e+00 5.073881e+01 4.177500e+01
      vertex 3.737080e+00 5.066236e+01 4.177500e+01
    endloop
  endfacet
  facet normal 0.000000e+00 0.000000e+00 1.000000e+00
    outer loop
      vertex 2.615307e+00 5.323580e+01 4.177500e+01
      vertex 1.308047e+00 5.328395e+01 4.177500e+01
      vertex 1.246694e+00 5.078470e+01 4.177500e+01
    endloop
  endfacet
  facet normal 0.000000e+00 0.000000e+00 1.000000e+00
    outer loop
      vertex 2.615307e+00 5.323580e+01 4.177500e+01
      vertex 1.246694e+00 5.078470e+01 4.177500e+01
      vertex 2.492638e+00 5.073881e+01 4.177500e+01
    endloop
  endfacet
  facet normal 0.000000e+00 0.000000e+00 1.000000e+00
    outer loop
      vertex 1.308047e+00 5.328395e+01 4.177500e+01
      vertex 3.263684e-15 5.330000e+01 4.177500e+01
      vertex 3.110603e-15 5.080000e+01 4.177500e+01
    endloop
  endfacet
  facet normal 0.000000e+00 0.000000e+00 1.000000e+00
    outer loop
      vertex 1.308047e+00 5.328395e+01 4.177500e+01
      vertex 3.110603e-15 5.080000e+01 4.177500e+01
      vertex 1.246694e+00 5.078470e+01 4.177500e+01
    endloop
  endfacet
  facet normal 0.000000e+00 0.000000e+00 1.000000e+00
    outer loop
      vertex 3.263684e-15 5.330000e+01 4.177500e+01
      vertex -1.308047e+00 5.328395e+01 4.177500e+01
      vertex -1.246694e+00 5.078470e+01 4.177500e+01
    endloop
  endfacet
  facet normal 0.000000e+00 0.000000e+00 1.000000e+00
    outer loop
      vertex 3.263684e-15 5.330000e+01 4.177500e+01
      vertex -1.246694e+00 5.078470e+01 4.177500e+01
      vertex 3.110603e-15 5.080000e+01 4.177500e+01
    endloop
  endfacet
  facet normal 0.000000e+00 0.000000e+00 1.000000e+00
    outer loop
      vertex -1.308047e+00 5.328395e+01 4.177500e+01
      vertex -2.615307e+00 5.323580e+01 4.177500e+01
      vertex -2.492638e+00 5.073881e+01 4.177500e+01
    endloop
  endfacet
  facet normal 0.000000e+00 0.000000e+00 1.000000e+00
    outer loop
      vertex -1.308047e+00 5.328395e+01 4.177500e+01
      vertex -2.492638e+00 5.073881e+01 4.177500e+01
      vertex -1.246694e+00 5.078470e+01 4.177500e+01
    endloop
  endfacet
  facet normal 0.000000e+00 0.000000e+00 1.000000e+00
    outer loop
      vertex -2.615307e+00 5.323580e+01 4.177500e+01
      vertex -3.920991e+00 5.315558e+01 4.177500e+01
      vertex -3.737080e+00 5.066236e+01 4.177500e+01
    endloop
  endfacet
  facet normal 0.000000e+00 0.000000e+00 1.000000e+00
    outer loop
      vertex -2.615307e+00 5.323580e+01 4.177500e+01
      vertex -3.737080e+00 5.066236e+01 4.177500e+01
      vertex -2.492638e+00 5.073881e+01 4.177500e+01
    endloop
  endfacet
  facet normal 0.000000e+00 0.000000e+00 1.000000e+00
    outer loop
      vertex -3.920991e+00 5.315558e+01 4.177500e+01
      vertex -5.224314e+00 5.304335e+01 4.177500e+01
      vertex -4.979271e+00 5.055538e+01 4.177500e+01
    endloop
  endfacet
  facet normal 0.000000e+00 0.000000e+00 1.000000e+00
    outer loop
      vertex -3.920991e+00 5.315558e+01 4.177500e+01
      vertex -4.979271e+00 5.055538e+01 4.177500e+01
      vertex -3.737080e+00 5.066236e+01 4.177500e+01
    endloop
  endfacet
  facet normal 0.000000e+00 0.000000e+00 1.000000e+00
    outer loop
      vertex -5.224314e+00 5.304335e+01 4.177500e+01
      vertex -6.524489e+00 5.289916e+01 4.177500e+01
      vertex -6.218462e+00 5.041796e+01 4.177500e+01
    endloop
  endfacet
  facet normal 0.000000e+00 0.000000e+00 1.000000e+00
    outer loop
      vertex -5.224314e+00 5.304335e+01 4.177500e+01
      vertex -6.218462e+00 5.041796e+01 4.177500e+01
      vertex -4.979271e+00 5.055538e+01 4.177500e+01
    endloop
  endfacet
  facet normal 0.000000e+00 0.000000e+00 1.000000e+00
    outer loop
      vertex -6.524489e+00 5.289916e+01 4.177500e+01
      vertex -7.820734e+00 5.272311e+01 4.177500e+01
      vertex -7.453908e+00 5.025017e+01 4.177500e+01
    endloop
  endfacet
  facet normal 0.000000e+00 0.000000e+00 1.000000e+00
    outer loop
      vertex -6.524489e+00 5.289916e+01 4.177500e+01
      vertex -7.453908e+00 5.025017e+01 4.177500e+01
      vertex -6.218462e+00 5.041796e+01 4.177500e+01
    endloop
  endfacet
  facet normal 0.000000e+00 0.000000e+00 1.000000e+00
    outer loop
      vertex -7.820734e+00 5.272311e+01 4.177500e+01
      vertex -9.112269e+00 5.251530e+01 4.177500e+01
      vertex -8.684864e+00 5.005210e+01 4.177500e+01
    endloop
  endfacet
  facet normal 0.000000e+00 0.000000e+00 1.000000e+00
    outer loop
      vertex -7.820734e+00 5.272311e+01 4.177500e+01
      vertex -8.684864e+00 5.005210e+01 4.177500e+01
      vertex -7.453908e+00 5.025017e+01 4.177500e+01
    endloop
  endfacet
  facet normal 0.000000e+00 0.000000e+00 1.000000e+00
    outer loop
      vertex -9.112269e+00 5.251530e+01 4.177500e+01
      vertex -1.039831e+01 5.227586e+01 4.177500e+01
      vertex -9.910588e+00 4.982389e+01 4.177500e+01
    endloop
  endfacet
  facet normal 0.000000e+00 0.000000e+00 1.000000e+00
    outer loop
      vertex -9.112269e+00 5.251530e+01 4.177500e+01
      vertex -9.910588e+00 4.982389e+01 4.177500e+01
      vertex -8.684864e+00 5.005210e+01 4.177500e+01
    endloop
  endfacet
  facet normal 0.000000e+00 0.000000e+00 1.000000e+00
    outer loop
      vertex -1.039831e+01 5.227586e+01 4.177500e+01
      vertex -1.167810e+01 5.200492e+01 4.177500e+01
      vertex -1.113034e+01 4.956567e+01 4.177500e+01
    endloop
  endfacet
  facet normal 0.000000e+00 0.000000e+00 1.000000e+00
    outer loop
      vertex -1.039831e+01 5.227586e+01 4.177500e+01
      vertex -1.113034e+01 4.956567e+01 4.177500e+01
      vertex -9.910588e+00 4.982389e+01 4.177500e+01
    endloop
  endfacet
  facet normal 0.000000e+00 0.000000e+00 1.000000e+00
    outer loop
      vertex -1.167810e+01 5.200492e+01 4.177500e+01
      vertex -1.295084e+01 5.170267e+01 4.177500e+01
      vertex -1.234339e+01 4.927759e+01 4.177500e+01
    endloop
  endfacet
  facet normal 0.000000e+00 0.000000e+00 1.000000e+00
    outer loop
      vertex -1.167810e+01 5.200492e+01 4.177500e+01
      vertex -1.234339e+01 4.927759e+01 4.177500e+01
      vertex -1.113034e+01 4.956567e+01 4.177500e+01
    endloop
  endfacet
  facet normal 0.000000e+00 0.000000e+00 1.000000e+00
    outer loop
      vertex -1.295084e+01 5.170267e+01 4.177500e+01
      vertex -1.421579e+01 5.136926e+01 4.177500e+01
      vertex -1.354901e+01 4.895982e+01 4.177500e+01
    endloop
  endfacet
  facet normal 0.000000e+00 0.000000e+00 1.000000e+00
    outer loop
      vertex -1.295084e+01 5.170267e+01 4.177500e+01
      vertex -1.354901e+01 4.895982e+01 4.177500e+01
      vertex -1.234339e+01 4.927759e+01 4.177500e+01
    endloop
  endfacet
  facet normal 0.000000e+00 0.000000e+00 1.000000e+00
    outer loop
      vertex -1.421579e+01 5.136926e+01 4.177500e+01
      vertex -1.547217e+01 5.100492e+01 4.177500e+01
      vertex -1.474646e+01 4.861257e+01 4.177500e+01
    endloop
  endfacet
  facet normal 0.000000e+00 0.000000e+00 1.000000e+00
    outer loop
      vertex -1.421579e+01 5.136926e+01 4.177500e+01
      vertex -1.474646e+01 4.861257e+01 4.177500e+01
      vertex -1.354901e+01 4.895982e+01 4.177500e+01
    endloop
  endfacet
  facet normal 0.000000e+00 0.000000e+00 1.000000e+00
    outer loop
      vertex -1.547217e+01 5.100492e+01 4.177500e+01
      vertex -1.671924e+01 5.060985e+01 4.177500e+01
      vertex -1.593503e+01 4.823603e+01 4.177500e+01
    endloop
  endfacet
  facet normal 0.000000e+00 0.000000e+00 1.000000e+00
    outer loop
      vertex -1.547217e+01 5.100492e+01 4.177500e+01
      vertex -1.593503e+01 4.823603e+01 4.177500e+01
      vertex -1.474646e+01 4.861257e+01 4.177500e+01
    endloop
  endfacet
  facet normal 0.000000e+00 0.000000e+00 1.000000e+00
    outer loop
      vertex -1.671924e+01 5.060985e+01 4.177500e+01
      vertex -1.795623e+01 5.018430e+01 4.177500e+01
      vertex -1.711400e+01 4.783044e+01 4.177500e+01
    endloop
  endfacet
  facet normal 0.000000e+00 0.000000e+00 1.000000e+00
    outer loop
      vertex -1.671924e+01 5.060985e+01 4.177500e+01
      vertex -1.711400e+01 4.783044e+01 4.177500e+01
      vertex -1.593503e+01 4.823603e+01 4.177500e+01
    endloop
  endfacet
  facet normal 0.000000e+00 0.000000e+00 1.000000e+00
    outer loop
      vertex -1.795623e+01 5.018430e+01 4.177500e+01
      vertex -1.918241e+01 4.972852e+01 4.177500e+01
      vertex -1.828267e+01 4.739603e+01 4.177500e+01
    endloop
  endfacet
  facet normal 0.000000e+00 0.000000e+00 1.000000e+00
    outer loop
      vertex -1.795623e+01 5.018430e+01 4.177500e+01
      vertex -1.828267e+01 4.739603e+01 4.177500e+01
      vertex -1.711400e+01 4.783044e+01 4.177500e+01
    endloop
  endfacet
  facet normal 0.000000e+00 0.000000e+00 1.000000e+00
    outer loop
      vertex -1.918241e+01 4.972852e+01 4.177500e+01
      vertex -2.039703e+01 4.924278e+01 4.177500e+01
      vertex -1.944032e+01 4.693308e+01 4.177500e+01
    endloop
  endfacet
  facet normal 0.000000e+00 0.000000e+00 1.000000e+00
    outer loop
      vertex -1.918241e+01 4.972852e+01 4.177500e+01
      vertex -1.944032e+01 4.693308e+01 4.177500e+01
      vertex -1.828267e+01 4.739603e+01 4.177500e+01
    endloop
  endfacet
  facet normal 0.000000e+00 0.000000e+00 1.000000e+00
    outer loop
      vertex -2.039703e+01 4.924278e+01 4.177500e+01
      vertex -2.159936e+01 4.872738e+01 4.177500e+01
      vertex -2.058626e+01 4.644186e+01 4.177500e+01
    endloop
  endfacet
  facet normal 0.000000e+00 0.000000e+00 1.000000e+00
    outer loop
      vertex -2.039703e+01 4.924278e+01 4.177500e+01
      vertex -2.058626e+01 4.644186e+01 4.177500e+01
      vertex -1.944032e+01 4.693308e+01 4.177500e+01
    endloop
  endfacet
  facet normal 0.000000e+00 0.000000e+00 1.000000e+00
    outer loop
      vertex -2.159936e+01 4.872738e+01 4.177500e+01
      vertex -2.278869e+01 4.818263e+01 4.177500e+01
      vertex -2.171980e+01 4.592266e+01 4.177500e+01
    endloop
  endfacet
  facet normal 0.000000e+00 0.000000e+00 1.000000e+00
    outer loop
      vertex -2.159936e+01 4.872738e+01 4.177500e+01
      vertex -2.171980e+01 4.592266e+01 4.177500e+01
      vertex -2.058626e+01 4.644186e+01 4.177500e+01
    endloop
  endfacet
  facet normal 0.000000e+00 0.000000e+00 1.000000e+00
    outer loop
      vertex -2.278869e+01 4.818263e+01 4.177500e+01
      vertex -2.396428e+01 4.760886e+01 4.177500e+01
      vertex -2.284026e+01 4.537579e+01 4.177500e+01
    endloop
  endfacet
  facet normal 0.000000e+00 0.000000e+00 1.000000e+00
    outer loop
      vertex -2.278869e+01 4.818263e+01 4.177500e+01
      vertex -2.284026e+01 4.537579e+01 4.177500e+01
      vertex -2.171980e+01 4.592266e+01 4.177500e+01
    endloop
  endfacet
  facet normal 0.000000e+00 0.000000e+00 1.000000e+00
    outer loop
      vertex -2.396428e+01 4.760886e+01 4.177500e+01
      vertex -2.512545e+01 4.700640e+01 4.177500e+01
      vertex -2.394695e+01 4.480160e+01 4.177500e+01
    endloop
  endfacet
  facet normal 0.000000e+00 0.000000e+00 1.000000e+00
    outer loop
      vertex -2.396428e+01 4.760886e+01 4.177500e+01
      vertex -2.394695e+01 4.480160e+01 4.177500e+01
      vertex -2.284026e+01 4.537579e+01 4.177500e+01
    endloop
  endfacet
  facet normal 0.000000e+00 0.000000e+00 1.000000e+00
    outer loop
      vertex -2.512545e+01 4.700640e+01 4.177500e+01
      vertex -2.627147e+01 4.637564e+01 4.177500e+01
      vertex -2.503923e+01 4.420042e+01 4.177500e+01
    endloop
  endfacet
  facet normal 0.000000e+00 0.000000e+00 1.000000e+00
    outer loop
      vertex -2.512545e+01 4.700640e+01 4.177500e+01
      vertex -2.503923e+01 4.420042e+01 4.177500e+01
      vertex -2.394695e+01 4.480160e+01 4.177500e+01
    endloop
  endfacet
  facet normal 0.000000e+00 0.000000e+00 1.000000e+00
    outer loop
      vertex -2.627147e+01 4.637564e+01 4.177500e+01
      vertex -2.740168e+01 4.571693e+01 4.177500e+01
      vertex -2.611642e+01 4.357261e+01 4.177500e+01
    endloop
  endfacet
  facet normal 0.000000e+00 0.000000e+00 1.000000e+00
    outer loop
      vertex -2.627147e+01 4.637564e+01 4.177500e+01
      vertex -2.611642e+01 4.357261e+01 4.177500e+01
      vertex -2.503923e+01 4.420042e+01 4.177500e+01
    endloop
  endfacet
  facet normal 0.000000e+00 0.000000e+00 1.000000e+00
    outer loop
      vertex -2.740168e+01 4.571693e+01 4.177500e+01
      vertex -2.851537e+01 4.503070e+01 4.177500e+01
      vertex -2.717788e+01 4.291856e+01 4.177500e+01
    endloop
  endfacet
  facet normal 0.000000e+00 0.000000e+00 1.000000e+00
    outer loop
      vertex -2.740168e+01 4.571693e+01 4.177500e+01
      vertex -2.717788e+01 4.291856e+01 4.177500e+01
      vertex -2.611642e+01 4.357261e+01 4.177500e+01
    endloop
  endfacet
  facet normal 0.000000e+00 0.000000e+00 1.000000e+00
    outer loop
      vertex -2.851537e+01 4.503070e+01 4.177500e+01
      vertex -2.961189e+01 4.431733e+01 4.177500e+01
      vertex -2.822297e+01 4.223866e+01 4.177500e+01
    endloop
  endfacet
  facet normal 0.000000e+00 0.000000e+00 1.000000e+00
    outer loop
      vertex -2.851537e+01 4.503070e+01 4.177500e+01
      vertex -2.822297e+01 4.223866e+01 4.177500e+01
      vertex -2.717788e+01 4.291856e+01 4.177500e+01
    endloop
  endfacet
  facet normal 0.000000e+00 0.000000e+00 1.000000e+00
    outer loop
      vertex -2.961189e+01 4.431733e+01 4.177500e+01
      vertex -3.069058e+01 4.357727e+01 4.177500e+01
      vertex -2.925106e+01 4.153331e+01 4.177500e+01
    endloop
  endfacet
  facet normal 0.000000e+00 0.000000e+00 1.000000e+00
    outer loop
      vertex -2.961189e+01 4.431733e+01 4.177500e+01
      vertex -2.925106e+01 4.153331e+01 4.177500e+01
      vertex -2.822297e+01 4.223866e+01 4.177500e+01
    endloop
  endfacet
  facet normal 0.000000e+00 0.000000e+00 1.000000e+00
    outer loop
      vertex -3.069058e+01 4.357727e+01 4.177500e+01
      vertex -3.175077e+01 4.281096e+01 4.177500e+01
      vertex -3.026152e+01 4.080294e+01 4.177500e+01
    endloop
  endfacet
  facet normal 0.000000e+00 0.000000e+00 1.000000e+00
    outer loop
      vertex -3.069058e+01 4.357727e+01 4.177500e+01
      vertex -3.026152e+01 4.080294e+01 4.177500e+01
      vertex -2.925106e+01 4.153331e+01 4.177500e+01
    endloop
  endfacet
  facet normal 0.000000e+00 0.000000e+00 1.000000e+00
    outer loop
      vertex -3.175077e+01 4.281096e+01 4.177500e+01
      vertex -3.279184e+01 4.201886e+01 4.177500e+01
      vertex -3.125376e+01 4.004800e+01 4.177500e+01
    endloop
  endfacet
  facet normal 0.000000e+00 0.000000e+00 1.000000e+00
    outer loop
      vertex -3.175077e+01 4.281096e+01 4.177500e+01
      vertex -3.125376e+01 4.004800e+01 4.177500e+01
      vertex -3.026152e+01 4.080294e+01 4.177500e+01
    endloop
  endfacet
  facet normal 0.000000e+00 0.000000e+00 1.000000e+00
    outer loop
      vertex -3.279184e+01 4.201886e+01 4.177500e+01
      vertex -3.381316e+01 4.120146e+01 4.177500e+01
      vertex -3.222718e+01 3.926893e+01 4.177500e+01
    endloop
  endfacet
  facet normal 0.000000e+00 0.000000e+00 1.000000e+00
    outer loop
      vertex -3.279184e+01 4.201886e+01 4.177500e+01
      vertex -3.222718e+01 3.926893e+01 4.177500e+01
      vertex -3.125376e+01 4.004800e+01 4.177500e+01
    endloop
  endfacet
  facet normal 0.000000e+00 0.000000e+00 1.000000e+00
    outer loop
      vertex -3.381316e+01 4.120146e+01 4.177500e+01
      vertex -3.481411e+01 4.035923e+01 4.177500e+01
      vertex -3.318118e+01 3.846621e+01 4.177500e+01
    endloop
  endfacet
  facet normal 0.000000e+00 0.000000e+00 1.000000e+00
    outer loop
      vertex -3.381316e+01 4.120146e+01 4.177500e+01
      vertex -3.318118e+01 3.846621e+01 4.177500e+01
      vertex -3.222718e+01 3.926893e+01 4.177500e+01
    endloop
  endfacet
  facet normal 0.000000e+00 0.000000e+00 1.000000e+00
    outer loop
      vertex -3.481411e+01 4.035923e+01 4.177500e+01
      vertex -3.579409e+01 3.949269e+01 4.177500e+01
      vertex -3.411519e+01 3.764032e+01 4.177500e+01
    endloop
  endfacet
  facet normal 0.000000e+00 0.000000e+00 1.000000e+00
    outer loop
      vertex -3.481411e+01 4.035923e+01 4.177500e+01
      vertex -3.411519e+01 3.764032e+01 4.177500e+01
      vertex -3.318118e+01 3.846621e+01 4.177500e+01
    endloop
  endfacet
  facet normal 0.000000e+00 0.000000e+00 1.000000e+00
    outer loop
      vertex -3.579409e+01 3.949269e+01 4.177500e+01
      vertex -3.675251e+01 3.860237e+01 4.177500e+01
      vertex -3.502866e+01 3.679175e+01 4.177500e+01
    endloop
  endfacet
  facet normal 0.000000e+00 0.000000e+00 1.000000e+00
    outer loop
      vertex -3.579409e+01 3.949269e+01 4.177500e+01
      vertex -3.502866e+01 3.679175e+01 4.177500e+01
      vertex -3.411519e+01 3.764032e+01 4.177500e+01
    endloop
  endfacet
  facet normal 0.000000e+00 0.000000e+00 1.000000e+00
    outer loop
      vertex -3.675251e+01 3.860237e+01 4.177500e+01
      vertex -3.768879e+01 3.768879e+01 4.177500e+01
      vertex -3.592102e+01 3.592102e+01 4.177500e+01
    endloop
  endfacet
  facet normal 0.000000e+00 0.000000e+00 1.000000e+00
    outer loop
      vertex -3.675251e+01 3.860237e+01 4.177500e+01
      vertex -3.592102e+01 3.592102e+01 4.177500e+01
      vertex -3.502866e+01 3.679175e+01 4.177500e+01
    endloop
  endfacet
  facet normal 0.000000e+00 0.000000e+00 1.000000e+00
    outer loop
      vertex -3.768879e+01 3.768879e+01 4.177500e+01
      vertex -3.860237e+01 3.675251e+01 4.177500e+01
      vertex -3.679175e+01 3.502866e+01 4.177500e+01
    endloop
  endfacet
  facet normal 0.000000e+00 0.000000e+00 1.000000e+00
    outer loop
      vertex -3.768879e+01 3.768879e+01 4.177500e+01
      vertex -3.679175e+01 3.502866e+01 4.177500e+01
      vertex -3.592102e+01 3.592102e+01 4.177500e+01
    endloop
  endfacet
  facet normal 0.000000e+00 0.000000e+00 1.000000e+00
    outer loop
      vertex -3.860237e+01 3.675251e+01 4.177500e+01
      vertex -3.949269e+01 3.579409e+01 4.177500e+01
      vertex -3.764032e+01 3.411519e+01 4.177500e+01
    endloop
  endfacet
  facet normal 0.000000e+00 0.000000e+00 1.000000e+00
    outer loop
      vertex -3.860237e+01 3.675251e+01 4.177500e+01
      vertex -3.764032e+01 3.411519e+01 4.177500e+01
      vertex -3.679175e+01 3.502866e+01 4.177500e+01
    endloop
  endfacet
  facet normal 0.000000e+00 0.000000e+00 1.000000e+00
    outer loop
      vertex -3.949269e+01 3.579409e+01 4.177500e+01
      vertex -4.035923e+01 3.481411e+01 4.177500e+01
      vertex -3.846621e+01 3.318118e+01 4.177500e+01
    endloop
  endfacet
  facet normal 0.000000e+00 0.000000e+00 1.000000e+00
    outer loop
      vertex -3.949269e+01 3.579409e+01 4.177500e+01
      vertex -3.846621e+01 3.318118e+01 4.177500e+01
      vertex -3.764032e+01 3.411519e+01 4.177500e+01
    endloop
  endfacet
  facet normal 0.000000e+00 0.000000e+00 1.000000e+00
    outer loop
      vertex -4.035923e+01 3.481411e+01 4.177500e+01
      vertex -4.120146e+01 3.381316e+01 4.177500e+01
      vertex -3.926893e+01 3.222718e+01 4.177500e+01
    endloop
  endfacet
  facet normal 0.000000e+00 0.000000e+00 1.000000e+00
    outer loop
      vertex -4.035923e+01 3.481411e+01 4.177500e+01
      vertex -3.926893e+01 3.222718e+01 4.177500e+01
      vertex -3.846621e+01 3.318118e+01 4.177500e+01
    endloop
  endfacet
  facet normal 0.000000e+00 0.000000e+00 1.000000e+00
    outer loop
      vertex -4.120146e+01 3.381316e+01 4.177500e+01
      vertex -4.201886e+01 3.279184e+01 4.177500e+01
      vertex -4.004800e+01 3.125376e+01 4.177500e+01
    endloop
  endfacet
  facet normal 0.000000e+00 0.000000e+00 1.000000e+00
    outer loop
      vertex -4.120146e+01 3.381316e+01 4.177500e+01
      vertex -4.004800e+01 3.125376e+01 4.177500e+01
      vertex -3.926893e+01 3.222718e+01 4.177500e+01
    endloop
  endfacet
  facet normal 0.000000e+00 0.000000e+00 1.000000e+00
    outer loop
      vertex -4.201886e+01 3.279184e+01 4.177500e+01
      vertex -4.281096e+01 3.175077e+01 4.177500e+01
      vertex -4.080294e+01 3.026152e+01 4.177500e+01
    endloop
  endfacet
  facet normal 0.000000e+00 0.000000e+00 1.000000e+00
    outer loop
      vertex -4.201886e+01 3.279184e+01 4.177500e+01
      vertex -4.080294e+01 3.026152e+01 4.177500e+01
      vertex -4.004800e+01 3.125376e+01 4.177500e+01
    endloop
  endfacet
  facet normal 0.000000e+00 0.000000e+00 1.000000e+00
    outer loop
      vertex -4.281096e+01 3.175077e+01 4.177500e+01
      vertex -4.357727e+01 3.069058e+01 4.177500e+01
      vertex -4.153331e+01 2.925106e+01 4.177500e+01
    endloop
  endfacet
  facet normal 0.000000e+00 0.000000e+00 1.000000e+00
    outer loop
      vertex -4.281096e+01 3.175077e+01 4.177500e+01
      vertex -4.153331e+01 2.925106e+01 4.177500e+01
      vertex -4.080294e+01 3.026152e+01 4.177500e+01
    endloop
  endfacet
  facet normal 0.000000e+00 0.000000e+00 1.000000e+00
    outer loop
      vertex -4.357727e+01 3.069058e+01 4.177500e+01
      vertex -4.431733e+01 2.961189e+01 4.177500e+01
      vertex -4.223866e+01 2.822297e+01 4.177500e+01
    endloop
  endfacet
  facet normal 0.000000e+00 0.000000e+00 1.000000e+00
    outer loop
      vertex -4.357727e+01 3.069058e+01 4.177500e+01
      vertex -4.223866e+01 2.822297e+01 4.177500e+01
      vertex -4.153331e+01 2.925106e+01 4.177500e+01
    endloop
  endfacet
  facet normal 0.000000e+00 0.000000e+00 1.000000e+00
    outer loop
      vertex -4.431733e+01 2.961189e+01 4.177500e+01
      vertex -4.503070e+01 2.851537e+01 4.177500e+01
      vertex -4.291856e+01 2.717788e+01 4.177500e+01
    endloop
  endfacet
  facet normal 0.000000e+00 0.000000e+00 1.000000e+00
    outer loop
      vertex -4.431733e+01 2.961189e+01 4.177500e+01
      vertex -4.291856e+01 2.717788e+01 4.177500e+01
      vertex -4.223866e+01 2.822297e+01 4.177500e+01
    endloop
  endfacet
  facet normal 0.000000e+00 0.000000e+00 1.000000e+00
    outer loop
      vertex -4.503070e+01 2.851537e+01 4.177500e+01
      vertex -4.571693e+01 2.740168e+01 4.177500e+01
      vertex -4.357261e+01 2.611642e+01 4.177500e+01
    endloop
  endfacet
  facet normal 0.000000e+00 0.000000e+00 1.000000e+00
    outer loop
      vertex -4.503070e+01 2.851537e+01 4.177500e+01
      vertex -4.357261e+01 2.611642e+01 4.177500e+01
      vertex -4.291856e+01 2.717788e+01 4.177500e+01
    endloop
  endfacet
  facet normal 0.000000e+00 0.000000e+00 1.000000e+00
    outer loop
      vertex -4.571693e+01 2.740168e+01 4.177500e+01
      vertex -4.637564e+01 2.627147e+01 4.177500e+01
      vertex -4.420042e+01 2.503923e+01 4.177500e+01
    endloop
  endfacet
  facet normal 0.000000e+00 0.000000e+00 1.000000e+00
    outer loop
      vertex -4.571693e+01 2.740168e+01 4.177500e+01
      vertex -4.420042e+01 2.503923e+01 4.177500e+01
      vertex -4.357261e+01 2.611642e+01 4.177500e+01
    endloop
  endfacet
  facet normal 0.000000e+00 0.000000e+00 1.000000e+00
    outer loop
      vertex -4.637564e+01 2.627147e+01 4.177500e+01
      vertex -4.700640e+01 2.512545e+01 4.177500e+01
      vertex -4.480160e+01 2.394695e+01 4.177500e+01
    endloop
  endfacet
  facet normal 0.000000e+00 0.000000e+00 1.000000e+00
    outer loop
      vertex -4.637564e+01 2.627147e+01 4.177500e+01
      vertex -4.480160e+01 2.394695e+01 4.177500e+01
      vertex -4.420042e+01 2.503923e+01 4.177500e+01
    endloop
  endfacet
  facet normal 0.000000e+00 0.000000e+00 1.000000e+00
    outer loop
      vertex -4.700640e+01 2.512545e+01 4.177500e+01
      vertex -4.760886e+01 2.396428e+01 4.177500e+01
      vertex -4.537579e+01 2.284026e+01 4.177500e+01
    endloop
  endfacet
  facet normal 0.000000e+00 0.000000e+00 1.000000e+00
    outer loop
      vertex -4.700640e+01 2.512545e+01 4.177500e+01
      vertex -4.537579e+01 2.284026e+01 4.177500e+01
      vertex -4.480160e+01 2.394695e+01 4.177500e+01
    endloop
  endfacet
  facet normal 0.000000e+00 0.000000e+00 1.000000e+00
    outer loop
      vertex -4.760886e+01 2.396428e+01 4.177500e+01
      vertex -4.818263e+01 2.278869e+01 4.177500e+01
      vertex -4.592266e+01 2.171980e+01 4.177500e+01
    endloop
  endfacet
  facet normal 0.000000e+00 0.000000e+00 1.000000e+00
    outer loop
      vertex -4.760886e+01 2.396428e+01 4.177500e+01
      vertex -4.592266e+01 2.171980e+01 4.177500e+01
      vertex -4.537579e+01 2.284026e+01 4.177500e+01
    endloop
  endfacet
  facet normal 0.000000e+00 0.000000e+00 1.000000e+00
    outer loop
      vertex -4.818263e+01 2.278869e+01 4.177500e+01
      vertex -4.872738e+01 2.159936e+01 4.177500e+01
      vertex -4.644186e+01 2.058626e+01 4.177500e+01
    endloop
  endfacet
  facet normal 0.000000e+00 0.000000e+00 1.000000e+00
    outer loop
      vertex -4.818263e+01 2.278869e+01 4.177500e+01
      vertex -4.644186e+01 2.058626e+01 4.177500e+01
      vertex -4.592266e+01 2.171980e+01 4.177500e+01
    endloop
  endfacet
  facet normal 0.000000e+00 0.000000e+00 1.000000e+00
    outer loop
      vertex -4.872738e+01 2.159936e+01 4.177500e+01
      vertex -4.924278e+01 2.039703e+01 4.177500e+01
      vertex -4.693308e+01 1.944032e+01 4.177500e+01
    endloop
  endfacet
  facet normal 0.000000e+00 0.000000e+00 1.000000e+00
    outer loop
      vertex -4.872738e+01 2.159936e+01 4.177500e+01
      vertex -4.693308e+01 1.944032e+01 4.177500e+01
      vertex -4.644186e+01 2.058626e+01 4.177500e+01
    endloop
  endfacet
  facet normal 0.000000e+00 0.000000e+00 1.000000e+00
    outer loop
      vertex -4.924278e+01 2.039703e+01 4.177500e+01
      vertex -4.972852e+01 1.918241e+01 4.177500e+01
      vertex -4.739603e+01 1.828267e+01 4.177500e+01
    endloop
  endfacet
  facet normal 0.000000e+00 0.000000e+00 1.000000e+00
    outer loop
      vertex -4.924278e+01 2.039703e+01 4.177500e+01
      vertex -4.739603e+01 1.828267e+01 4.177500e+01
      vertex -4.693308e+01 1.944032e+01 4.177500e+01
    endloop
  endfacet
  facet normal 0.000000e+00 0.000000e+00 1.000000e+00
    outer loop
      vertex -4.972852e+01 1.918241e+01 4.177500e+01
      vertex -5.018430e+01 1.795623e+01 4.177500e+01
      vertex -4.783044e+01 1.711400e+01 4.177500e+01
    endloop
  endfacet
  facet normal 0.000000e+00 0.000000e+00 1.000000e+00
    outer loop
      vertex -4.972852e+01 1.918241e+01 4.177500e+01
      vertex -4.783044e+01 1.711400e+01 4.177500e+01
      vertex -4.739603e+01 1.828267e+01 4.177500e+01
    endloop
  endfacet
  facet normal 0.000000e+00 0.000000e+00 1.000000e+00
    outer loop
      vertex -5.018430e+01 1.795623e+01 4.177500e+01
      vertex -5.060985e+01 1.671924e+01 4.177500e+01
      vertex -4.823603e+01 1.593503e+01 4.177500e+01
    endloop
  endfacet
  facet normal 0.000000e+00 0.000000e+00 1.000000e+00
    outer loop
      vertex -5.018430e+01 1.795623e+01 4.177500e+01
      vertex -4.823603e+01 1.593503e+01 4.177500e+01
      vertex -4.783044e+01 1.711400e+01 4.177500e+01
    endloop
  endfacet
  facet normal 0.000000e+00 0.000000e+00 1.000000e+00
    outer loop
      vertex -5.060985e+01 1.671924e+01 4.177500e+01
      vertex -5.100492e+01 1.547217e+01 4.177500e+01
      vertex -4.861257e+01 1.474646e+01 4.177500e+01
    endloop
  endfacet
  facet normal 0.000000e+00 0.000000e+00 1.000000e+00
    outer loop
      vertex -5.060985e+01 1.671924e+01 4.177500e+01
      vertex -4.861257e+01 1.474646e+01 4.177500e+01
      vertex -4.823603e+01 1.593503e+01 4.177500e+01
    endloop
  endfacet
  facet normal 0.000000e+00 0.000000e+00 1.000000e+00
    outer loop
      vertex -5.100492e+01 1.547217e+01 4.177500e+01
      vertex -5.136926e+01 1.421579e+01 4.177500e+01
      vertex -4.895982e+01 1.354901e+01 4.177500e+01
    endloop
  endfacet
  facet normal 0.000000e+00 0.000000e+00 1.000000e+00
    outer loop
      vertex -5.100492e+01 1.547217e+01 4.177500e+01
      vertex -4.895982e+01 1.354901e+01 4.177500e+01
      vertex -4.861257e+01 1.474646e+01 4.177500e+01
    endloop
  endfacet
  facet normal 0.000000e+00 0.000000e+00 1.000000e+00
    outer loop
      vertex -5.136926e+01 1.421579e+01 4.177500e+01
      vertex -5.170267e+01 1.295084e+01 4.177500e+01
      vertex -4.927759e+01 1.234339e+01 4.177500e+01
    endloop
  endfacet
  facet normal 0.000000e+00 0.000000e+00 1.000000e+00
    outer loop
      vertex -5.136926e+01 1.421579e+01 4.177500e+01
      vertex -4.927759e+01 1.234339e+01 4.177500e+01
      vertex -4.895982e+01 1.354901e+01 4.177500e+01
    endloop
  endfacet
  facet normal 0.000000e+00 0.000000e+00 1.000000e+00
    outer loop
      vertex -5.170267e+01 1.295084e+01 4.177500e+01
      vertex -5.200492e+01 1.167810e+01 4.177500e+01
      vertex -4.956567e+01 1.113034e+01 4.177500e+01
    endloop
  endfacet
  facet normal 0.000000e+00 0.000000e+00 1.000000e+00
    outer loop
      vertex -5.170267e+01 1.295084e+01 4.177500e+01
      vertex -4.956567e+01 1.113034e+01 4.177500e+01
      vertex -4.927759e+01 1.234339e+01 4.177500e+01
    endloop
  endfacet
  facet normal 0.000000e+00 0.000000e+00 1.000000e+00
    outer loop
      vertex -5.200492e+01 1.167810e+01 4.177500e+01
      vertex -5.227586e+01 1.039831e+01 4.177500e+01
      vertex -4.982389e+01 9.910588e+00 4.177500e+01
    endloop
  endfacet
  facet normal 0.000000e+00 0.000000e+00 1.000000e+00
    outer loop
      vertex -5.200492e+01 1.167810e+01 4.177500e+01
      vertex -4.982389e+01 9.910588e+00 4.177500e+01
      vertex -4.956567e+01 1.113034e+01 4.177500e+01
    endloop
  endfacet
  facet normal 0.000000e+00 0.000000e+00 1.000000e+00
    outer loop
      vertex -5.227586e+01 1.039831e+01 4.177500e+01
      vertex -5.251530e+01 9.112269e+00 4.177500e+01
      vertex -5.005210e+01 8.684864e+00 4.177500e+01
    endloop
  endfacet
  facet normal 0.000000e+00 0.000000e+00 1.000000e+00
    outer loop
      vertex -5.227586e+01 1.039831e+01 4.177500e+01
      vertex -5.005210e+01 8.684864e+00 4.177500e+01
      vertex -4.982389e+01 9.910588e+00 4.177500e+01
    endloop
  endfacet
  facet normal 0.000000e+00 0.000000e+00 1.000000e+00
    outer loop
      vertex -5.251530e+01 9.112269e+00 4.177500e+01
      vertex -5.272311e+01 7.820734e+00 4.177500e+01
      vertex -5.025017e+01 7.453908e+00 4.177500e+01
    endloop
  endfacet
  facet normal 0.000000e+00 0.000000e+00 1.000000e+00
    outer loop
      vertex -5.251530e+01 9.112269e+00 4.177500e+01
      vertex -5.025017e+01 7.453908e+00 4.177500e+01
      vertex -5.005210e+01 8.684864e+00 4.177500e+01
    endloop
  endfacet
  facet normal 0.000000e+00 0.000000e+00 1.000000e+00
    outer loop
      vertex -5.272311e+01 7.820734e+00 4.177500e+01
      vertex -5.289916e+01 6.524489e+00 4.177500e+01
      vertex -5.041796e+01 6.218462e+00 4.177500e+01
    endloop
  endfacet
  facet normal 0.000000e+00 0.000000e+00 1.000000e+00
    outer loop
      vertex -5.272311e+01 7.820734e+00 4.177500e+01
      vertex -5.041796e+01 6.218462e+00 4.177500e+01
      vertex -5.025017e+01 7.453908e+00 4.177500e+01
    endloop
  endfacet
  facet normal 0.000000e+00 0.000000e+00 1.000000e+00
    outer loop
      vertex -5.289916e+01 6.524489e+00 4.177500e+01
      vertex -5.304335e+01 5.224314e+00 4.177500e+01
      vertex -5.055538e+01 4.979271e+00 4.177500e+01
    endloop
  endfacet
  facet normal 0.000000e+00 0.000000e+00 1.000000e+00
    outer loop
      vertex -5.289916e+01 6.524489e+00 4.177500e+01
      vertex -5.055538e+01 4.979271e+00 4.177500e+01
      vertex -5.041796e+01 6.218462e+00 4.177500e+01
    endloop
  endfacet
  facet normal 0.000000e+00 0.000000e+00 1.000000e+00
    outer loop
      vertex -5.304335e+01 5.224314e+00 4.177500e+01
      vertex -5.315558e+01 3.920991e+00 4.177500e+01
      vertex -5.066236e+01 3.737080e+00 4.177500e+01
    endloop
  endfacet
  facet normal 0.000000e+00 0.000000e+00 1.000000e+00
    outer loop
      vertex -5.304335e+01 5.224314e+00 4.177500e+01
      vertex -5.066236e+01 3.737080e+00 4.177500e+01
      vertex -5.055538e+01 4.979271e+00 4.177500e+01
    endloop
  endfacet
  facet normal 0.000000e+00 0.000000e+00 1.000000e+00
    outer loop
      vertex -5.315558e+01 3.920991e+00 4.177500e+01
      vertex -5.323580e+01 2.615307e+00 4.177500e+01
      vertex -5.073881e+01 2.492638e+00 4.177500e+01
    endloop
  endfacet
  facet normal 0.000000e+00 0.000000e+00 1.000000e+00
    outer loop
      vertex -5.315558e+01 3.920991e+00 4.177500e+01
      vertex -5.073881e+01 2.492638e+00 4.177500e+01
      vertex -5.066236e+01 3.737080e+00 4.177500e+01
    endloop
  endfacet
  facet normal 0.000000e+00 0.000000e+00 1.000000e+00
    outer loop
      vertex -5.323580e+01 2.615307e+00 4.177500e+01
      vertex -5.328395e+01 1.308047e+00 4.177500e+01
      vertex -5.078470e+01 1.246694e+00 4.177500e+01
    endloop
  endfacet
  facet normal 0.000000e+00 0.000000e+00 1.000000e+00
    outer loop
      vertex -5.323580e+01 2.615307e+00 4.177500e+01
      vertex -5.078470e+01 1.246694e+00 4.177500e+01
      vertex -5.073881e+01 2.492638e+00 4.177500e+01
    endloop
  endfacet
  facet normal 0.000000e+00 0.000000e+00 1.000000e+00
    outer loop
      vertex -5.328395e+01 1.308047e+00 4.177500e+01
      vertex -5.330000e+01 6.527367e-15 4.177500e+01
      vertex -5.080000e+01 6.221206e-15 4.177500e+01
    endloop
  endfacet
  facet normal 0.000000e+00 0.000000e+00 1.000000e+00
    outer loop
      vertex -5.328395e+01 1.308047e+00 4.177500e+01
      vertex -5.080000e+01 6.221206e-15 4.177500e+01
      vertex -5.078470e+01 1.246694e+00 4.177500e+01
    endloop
  endfacet
  facet normal 0.000000e+00 0.000000e+00 1.000000e+00
    outer loop
      vertex -5.330000e+01 6.527367e-15 4.177500e+01
      vertex -5.328395e+01 -1.308047e+00 4.177500e+01
      vertex -5.078470e+01 -1.246694e+00 4.177500e+01
    endloop
  endfacet
  facet normal 0.000000e+00 0.000000e+00 1.000000e+00
    outer loop
      vertex -5.330000e+01 6.527367e-15 4.177500e+01
      vertex -5.078470e+01 -1.246694e+00 4.177500e+01
      vertex -5.080000e+01 6.221206e-15 4.177500e+01
    endloop
  endfacet
  facet normal 0.000000e+00 0.000000e+00 1.000000e+00
    outer loop
      vertex -5.328395e+01 -1.308047e+00 4.177500e+01
      vertex -5.323580e+01 -2.615307e+00 4.177500e+01
      vertex -5.073881e+01 -2.492638e+00 4.177500e+01
    endloop
  endfacet
  facet normal -0.000000e+00 0.000000e+00 1.000000e+00
    outer loop
      vertex -5.328395e+01 -1.308047e+00 4.177500e+01
      vertex -5.073881e+01 -2.492638e+00 4.177500e+01
      vertex -5.078470e+01 -1.246694e+00 4.177500e+01
    endloop
  endfacet
  facet normal 0.000000e+00 0.000000e+00 1.000000e+00
    outer loop
      vertex -5.323580e+01 -2.615307e+00 4.177500e+01
      vertex -5.315558e+01 -3.920991e+00 4.177500e+01
      vertex -5.066236e+01 -3.737080e+00 4.177500e+01
    endloop
  endfacet
  facet normal -0.000000e+00 0.000000e+00 1.000000e+00
    outer loop
      vertex -5.323580e+01 -2.615307e+00 4.177500e+01
      vertex -5.066236e+01 -3.737080e+00 4.177500e+01
      vertex -5.073881e+01 -2.492638e+00 4.177500e+01
    endloop
  endfacet
  facet normal 0.000000e+00 0.000000e+00 1.000000e+00
    outer loop
      vertex -5.315558e+01 -3.920991e+00 4.177500e+01
      vertex -5.304335e+01 -5.224314e+00 4.177500e+01
      vertex -5.055538e+01 -4.979271e+00 4.177500e+01
    endloop
  endfacet
  facet normal -0.000000e+00 0.000000e+00 1.000000e+00
    outer loop
      vertex -5.315558e+01 -3.920991e+00 4.177500e+01
      vertex -5.055538e+01 -4.979271e+00 4.177500e+01
      vertex -5.066236e+01 -3.737080e+00 4.177500e+01
    endloop
  endfacet
  facet normal 0.000000e+00 0.000000e+00 1.000000e+00
    outer loop
      vertex -5.304335e+01 -5.224314e+00 4.177500e+01
      vertex -5.289916e+01 -6.524489e+00 4.177500e+01
      vertex -5.041796e+01 -6.218462e+00 4.177500e+01
    endloop
  endfacet
  facet normal -0.000000e+00 0.000000e+00 1.000000e+00
    outer loop
      vertex -5.304335e+01 -5.224314e+00 4.177500e+01
      vertex -5.041796e+01 -6.218462e+00 4.177500e+01
      vertex -5.055538e+01 -4.979271e+00 4.177500e+01
    endloop
  endfacet
  facet normal 0.000000e+00 0.000000e+00 1.000000e+00
    outer loop
      vertex -5.289916e+01 -6.524489e+00 4.177500e+01
      vertex -5.272311e+01 -7.820734e+00 4.177500e+01
      vertex -5.025017e+01 -7.453908e+00 4.177500e+01
    endloop
  endfacet
  facet normal -0.000000e+00 0.000000e+00 1.000000e+00
    outer loop
      vertex -5.289916e+01 -6.524489e+00 4.177500e+01
      vertex -5.025017e+01 -7.453908e+00 4.177500e+01
      vertex -5.041796e+01 -6.218462e+00 4.177500e+01
    endloop
  endfacet
  facet normal 0.000000e+00 0.000000e+00 1.000000e+00
    outer loop
      vertex -5.272311e+01 -7.820734e+00 4.177500e+01
      vertex -5.251530e+01 -9.112269e+00 4.177500e+01
      vertex -5.005210e+01 -8.684864e+00 4.177500e+01
    endloop
  endfacet
  facet normal -0.000000e+00 0.000000e+00 1.000000e+00
    outer loop
      vertex -5.272311e+01 -7.820734e+00 4.177500e+01
      vertex -5.005210e+01 -8.684864e+00 4.177500e+01
      vertex -5.025017e+01 -7.453908e+00 4.177500e+01
    endloop
  endfacet
  facet normal 0.000000e+00 0.000000e+00 1.000000e+00
    outer loop
      vertex -5.251530e+01 -9.112269e+00 4.177500e+01
      vertex -5.227586e+01 -1.039831e+01 4.177500e+01
      vertex -4.982389e+01 -9.910588e+00 4.177500e+01
    endloop
  endfacet
  facet normal -0.000000e+00 0.000000e+00 1.000000e+00
    outer loop
      vertex -5.251530e+01 -9.112269e+00 4.177500e+01
      vertex -4.982389e+01 -9.910588e+00 4.177500e+01
      vertex -5.005210e+01 -8.684864e+00 4.177500e+01
    endloop
  endfacet
  facet normal 0.000000e+00 0.000000e+00 1.000000e+00
    outer loop
      vertex -5.227586e+01 -1.039831e+01 4.177500e+01
      vertex -5.200492e+01 -1.167810e+01 4.177500e+01
      vertex -4.956567e+01 -1.113034e+01 4.177500e+01
    endloop
  endfacet
  facet normal -0.000000e+00 0.000000e+00 1.000000e+00
    outer loop
      vertex -5.227586e+01 -1.039831e+01 4.177500e+01
      vertex -4.956567e+01 -1.113034e+01 4.177500e+01
      vertex -4.982389e+01 -9.910588e+00 4.177500e+01
    endloop
  endfacet
  facet normal 0.000000e+00 0.000000e+00 1.000000e+00
    outer loop
      vertex -5.200492e+01 -1.167810e+01 4.177500e+01
      vertex -5.170267e+01 -1.295084e+01 4.177500e+01
      vertex -4.927759e+01 -1.234339e+01 4.177500e+01
    endloop
  endfacet
  facet normal -0.000000e+00 0.000000e+00 1.000000e+00
    outer loop
      vertex -5.200492e+01 -1.167810e+01 4.177500e+01
      vertex -4.927759e+01 -1.234339e+01 4.177500e+01
      vertex -4.956567e+01 -1.113034e+01 4.177500e+01
    endloop
  endfacet
  facet normal 0.000000e+00 0.000000e+00 1.000000e+00
    outer loop
      vertex -5.170267e+01 -1.295084e+01 4.177500e+01
      vertex -5.136926e+01 -1.421579e+01 4.177500e+01
      vertex -4.895982e+01 -1.354901e+01 4.177500e+01
    endloop
  endfacet
  facet normal -0.000000e+00 0.000000e+00 1.000000e+00
    outer loop
      vertex -5.170267e+01 -1.295084e+01 4.177500e+01
      vertex -4.895982e+01 -1.354901e+01 4.177500e+01
      vertex -4.927759e+01 -1.234339e+01 4.177500e+01
    endloop
  endfacet
  facet normal 0.000000e+00 0.000000e+00 1.000000e+00
    outer loop
      vertex -5.136926e+01 -1.421579e+01 4.177500e+01
      vertex -5.100492e+01 -1.547217e+01 4.177500e+01
      vertex -4.861257e+01 -1.474646e+01 4.177500e+01
    endloop
  endfacet
  facet normal -0.000000e+00 0.000000e+00 1.000000e+00
    outer loop
      vertex -5.136926e+01 -1.421579e+01 4.177500e+01
      vertex -4.861257e+01 -1.474646e+01 4.177500e+01
      vertex -4.895982e+01 -1.354901e+01 4.177500e+01
    endloop
  endfacet
  facet normal 0.000000e+00 0.000000e+00 1.000000e+00
    outer loop
      vertex -5.100492e+01 -1.547217e+01 4.177500e+01
      vertex -5.060985e+01 -1.671924e+01 4.177500e+01
      vertex -4.823603e+01 -1.593503e+01 4.177500e+01
    endloop
  endfacet
  facet normal -0.000000e+00 0.000000e+00 1.000000e+00
    outer loop
      vertex -5.100492e+01 -1.547217e+01 4.177500e+01
      vertex -4.823603e+01 -1.593503e+01 4.177500e+01
      vertex -4.861257e+01 -1.474646e+01 4.177500e+01
    endloop
  endfacet
  facet normal 0.000000e+00 0.000000e+00 1.000000e+00
    outer loop
      vertex -5.060985e+01 -1.671924e+01 4.177500e+01
      vertex -5.018430e+01 -1.795623e+01 4.177500e+01
      vertex -4.783044e+01 -1.711400e+01 4.177500e+01
    endloop
  endfacet
  facet normal -0.000000e+00 0.000000e+00 1.000000e+00
    outer loop
      vertex -5.060985e+01 -1.671924e+01 4.177500e+01
      vertex -4.783044e+01 -1.711400e+01 4.177500e+01
      vertex -4.823603e+01 -1.593503e+01 4.177500e+01
    endloop
  endfacet
  facet normal 0.000000e+00 0.000000e+00 1.000000e+00
    outer loop
      vertex -5.018430e+01 -1.795623e+01 4.177500e+01
      vertex -4.972852e+01 -1.918241e+01 4.177500e+01
      vertex -4.739603e+01 -1.828267e+01 4.177500e+01
    endloop
  endfacet
  facet normal -0.000000e+00 0.000000e+00 1.000000e+00
    outer loop
      vertex -5.018430e+01 -1.795623e+01 4.177500e+01
      vertex -4.739603e+01 -1.828267e+01 4.177500e+01
      vertex -4.783044e+01 -1.711400e+01 4.177500e+01
    endloop
  endfacet
  facet normal 0.000000e+00 0.000000e+00 1.000000e+00
    outer loop
      vertex -4.972852e+01 -1.918241e+01 4.177500e+01
      vertex -4.924278e+01 -2.039703e+01 4.177500e+01
      vertex -4.693308e+01 -1.944032e+01 4.177500e+01
    endloop
  endfacet
  facet normal -0.000000e+00 0.000000e+00 1.000000e+00
    outer loop
      vertex -4.972852e+01 -1.918241e+01 4.177500e+01
      vertex -4.693308e+01 -1.944032e+01 4.177500e+01
      vertex -4.739603e+01 -1.828267e+01 4.177500e+01
    endloop
  endfacet
  facet normal 0.000000e+00 0.000000e+00 1.000000e+00
    outer loop
      vertex -4.924278e+01 -2.039703e+01 4.177500e+01
      vertex -4.872738e+01 -2.159936e+01 4.177500e+01
      vertex -4.644186e+01 -2.058626e+01 4.177500e+01
    endloop
  endfacet
  facet normal -0.000000e+00 0.000000e+00 1.000000e+00
    outer loop
      vertex -4.924278e+01 -2.039703e+01 4.177500e+01
      vertex -4.644186e+01 -2.058626e+01 4.177500e+01
      vertex -4.693308e+01 -1.944032e+01 4.177500e+01
    endloop
  endfacet
  facet normal 0.000000e+00 0.000000e+00 1.000000e+00
    outer loop
      vertex -4.872738e+01 -2.159936e+01 4.177500e+01
      vertex -4.818263e+01 -2.278869e+01 4.177500e+01
      vertex -4.592266e+01 -2.171980e+01 4.177500e+01
    endloop
  endfacet
  facet normal -0.000000e+00 0.000000e+00 1.000000e+00
    outer loop
      vertex -4.872738e+01 -2.159936e+01 4.177500e+01
      vertex -4.592266e+01 -2.171980e+01 4.177500e+01
      vertex -4.644186e+01 -2.058626e+01 4.177500e+01
    endloop
  endfacet
  facet normal 0.000000e+00 0.000000e+00 1.000000e+00
    outer loop
      vertex -4.818263e+01 -2.278869e+01 4.177500e+01
      vertex -4.760886e+01 -2.396428e+01 4.177500e+01
      vertex -4.537579e+01 -2.284026e+01 4.177500e+01
    endloop
  endfacet
  facet normal -0.000000e+00 0.000000e+00 1.000000e+00
    outer loop
      vertex -4.818263e+01 -2.278869e+01 4.177500e+01
      vertex -4.537579e+01 -2.284026e+01 4.177500e+01
      vertex -4.592266e+01 -2.171980e+01 4.177500e+01
    endloop
  endfacet
  facet normal -0.000000e+00 0.000000e+00 1.000000e+00
    outer loop
      vertex -4.760886e+01 -2.396428e+01 4.177500e+01
      vertex -4.700640e+01 -2.512545e+01 4.177500e+01
      vertex -4.480160e+01 -2.394695e+01 4.177500e+01
    endloop
  endfacet
  facet normal 0.000000e+00 0.000000e+00 1.000000e+00
    outer loop
      vertex -4.760886e+01 -2.396428e+01 4.177500e+01
      vertex -4.480160e+01 -2.394695e+01 4.177500e+01
      vertex -4.537579e+01 -2.284026e+01 4.177500e+01
    endloop
  endfacet
  facet normal -0.000000e+00 0.000000e+00 1.000000e+00
    outer loop
      vertex -4.700640e+01 -2.512545e+01 4.177500e+01
      vertex -4.637564e+01 -2.627147e+01 4.177500e+01
      vertex -4.420042e+01 -2.503923e+01 4.177500e+01
    endloop
  endfacet
  facet normal 0.000000e+00 0.000000e+00 1.000000e+00
    outer loop
      vertex -4.700640e+01 -2.512545e+01 4.177500e+01
      vertex -4.420042e+01 -2.503923e+01 4.177500e+01
      vertex -4.480160e+01 -2.394695e+01 4.177500e+01
    endloop
  endfacet
  facet normal -0.000000e+00 0.000000e+00 1.000000e+00
    outer loop
      vertex -4.637564e+01 -2.627147e+01 4.177500e+01
      vertex -4.571693e+01 -2.740168e+01 4.177500e+01
      vertex -4.357261e+01 -2.611642e+01 4.177500e+01
    endloop
  endfacet
  facet normal 0.000000e+00 0.000000e+00 1.000000e+00
    outer loop
      vertex -4.637564e+01 -2.627147e+01 4.177500e+01
      vertex -4.357261e+01 -2.611642e+01 4.177500e+01
      vertex -4.420042e+01 -2.503923e+01 4.177500e+01
    endloop
  endfacet
  facet normal -0.000000e+00 0.000000e+00 1.000000e+00
    outer loop
      vertex -4.571693e+01 -2.740168e+01 4.177500e+01
      vertex -4.503070e+01 -2.851537e+01 4.177500e+01
      vertex -4.291856e+01 -2.717788e+01 4.177500e+01
    endloop
  endfacet
  facet normal 0.000000e+00 0.000000e+00 1.000000e+00
    outer loop
      vertex -4.571693e+01 -2.740168e+01 4.177500e+01
      vertex -4.291856e+01 -2.717788e+01 4.177500e+01
      vertex -4.357261e+01 -2.611642e+01 4.177500e+01
    endloop
  endfacet
  facet normal -0.000000e+00 0.000000e+00 1.000000e+00
    outer loop
      vertex -4.503070e+01 -2.851537e+01 4.177500e+01
      vertex -4.431733e+01 -2.961189e+01 4.177500e+01
      vertex -4.223866e+01 -2.822297e+01 4.177500e+01
    endloop
  endfacet
  facet normal 0.000000e+00 0.000000e+00 1.000000e+00
    outer loop
      vertex -4.503070e+01 -2.851537e+01 4.177500e+01
      vertex -4.223866e+01 -2.822297e+01 4.177500e+01
      vertex -4.291856e+01 -2.717788e+01 4.177500e+01
    endloop
  endfacet
  facet normal -0.000000e+00 0.000000e+00 1.000000e+00
    outer loop
      vertex -4.431733e+01 -2.961189e+01 4.177500e+01
      vertex -4.357727e+01 -3.069058e+01 4.177500e+01
      vertex -4.153331e+01 -2.925106e+01 4.177500e+01
    endloop
  endfacet
  facet normal 0.000000e+00 0.000000e+00 1.000000e+00
    outer loop
      vertex -4.431733e+01 -2.961189e+01 4.177500e+01
      vertex -4.153331e+01 -2.925106e+01 4.177500e+01
      vertex -4.223866e+01 -2.822297e+01 4.177500e+01
    endloop
  endfacet
  facet normal -0.000000e+00 0.000000e+00 1.000000e+00
    outer loop
      vertex -4.357727e+01 -3.069058e+01 4.177500e+01
      vertex -4.281096e+01 -3.175077e+01 4.177500e+01
      vertex -4.080294e+01 -3.026152e+01 4.177500e+01
    endloop
  endfacet
  facet normal 0.000000e+00 0.000000e+00 1.000000e+00
    outer loop
      vertex -4.357727e+01 -3.069058e+01 4.177500e+01
      vertex -4.080294e+01 -3.026152e+01 4.177500e+01
      vertex -4.153331e+01 -2.925106e+01 4.177500e+01
    endloop
  endfacet
  facet normal -0.000000e+00 0.000000e+00 1.000000e+00
    outer loop
      vertex -4.281096e+01 -3.175077e+01 4.177500e+01
      vertex -4.201886e+01 -3.279184e+01 4.177500e+01
      vertex -4.004800e+01 -3.125376e+01 4.177500e+01
    endloop
  endfacet
  facet normal 0.000000e+00 0.000000e+00 1.000000e+00
    outer loop
      vertex -4.281096e+01 -3.175077e+01 4.177500e+01
      vertex -4.004800e+01 -3.125376e+01 4.177500e+01
      vertex -4.080294e+01 -3.026152e+01 4.177500e+01
    endloop
  endfacet
  facet normal -0.000000e+00 0.000000e+00 1.000000e+00
    outer loop
      vertex -4.201886e+01 -3.279184e+01 4.177500e+01
      vertex -4.120146e+01 -3.381316e+01 4.177500e+01
      vertex -3.926893e+01 -3.222718e+01 4.177500e+01
    endloop
  endfacet
  facet normal 0.000000e+00 0.000000e+00 1.000000e+00
    outer loop
      vertex -4.201886e+01 -3.279184e+01 4.177500e+01
      vertex -3.926893e+01 -3.222718e+01 4.177500e+01
      vertex -4.004800e+01 -3.125376e+01 4.177500e+01
    endloop
  endfacet
  facet normal -0.000000e+00 0.000000e+00 1.000000e+00
    outer loop
      vertex -4.120146e+01 -3.381316e+01 4.177500e+01
      vertex -4.035923e+01 -3.481411e+01 4.177500e+01
      vertex -3.846621e+01 -3.318118e+01 4.177500e+01
    endloop
  endfacet
  facet normal 0.000000e+00 0.000000e+00 1.000000e+00
    outer loop
      vertex -4.120146e+01 -3.381316e+01 4.177500e+01
      vertex -3.846621e+01 -3.318118e+01 4.177500e+01
      vertex -3.926893e+01 -3.222718e+01 4.177500e+01
    endloop
  endfacet
  facet normal -0.000000e+00 0.000000e+00 1.000000e+00
    outer loop
      vertex -4.035923e+01 -3.481411e+01 4.177500e+01
      vertex -3.949269e+01 -3.579409e+01 4.177500e+01
      vertex -3.764032e+01 -3.411519e+01 4.177500e+01
    endloop
  endfacet
  facet normal 0.000000e+00 0.000000e+00 1.000000e+00
    outer loop
      vertex -4.035923e+01 -3.481411e+01 4.177500e+01
      vertex -3.764032e+01 -3.411519e+01 4.177500e+01
      vertex -3.846621e+01 -3.318118e+01 4.177500e+01
    endloop
  endfacet
  facet normal -0.000000e+00 0.000000e+00 1.000000e+00
    outer loop
      vertex -3.949269e+01 -3.579409e+01 4.177500e+01
      vertex -3.860237e+01 -3.675251e+01 4.177500e+01
      vertex -3.679175e+01 -3.502866e+01 4.177500e+01
    endloop
  endfacet
  facet normal 0.000000e+00 0.000000e+00 1.000000e+00
    outer loop
      vertex -3.949269e+01 -3.579409e+01 4.177500e+01
      vertex -3.679175e+01 -3.502866e+01 4.177500e+01
      vertex -3.764032e+01 -3.411519e+01 4.177500e+01
    endloop
  endfacet
  facet normal -0.000000e+00 0.000000e+00 1.000000e+00
    outer loop
      vertex -3.860237e+01 -3.675251e+01 4.177500e+01
      vertex -3.768879e+01 -3.768879e+01 4.177500e+01
      vertex -3.592102e+01 -3.592102e+01 4.177500e+01
    endloop
  endfacet
  facet normal 0.000000e+00 0.000000e+00 1.000000e+00
    outer loop
      vertex -3.860237e+01 -3.675251e+01 4.177500e+01
      vertex -3.592102e+01 -3.592102e+01 4.177500e+01
      vertex -3.679175e+01 -3.502866e+01 4.177500e+01
    endloop
  endfacet
  facet normal -0.000000e+00 0.000000e+00 1.000000e+00
    outer loop
      vertex -3.768879e+01 -3.768879e+01 4.177500e+01
      vertex -3.675251e+01 -3.860237e+01 4.177500e+01
      vertex -3.502866e+01 -3.679175e+01 4.177500e+01
    endloop
  endfacet
  facet normal 0.000000e+00 0.000000e+00 1.000000e+00
    outer loop
      vertex -3.768879e+01 -3.768879e+01 4.177500e+01
      vertex -3.502866e+01 -3.679175e+01 4.177500e+01
      vertex -3.592102e+01 -3.592102e+01 4.177500e+01
    endloop
  endfacet
  facet normal -0.000000e+00 0.000000e+00 1.000000e+00
    outer loop
      vertex -3.675251e+01 -3.860237e+01 4.177500e+01
      vertex -3.579409e+01 -3.949269e+01 4.177500e+01
      vertex -3.411519e+01 -3.764032e+01 4.177500e+01
    endloop
  endfacet
  facet normal 0.000000e+00 0.000000e+00 1.000000e+00
    outer loop
      vertex -3.675251e+01 -3.860237e+01 4.177500e+01
      vertex -3.411519e+01 -3.764032e+01 4.177500e+01
      vertex -3.502866e+01 -3.679175e+01 4.177500e+01
    endloop
  endfacet
  facet normal -0.000000e+00 0.000000e+00 1.000000e+00
    outer loop
      vertex -3.579409e+01 -3.949269e+01 4.177500e+01
      vertex -3.481411e+01 -4.035923e+01 4.177500e+01
      vertex -3.318118e+01 -3.846621e+01 4.177500e+01
    endloop
  endfacet
  facet normal 0.000000e+00 0.000000e+00 1.000000e+00
    outer loop
      vertex -3.579409e+01 -3.949269e+01 4.177500e+01
      vertex -3.318118e+01 -3.846621e+01 4.177500e+01
      vertex -3.411519e+01 -3.764032e+01 4.177500e+01
    endloop
  endfacet
  facet normal -0.000000e+00 0.000000e+00 1.000000e+00
    outer loop
      vertex -3.481411e+01 -4.035923e+01 4.177500e+01
      vertex -3.381316e+01 -4.120146e+01 4.177500e+01
      vertex -3.222718e+01 -3.926893e+01 4.177500e+01
    endloop
  endfacet
  facet normal 0.000000e+00 0.000000e+00 1.000000e+00
    outer loop
      vertex -3.481411e+01 -4.035923e+01 4.177500e+01
      vertex -3.222718e+01 -3.926893e+01 4.177500e+01
      vertex -3.318118e+01 -3.846621e+01 4.177500e+01
    endloop
  endfacet
  facet normal -0.000000e+00 0.000000e+00 1.000000e+00
    outer loop
      vertex -3.381316e+01 -4.120146e+01 4.177500e+01
      vertex -3.279184e+01 -4.201886e+01 4.177500e+01
      vertex -3.125376e+01 -4.004800e+01 4.177500e+01
    endloop
  endfacet
  facet normal 0.000000e+00 0.000000e+00 1.000000e+00
    outer loop
      vertex -3.381316e+01 -4.120146e+01 4.177500e+01
      vertex -3.125376e+01 -4.004800e+01 4.177500e+01
      vertex -3.222718e+01 -3.926893e+01 4.177500e+01
    endloop
  endfacet
  facet normal -0.000000e+00 0.000000e+00 1.000000e+00
    outer loop
      vertex -3.279184e+01 -4.201886e+01 4.177500e+01
      vertex -3.175077e+01 -4.281096e+01 4.177500e+01
      vertex -3.026152e+01 -4.080294e+01 4.177500e+01
    endloop
  endfacet
  facet normal 0.000000e+00 0.000000e+00 1.000000e+00
    outer loop
      vertex -3.279184e+01 -4.201886e+01 4.177500e+01
      vertex -3.026152e+01 -4.080294e+01 4.177500e+01
      vertex -3.125376e+01 -4.004800e+01 4.177500e+01
    endloop
  endfacet
  facet normal -0.000000e+00 0.000000e+00 1.000000e+00
    outer loop
      vertex -3.175077e+01 -4.281096e+01 4.177500e+01
      vertex -3.069058e+01 -4.357727e+01 4.177500e+01
      vertex -2.925106e+01 -4.153331e+01 4.177500e+01
    endloop
  endfacet
  facet normal 0.000000e+00 0.000000e+00 1.000000e+00
    outer loop
      vertex -3.175077e+01 -4.281096e+01 4.177500e+01
      vertex -2.925106e+01 -4.153331e+01 4.177500e+01
      vertex -3.026152e+01 -4.080294e+01 4.177500e+01
    endloop
  endfacet
  facet normal -0.000000e+00 0.000000e+00 1.000000e+00
    outer loop
      vertex -3.069058e+01 -4.357727e+01 4.177500e+01
      vertex -2.961189e+01 -4.431733e+01 4.177500e+01
      vertex -2.822297e+01 -4.223866e+01 4.177500e+01
    endloop
  endfacet
  facet normal 0.000000e+00 0.000000e+00 1.000000e+00
    outer loop
      vertex -3.069058e+01 -4.357727e+01 4.177500e+01
      vertex -2.822297e+01 -4.223866e+01 4.177500e+01
      vertex -2.925106e+01 -4.153331e+01 4.177500e+01
    endloop
  endfacet
  facet normal -0.000000e+00 0.000000e+00 1.000000e+00
    outer loop
      vertex -2.961189e+01 -4.431733e+01 4.177500e+01
      vertex -2.851537e+01 -4.503070e+01 4.177500e+01
      vertex -2.717788e+01 -4.291856e+01 4.177500e+01
    endloop
  endfacet
  facet normal 0.000000e+00 0.000000e+00 1.000000e+00
    outer loop
      vertex -2.961189e+01 -4.431733e+01 4.177500e+01
      vertex -2.717788e+01 -4.291856e+01 4.177500e+01
      vertex -2.822297e+01 -4.223866e+01 4.177500e+01
    endloop
  endfacet
  facet normal -0.000000e+00 0.000000e+00 1.000000e+00
    outer loop
      vertex -2.851537e+01 -4.503070e+01 4.177500e+01
      vertex -2.740168e+01 -4.571693e+01 4.177500e+01
      vertex -2.611642e+01 -4.357261e+01 4.177500e+01
    endloop
  endfacet
  facet normal 0.000000e+00 0.000000e+00 1.000000e+00
    outer loop
      vertex -2.851537e+01 -4.503070e+01 4.177500e+01
      vertex -2.611642e+01 -4.357261e+01 4.177500e+01
      vertex -2.717788e+01 -4.291856e+01 4.177500e+01
    endloop
  endfacet
  facet normal -0.000000e+00 0.000000e+00 1.000000e+00
    outer loop
      vertex -2.740168e+01 -4.571693e+01 4.177500e+01
      vertex -2.627147e+01 -4.637564e+01 4.177500e+01
      vertex -2.503923e+01 -4.420042e+01 4.177500e+01
    endloop
  endfacet
  facet normal 0.000000e+00 0.000000e+00 1.000000e+00
    outer loop
      vertex -2.740168e+01 -4.571693e+01 4.177500e+01
      vertex -2.503923e+01 -4.420042e+01 4.177500e+01
      vertex -2.611642e+01 -4.357261e+01 4.177500e+01
    endloop
  endfacet
  facet normal -0.000000e+00 0.000000e+00 1.000000e+00
    outer loop
      vertex -2.627147e+01 -4.637564e+01 4.177500e+01
      vertex -2.512545e+01 -4.700640e+01 4.177500e+01
      vertex -2.394695e+01 -4.480160e+01 4.177500e+01
    endloop
  endfacet
  facet normal 0.000000e+00 0.000000e+00 1.000000e+00
    outer loop
      vertex -2.627147e+01 -4.637564e+01 4.177500e+01
      vertex -2.394695e+01 -4.480160e+01 4.177500e+01
      vertex -2.503923e+01 -4.420042e+01 4.177500e+01
    endloop
  endfacet
  facet normal -0.000000e+00 0.000000e+00 1.000000e+00
    outer loop
      vertex -2.512545e+01 -4.700640e+01 4.177500e+01
      vertex -2.396428e+01 -4.760886e+01 4.177500e+01
      vertex -2.284026e+01 -4.537579e+01 4.177500e+01
    endloop
  endfacet
  facet normal 0.000000e+00 0.000000e+00 1.000000e+00
    outer loop
      vertex -2.512545e+01 -4.700640e+01 4.177500e+01
      vertex -2.284026e+01 -4.537579e+01 4.177500e+01
      vertex -2.394695e+01 -4.480160e+01 4.177500e+01
    endloop
  endfacet
  facet normal -0.000000e+00 0.000000e+00 1.000000e+00
    outer loop
      vertex -2.396428e+01 -4.760886e+01 4.177500e+01
      vertex -2.278869e+01 -4.818263e+01 4.177500e+01
      vertex -2.171980e+01 -4.592266e+01 4.177500e+01
    endloop
  endfacet
  facet normal 0.000000e+00 0.000000e+00 1.000000e+00
    outer loop
      vertex -2.396428e+01 -4.760886e+01 4.177500e+01
      vertex -2.171980e+01 -4.592266e+01 4.177500e+01
      vertex -2.284026e+01 -4.537579e+01 4.177500e+01
    endloop
  endfacet
  facet normal -0.000000e+00 0.000000e+00 1.000000e+00
    outer loop
      vertex -2.278869e+01 -4.818263e+01 4.177500e+01
      vertex -2.159936e+01 -4.872738e+01 4.177500e+01
      vertex -2.058626e+01 -4.644186e+01 4.177500e+01
    endloop
  endfacet
  facet normal 0.000000e+00 0.000000e+00 1.000000e+00
    outer loop
      vertex -2.278869e+01 -4.818263e+01 4.177500e+01
      vertex -2.058626e+01 -4.644186e+01 4.177500e+01
      vertex -2.171980e+01 -4.592266e+01 4.177500e+01
    endloop
  endfacet
  facet normal -0.000000e+00 0.000000e+00 1.000000e+00
    outer loop
      vertex -2.159936e+01 -4.872738e+01 4.177500e+01
      vertex -2.039703e+01 -4.924278e+01 4.177500e+01
      vertex -1.944032e+01 -4.693308e+01 4.177500e+01
    endloop
  endfacet
  facet normal 0.000000e+00 0.000000e+00 1.000000e+00
    outer loop
      vertex -2.159936e+01 -4.872738e+01 4.177500e+01
      vertex -1.944032e+01 -4.693308e+01 4.177500e+01
      vertex -2.058626e+01 -4.644186e+01 4.177500e+01
    endloop
  endfacet
  facet normal -0.000000e+00 0.000000e+00 1.000000e+00
    outer loop
      vertex -2.039703e+01 -4.924278e+01 4.177500e+01
      vertex -1.918241e+01 -4.972852e+01 4.177500e+01
      vertex -1.828267e+01 -4.739603e+01 4.177500e+01
    endloop
  endfacet
  facet normal 0.000000e+00 0.000000e+00 1.000000e+00
    outer loop
      vertex -2.039703e+01 -4.924278e+01 4.177500e+01
      vertex -1.828267e+01 -4.739603e+01 4.177500e+01
      vertex -1.944032e+01 -4.693308e+01 4.177500e+01
    endloop
  endfacet
  facet normal -0.000000e+00 0.000000e+00 1.000000e+00
    outer loop
      vertex -1.918241e+01 -4.972852e+01 4.177500e+01
      vertex -1.795623e+01 -5.018430e+01 4.177500e+01
      vertex -1.711400e+01 -4.783044e+01 4.177500e+01
    endloop
  endfacet
  facet normal 0.000000e+00 0.000000e+00 1.000000e+00
    outer loop
      vertex -1.918241e+01 -4.972852e+01 4.177500e+01
      vertex -1.711400e+01 -4.783044e+01 4.177500e+01
      vertex -1.828267e+01 -4.739603e+01 4.177500e+01
    endloop
  endfacet
  facet normal -0.000000e+00 0.000000e+00 1.000000e+00
    outer loop
      vertex -1.795623e+01 -5.018430e+01 4.177500e+01
      vertex -1.671924e+01 -5.060985e+01 4.177500e+01
      vertex -1.593503e+01 -4.823603e+01 4.177500e+01
    endloop
  endfacet
  facet normal 0.000000e+00 0.000000e+00 1.000000e+00
    outer loop
      vertex -1.795623e+01 -5.018430e+01 4.177500e+01
      vertex -1.593503e+01 -4.823603e+01 4.177500e+01
      vertex -1.711400e+01 -4.783044e+01 4.177500e+01
    endloop
  endfacet
  facet normal -0.000000e+00 0.000000e+00 1.000000e+00
    outer loop
      vertex -1.671924e+01 -5.060985e+01 4.177500e+01
      vertex -1.547217e+01 -5.100492e+01 4.177500e+01
      vertex -1.474646e+01 -4.861257e+01 4.177500e+01
    endloop
  endfacet
  facet normal 0.000000e+00 0.000000e+00 1.000000e+00
    outer loop
      vertex -1.671924e+01 -5.060985e+01 4.177500e+01
      vertex -1.474646e+01 -4.861257e+01 4.177500e+01
      vertex -1.593503e+01 -4.823603e+01 4.177500e+01
    endloop
  endfacet
  facet normal -0.000000e+00 0.000000e+00 1.000000e+00
    outer loop
      vertex -1.547217e+01 -5.100492e+01 4.177500e+01
      vertex -1.421579e+01 -5.136926e+01 4.177500e+01
      vertex -1.354901e+01 -4.895982e+01 4.177500e+01
    endloop
  endfacet
  facet normal 0.000000e+00 0.000000e+00 1.000000e+00
    outer loop
      vertex -1.547217e+01 -5.100492e+01 4.177500e+01
      vertex -1.354901e+01 -4.895982e+01 4.177500e+01
      vertex -1.474646e+01 -4.861257e+01 4.177500e+01
    endloop
  endfacet
  facet normal -0.000000e+00 0.000000e+00 1.000000e+00
    outer loop
      vertex -1.421579e+01 -5.136926e+01 4.177500e+01
      vertex -1.295084e+01 -5.170267e+01 4.177500e+01
      vertex -1.234339e+01 -4.927759e+01 4.177500e+01
    endloop
  endfacet
  facet normal 0.000000e+00 0.000000e+00 1.000000e+00
    outer loop
      vertex -1.421579e+01 -5.136926e+01 4.177500e+01
      vertex -1.234339e+01 -4.927759e+01 4.177500e+01
      vertex -1.354901e+01 -4.895982e+01 4.177500e+01
    endloop
  endfacet
  facet normal -0.000000e+00 0.000000e+00 1.000000e+00
    outer loop
      vertex -1.295084e+01 -5.170267e+01 4.177500e+01
      vertex -1.167810e+01 -5.200492e+01 4.177500e+01
      vertex -1.113034e+01 -4.956567e+01 4.177500e+01
    endloop
  endfacet
  facet normal 0.000000e+00 0.000000e+00 1.000000e+00
    outer loop
      vertex -1.295084e+01 -5.170267e+01 4.177500e+01
      vertex -1.113034e+01 -4.956567e+01 4.177500e+01
      vertex -1.234339e+01 -4.927759e+01 4.177500e+01
    endloop
  endfacet
  facet normal -0.000000e+00 0.000000e+00 1.000000e+00
    outer loop
      vertex -1.167810e+01 -5.200492e+01 4.177500e+01
      vertex -1.039831e+01 -5.227586e+01 4.177500e+01
      vertex -9.910588e+00 -4.982389e+01 4.177500e+01
    endloop
  endfacet
  facet normal 0.000000e+00 0.000000e+00 1.000000e+00
    outer loop
      vertex -1.167810e+01 -5.200492e+01 4.177500e+01
      vertex -9.910588e+00 -4.982389e+01 4.177500e+01
      vertex -1.113034e+01 -4.956567e+01 4.177500e+01
    endloop
  endfacet
  facet normal -0.000000e+00 0.000000e+00 1.000000e+00
    outer loop
      vertex -1.039831e+01 -5.227586e+01 4.177500e+01
      vertex -9.112269e+00 -5.251530e+01 4.177500e+01
      vertex -8.684864e+00 -5.005210e+01 4.177500e+01
    endloop
  endfacet
  facet normal 0.000000e+00 0.000000e+00 1.000000e+00
    outer loop
      vertex -1.039831e+01 -5.227586e+01 4.177500e+01
      vertex -8.684864e+00 -5.005210e+01 4.177500e+01
      vertex -9.910588e+00 -4.982389e+01 4.177500e+01
    endloop
  endfacet
  facet normal -0.000000e+00 0.000000e+00 1.000000e+00
    outer loop
      vertex -9.112269e+00 -5.251530e+01 4.177500e+01
      vertex -7.820734e+00 -5.272311e+01 4.177500e+01
      vertex -7.453908e+00 -5.025017e+01 4.177500e+01
    endloop
  endfacet
  facet normal 0.000000e+00 0.000000e+00 1.000000e+00
    outer loop
      vertex -9.112269e+00 -5.251530e+01 4.177500e+01
      vertex -7.453908e+00 -5.025017e+01 4.177500e+01
      vertex -8.684864e+00 -5.005210e+01 4.177500e+01
    endloop
  endfacet
  facet normal -0.000000e+00 0.000000e+00 1.000000e+00
    outer loop
      vertex -7.820734e+00 -5.272311e+01 4.177500e+01
      vertex -6.524489e+00 -5.289916e+01 4.177500e+01
      vertex -6.218462e+00 -5.041796e+01 4.177500e+01
    endloop
  endfacet
  facet normal 0.000000e+00 0.000000e+00 1.000000e+00
    outer loop
      vertex -7.820734e+00 -5.272311e+01 4.177500e+01
      vertex -6.218462e+00 -5.041796e+01 4.177500e+01
      vertex -7.453908e+00 -5.025017e+01 4.177500e+01
    endloop
  endfacet
  facet normal -0.000000e+00 0.000000e+00 1.000000e+00
    outer loop
      vertex -6.524489e+00 -5.289916e+01 4.177500e+01
      vertex -5.224314e+00 -5.304335e+01 4.177500e+01
      vertex -4.979271e+00 -5.055538e+01 4.177500e+01
    endloop
  endfacet
  facet normal 0.000000e+00 0.000000e+00 1.000000e+00
    outer loop
      vertex -6.524489e+00 -5.289916e+01 4.177500e+01
      vertex -4.979271e+00 -5.055538e+01 4.177500e+01
      vertex -6.218462e+00 -5.041796e+01 4.177500e+01
    endloop
  endfacet
  facet normal -0.000000e+00 0.000000e+00 1.000000e+00
    outer loop
      vertex -5.224314e+00 -5.304335e+01 4.177500e+01
      vertex -3.920991e+00 -5.315558e+01 4.177500e+01
      vertex -3.737080e+00 -5.066236e+01 4.177500e+01
    endloop
  endfacet
  facet normal 0.000000e+00 0.000000e+00 1.000000e+00
    outer loop
      vertex -5.224314e+00 -5.304335e+01 4.177500e+01
      vertex -3.737080e+00 -5.066236e+01 4.177500e+01
      vertex -4.979271e+00 -5.055538e+01 4.177500e+01
    endloop
  endfacet
  facet normal -0.000000e+00 0.000000e+00 1.000000e+00
    outer loop
      vertex -3.920991e+00 -5.315558e+01 4.177500e+01
      vertex -2.615307e+00 -5.323580e+01 4.177500e+01
      vertex -2.492638e+00 -5.073881e+01 4.177500e+01
    endloop
  endfacet
  facet normal 0.000000e+00 0.000000e+00 1.000000e+00
    outer loop
      vertex -3.920991e+00 -5.315558e+01 4.177500e+01
      vertex -2.492638e+00 -5.073881e+01 4.177500e+01
      vertex -3.737080e+00 -5.066236e+01 4.177500e+01
    endloop
  endfacet
  facet normal -0.000000e+00 0.000000e+00 1.000000e+00
    outer loop
      vertex -2.615307e+00 -5.323580e+01 4.177500e+01
      vertex -1.308047e+00 -5.328395e+01 4.177500e+01
      vertex -1.246694e+00 -5.078470e+01 4.177500e+01
    endloop
  endfacet
  facet normal 0.000000e+00 0.000000e+00 1.000000e+00
    outer loop
      vertex -2.615307e+00 -5.323580e+01 4.177500e+01
      vertex -1.246694e+00 -5.078470e+01 4.177500e+01
      vertex -2.492638e+00 -5.073881e+01 4.177500e+01
    endloop
  endfacet
  facet normal -0.000000e+00 0.000000e+00 1.000000e+00
    outer loop
      vertex -1.308047e+00 -5.328395e+01 4.177500e+01
      vertex -9.791051e-15 -5.330000e+01 4.177500e+01
      vertex -9.331809e-15 -5.080000e+01 4.177500e+01
    endloop
  endfacet
  facet normal 0.000000e+00 0.000000e+00 1.000000e+00
    outer loop
      vertex -1.308047e+00 -5.328395e+01 4.177500e+01
      vertex -9.331809e-15 -5.080000e+01 4.177500e+01
      vertex -1.246694e+00 -5.078470e+01 4.177500e+01
    endloop
  endfacet
  facet normal 0.000000e+00 0.000000e+00 1.000000e+00
    outer loop
      vertex -9.791051e-15 -5.330000e+01 4.177500e+01
      vertex 1.308047e+00 -5.328395e+01 4.177500e+01
      vertex 1.246694e+00 -5.078470e+01 4.177500e+01
    endloop
  endfacet
  facet normal 0.000000e+00 0.000000e+00 1.000000e+00
    outer loop
      vertex -9.791051e-15 -5.330000e+01 4.177500e+01
      vertex 1.246694e+00 -5.078470e+01 4.177500e+01
      vertex -9.331809e-15 -5.080000e+01 4.177500e+01
    endloop
  endfacet
  facet normal 0.000000e+00 0.000000e+00 1.000000e+00
    outer loop
      vertex 1.308047e+00 -5.328395e+01 4.177500e+01
      vertex 2.615307e+00 -5.323580e+01 4.177500e+01
      vertex 2.492638e+00 -5.073881e+01 4.177500e+01
    endloop
  endfacet
  facet normal 0.000000e+00 -0.000000e+00 1.000000e+00
    outer loop
      vertex 1.308047e+00 -5.328395e+01 4.177500e+01
      vertex 2.492638e+00 -5.073881e+01 4.177500e+01
      vertex 1.246694e+00 -5.078470e+01 4.177500e+01
    endloop
  endfacet
  facet normal 0.000000e+00 0.000000e+00 1.000000e+00
    outer loop
      vertex 2.615307e+00 -5.323580e+01 4.177500e+01
      vertex 3.920991e+00 -5.315558e+01 4.177500e+01
      vertex 3.737080e+00 -5.066236e+01 4.177500e+01
    endloop
  endfacet
  facet normal 0.000000e+00 -0.000000e+00 1.000000e+00
    outer loop
      vertex 2.615307e+00 -5.323580e+01 4.177500e+01
      vertex 3.737080e+00 -5.066236e+01 4.177500e+01
      vertex 2.492638e+00 -5.073881e+01 4.177500e+01
    endloop
  endfacet
  facet normal 0.000000e+00 0.000000e+00 1.000000e+00
    outer loop
      vertex 3.920991e+00 -5.315558e+01 4.177500e+01
      vertex 5.224314e+00 -5.304335e+01 4.177500e+01
      vertex 4.979271e+00 -5.055538e+01 4.177500e+01
    endloop
  endfacet
  facet normal 0.000000e+00 -0.000000e+00 1.000000e+00
    outer loop
      vertex 3.920991e+00 -5.315558e+01 4.177500e+01
      vertex 4.979271e+00 -5.055538e+01 4.177500e+01
      vertex 3.737080e+00 -5.066236e+01 4.177500e+01
    endloop
  endfacet
  facet normal 0.000000e+00 0.000000e+00 1.000000e+00
    outer loop
      vertex 5.224314e+00 -5.304335e+01 4.177500e+01
      vertex 6.524489e+00 -5.289916e+01 4.177500e+01
      vertex 6.218462e+00 -5.041796e+01 4.177500e+01
    endloop
  endfacet
  facet normal 0.000000e+00 -0.000000e+00 1.000000e+00
    outer loop
      vertex 5.224314e+00 -5.304335e+01 4.177500e+01
      vertex 6.218462e+00 -5.041796e+01 4.177500e+01
      vertex 4.979271e+00 -5.055538e+01 4.177500e+01
    endloop
  endfacet
  facet normal 0.000000e+00 0.000000e+00 1.000000e+00
    outer loop
      vertex 6.524489e+00 -5.289916e+01 4.177500e+01
      vertex 7.820734e+00 -5.272311e+01 4.177500e+01
      vertex 7.453908e+00 -5.025017e+01 4.177500e+01
    endloop
  endfacet
  facet normal 0.000000e+00 -0.000000e+00 1.000000e+00
    outer loop
      vertex 6.524489e+00 -5.289916e+01 4.177500e+01
      vertex 7.453908e+00 -5.025017e+01 4.177500e+01
      vertex 6.218462e+00 -5.041796e+01 4.177500e+01
    endloop
  endfacet
  facet normal 0.000000e+00 0.000000e+00 1.000000e+00
    outer loop
      vertex 7.820734e+00 -5.272311e+01 4.177500e+01
      vertex 9.112269e+00 -5.251530e+01 4.177500e+01
      vertex 8.684864e+00 -5.005210e+01 4.177500e+01
    endloop
  endfacet
  facet normal 0.000000e+00 -0.000000e+00 1.000000e+00
    outer loop
      vertex 7.820734e+00 -5.272311e+01 4.177500e+01
      vertex 8.684864e+00 -5.005210e+01 4.177500e+01
      vertex 7.453908e+00 -5.025017e+01 4.177500e+01
    endloop
  endfacet
  facet normal 0.000000e+00 0.000000e+00 1.000000e+00
    outer loop
      vertex 9.112269e+00 -5.251530e+01 4.177500e+01
      vertex 1.039831e+01 -5.227586e+01 4.177500e+01
      vertex 9.910588e+00 -4.982389e+01 4.177500e+01
    endloop
  endfacet
  facet normal 0.000000e+00 -0.000000e+00 1.000000e+00
    outer loop
      vertex 9.112269e+00 -5.251530e+01 4.177500e+01
      vertex 9.910588e+00 -4.982389e+01 4.177500e+01
      vertex 8.684864e+00 -5.005210e+01 4.177500e+01
    endloop
  endfacet
  facet normal 0.000000e+00 0.000000e+00 1.000000e+00
    outer loop
      vertex 1.039831e+01 -5.227586e+01 4.177500e+01
      vertex 1.167810e+01 -5.200492e+01 4.177500e+01
      vertex 1.113034e+01 -4.956567e+01 4.177500e+01
    endloop
  endfacet
  facet normal 0.000000e+00 -0.000000e+00 1.000000e+00
    outer loop
      vertex 1.039831e+01 -5.227586e+01 4.177500e+01
      vertex 1.113034e+01 -4.956567e+01 4.177500e+01
      vertex 9.910588e+00 -4.982389e+01 4.177500e+01
    endloop
  endfacet
  facet normal 0.000000e+00 0.000000e+00 1.000000e+00
    outer loop
      vertex 1.167810e+01 -5.200492e+01 4.177500e+01
      vertex 1.295084e+01 -5.170267e+01 4.177500e+01
      vertex 1.234339e+01 -4.927759e+01 4.177500e+01
    endloop
  endfacet
  facet normal 0.000000e+00 -0.000000e+00 1.000000e+00
    outer loop
      vertex 1.167810e+01 -5.200492e+01 4.177500e+01
      vertex 1.234339e+01 -4.927759e+01 4.177500e+01
      vertex 1.113034e+01 -4.956567e+01 4.177500e+01
    endloop
  endfacet
  facet normal 0.000000e+00 0.000000e+00 1.000000e+00
    outer loop
      vertex 1.295084e+01 -5.170267e+01 4.177500e+01
      vertex 1.421579e+01 -5.136926e+01 4.177500e+01
      vertex 1.354901e+01 -4.895982e+01 4.177500e+01
    endloop
  endfacet
  facet normal 0.000000e+00 -0.000000e+00 1.000000e+00
    outer loop
      vertex 1.295084e+01 -5.170267e+01 4.177500e+01
      vertex 1.354901e+01 -4.895982e+01 4.177500e+01
      vertex 1.234339e+01 -4.927759e+01 4.177500e+01
    endloop
  endfacet
  facet normal 0.000000e+00 0.000000e+00 1.000000e+00
    outer loop
      vertex 1.421579e+01 -5.136926e+01 4.177500e+01
      vertex 1.547217e+01 -5.100492e+01 4.177500e+01
      vertex 1.474646e+01 -4.861257e+01 4.177500e+01
    endloop
  endfacet
  facet normal 0.000000e+00 -0.000000e+00 1.000000e+00
    outer loop
      vertex 1.421579e+01 -5.136926e+01 4.177500e+01
      vertex 1.474646e+01 -4.861257e+01 4.177500e+01
      vertex 1.354901e+01 -4.895982e+01 4.177500e+01
    endloop
  endfacet
  facet normal 0.000000e+00 0.000000e+00 1.000000e+00
    outer loop
      vertex 1.547217e+01 -5.100492e+01 4.177500e+01
      vertex 1.671924e+01 -5.060985e+01 4.177500e+01
      vertex 1.593503e+01 -4.823603e+01 4.177500e+01
    endloop
  endfacet
  facet normal 0.000000e+00 -0.000000e+00 1.000000e+00
    outer loop
      vertex 1.547217e+01 -5.100492e+01 4.177500e+01
      vertex 1.593503e+01 -4.823603e+01 4.177500e+01
      vertex 1.474646e+01 -4.861257e+01 4.177500e+01
    endloop
  endfacet
  facet normal 0.000000e+00 0.000000e+00 1.000000e+00
    outer loop
      vertex 1.671924e+01 -5.060985e+01 4.177500e+01
      vertex 1.795623e+01 -5.018430e+01 4.177500e+01
      vertex 1.711400e+01 -4.783044e+01 4.177500e+01
    endloop
  endfacet
  facet normal 0.000000e+00 -0.000000e+00 1.000000e+00
    outer loop
      vertex 1.671924e+01 -5.060985e+01 4.177500e+01
      vertex 1.711400e+01 -4.783044e+01 4.177500e+01
      vertex 1.593503e+01 -4.823603e+01 4.177500e+01
    endloop
  endfacet
  facet normal 0.000000e+00 0.000000e+00 1.000000e+00
    outer loop
      vertex 1.795623e+01 -5.018430e+01 4.177500e+01
      vertex 1.918241e+01 -4.972852e+01 4.177500e+01
      vertex 1.828267e+01 -4.739603e+01 4.177500e+01
    endloop
  endfacet
  facet normal 0.000000e+00 -0.000000e+00 1.000000e+00
    outer loop
      vertex 1.795623e+01 -5.018430e+01 4.177500e+01
      vertex 1.828267e+01 -4.739603e+01 4.177500e+01
      vertex 1.711400e+01 -4.783044e+01 4.177500e+01
    endloop
  endfacet
  facet normal 0.000000e+00 0.000000e+00 1.000000e+00
    outer loop
      vertex 1.918241e+01 -4.972852e+01 4.177500e+01
      vertex 2.039703e+01 -4.924278e+01 4.177500e+01
      vertex 1.944032e+01 -4.693308e+01 4.177500e+01
    endloop
  endfacet
  facet normal 0.000000e+00 -0.000000e+00 1.000000e+00
    outer loop
      vertex 1.918241e+01 -4.972852e+01 4.177500e+01
      vertex 1.944032e+01 -4.693308e+01 4.177500e+01
      vertex 1.828267e+01 -4.739603e+01 4.177500e+01
    endloop
  endfacet
  facet normal 0.000000e+00 0.000000e+00 1.000000e+00
    outer loop
      vertex 2.039703e+01 -4.924278e+01 4.177500e+01
      vertex 2.159936e+01 -4.872738e+01 4.177500e+01
      vertex 2.058626e+01 -4.644186e+01 4.177500e+01
    endloop
  endfacet
  facet normal 0.000000e+00 -0.000000e+00 1.000000e+00
    outer loop
      vertex 2.039703e+01 -4.924278e+01 4.177500e+01
      vertex 2.058626e+01 -4.644186e+01 4.177500e+01
      vertex 1.944032e+01 -4.693308e+01 4.177500e+01
    endloop
  endfacet
  facet normal 0.000000e+00 0.000000e+00 1.000000e+00
    outer loop
      vertex 2.159936e+01 -4.872738e+01 4.177500e+01
      vertex 2.278869e+01 -4.818263e+01 4.177500e+01
      vertex 2.171980e+01 -4.592266e+01 4.177500e+01
    endloop
  endfacet
  facet normal 0.000000e+00 -0.000000e+00 1.000000e+00
    outer loop
      vertex 2.159936e+01 -4.872738e+01 4.177500e+01
      vertex 2.171980e+01 -4.592266e+01 4.177500e+01
      vertex 2.058626e+01 -4.644186e+01 4.177500e+01
    endloop
  endfacet
  facet normal 0.000000e+00 0.000000e+00 1.000000e+00
    outer loop
      vertex 2.278869e+01 -4.818263e+01 4.177500e+01
      vertex 2.396428e+01 -4.760886e+01 4.177500e+01
      vertex 2.284026e+01 -4.537579e+01 4.177500e+01
    endloop
  endfacet
  facet normal 0.000000e+00 -0.000000e+00 1.000000e+00
    outer loop
      vertex 2.278869e+01 -4.818263e+01 4.177500e+01
      vertex 2.284026e+01 -4.537579e+01 4.177500e+01
      vertex 2.171980e+01 -4.592266e+01 4.177500e+01
    endloop
  endfacet
  facet normal 0.000000e+00 -0.000000e+00 1.000000e+00
    outer loop
      vertex 2.396428e+01 -4.760886e+01 4.177500e+01
      vertex 2.512545e+01 -4.700640e+01 4.177500e+01
      vertex 2.394695e+01 -4.480160e+01 4.177500e+01
    endloop
  endfacet
  facet normal 0.000000e+00 0.000000e+00 1.000000e+00
    outer loop
      vertex 2.396428e+01 -4.760886e+01 4.177500e+01
      vertex 2.394695e+01 -4.480160e+01 4.177500e+01
      vertex 2.284026e+01 -4.537579e+01 4.177500e+01
    endloop
  endfacet
  facet normal 0.000000e+00 -0.000000e+00 1.000000e+00
    outer loop
      vertex 2.512545e+01 -4.700640e+01 4.177500e+01
      vertex 2.627147e+01 -4.637564e+01 4.177500e+01
      vertex 2.503923e+01 -4.420042e+01 4.177500e+01
    endloop
  endfacet
  facet normal 0.000000e+00 0.000000e+00 1.000000e+00
    outer loop
      vertex 2.512545e+01 -4.700640e+01 4.177500e+01
      vertex 2.503923e+01 -4.420042e+01 4.177500e+01
      vertex 2.394695e+01 -4.480160e+01 4.177500e+01
    endloop
  endfacet
  facet normal 0.000000e+00 -0.000000e+00 1.000000e+00
    outer loop
      vertex 2.627147e+01 -4.637564e+01 4.177500e+01
      vertex 2.740168e+01 -4.571693e+01 4.177500e+01
      vertex 2.611642e+01 -4.357261e+01 4.177500e+01
    endloop
  endfacet
  facet normal 0.000000e+00 0.000000e+00 1.000000e+00
    outer loop
      vertex 2.627147e+01 -4.637564e+01 4.177500e+01
      vertex 2.611642e+01 -4.357261e+01 4.177500e+01
      vertex 2.503923e+01 -4.420042e+01 4.177500e+01
    endloop
  endfacet
  facet normal 0.000000e+00 -0.000000e+00 1.000000e+00
    outer loop
      vertex 2.740168e+01 -4.571693e+01 4.177500e+01
      vertex 2.851537e+01 -4.503070e+01 4.177500e+01
      vertex 2.717788e+01 -4.291856e+01 4.177500e+01
    endloop
  endfacet
  facet normal 0.000000e+00 0.000000e+00 1.000000e+00
    outer loop
      vertex 2.740168e+01 -4.571693e+01 4.177500e+01
      vertex 2.717788e+01 -4.291856e+01 4.177500e+01
      vertex 2.611642e+01 -4.357261e+01 4.177500e+01
    endloop
  endfacet
  facet normal 0.000000e+00 -0.000000e+00 1.000000e+00
    outer loop
      vertex 2.851537e+01 -4.503070e+01 4.177500e+01
      vertex 2.961189e+01 -4.431733e+01 4.177500e+01
      vertex 2.822297e+01 -4.223866e+01 4.177500e+01
    endloop
  endfacet
  facet normal 0.000000e+00 0.000000e+00 1.000000e+00
    outer loop
      vertex 2.851537e+01 -4.503070e+01 4.177500e+01
      vertex 2.822297e+01 -4.223866e+01 4.177500e+01
      vertex 2.717788e+01 -4.291856e+01 4.177500e+01
    endloop
  endfacet
  facet normal 0.000000e+00 -0.000000e+00 1.000000e+00
    outer loop
      vertex 2.961189e+01 -4.431733e+01 4.177500e+01
      vertex 3.069058e+01 -4.357727e+01 4.177500e+01
      vertex 2.925106e+01 -4.153331e+01 4.177500e+01
    endloop
  endfacet
  facet normal 0.000000e+00 0.000000e+00 1.000000e+00
    outer loop
      vertex 2.961189e+01 -4.431733e+01 4.177500e+01
      vertex 2.925106e+01 -4.153331e+01 4.177500e+01
      vertex 2.822297e+01 -4.223866e+01 4.177500e+01
    endloop
  endfacet
  facet normal 0.000000e+00 -0.000000e+00 1.000000e+00
    outer loop
      vertex 3.069058e+01 -4.357727e+01 4.177500e+01
      vertex 3.175077e+01 -4.281096e+01 4.177500e+01
      vertex 3.026152e+01 -4.080294e+01 4.177500e+01
    endloop
  endfacet
  facet normal 0.000000e+00 0.000000e+00 1.000000e+00
    outer loop
      vertex 3.069058e+01 -4.357727e+01 4.177500e+01
      vertex 3.026152e+01 -4.080294e+01 4.177500e+01
      vertex 2.925106e+01 -4.153331e+01 4.177500e+01
    endloop
  endfacet
  facet normal 0.000000e+00 -0.000000e+00 1.000000e+00
    outer loop
      vertex 3.175077e+01 -4.281096e+01 4.177500e+01
      vertex 3.279184e+01 -4.201886e+01 4.177500e+01
      vertex 3.125376e+01 -4.004800e+01 4.177500e+01
    endloop
  endfacet
  facet normal 0.000000e+00 0.000000e+00 1.000000e+00
    outer loop
      vertex 3.175077e+01 -4.281096e+01 4.177500e+01
      vertex 3.125376e+01 -4.004800e+01 4.177500e+01
      vertex 3.026152e+01 -4.080294e+01 4.177500e+01
    endloop
  endfacet
  facet normal 0.000000e+00 -0.000000e+00 1.000000e+00
    outer loop
      vertex 3.279184e+01 -4.201886e+01 4.177500e+01
      vertex 3.381316e+01 -4.120146e+01 4.177500e+01
      vertex 3.222718e+01 -3.926893e+01 4.177500e+01
    endloop
  endfacet
  facet normal 0.000000e+00 0.000000e+00 1.000000e+00
    outer loop
      vertex 3.279184e+01 -4.201886e+01 4.177500e+01
      vertex 3.222718e+01 -3.926893e+01 4.177500e+01
      vertex 3.125376e+01 -4.004800e+01 4.177500e+01
    endloop
  endfacet
  facet normal 0.000000e+00 -0.000000e+00 1.000000e+00
    outer loop
      vertex 3.381316e+01 -4.120146e+01 4.177500e+01
      vertex 3.481411e+01 -4.035923e+01 4.177500e+01
      vertex 3.318118e+01 -3.846621e+01 4.177500e+01
    endloop
  endfacet
  facet normal 0.000000e+00 0.000000e+00 1.000000e+00
    outer loop
      vertex 3.381316e+01 -4.120146e+01 4.177500e+01
      vertex 3.318118e+01 -3.846621e+01 4.177500e+01
      vertex 3.222718e+01 -3.926893e+01 4.177500e+01
    endloop
  endfacet
  facet normal 0.000000e+00 -0.000000e+00 1.000000e+00
    outer loop
      vertex 3.481411e+01 -4.035923e+01 4.177500e+01
      vertex 3.579409e+01 -3.949269e+01 4.177500e+01
      vertex 3.411519e+01 -3.764032e+01 4.177500e+01
    endloop
  endfacet
  facet normal 0.000000e+00 0.000000e+00 1.000000e+00
    outer loop
      vertex 3.481411e+01 -4.035923e+01 4.177500e+01
      vertex 3.411519e+01 -3.764032e+01 4.177500e+01
      vertex 3.318118e+01 -3.846621e+01 4.177500e+01
    endloop
  endfacet
  facet normal 0.000000e+00 -0.000000e+00 1.000000e+00
    outer loop
      vertex 3.579409e+01 -3.949269e+01 4.177500e+01
      vertex 3.675251e+01 -3.860237e+01 4.177500e+01
      vertex 3.502866e+01 -3.679175e+01 4.177500e+01
    endloop
  endfacet
  facet normal 0.000000e+00 0.000000e+00 1.000000e+00
    outer loop
      vertex 3.579409e+01 -3.949269e+01 4.177500e+01
      vertex 3.502866e+01 -3.679175e+01 4.177500e+01
      vertex 3.411519e+01 -3.764032e+01 4.177500e+01
    endloop
  endfacet
  facet normal 0.000000e+00 -0.000000e+00 1.000000e+00
    outer loop
      vertex 3.675251e+01 -3.860237e+01 4.177500e+01
      vertex 3.768879e+01 -3.768879e+01 4.177500e+01
      vertex 3.592102e+01 -3.592102e+01 4.177500e+01
    endloop
  endfacet
  facet normal 0.000000e+00 0.000000e+00 1.000000e+00
    outer loop
      vertex 3.675251e+01 -3.860237e+01 4.177500e+01
      vertex 3.592102e+01 -3.592102e+01 4.177500e+01
      vertex 3.502866e+01 -3.679175e+01 4.177500e+01
    endloop
  endfacet
  facet normal 0.000000e+00 -0.000000e+00 1.000000e+00
    outer loop
      vertex 3.768879e+01 -3.768879e+01 4.177500e+01
      vertex 3.860237e+01 -3.675251e+01 4.177500e+01
      vertex 3.679175e+01 -3.502866e+01 4.177500e+01
    endloop
  endfacet
  facet normal 0.000000e+00 0.000000e+00 1.000000e+00
    outer loop
      vertex 3.768879e+01 -3.768879e+01 4.177500e+01
      vertex 3.679175e+01 -3.502866e+01 4.177500e+01
      vertex 3.592102e+01 -3.592102e+01 4.177500e+01
    endloop
  endfacet
  facet normal 0.000000e+00 -0.000000e+00 1.000000e+00
    outer loop
      vertex 3.860237e+01 -3.675251e+01 4.177500e+01
      vertex 3.949269e+01 -3.579409e+01 4.177500e+01
      vertex 3.764032e+01 -3.411519e+01 4.177500e+01
    endloop
  endfacet
  facet normal 0.000000e+00 0.000000e+00 1.000000e+00
    outer loop
      vertex 3.860237e+01 -3.675251e+01 4.177500e+01
      vertex 3.764032e+01 -3.411519e+01 4.177500e+01
      vertex 3.679175e+01 -3.502866e+01 4.177500e+01
    endloop
  endfacet
  facet normal 0.000000e+00 -0.000000e+00 1.000000e+00
    outer loop
      vertex 3.949269e+01 -3.579409e+01 4.177500e+01
      vertex 4.035923e+01 -3.481411e+01 4.177500e+01
      vertex 3.846621e+01 -3.318118e+01 4.177500e+01
    endloop
  endfacet
  facet normal 0.000000e+00 0.000000e+00 1.000000e+00
    outer loop
      vertex 3.949269e+01 -3.579409e+01 4.177500e+01
      vertex 3.846621e+01 -3.318118e+01 4.177500e+01
      vertex 3.764032e+01 -3.411519e+01 4.177500e+01
    endloop
  endfacet
  facet normal 0.000000e+00 -0.000000e+00 1.000000e+00
    outer loop
      vertex 4.035923e+01 -3.481411e+01 4.177500e+01
      vertex 4.120146e+01 -3.381316e+01 4.177500e+01
      vertex 3.926893e+01 -3.222718e+01 4.177500e+01
    endloop
  endfacet
  facet normal 0.000000e+00 0.000000e+00 1.000000e+00
    outer loop
      vertex 4.035923e+01 -3.481411e+01 4.177500e+01
      vertex 3.926893e+01 -3.222718e+01 4.177500e+01
      vertex 3.846621e+01 -3.318118e+01 4.177500e+01
    endloop
  endfacet
  facet normal 0.000000e+00 -0.000000e+00 1.000000e+00
    outer loop
      vertex 4.120146e+01 -3.381316e+01 4.177500e+01
      vertex 4.201886e+01 -3.279184e+01 4.177500e+01
      vertex 4.004800e+01 -3.125376e+01 4.177500e+01
    endloop
  endfacet
  facet normal 0.000000e+00 0.000000e+00 1.000000e+00
    outer loop
      vertex 4.120146e+01 -3.381316e+01 4.177500e+01
      vertex 4.004800e+01 -3.125376e+01 4.177500e+01
      vertex 3.926893e+01 -3.222718e+01 4.177500e+01
    endloop
  endfacet
  facet normal 0.000000e+00 -0.000000e+00 1.000000e+00
    outer loop
      vertex 4.201886e+01 -3.279184e+01 4.177500e+01
      vertex 4.281096e+01 -3.175077e+01 4.177500e+01
      vertex 4.080294e+01 -3.026152e+01 4.177500e+01
    endloop
  endfacet
  facet normal 0.000000e+00 0.000000e+00 1.000000e+00
    outer loop
      vertex 4.201886e+01 -3.279184e+01 4.177500e+01
      vertex 4.080294e+01 -3.026152e+01 4.177500e+01
      vertex 4.004800e+01 -3.125376e+01 4.177500e+01
    endloop
  endfacet
  facet normal 0.000000e+00 -0.000000e+00 1.000000e+00
    outer loop
      vertex 4.281096e+01 -3.175077e+01 4.177500e+01
      vertex 4.357727e+01 -3.069058e+01 4.177500e+01
      vertex 4.153331e+01 -2.925106e+01 4.177500e+01
    endloop
  endfacet
  facet normal 0.000000e+00 0.000000e+00 1.000000e+00
    outer loop
      vertex 4.281096e+01 -3.175077e+01 4.177500e+01
      vertex 4.153331e+01 -2.925106e+01 4.177500e+01
      vertex 4.080294e+01 -3.026152e+01 4.177500e+01
    endloop
  endfacet
  facet normal 0.000000e+00 -0.000000e+00 1.000000e+00
    outer loop
      vertex 4.357727e+01 -3.069058e+01 4.177500e+01
      vertex 4.431733e+01 -2.961189e+01 4.177500e+01
      vertex 4.223866e+01 -2.822297e+01 4.177500e+01
    endloop
  endfacet
  facet normal 0.000000e+00 0.000000e+00 1.000000e+00
    outer loop
      vertex 4.357727e+01 -3.069058e+01 4.177500e+01
      vertex 4.223866e+01 -2.822297e+01 4.177500e+01
      vertex 4.153331e+01 -2.925106e+01 4.177500e+01
    endloop
  endfacet
  facet normal 0.000000e+00 -0.000000e+00 1.000000e+00
    outer loop
      vertex 4.431733e+01 -2.961189e+01 4.177500e+01
      vertex 4.503070e+01 -2.851537e+01 4.177500e+01
      vertex 4.291856e+01 -2.717788e+01 4.177500e+01
    endloop
  endfacet
  facet normal 0.000000e+00 0.000000e+00 1.000000e+00
    outer loop
      vertex 4.431733e+01 -2.961189e+01 4.177500e+01
      vertex 4.291856e+01 -2.717788e+01 4.177500e+01
      vertex 4.223866e+01 -2.822297e+01 4.177500e+01
    endloop
  endfacet
  facet normal 0.000000e+00 -0.000000e+00 1.000000e+00
    outer loop
      vertex 4.503070e+01 -2.851537e+01 4.177500e+01
      vertex 4.571693e+01 -2.740168e+01 4.177500e+01
      vertex 4.357261e+01 -2.611642e+01 4.177500e+01
    endloop
  endfacet
  facet normal 0.000000e+00 0.000000e+00 1.000000e+00
    outer loop
      vertex 4.503070e+01 -2.851537e+01 4.177500e+01
      vertex 4.357261e+01 -2.611642e+01 4.177500e+01
      vertex 4.291856e+01 -2.717788e+01 4.177500e+01
    endloop
  endfacet
  facet normal 0.000000e+00 -0.000000e+00 1.000000e+00
    outer loop
      vertex 4.571693e+01 -2.740168e+01 4.177500e+01
      vertex 4.637564e+01 -2.627147e+01 4.177500e+01
      vertex 4.420042e+01 -2.503923e+01 4.177500e+01
    endloop
  endfacet
  facet normal 0.000000e+00 0.000000e+00 1.000000e+00
    outer loop
      vertex 4.571693e+01 -2.740168e+01 4.177500e+01
      vertex 4.420042e+01 -2.503923e+01 4.177500e+01
      vertex 4.357261e+01 -2.611642e+01 4.177500e+01
    endloop
  endfacet
  facet normal 0.000000e+00 -0.000000e+00 1.000000e+00
    outer loop
      vertex 4.637564e+01 -2.627147e+01 4.177500e+01
      vertex 4.700640e+01 -2.512545e+01 4.177500e+01
      vertex 4.480160e+01 -2.394695e+01 4.177500e+01
    endloop
  endfacet
  facet normal 0.000000e+00 0.000000e+00 1.000000e+00
    outer loop
      vertex 4.637564e+01 -2.627147e+01 4.177500e+01
      vertex 4.480160e+01 -2.394695e+01 4.177500e+01
      vertex 4.420042e+01 -2.503923e+01 4.177500e+01
    endloop
  endfacet
  facet normal 0.000000e+00 -0.000000e+00 1.000000e+00
    outer loop
      vertex 4.700640e+01 -2.512545e+01 4.177500e+01
      vertex 4.760886e+01 -2.396428e+01 4.177500e+01
      vertex 4.537579e+01 -2.284026e+01 4.177500e+01
    endloop
  endfacet
  facet normal 0.000000e+00 0.000000e+00 1.000000e+00
    outer loop
      vertex 4.700640e+01 -2.512545e+01 4.177500e+01
      vertex 4.537579e+01 -2.284026e+01 4.177500e+01
      vertex 4.480160e+01 -2.394695e+01 4.177500e+01
    endloop
  endfacet
  facet normal 0.000000e+00 -0.000000e+00 1.000000e+00
    outer loop
      vertex 4.760886e+01 -2.396428e+01 4.177500e+01
      vertex 4.818263e+01 -2.278869e+01 4.177500e+01
      vertex 4.592266e+01 -2.171980e+01 4.177500e+01
    endloop
  endfacet
  facet normal 0.000000e+00 0.000000e+00 1.000000e+00
    outer loop
      vertex 4.760886e+01 -2.396428e+01 4.177500e+01
      vertex 4.592266e+01 -2.171980e+01 4.177500e+01
      vertex 4.537579e+01 -2.284026e+01 4.177500e+01
    endloop
  endfacet
  facet normal 0.000000e+00 -0.000000e+00 1.000000e+00
    outer loop
      vertex 4.818263e+01 -2.278869e+01 4.177500e+01
      vertex 4.872738e+01 -2.159936e+01 4.177500e+01
      vertex 4.644186e+01 -2.058626e+01 4.177500e+01
    endloop
  endfacet
  facet normal 0.000000e+00 0.000000e+00 1.000000e+00
    outer loop
      vertex 4.818263e+01 -2.278869e+01 4.177500e+01
      vertex 4.644186e+01 -2.058626e+01 4.177500e+01
      vertex 4.592266e+01 -2.171980e+01 4.177500e+01
    endloop
  endfacet
  facet normal 0.000000e+00 -0.000000e+00 1.000000e+00
    outer loop
      vertex 4.872738e+01 -2.159936e+01 4.177500e+01
      vertex 4.924278e+01 -2.039703e+01 4.177500e+01
      vertex 4.693308e+01 -1.944032e+01 4.177500e+01
    endloop
  endfacet
  facet normal 0.000000e+00 0.000000e+00 1.000000e+00
    outer loop
      vertex 4.872738e+01 -2.159936e+01 4.177500e+01
      vertex 4.693308e+01 -1.944032e+01 4.177500e+01
      vertex 4.644186e+01 -2.058626e+01 4.177500e+01
    endloop
  endfacet
  facet normal 0.000000e+00 -0.000000e+00 1.000000e+00
    outer loop
      vertex 4.924278e+01 -2.039703e+01 4.177500e+01
      vertex 4.972852e+01 -1.918241e+01 4.177500e+01
      vertex 4.739603e+01 -1.828267e+01 4.177500e+01
    endloop
  endfacet
  facet normal 0.000000e+00 0.000000e+00 1.000000e+00
    outer loop
      vertex 4.924278e+01 -2.039703e+01 4.177500e+01
      vertex 4.739603e+01 -1.828267e+01 4.177500e+01
      vertex 4.693308e+01 -1.944032e+01 4.177500e+01
    endloop
  endfacet
  facet normal 0.000000e+00 -0.000000e+00 1.000000e+00
    outer loop
      vertex 4.972852e+01 -1.918241e+01 4.177500e+01
      vertex 5.018430e+01 -1.795623e+01 4.177500e+01
      vertex 4.783044e+01 -1.711400e+01 4.177500e+01
    endloop
  endfacet
  facet normal 0.000000e+00 0.000000e+00 1.000000e+00
    outer loop
      vertex 4.972852e+01 -1.918241e+01 4.177500e+01
      vertex 4.783044e+01 -1.711400e+01 4.177500e+01
      vertex 4.739603e+01 -1.828267e+01 4.177500e+01
    endloop
  endfacet
  facet normal 0.000000e+00 -0.000000e+00 1.000000e+00
    outer loop
      vertex 5.018430e+01 -1.795623e+01 4.177500e+01
      vertex 5.060985e+01 -1.671924e+01 4.177500e+01
      vertex 4.823603e+01 -1.593503e+01 4.177500e+01
    endloop
  endfacet
  facet normal 0.000000e+00 0.000000e+00 1.000000e+00
    outer loop
      vertex 5.018430e+01 -1.795623e+01 4.177500e+01
      vertex 4.823603e+01 -1.593503e+01 4.177500e+01
      vertex 4.783044e+01 -1.711400e+01 4.177500e+01
    endloop
  endfacet
  facet normal 0.000000e+00 -0.000000e+00 1.000000e+00
    outer loop
      vertex 5.060985e+01 -1.671924e+01 4.177500e+01
      vertex 5.100492e+01 -1.547217e+01 4.177500e+01
      vertex 4.861257e+01 -1.474646e+01 4.177500e+01
    endloop
  endfacet
  facet normal 0.000000e+00 0.000000e+00 1.000000e+00
    outer loop
      vertex 5.060985e+01 -1.671924e+01 4.177500e+01
      vertex 4.861257e+01 -1.474646e+01 4.177500e+01
      vertex 4.823603e+01 -1.593503e+01 4.177500e+01
    endloop
  endfacet
  facet normal 0.000000e+00 -0.000000e+00 1.000000e+00
    outer loop
      vertex 5.100492e+01 -1.547217e+01 4.177500e+01
      vertex 5.136926e+01 -1.421579e+01 4.177500e+01
      vertex 4.895982e+01 -1.354901e+01 4.177500e+01
    endloop
  endfacet
  facet normal 0.000000e+00 0.000000e+00 1.000000e+00
    outer loop
      vertex 5.100492e+01 -1.547217e+01 4.177500e+01
      vertex 4.895982e+01 -1.354901e+01 4.177500e+01
      vertex 4.861257e+01 -1.474646e+01 4.177500e+01
    endloop
  endfacet
  facet normal 0.000000e+00 -0.000000e+00 1.000000e+00
    outer loop
      vertex 5.136926e+01 -1.421579e+01 4.177500e+01
      vertex 5.170267e+01 -1.295084e+01 4.177500e+01
      vertex 4.927759e+01 -1.234339e+01 4.177500e+01
    endloop
  endfacet
  facet normal 0.000000e+00 0.000000e+00 1.000000e+00
    outer loop
      vertex 5.136926e+01 -1.421579e+01 4.177500e+01
      vertex 4.927759e+01 -1.234339e+01 4.177500e+01
      vertex 4.895982e+01 -1.354901e+01 4.177500e+01
    endloop
  endfacet
  facet normal 0.000000e+00 -0.000000e+00 1.000000e+00
    outer loop
      vertex 5.170267e+01 -1.295084e+01 4.177500e+01
      vertex 5.200492e+01 -1.167810e+01 4.177500e+01
      vertex 4.956567e+01 -1.113034e+01 4.177500e+01
    endloop
  endfacet
  facet normal 0.000000e+00 0.000000e+00 1.000000e+00
    outer loop
      vertex 5.170267e+01 -1.295084e+01 4.177500e+01
      vertex 4.956567e+01 -1.113034e+01 4.177500e+01
      vertex 4.927759e+01 -1.234339e+01 4.177500e+01
    endloop
  endfacet
  facet normal 0.000000e+00 -0.000000e+00 1.000000e+00
    outer loop
      vertex 5.200492e+01 -1.167810e+01 4.177500e+01
      vertex 5.227586e+01 -1.039831e+01 4.177500e+01
      vertex 4.982389e+01 -9.910588e+00 4.177500e+01
    endloop
  endfacet
  facet normal 0.000000e+00 0.000000e+00 1.000000e+00
    outer loop
      vertex 5.200492e+01 -1.167810e+01 4.177500e+01
      vertex 4.982389e+01 -9.910588e+00 4.177500e+01
      vertex 4.956567e+01 -1.113034e+01 4.177500e+01
    endloop
  endfacet
  facet normal 0.000000e+00 -0.000000e+00 1.000000e+00
    outer loop
      vertex 5.227586e+01 -1.039831e+01 4.177500e+01
      vertex 5.251530e+01 -9.112269e+00 4.177500e+01
      vertex 5.005210e+01 -8.684864e+00 4.177500e+01
    endloop
  endfacet
  facet normal 0.000000e+00 0.000000e+00 1.000000e+00
    outer loop
      vertex 5.227586e+01 -1.039831e+01 4.177500e+01
      vertex 5.005210e+01 -8.684864e+00 4.177500e+01
      vertex 4.982389e+01 -9.910588e+00 4.177500e+01
    endloop
  endfacet
  facet normal 0.000000e+00 -0.000000e+00 1.000000e+00
    outer loop
      vertex 5.251530e+01 -9.112269e+00 4.177500e+01
      vertex 5.272311e+01 -7.820734e+00 4.177500e+01
      vertex 5.025017e+01 -7.453908e+00 4.177500e+01
    endloop
  endfacet
  facet normal 0.000000e+00 0.000000e+00 1.000000e+00
    outer loop
      vertex 5.251530e+01 -9.112269e+00 4.177500e+01
      vertex 5.025017e+01 -7.453908e+00 4.177500e+01
      vertex 5.005210e+01 -8.684864e+00 4.177500e+01
    endloop
  endfacet
  facet normal 0.000000e+00 -0.000000e+00 1.000000e+00
    outer loop
      vertex 5.272311e+01 -7.820734e+00 4.177500e+01
      vertex 5.289916e+01 -6.524489e+00 4.177500e+01
      vertex 5.041796e+01 -6.218462e+00 4.177500e+01
    endloop
  endfacet
  facet normal 0.000000e+00 0.000000e+00 1.000000e+00
    outer loop
      vertex 5.272311e+01 -7.820734e+00 4.177500e+01
      vertex 5.041796e+01 -6.218462e+00 4.177500e+01
      vertex 5.025017e+01 -7.453908e+00 4.177500e+01
    endloop
  endfacet
  facet normal 0.000000e+00 -0.000000e+00 1.000000e+00
    outer loop
      vertex 5.289916e+01 -6.524489e+00 4.177500e+01
      vertex 5.304335e+01 -5.224314e+00 4.177500e+01
      vertex 5.055538e+01 -4.979271e+00 4.177500e+01
    endloop
  endfacet
  facet normal 0.000000e+00 0.000000e+00 1.000000e+00
    outer loop
      vertex 5.289916e+01 -6.524489e+00 4.177500e+01
      vertex 5.055538e+01 -4.979271e+00 4.177500e+01
      vertex 5.041796e+01 -6.218462e+00 4.177500e+01
    endloop
  endfacet
  facet normal 0.000000e+00 -0.000000e+00 1.000000e+00
    outer loop
      vertex 5.304335e+01 -5.224314e+00 4.177500e+01
      vertex 5.315558e+01 -3.920991e+00 4.177500e+01
      vertex 5.066236e+01 -3.737080e+00 4.177500e+01
    endloop
  endfacet
  facet normal 0.000000e+00 0.000000e+00 1.000000e+00
    outer loop
      vertex 5.304335e+01 -5.224314e+00 4.177500e+01
      vertex 5.066236e+01 -3.737080e+00 4.177500e+01
      vertex 5.055538e+01 -4.979271e+00 4.177500e+01
    endloop
  endfacet
  facet normal 0.000000e+00 -0.000000e+00 1.000000e+00
    outer loop
      vertex 5.315558e+01 -3.920991e+00 4.177500e+01
      vertex 5.323580e+01 -2.615307e+00 4.177500e+01
      vertex 5.073881e+01 -2.492638e+00 4.177500e+01
    endloop
  endfacet
  facet normal 0.000000e+00 0.000000e+00 1.000000e+00
    outer loop
      vertex 5.315558e+01 -3.920991e+00 4.177500e+01
      vertex 5.073881e+01 -2.492638e+00 4.177500e+01
      vertex 5.066236e+01 -3.737080e+00 4.177500e+01
    endloop
  endfacet
  facet normal 0.000000e+00 -0.000000e+00 1.000000e+00
    outer loop
      vertex 5.323580e+01 -2.615307e+00 4.177500e+01
      vertex 5.328395e+01 -1.308047e+00 4.177500e+01
      vertex 5.078470e+01 -1.246694e+00 4.177500e+01
    endloop
  endfacet
  facet normal 0.000000e+00 0.000000e+00 1.000000e+00
    outer loop
      vertex 5.323580e+01 -2.615307e+00 4.177500e+01
      vertex 5.078470e+01 -1.246694e+00 4.177500e+01
      vertex 5.073881e+01 -2.492638e+00 4.177500e+01
    endloop
  endfacet
  facet normal 0.000000e+00 -0.000000e+00 1.000000e+00
    outer loop
      vertex 5.328395e+01 -1.308047e+00 4.177500e+01
      vertex 5.330000e+01 0.000000e+00 4.177500e+01
      vertex 5.080000e+01 0.000000e+00 4.177500e+01
    endloop
  endfacet
  facet normal 0.000000e+00 0.000000e+00 1.000000e+00
    outer loop
      vertex 5.328395e+01 -1.308047e+00 4.177500e+01
      vertex 5.080000e+01 0.000000e+00 4.177500e+01
      vertex 5.078470e+01 -1.246694e+00 4.177500e+01
    endloop
  endfacet
endsolid sleeve_wall_2p5mm
