{
  "camera": "omniversekit_right",
  "intrinsics": {
    "width": 640,
    "height": 480,
    "Knew": [
      [
        859.7097060524485,
        0,
        320.0
      ],
      [
        0,
        644.7822795393364,
        240.0
      ],
      [
        0,
        0,
        1
      ]
    ]
  },
  "extrinsics": {
    "T_three": [
      [
        -2.220446049250313e-16,
        -1.0,
        0.0,
        0.0
      ],
      [
        1.0,
        -2.220446049250313e-16,
        0.0,
        -5.0
      ],
      [
        0.0,
        0.0,
        1.0,
        0.0
      ],
      [
        0.0,
        0.0,
        0.0,
        1.0
      ]
    ]
  }
}