{
  "camera": "front",
  "intrinsics": {
    "width": 640,
    "height": 480,
    "Knew": [
      [
        5312.050786313183,
        0,
        320.0
      ],
      [
        0,
        5312.050646153443,
        240.0
      ],
      [
        0,
        0,
        1
      ]
    ]
  },
  "extrinsics": {
    "T_three": [
      [
        -1.0,
        0.0,
        0.0,
        1.0
      ],
      [
        0.0,
        -1.0,
        0.0,
        0.0
      ],
      [
        0.0,
        0.0,
        1.0,
        0.25
      ],
      [
        0.0,
        0.0,
        0.0,
        1.0
      ]
    ]
  }
}