{
  "camera": "omniversekit_persp",
  "intrinsics": {
    "width": 640,
    "height": 480,
    "Knew": [
      [
        1385.640627481749,
        0,
        320.0
      ],
      [
        0,
        1385.640627481749,
        240.0
      ],
      [
        0,
        0,
        1
      ]
    ]
  },
  "extrinsics": {
    "T_three": [
      [
        -0.8662584619870206,
        -0.4684323706582528,
        -0.17368762522232592,
        4.640902042388916
      ],
      [
        0.4592912263334156,
        -0.8834993571698224,
        0.09208938751918128,
        -2.2845377922058105
      ],
      [
        -0.19659055534035455,
        8.810391922964289e-09,
        0.9804856722823496,
        2.0508105754852295
      ],
      [
        0.0,
        0.0,
        0.0,
        1.0
      ]
    ]
  }
}