{
  "camera": "right",
  "intrinsics": {
    "width": 640,
    "height": 480,
    "Knew": [
      [
        3827.7513533677197,
        0,
        320.0
      ],
      [
        0,
        3827.751498919093,
        240.0
      ],
      [
        0,
        0,
        1
      ]
    ]
  },
  "extrinsics": {
    "T_three": [
      [
        -2.220446049250313e-16,
        1.0,
        -1.20556224043178e-16,
        0.25
      ],
      [
        -1.0,
        -2.220446049250313e-16,
        1.232595164407831e-32,
        1.0
      ],
      [
        -1.232595164407831e-32,
        1.20556224043178e-16,
        1.0,
        0.25
      ],
      [
        0.0,
        0.0,
        0.0,
        1.0
      ]
    ]
  }
}