{
  "camera": "front",
  "projection_type": "orthographic",
  "intrinsics": {
    "width": 640,
    "height": 480,
    "orthographic_width": 0.76,
    "orthographic_height": 0.57,
    "scale_x": 0.001187,
    "scale_y": 0.001187,
    "Knew": [
      [
        842.105263,
        0,
        320.0
      ],
      [
        0,
        842.105263,
        240.0
      ],
      [
        0,
        0,
        1
      ]
    ]
  },
  "extrinsics": {
    "T_three": [
      [
        0.0,
        0.0,
        1.0,
        1.0
      ],
      [
        1.0,
        0.0,
        0.0,
        0.0
      ],
      [
        0.0,
        1.0,
        0.0,
        0.25
      ],
      [
        0.0,
        0.0,
        0.0,
        1.0
      ]
    ]
  }
}