{
  "camera": "left",
  "intrinsics": {
    "width": 640,
    "height": 480,
    "Knew": [
      [
        1289.0953252090458,
        0,
        320.0
      ],
      [
        0,
        1289.0952921927078,
        240.0
      ],
      [
        0,
        0,
        1
      ]
    ]
  },
  "extrinsics": {
    "T_three": [
      [
        0.0,
        -1.0000000000000002,
        0.0,
        0.25
      ],
      [
        1.0000000000000002,
        0.0,
        0.0,
        -1.0
      ],
      [
        0.0,
        0.0,
        1.0000000000000002,
        0.25
      ],
      [
        0.0,
        0.0,
        0.0,
        1.0
      ]
    ]
  }
}