{
  "camera": "top",
  "intrinsics": {
    "width": 640,
    "height": 480,
    "Knew": [
      [
        3274.3132486196764,
        0,
        320.0
      ],
      [
        0,
        3274.313142114849,
        240.0
      ],
      [
        0,
        0,
        1
      ]
    ]
  },
  "extrinsics": {
    "T_three": [
      [
        0.0,
        0.0,
        -1.0000000000000002,
        0.4000000059604645
      ],
      [
        0.0,
        -1.0000000000000002,
        -0.0,
        0.0
      ],
      [
        -1.0000000000000002,
        0.0,
        0.0,
        2.0
      ],
      [
        0.0,
        0.0,
        0.0,
        1.0
      ]
    ]
  }
}