{
  "camera": "omniversekit_top",
  "intrinsics": {
    "width": 640,
    "height": 480,
    "Knew": [
      [
        640.0,
        0,
        320.0
      ],
      [
        0,
        480.0,
        240.0
      ],
      [
        0,
        0,
        1
      ]
    ]
  },
  "extrinsics": {
    "T_three": [
      [
        -2.220446049250313e-16,
        -1.232595164407831e-32,
        1.0,
        0.0
      ],
      [
        -1.224646779122293e-16,
        1.0,
        -1.232595164407831e-32,
        0.0
      ],
      [
        -1.0,
        -1.224646779122293e-16,
        -2.220446049250313e-16,
        5.0
      ],
      [
        0.0,
        0.0,
        0.0,
        1.0
      ]
    ]
  }
}