{
  "camera": "front",
  "intrinsics": {
    "width": 640,
    "height": 480,
    "Knew": [
      [
        583.0091967211279,
        0,
        314.6
      ],
      [
        0,
        583.6512754207401,
        152.9
      ],
      [
        0,
        0,
        1
      ]
    ]
  },
  "extrinsics": {
    "T_three": [
      [
        -0.026506587140838533,
        -0.10935516806565815,
        0.9936492580661834,
        0.903811859224005
      ],
      [
        0.9996280194492724,
        -0.009283859972025521,
        0.0256443497859683,
        0.0125
      ],
      [
        0.006420558392414288,
        0.9939593840602098,
        0.10956057351336801,
        0.311
      ],
      [
        0,
        0,
        0,
        1
      ]
    ]
  }
}