{
  "camera": "perspective",
  "intrinsics": {
    "width": 640,
    "height": 480,
    "Knew": [
      [
        519.3677704107146,
        0,
        344.8
      ],
      [
        0,
        520.9826028627776,
        227.3
      ],
      [
        0,
        0,
        1
      ]
    ]
  },
  "extrinsics": {
    "T_three": [
      [
        0.78710319875359,
        -0.49237818465909217,
        0.3715269543164851,
        0.77
      ],
      [
        0.605935623130459,
        0.7298775096324583,
        -0.3164187756031919,
        -0.3915
      ],
      [
        -0.115371465854296,
        0.4741756469964877,
        0.8728384046672634,
        1.0545
      ],
      [
        0,
        0,
        0,
        1
      ]
    ]
  }
}