{
  "camera": "front",
  "intrinsics": {
    "width": 640,
    "height": 480,
    "Knew": [
      [
        583.0091967211279,
        0,
        316.3
      ],
      [
        0,
        583.6512754207401,
        179.1
      ],
      [
        0,
        0,
        1
      ]
    ]
  },
  "extrinsics": {
    "T_three": [
      [
        -0.02720593352322398,
        -0.1091832822626847,
        0.9936492580661833,
        0.925
      ],
      [
        0.9995481278319659,
        -0.0156814371684042,
        0.0256443497859683,
        0.017
      ],
      [
        0.012781914126672012,
        0.9938979340971991,
        0.10956057351336801,
        0.28
      ],
      [
        0,
        0,
        0,
        1
      ]
    ]
  }
}