{
  "camera": "left",
  "intrinsics": {
    "width": 640,
    "height": 480,
    "Knew": [
      [
        554.669443285139,
        0,
        303.3
      ],
      [
        0,
        557.5344503455594,
        283
      ],
      [
        0,
        0,
        1
      ]
    ]
  },
  "extrinsics": {
    "T_three": [
      [
        0.999470843273775,
        -0.022491889608135827,
        0.02349783708055784,
        0.22037141354137776
      ],
      [
        0.02511834465890391,
        0.07470763726022012,
        -0.9968890799364751,
        -0.783
      ],
      [
        0.02066645124847323,
        0.9969517961450547,
        0.07523306424667064,
        0.242
      ],
      [
        0,
        0,
        0,
        1
      ]
    ]
  }
}