{
  "camera": "perspective",
  "intrinsics": {
    "width": 640,
    "height": 480,
    "Knew": [
      [
        519.3677704107146,
        0,
        319.2
      ],
      [
        0,
        520.9826028627776,
        221.2
      ],
      [
        0,
        0,
        1
      ]
    ]
  },
  "extrinsics": {
    "T_three": [
      [
        0.7842415937543749,
        -0.47276672851230805,
        0.401816802831051,
        0.767
      ],
      [
        0.6020892893955252,
        0.7362822479624398,
        -0.30883157048878274,
        -0.422
      ],
      [
        -0.14984528761622656,
        0.48412815632551887,
        0.8620709472149403,
        1.065
      ],
      [
        0,
        0,
        0,
        1
      ]
    ]
  }
}