{
  "camera": "right",
  "intrinsics": {
    "width": 640,
    "height": 480,
    "Knew": [
      [
        545.2103335150525,
        0,
        286.7
      ],
      [
        0,
        547.3335413352254,
        252.6
      ],
      [
        0,
        0,
        1
      ]
    ]
  },
  "extrinsics": {
    "T_three": [
      [
        -0.9992047553463721,
        -0.035579374413894735,
        0.017999028015746276,
        0.2005
      ],
      [
        0.021836494444765073,
        -0.11059298770782533,
        0.9936258644883496,
        0.774
      ],
      [
        -0.03336202037586258,
        0.9932287245071862,
        0.11128196803735979,
        0.276
      ],
      [
        0,
        0,
        0,
        1
      ]
    ]
  }
}