{
  "camera": "perspective",
  "intrinsics": {
    "width": 640,
    "height": 480,
    "Knew": [
      [
        519.3677704107146,
        0,
        319.2
      ],
      [
        0,
        520.9826028627776,
        221.2
      ],
      [
        0,
        0,
        1
      ]
    ]
  },
  "extrinsics": {
    "T_three": [
      [
        0.7842415937543749,
        -0.4727667285123081,
        0.401816802831051,
        0.774
      ],
      [
        0.6020892893955252,
        0.7362822479624398,
        -0.3088315704887827,
        -0.417
      ],
      [
        -0.14984528761622656,
        0.4841281563255188,
        0.8620709472149404,
        1.065
      ],
      [
        0,
        0,
        0,
        1
      ]
    ]
  }
}