{
  "camera": "right",
  "intrinsics": {
    "width": 640,
    "height": 480,
    "Knew": [
      [
        529.3304208884005,
        0,
        299.7
      ],
      [
        0,
        531.3917877041023,
        217.4
      ],
      [
        0,
        0,
        1
      ]
    ]
  },
  "extrinsics": {
    "T_three": [
      [
        -0.9985586763160419,
        -0.0505628810931663,
        0.01799902801574628,
        0.272
      ],
      [
        0.02349287049296266,
        -0.110253011096207,
        0.9936258644883494,
        0.7055
      ],
      [
        -0.04825613940167797,
        0.9926165768310428,
        0.1112819680373599,
        0.3225
      ],
      [
        0,
        0,
        0,
        1
      ]
    ]
  }
}