{
  "camera": "left",
  "intrinsics": {
    "width": 640,
    "height": 480,
    "Knew": [
      [
        554.669443285139,
        0,
        302.7
      ],
      [
        0,
        557.5344503455594,
        285.8
      ],
      [
        0,
        0,
        1
      ]
    ]
  },
  "extrinsics": {
    "T_three": [
      [
        0.999470843273775,
        -0.022491889608135827,
        0.023497837080557818,
        0.22037141354137776
      ],
      [
        0.025118344658903904,
        0.07470763726022067,
        -0.996889079936475,
        -0.783
      ],
      [
        0.020666451248473217,
        0.9969517961450546,
        0.0752330642466712,
        0.242
      ],
      [
        0,
        0,
        0,
        1
      ]
    ]
  }
}