{
  "camera": "front",
  "intrinsics": {
    "width": 640,
    "height": 480,
    "Knew": [
      [
        583.0091967211279,
        0,
        317.7
      ],
      [
        0,
        583.6512754207401,
        180.7
      ],
      [
        0,
        0,
        1
      ]
    ]
  },
  "extrinsics": {
    "T_three": [
      [
        -0.02720593352322398,
        -0.10918328226268204,
        0.993649258066184,
        0.925
      ],
      [
        0.9995481278319663,
        -0.015681437168405754,
        0.025644349785967913,
        0.017
      ],
      [
        0.012781914126673344,
        0.9938979340971996,
        0.1095605735133649,
        0.2785
      ],
      [
        0,
        0,
        0,
        1
      ]
    ]
  }
}