{
  "camera": "left",
  "intrinsics": {
    "width": 640,
    "height": 480,
    "Knew": [
      [
        526.935971120882,
        0,
        328.1
      ],
      [
        0,
        529.6577278282814,
        290.3
      ],
      [
        0,
        0,
        1
      ]
    ]
  },
  "extrinsics": {
    "T_three": [
      [
        0.9999357513653425,
        -0.008499658587702378,
        0.0074999296876977544,
        0.241
      ],
      [
        0.008118042752584305,
        0.07518755635936636,
        -0.9971363641702045,
        -0.738
      ],
      [
        0.007911417274744545,
        0.9971331842700852,
        0.07525172625332432,
        0.2265
      ],
      [
        0,
        0,
        0,
        1
      ]
    ]
  }
}